Jobs = 20
Machines = 20
Scenarios = 10

Ready Times (rj) = [
0.00, 0.00, 0.00, 0.00, 0.00, 0.00, 0.00, 0.00, 0.00, 0.00, 0.00, 0.00, 0.00, 0.00, 0.00, 0.00, 0.00, 0.00, 0.00, 0.00
]

Transportation Times (tjk^s) = [
  tjk_11 = [2.86, 3.33, 4.59, 3.41, 1.85, 4.34, 3.39, 3.24, 2.55, 3.87],
  tjk_12 = [3.41, 3.67, 4.43, 4.02, 4.68, 4.27, 3.91, 4.08, 4.42, 3.90],
  tjk_13 = [1.54, 1.78, 1.93, 2.14, 2.27, 1.58, 4.71, 2.16, 1.77, 2.06],
  tjk_14 = [3.26, 1.58, 3.46, 3.02, 2.59, 3.17, 2.61, 1.92, 1.57, 2.86],
  tjk_15 = [0.88, 1.05, 0.90, 0.97, 2.66, 3.92, 1.10, 4.78, 0.97, 0.93],
  tjk_16 = [5.10, 5.70, 4.67, 4.89, 1.24, 5.03, 4.83, 5.82, 4.79, 4.94],
  tjk_17 = [4.61, 5.80, 1.26, 5.30, 4.96, 5.36, 4.56, 3.61, 4.93, 4.66],
  tjk_18 = [3.88, 3.37, 3.63, 4.82, 3.70, 4.23, 3.74, 3.50, 4.11, 4.05],
  tjk_19 = [2.74, 0.94, 1.00, 3.92, 1.15, 0.92, 2.60, 0.79, 4.69, 0.94],
  tjk_110 = [5.01, 5.30, 1.67, 5.29, 4.26, 4.90, 4.37, 4.94, 4.95, 2.01],
  tjk_111 = [1.90, 1.78, 1.96, 1.94, 2.32, 1.76, 2.21, 2.81, 2.74, 1.96],
  tjk_112 = [6.02, 4.61, 4.68, 5.35, 5.38, 4.31, 3.33, 4.44, 5.68, 4.11],
  tjk_113 = [3.95, 4.05, 4.35, 4.31, 4.11, 1.93, 3.52, 2.09, 3.63, 1.15],
  tjk_114 = [1.94, 1.70, 1.73, 1.31, 1.81, 1.65, 3.06, 1.18, 2.16, 2.31],
  tjk_115 = [4.12, 4.44, 2.37, 4.63, 5.99, 5.28, 3.92, 5.17, 3.89, 1.40],
  tjk_116 = [3.74, 2.19, 2.79, 2.78, 2.22, 2.07, 2.25, 2.00, 4.09, 1.87],
  tjk_117 = [3.44, 1.02, 3.87, 0.78, 4.16, 1.00, 1.01, 2.36, 0.77, 0.95],
  tjk_118 = [3.10, 2.91, 2.91, 3.45, 2.16, 2.70, 2.73, 3.01, 2.62, 3.15],
  tjk_119 = [2.24, 3.72, 1.61, 2.09, 3.78, 1.85, 2.53, 2.15, 2.19, 1.65],
  tjk_120 = [3.45, 3.42, 1.41, 3.73, 4.02, 3.68, 3.96, 2.03, 4.35, 4.25],
  tjk_21 = [4.93, 1.51, 1.97, 2.09, 3.16, 2.44, 4.16, 4.53, 1.79, 1.72],
  tjk_22 = [4.30, 4.04, 1.95, 1.40, 2.93, 4.60, 4.23, 3.18, 4.01, 3.61],
  tjk_23 = [0.98, 0.95, 1.14, 3.77, 4.63, 1.11, 0.88, 4.33, 0.96, 0.86],
  tjk_24 = [4.49, 3.69, 3.07, 3.69, 4.18, 1.81, 3.92, 3.23, 1.07, 4.04],
  tjk_25 = [2.69, 2.50, 2.58, 2.70, 3.08, 3.17, 3.80, 2.78, 3.36, 2.64],
  tjk_26 = [3.08, 3.60, 3.35, 1.40, 3.15, 3.08, 2.04, 3.07, 2.64, 2.87],
  tjk_27 = [4.29, 4.71, 4.26, 5.80, 4.96, 2.74, 5.55, 3.02, 5.06, 4.90],
  tjk_28 = [1.24, 3.97, 3.25, 2.92, 2.60, 4.33, 2.63, 3.12, 4.09, 3.38],
  tjk_29 = [1.90, 2.15, 1.96, 4.32, 2.10, 2.00, 2.07, 1.91, 3.25, 2.14],
  tjk_210 = [4.08, 2.52, 1.68, 2.32, 1.88, 2.02, 3.59, 1.83, 1.81, 4.40],
  tjk_211 = [3.94, 3.73, 4.16, 4.28, 3.73, 2.88, 4.79, 3.73, 4.21, 4.02],
  tjk_212 = [3.96, 2.69, 2.89, 3.32, 3.62, 2.43, 3.28, 3.23, 2.71, 3.03],
  tjk_213 = [1.76, 1.03, 1.00, 1.18, 1.57, 1.17, 1.06, 0.95, 3.09, 1.34],
  tjk_214 = [3.81, 3.95, 3.43, 4.23, 4.09, 4.17, 2.80, 3.75, 1.52, 3.87],
  tjk_215 = [5.42, 5.48, 5.42, 5.08, 5.56, 1.59, 4.66, 5.53, 4.57, 2.08],
  tjk_216 = [5.04, 5.73, 2.45, 4.95, 4.88, 4.08, 5.33, 5.41, 5.28, 5.19],
  tjk_217 = [3.83, 4.03, 2.37, 3.13, 3.67, 3.31, 2.78, 2.18, 3.23, 4.83],
  tjk_218 = [2.10, 1.98, 1.91, 2.15, 1.92, 2.12, 1.59, 1.94, 1.88, 4.57],
  tjk_219 = [4.09, 3.72, 3.59, 4.03, 3.61, 4.43, 4.06, 3.82, 1.16, 3.37],
  tjk_220 = [3.38, 2.92, 1.95, 3.45, 1.02, 2.56, 3.02, 3.42, 3.04, 3.13],
  tjk_31 = [1.11, 0.87, 4.65, 0.83, 0.80, 1.87, 0.88, 2.64, 0.99, 0.97],
  tjk_32 = [4.49, 0.96, 1.02, 0.90, 0.78, 0.86, 0.84, 0.99, 0.88, 1.38],
  tjk_33 = [4.31, 2.59, 3.83, 2.11, 4.69, 4.23, 3.60, 4.96, 3.45, 4.41],
  tjk_34 = [3.86, 4.01, 4.16, 3.94, 4.52, 4.34, 2.12, 2.62, 4.02, 3.54],
  tjk_35 = [3.43, 1.08, 1.26, 4.75, 1.12, 1.21, 1.06, 1.07, 1.60, 3.58],
  tjk_36 = [0.98, 0.97, 1.29, 1.11, 1.02, 1.04, 4.75, 4.31, 0.99, 0.94],
  tjk_37 = [1.18, 0.95, 4.19, 0.98, 0.92, 1.00, 3.32, 1.01, 1.07, 2.37],
  tjk_38 = [4.10, 3.11, 3.87, 3.15, 4.32, 4.72, 2.98, 3.28, 2.63, 2.19],
  tjk_39 = [4.21, 4.26, 4.34, 4.87, 4.17, 4.05, 3.92, 4.27, 2.70, 3.78],
  tjk_310 = [4.35, 3.93, 4.51, 3.14, 3.42, 2.11, 1.86, 4.19, 3.56, 4.55],
  tjk_311 = [3.01, 4.09, 3.85, 3.78, 4.36, 4.48, 3.98, 3.99, 4.08, 4.56],
  tjk_312 = [3.35, 3.85, 3.70, 4.24, 2.38, 3.56, 3.96, 3.82, 4.54, 4.48],
  tjk_313 = [4.34, 5.07, 4.08, 4.70, 5.26, 3.11, 4.67, 4.57, 4.80, 4.92],
  tjk_314 = [4.10, 4.23, 3.37, 4.38, 3.92, 3.41, 4.76, 3.77, 1.85, 3.54],
  tjk_315 = [0.95, 1.20, 2.64, 2.18, 1.12, 2.82, 1.07, 1.10, 1.14, 1.07],
  tjk_316 = [3.86, 3.06, 4.21, 3.74, 1.24, 3.47, 2.37, 2.98, 2.58, 2.89],
  tjk_317 = [2.74, 2.82, 3.00, 2.89, 2.08, 3.32, 3.46, 4.44, 2.76, 3.01],
  tjk_318 = [4.18, 1.32, 4.10, 4.93, 1.19, 3.29, 4.70, 4.57, 4.28, 3.96],
  tjk_319 = [1.76, 1.89, 4.09, 3.95, 1.68, 1.87, 1.91, 1.65, 2.02, 4.08],
  tjk_320 = [3.00, 4.74, 2.79, 2.92, 3.49, 3.36, 2.94, 2.94, 3.30, 1.84],
  tjk_41 = [4.40, 5.11, 5.31, 2.80, 4.49, 4.89, 4.93, 4.71, 5.10, 3.58],
  tjk_42 = [2.14, 1.96, 1.75, 1.22, 4.31, 2.10, 3.46, 1.73, 2.44, 1.70],
  tjk_43 = [1.22, 5.33, 5.00, 1.72, 5.15, 4.34, 5.22, 4.86, 4.63, 4.76],
  tjk_44 = [3.24, 2.98, 4.69, 2.68, 2.57, 4.51, 3.35, 2.97, 2.71, 2.89],
  tjk_45 = [1.80, 1.84, 1.67, 2.59, 2.44, 4.68, 2.30, 2.05, 2.44, 1.85],
  tjk_46 = [2.79, 2.37, 4.26, 3.28, 3.97, 3.02, 3.08, 4.76, 4.35, 2.97],
  tjk_47 = [3.20, 3.84, 4.69, 4.86, 1.84, 2.09, 3.96, 3.96, 3.85, 3.61],
  tjk_48 = [1.03, 0.91, 3.36, 1.11, 4.43, 2.18, 1.01, 4.86, 2.77, 0.93],
  tjk_49 = [4.76, 4.75, 3.93, 6.49, 4.87, 5.15, 5.37, 5.28, 5.83, 4.55],
  tjk_410 = [4.19, 3.30, 5.20, 5.61, 4.67, 5.14, 4.87, 5.59, 2.14, 5.10],
  tjk_411 = [5.17, 4.81, 4.59, 1.11, 5.82, 1.00, 4.76, 4.30, 2.41, 4.61],
  tjk_412 = [0.90, 0.85, 0.96, 1.18, 1.18, 0.99, 4.76, 4.57, 1.19, 0.76],
  tjk_413 = [3.53, 1.04, 3.78, 3.44, 2.96, 3.49, 4.77, 4.33, 3.83, 3.17],
  tjk_414 = [4.17, 3.83, 4.75, 3.55, 3.27, 4.56, 4.05, 4.73, 3.97, 4.65],
  tjk_415 = [2.68, 2.61, 1.78, 3.20, 3.98, 2.81, 3.35, 2.49, 3.22, 3.02],
  tjk_416 = [1.15, 1.01, 1.03, 0.80, 1.05, 1.17, 3.34, 1.12, 4.35, 2.73],
  tjk_417 = [5.66, 2.92, 5.07, 4.64, 5.37, 4.32, 4.56, 3.45, 3.88, 4.58],
  tjk_418 = [4.45, 3.28, 1.25, 4.41, 4.91, 4.26, 4.68, 5.00, 5.19, 3.37],
  tjk_419 = [3.22, 2.75, 2.60, 2.48, 2.79, 4.42, 3.25, 3.20, 1.97, 3.03],
  tjk_420 = [2.27, 2.90, 4.58, 5.03, 3.85, 3.91, 4.52, 3.99, 3.57, 4.33],
  tjk_51 = [4.31, 4.32, 4.63, 4.85, 4.53, 4.83, 3.85, 1.29, 3.84, 3.09],
  tjk_52 = [4.95, 5.11, 5.26, 5.09, 3.94, 2.26, 3.13, 1.35, 4.62, 4.89],
  tjk_53 = [3.17, 3.98, 4.58, 2.46, 2.74, 3.42, 3.02, 2.82, 1.22, 3.01],
  tjk_54 = [3.45, 2.68, 2.31, 1.24, 3.13, 2.73, 3.06, 3.10, 3.83, 2.63],
  tjk_55 = [5.01, 1.20, 4.53, 5.77, 4.21, 4.74, 3.94, 4.84, 3.91, 5.62],
  tjk_56 = [2.60, 4.59, 4.70, 2.02, 4.50, 4.52, 3.59, 5.08, 5.08, 5.25],
  tjk_57 = [3.98, 5.22, 3.39, 3.79, 2.43, 3.49, 3.81, 3.14, 4.00, 4.39],
  tjk_58 = [1.02, 1.02, 0.96, 3.34, 0.92, 1.51, 1.07, 1.26, 1.00, 1.15],
  tjk_59 = [4.51, 0.98, 0.84, 1.48, 1.03, 1.07, 1.20, 1.03, 1.10, 0.83],
  tjk_510 = [1.89, 2.32, 1.92, 2.03, 1.78, 2.23, 1.84, 2.31, 2.04, 2.14],
  tjk_511 = [4.81, 3.00, 5.61, 4.97, 5.67, 5.43, 4.78, 4.41, 2.24, 4.71],
  tjk_512 = [3.05, 3.20, 4.38, 4.49, 3.19, 3.32, 3.09, 2.85, 2.55, 4.65],
  tjk_513 = [1.17, 1.10, 1.19, 1.14, 1.06, 0.96, 1.04, 0.99, 4.77, 1.56],
  tjk_514 = [3.55, 1.48, 3.04, 2.28, 1.00, 0.99, 4.13, 3.24, 2.59, 4.93],
  tjk_515 = [2.43, 3.95, 3.23, 2.72, 2.66, 3.40, 2.06, 2.87, 2.88, 2.67],
  tjk_516 = [1.08, 4.19, 0.88, 0.90, 1.68, 0.92, 0.98, 1.07, 1.40, 2.93],
  tjk_517 = [3.38, 0.99, 0.96, 1.13, 2.38, 4.01, 0.99, 0.96, 4.23, 0.98],
  tjk_518 = [5.46, 5.34, 4.65, 4.29, 4.87, 4.50, 5.37, 4.75, 4.01, 4.35],
  tjk_519 = [1.99, 2.77, 2.05, 4.02, 1.91, 2.46, 2.28, 2.77, 2.20, 2.07],
  tjk_520 = [4.74, 2.85, 4.88, 5.16, 3.49, 1.05, 4.99, 5.05, 4.96, 1.53],
  tjk_61 = [5.06, 5.27, 3.53, 4.78, 3.89, 4.89, 3.29, 4.26, 5.05, 5.61],
  tjk_62 = [2.73, 3.13, 2.39, 3.01, 2.64, 2.90, 2.98, 3.48, 3.60, 1.23],
  tjk_63 = [2.42, 4.19, 1.00, 0.90, 0.89, 4.28, 3.90, 0.96, 1.02, 0.94],
  tjk_64 = [2.05, 1.55, 1.81, 2.52, 1.67, 2.30, 1.97, 2.15, 2.01, 1.98],
  tjk_65 = [1.91, 2.88, 1.76, 1.98, 2.17, 4.82, 1.83, 1.71, 4.45, 2.14],
  tjk_66 = [1.95, 2.23, 3.23, 3.65, 3.37, 2.85, 2.08, 2.41, 2.51, 1.83],
  tjk_67 = [4.50, 2.34, 4.17, 1.90, 2.13, 4.19, 4.59, 3.85, 3.62, 3.44],
  tjk_68 = [3.92, 3.68, 2.67, 3.66, 4.06, 3.88, 4.07, 1.13, 3.86, 4.29],
  tjk_69 = [1.87, 2.50, 2.26, 2.03, 1.89, 2.56, 4.90, 2.88, 2.26, 1.84],
  tjk_610 = [3.64, 2.07, 0.91, 0.87, 1.00, 0.94, 1.31, 2.52, 1.00, 0.94],
  tjk_611 = [2.15, 1.85, 1.97, 1.93, 3.67, 2.03, 2.10, 2.04, 1.99, 1.88],
  tjk_612 = [2.54, 1.01, 0.93, 2.52, 0.89, 0.91, 0.86, 0.92, 1.43, 0.99],
  tjk_613 = [0.91, 0.94, 0.96, 1.03, 4.00, 1.90, 0.99, 1.02, 0.84, 4.99],
  tjk_614 = [3.47, 2.95, 2.85, 2.79, 3.04, 2.71, 3.35, 3.42, 3.07, 2.71],
  tjk_615 = [4.33, 4.11, 3.90, 3.39, 3.79, 1.45, 2.37, 3.76, 3.74, 3.87],
  tjk_616 = [1.06, 0.93, 1.00, 0.98, 1.02, 3.23, 0.97, 2.92, 2.69, 0.93],
  tjk_617 = [1.94, 1.51, 2.23, 1.97, 2.11, 4.11, 1.78, 2.69, 1.88, 2.09],
  tjk_618 = [1.79, 2.79, 2.01, 2.26, 2.11, 1.54, 1.50, 1.98, 4.00, 2.91],
  tjk_619 = [2.95, 2.74, 2.59, 2.91, 3.05, 1.76, 2.55, 3.29, 3.06, 2.74],
  tjk_620 = [1.95, 1.10, 1.27, 3.73, 0.91, 1.08, 0.96, 1.11, 0.93, 1.86],
  tjk_71 = [4.09, 3.73, 1.18, 2.12, 3.55, 4.33, 1.03, 2.72, 3.89, 4.09],
  tjk_72 = [1.04, 2.79, 1.26, 0.99, 4.16, 1.02, 2.11, 3.22, 0.95, 2.92],
  tjk_73 = [0.87, 1.07, 0.87, 1.12, 3.84, 0.78, 0.96, 0.99, 2.33, 4.58],
  tjk_74 = [1.05, 1.00, 0.93, 1.43, 1.03, 3.33, 1.07, 2.57, 1.11, 0.91],
  tjk_75 = [0.97, 1.15, 1.13, 2.98, 1.04, 1.02, 0.91, 4.50, 0.83, 1.01],
  tjk_76 = [4.47, 5.13, 5.96, 2.99, 4.47, 5.43, 2.23, 5.04, 4.58, 1.84],
  tjk_77 = [0.99, 4.67, 4.31, 2.34, 4.82, 4.89, 1.13, 1.02, 1.09, 3.63],
  tjk_78 = [1.79, 1.46, 2.57, 5.12, 3.58, 3.01, 3.99, 4.57, 4.51, 4.40],
  tjk_79 = [4.47, 3.23, 3.93, 2.24, 4.08, 3.83, 4.08, 3.88, 3.98, 4.50],
  tjk_710 = [2.01, 2.30, 4.79, 1.59, 2.52, 2.07, 2.22, 2.12, 2.29, 1.88],
  tjk_711 = [4.30, 4.19, 4.68, 3.52, 3.77, 4.34, 4.52, 3.16, 4.30, 4.14],
  tjk_712 = [2.97, 2.07, 3.36, 1.86, 2.34, 1.69, 1.55, 1.95, 1.91, 1.82],
  tjk_713 = [4.59, 4.09, 4.02, 4.10, 2.73, 4.38, 4.71, 3.40, 3.69, 1.10],
  tjk_714 = [2.12, 2.09, 4.49, 2.21, 1.75, 2.00, 1.68, 1.75, 2.04, 2.15],
  tjk_715 = [3.72, 3.62, 4.05, 3.90, 4.55, 3.91, 4.93, 3.80, 4.13, 4.33],
  tjk_716 = [4.72, 0.90, 0.83, 3.25, 0.80, 0.96, 1.58, 0.96, 3.34, 1.13],
  tjk_717 = [3.04, 0.95, 1.30, 0.98, 0.92, 2.07, 0.99, 1.77, 0.96, 1.13],
  tjk_718 = [3.26, 2.74, 2.83, 2.84, 2.77, 4.77, 3.74, 4.71, 2.69, 3.14],
  tjk_719 = [2.79, 2.96, 3.27, 3.51, 2.68, 4.30, 3.10, 4.98, 2.75, 2.62],
  tjk_720 = [1.67, 1.92, 2.01, 1.27, 1.96, 2.27, 2.23, 2.41, 2.17, 2.50],
  tjk_81 = [3.06, 4.09, 2.62, 4.55, 3.85, 3.91, 3.57, 3.42, 3.47, 3.82],
  tjk_82 = [5.00, 5.07, 6.19, 4.77, 4.48, 4.96, 4.08, 2.94, 3.76, 4.67],
  tjk_83 = [5.30, 1.76, 4.54, 4.48, 2.59, 5.48, 4.95, 3.21, 3.37, 2.69],
  tjk_84 = [1.00, 4.21, 2.24, 0.96, 2.27, 1.16, 2.35, 0.99, 1.12, 0.95],
  tjk_85 = [1.62, 1.89, 2.22, 1.73, 1.88, 2.15, 1.81, 2.40, 1.34, 2.12],
  tjk_86 = [1.90, 2.09, 2.89, 1.14, 1.89, 1.98, 1.97, 2.21, 3.88, 4.18],
  tjk_87 = [4.58, 5.10, 4.95, 4.83, 1.75, 2.01, 5.03, 3.74, 4.73, 4.78],
  tjk_88 = [3.39, 3.09, 2.79, 3.13, 4.84, 3.55, 3.37, 3.47, 4.44, 3.21],
  tjk_89 = [1.28, 2.78, 2.85, 3.52, 2.70, 2.82, 2.82, 3.26, 2.62, 3.10],
  tjk_810 = [3.61, 2.41, 2.30, 2.87, 3.59, 2.79, 2.80, 3.15, 3.28, 3.47],
  tjk_811 = [3.81, 1.97, 3.66, 1.28, 4.13, 4.33, 3.84, 2.60, 3.25, 3.76],
  tjk_812 = [2.25, 2.46, 2.13, 3.91, 2.57, 2.23, 1.76, 1.83, 2.07, 2.10],
  tjk_813 = [4.21, 2.70, 2.80, 2.84, 2.91, 3.87, 3.09, 3.03, 2.86, 3.02],
  tjk_814 = [2.09, 3.79, 2.15, 1.61, 1.86, 4.11, 1.23, 1.86, 1.63, 1.60],
  tjk_815 = [3.55, 2.79, 3.43, 3.37, 2.95, 2.66, 3.47, 2.48, 1.30, 2.74],
  tjk_816 = [3.12, 3.14, 2.82, 2.82, 2.90, 3.28, 2.95, 2.92, 3.73, 2.80],
  tjk_817 = [3.50, 2.69, 3.08, 2.96, 1.38, 2.65, 2.83, 3.37, 4.34, 2.98],
  tjk_818 = [2.11, 2.96, 2.14, 4.36, 1.87, 2.19, 2.17, 3.64, 1.89, 1.91],
  tjk_819 = [3.38, 2.85, 2.75, 1.97, 4.02, 3.24, 3.05, 1.30, 3.21, 4.58],
  tjk_820 = [1.09, 0.98, 3.75, 2.75, 0.90, 1.10, 1.10, 1.03, 1.10, 1.09],
  tjk_91 = [0.92, 1.08, 0.90, 2.52, 1.97, 4.09, 0.98, 1.03, 0.96, 1.08],
  tjk_92 = [3.99, 1.31, 5.56, 4.06, 2.32, 3.25, 4.25, 3.62, 4.22, 4.43],
  tjk_93 = [4.72, 4.34, 1.26, 3.90, 3.65, 4.43, 3.84, 4.33, 4.77, 4.03],
  tjk_94 = [3.42, 2.86, 1.56, 2.31, 3.14, 1.69, 2.89, 2.97, 2.98, 2.73],
  tjk_95 = [2.50, 4.09, 4.06, 4.29, 3.96, 3.97, 2.39, 3.60, 1.27, 3.37],
  tjk_96 = [0.85, 1.30, 1.19, 4.26, 1.04, 2.38, 1.56, 4.27, 2.46, 2.73],
  tjk_97 = [2.74, 3.14, 2.88, 2.60, 2.85, 3.28, 3.63, 4.87, 2.69, 2.80],
  tjk_98 = [2.74, 3.07, 2.79, 3.09, 4.21, 3.02, 3.05, 2.79, 2.99, 3.27],
  tjk_99 = [1.00, 1.13, 0.84, 0.96, 0.92, 1.13, 2.22, 1.13, 1.15, 4.19],
  tjk_910 = [4.79, 4.66, 2.56, 3.66, 4.48, 1.70, 4.29, 4.15, 1.53, 3.77],
  tjk_911 = [3.42, 4.12, 4.05, 3.36, 4.27, 3.90, 2.60, 3.39, 3.58, 3.94],
  tjk_912 = [4.70, 5.00, 5.03, 2.63, 2.18, 4.71, 5.30, 4.59, 2.86, 5.00],
  tjk_913 = [4.46, 4.50, 4.54, 3.78, 2.76, 4.47, 3.81, 4.33, 3.29, 4.60],
  tjk_914 = [4.26, 4.07, 4.53, 4.62, 4.08, 3.82, 4.19, 4.40, 4.05, 1.68],
  tjk_915 = [4.28, 3.94, 4.85, 3.95, 2.08, 1.39, 1.96, 4.27, 3.44, 4.37],
  tjk_916 = [1.91, 2.01, 2.10, 1.51, 2.00, 1.88, 1.98, 1.97, 1.98, 3.77],
  tjk_917 = [0.92, 1.06, 1.00, 0.88, 0.79, 1.24, 0.96, 1.03, 2.04, 1.69],
  tjk_918 = [2.87, 5.37, 2.10, 4.02, 4.09, 1.37, 5.00, 3.66, 3.56, 4.78],
  tjk_919 = [4.53, 4.48, 4.28, 5.20, 6.29, 2.80, 3.94, 3.84, 4.99, 5.94],
  tjk_920 = [4.91, 5.32, 5.05, 1.00, 4.86, 4.90, 4.35, 4.47, 5.06, 2.38],
  tjk_101 = [2.01, 1.95, 1.78, 1.88, 1.61, 2.53, 1.92, 1.66, 4.04, 2.01],
  tjk_102 = [3.06, 1.31, 2.77, 1.17, 4.54, 0.89, 1.03, 0.93, 1.26, 1.15],
  tjk_103 = [2.24, 2.00, 2.14, 1.02, 2.00, 1.85, 2.03, 2.44, 1.71, 2.06],
  tjk_104 = [0.95, 2.16, 1.06, 3.91, 0.99, 1.08, 0.76, 1.02, 0.90, 2.51],
  tjk_105 = [2.98, 1.86, 0.91, 1.12, 0.83, 1.07, 1.19, 1.00, 1.04, 1.23],
  tjk_106 = [4.13, 3.67, 2.79, 4.12, 3.80, 3.98, 4.47, 4.56, 3.88, 4.04],
  tjk_107 = [2.73, 3.03, 2.82, 3.22, 2.86, 3.04, 2.87, 1.47, 2.70, 1.41],
  tjk_108 = [3.15, 3.71, 3.11, 3.52, 3.62, 4.50, 3.64, 4.59, 3.46, 3.87],
  tjk_109 = [3.87, 4.18, 4.09, 3.42, 4.66, 4.38, 2.57, 4.05, 4.34, 4.40],
  tjk_1010 = [6.51, 5.09, 5.09, 1.52, 1.24, 5.16, 3.74, 5.79, 5.68, 5.61],
  tjk_1011 = [2.53, 4.81, 2.45, 5.43, 1.20, 5.10, 1.04, 4.99, 1.55, 4.52],
  tjk_1012 = [3.06, 4.20, 3.26, 4.86, 1.19, 3.84, 3.91, 4.30, 3.76, 3.34],
  tjk_1013 = [2.14, 2.13, 1.90, 1.95, 1.97, 2.39, 1.74, 2.07, 1.76, 2.22],
  tjk_1014 = [2.80, 2.36, 2.07, 4.36, 3.18, 2.14, 2.27, 1.94, 2.00, 2.39],
  tjk_1015 = [3.04, 3.65, 3.01, 3.17, 1.47, 3.24, 3.17, 3.05, 2.33, 2.73],
  tjk_1016 = [4.69, 4.30, 4.33, 4.16, 1.99, 4.42, 4.43, 4.15, 3.76, 3.71],
  tjk_1017 = [4.40, 2.82, 2.35, 3.35, 3.64, 1.97, 2.29, 1.80, 3.53, 1.35],
  tjk_1018 = [3.81, 3.38, 4.19, 3.83, 3.24, 3.78, 3.42, 3.92, 4.80, 1.84],
  tjk_1019 = [3.98, 4.60, 4.07, 3.85, 3.29, 4.88, 1.19, 3.88, 4.20, 4.33],
  tjk_1020 = [1.80, 4.37, 3.65, 2.24, 1.94, 1.72, 1.95, 1.74, 2.49, 3.44],
  tjk_111 = [3.30, 1.62, 2.21, 1.60, 4.58, 2.50, 1.81, 2.02, 1.95, 1.66],
  tjk_112 = [2.19, 1.35, 2.13, 4.56, 1.41, 2.51, 2.83, 1.87, 1.72, 1.77],
  tjk_113 = [0.90, 0.95, 0.94, 3.59, 1.05, 1.01, 4.76, 1.00, 1.07, 3.00],
  tjk_114 = [4.03, 3.48, 4.26, 3.59, 3.77, 3.17, 3.00, 3.12, 3.94, 3.97],
  tjk_115 = [1.63, 2.47, 4.02, 2.51, 1.97, 2.98, 2.11, 4.59, 1.33, 2.26],
  tjk_116 = [1.27, 2.05, 4.96, 4.64, 2.59, 3.30, 1.81, 1.77, 2.15, 4.09],
  tjk_117 = [0.92, 0.85, 1.70, 0.95, 0.95, 0.90, 1.12, 0.97, 1.07, 2.03],
  tjk_118 = [4.96, 2.63, 4.15, 4.82, 4.92, 4.04, 5.50, 5.16, 4.40, 5.68],
  tjk_119 = [5.13, 6.21, 4.66, 4.25, 4.53, 5.39, 4.47, 4.82, 4.80, 5.07],
  tjk_1110 = [3.40, 2.63, 3.35, 3.30, 3.31, 3.09, 2.57, 4.18, 3.97, 2.64],
  tjk_1111 = [2.63, 2.05, 1.88, 2.73, 4.36, 1.97, 2.07, 1.96, 2.05, 1.97],
  tjk_1112 = [2.23, 2.23, 2.18, 4.40, 1.73, 1.96, 1.79, 2.28, 2.04, 1.01],
  tjk_1113 = [2.05, 2.16, 1.57, 1.54, 3.86, 1.85, 4.09, 1.98, 1.34, 1.58],
  tjk_1114 = [2.23, 1.10, 2.23, 1.98, 2.02, 1.92, 1.78, 2.89, 1.97, 1.95],
  tjk_1115 = [3.28, 0.99, 0.94, 1.15, 1.06, 1.56, 1.08, 1.19, 4.47, 2.52],
  tjk_1116 = [2.09, 4.69, 1.79, 1.87, 2.03, 2.25, 1.95, 2.25, 1.93, 1.94],
  tjk_1117 = [3.84, 4.54, 5.03, 4.88, 3.17, 5.26, 4.83, 4.69, 1.63, 5.12],
  tjk_1118 = [0.97, 4.62, 1.00, 1.13, 0.95, 1.04, 3.85, 0.94, 0.88, 1.04],
  tjk_1119 = [1.98, 1.01, 2.80, 2.15, 2.13, 2.07, 4.18, 2.05, 1.99, 2.58],
  tjk_1120 = [4.78, 4.58, 4.05, 3.74, 4.23, 4.81, 3.25, 3.79, 3.98, 4.44],
  tjk_121 = [1.06, 1.66, 1.13, 1.10, 3.23, 2.67, 2.58, 1.02, 1.18, 1.01],
  tjk_122 = [3.55, 4.98, 2.79, 2.70, 2.81, 3.35, 3.27, 3.27, 2.55, 1.80],
  tjk_123 = [3.71, 4.10, 4.82, 4.08, 4.91, 4.72, 3.76, 4.48, 4.59, 5.16],
  tjk_124 = [4.48, 4.11, 2.45, 4.16, 3.61, 3.87, 4.11, 4.54, 2.84, 3.49],
  tjk_125 = [4.44, 4.56, 5.02, 4.64, 4.83, 5.40, 4.99, 3.92, 3.76, 6.05],
  tjk_126 = [2.84, 2.95, 2.79, 2.83, 1.77, 1.18, 3.59, 3.44, 2.80, 3.03],
  tjk_127 = [0.87, 0.97, 2.65, 3.98, 3.87, 0.81, 0.99, 1.03, 3.04, 1.90],
  tjk_128 = [2.12, 2.29, 1.71, 1.89, 2.16, 2.35, 2.03, 1.96, 1.74, 3.21],
  tjk_129 = [4.43, 2.19, 2.15, 2.74, 1.99, 2.36, 1.12, 1.63, 1.93, 1.93],
  tjk_1210 = [2.84, 4.31, 1.48, 4.14, 4.39, 3.81, 4.42, 3.90, 4.36, 3.52],
  tjk_1211 = [1.86, 4.18, 2.01, 1.79, 1.73, 1.05, 1.93, 2.86, 2.33, 1.91],
  tjk_1212 = [0.94, 1.22, 3.19, 1.00, 1.01, 4.79, 1.04, 1.02, 1.01, 0.81],
  tjk_1213 = [1.16, 1.14, 1.00, 1.02, 4.03, 3.57, 0.80, 1.27, 1.07, 1.09],
  tjk_1214 = [0.94, 3.42, 0.80, 1.08, 0.88, 1.12, 1.09, 0.92, 2.43, 0.96],
  tjk_1215 = [3.04, 4.12, 3.73, 3.87, 1.00, 4.62, 3.90, 4.19, 3.37, 3.95],
  tjk_1216 = [1.86, 1.82, 1.98, 1.81, 4.63, 1.96, 2.08, 1.96, 2.01, 2.01],
  tjk_1217 = [4.74, 5.09, 5.17, 4.36, 5.44, 4.89, 5.24, 4.90, 4.69, 5.07],
  tjk_1218 = [3.66, 3.79, 4.70, 2.78, 2.68, 0.81, 0.93, 1.04, 4.44, 1.05],
  tjk_1219 = [3.16, 4.38, 1.83, 4.27, 3.21, 3.83, 2.45, 3.57, 3.45, 3.52],
  tjk_1220 = [0.88, 0.78, 0.99, 1.00, 0.97, 4.97, 0.88, 0.94, 3.63, 1.24],
  tjk_131 = [4.43, 4.23, 3.80, 4.05, 4.10, 3.65, 4.32, 1.49, 3.77, 1.75],
  tjk_132 = [4.93, 4.98, 2.08, 5.04, 4.66, 4.74, 3.39, 3.79, 4.59, 4.51],
  tjk_133 = [0.94, 0.95, 1.15, 3.42, 1.31, 1.01, 0.95, 1.11, 0.99, 0.86],
  tjk_134 = [2.94, 2.43, 4.03, 3.32, 4.55, 3.05, 2.71, 2.84, 3.13, 2.58],
  tjk_135 = [2.95, 3.28, 1.81, 1.89, 3.49, 3.26, 2.09, 2.01, 1.73, 3.21],
  tjk_136 = [4.52, 4.36, 4.68, 4.34, 4.06, 3.79, 4.26, 4.24, 3.96, 4.38],
  tjk_137 = [4.08, 1.86, 4.59, 4.95, 1.89, 4.27, 3.78, 3.34, 1.99, 3.79],
  tjk_138 = [5.06, 1.54, 1.47, 5.18, 4.85, 4.79, 4.85, 5.42, 4.71, 3.88],
  tjk_139 = [1.89, 1.71, 2.02, 1.77, 1.81, 1.88, 4.32, 2.14, 1.86, 1.87],
  tjk_1310 = [4.08, 4.23, 3.91, 3.88, 2.98, 3.92, 3.69, 3.41, 4.82, 4.02],
  tjk_1311 = [2.43, 1.72, 1.27, 2.30, 2.02, 1.78, 1.63, 2.36, 2.18, 4.36],
  tjk_1312 = [4.85, 5.12, 4.73, 5.61, 2.38, 4.49, 5.95, 5.10, 2.15, 4.72],
  tjk_1313 = [3.57, 2.78, 2.23, 2.53, 1.21, 3.14, 2.00, 2.73, 2.75, 2.84],
  tjk_1314 = [1.04, 0.99, 0.88, 1.10, 3.27, 1.01, 1.20, 1.20, 0.97, 3.42],
  tjk_1315 = [4.11, 5.02, 3.90, 1.89, 2.27, 4.00, 4.64, 4.57, 3.42, 1.35],
  tjk_1316 = [2.14, 2.47, 1.91, 2.53, 2.13, 2.11, 1.86, 1.72, 2.00, 1.73],
  tjk_1317 = [1.96, 1.58, 1.88, 1.98, 1.88, 2.17, 2.16, 3.08, 1.93, 1.55],
  tjk_1318 = [3.95, 1.24, 3.63, 2.63, 1.62, 3.39, 3.45, 1.92, 4.46, 3.57],
  tjk_1319 = [5.14, 4.85, 3.82, 1.55, 4.87, 4.20, 5.30, 3.16, 5.16, 5.02],
  tjk_1320 = [3.14, 4.76, 4.59, 5.57, 3.66, 6.19, 4.73, 3.55, 1.45, 2.02],
  tjk_141 = [4.22, 3.45, 2.21, 1.92, 2.18, 3.27, 1.42, 2.21, 2.15, 1.85],
  tjk_142 = [4.28, 4.63, 4.32, 4.28, 3.95, 5.25, 3.29, 5.29, 5.56, 4.82],
  tjk_143 = [4.15, 4.04, 3.48, 4.11, 1.52, 1.76, 4.89, 2.27, 3.45, 3.86],
  tjk_144 = [1.86, 3.41, 1.72, 2.93, 1.37, 4.54, 2.10, 1.98, 2.13, 1.89],
  tjk_145 = [0.95, 1.64, 0.90, 0.97, 0.78, 1.05, 0.98, 0.94, 4.71, 2.66],
  tjk_146 = [1.70, 1.92, 1.68, 1.75, 2.17, 1.44, 4.35, 2.12, 2.01, 1.69],
  tjk_147 = [3.93, 1.70, 6.08, 4.97, 4.59, 3.20, 1.83, 4.63, 2.83, 4.68],
  tjk_148 = [2.75, 4.70, 4.80, 4.75, 3.97, 2.08, 4.91, 3.96, 4.79, 3.84],
  tjk_149 = [1.91, 0.87, 0.79, 1.31, 2.35, 3.59, 4.59, 1.15, 1.35, 1.00],
  tjk_1410 = [1.97, 2.03, 1.90, 2.14, 3.08, 1.85, 3.71, 1.91, 2.09, 2.12],
  tjk_1411 = [2.38, 3.22, 2.59, 4.24, 3.11, 4.89, 3.26, 4.09, 3.43, 3.61],
  tjk_1412 = [2.53, 2.17, 3.32, 2.03, 2.10, 1.27, 1.40, 4.14, 1.80, 1.58],
  tjk_1413 = [4.28, 4.66, 3.98, 3.91, 2.64, 3.09, 4.19, 4.02, 3.97, 4.27],
  tjk_1414 = [2.89, 2.48, 3.06, 4.87, 2.20, 2.88, 3.27, 3.04, 3.39, 2.79],
  tjk_1415 = [3.70, 2.37, 1.97, 1.96, 1.82, 1.97, 2.17, 4.07, 3.24, 2.76],
  tjk_1416 = [2.86, 3.29, 2.93, 2.63, 3.07, 3.44, 2.86, 4.48, 3.19, 2.59],
  tjk_1417 = [4.51, 4.07, 1.45, 4.15, 3.79, 3.58, 3.70, 4.54, 3.46, 4.00],
  tjk_1418 = [4.27, 4.95, 4.67, 1.37, 4.33, 4.40, 5.09, 3.37, 4.03, 3.97],
  tjk_1419 = [4.22, 2.93, 4.36, 4.31, 3.91, 4.27, 3.53, 2.73, 2.67, 2.28],
  tjk_1420 = [3.01, 3.20, 3.78, 3.33, 2.42, 3.12, 2.79, 3.66, 3.14, 2.40],
  tjk_151 = [4.53, 1.64, 5.58, 5.25, 5.71, 3.20, 4.97, 4.91, 2.93, 2.83],
  tjk_152 = [1.23, 0.99, 2.78, 1.07, 3.98, 1.04, 1.01, 3.90, 1.09, 1.00],
  tjk_153 = [2.75, 4.35, 4.27, 2.99, 3.63, 2.89, 3.63, 4.18, 1.88, 4.31],
  tjk_154 = [2.30, 1.69, 2.05, 1.67, 2.32, 1.96, 2.05, 1.85, 1.85, 4.70],
  tjk_155 = [4.55, 4.51, 4.35, 1.44, 4.86, 5.91, 4.73, 4.50, 4.53, 4.59],
  tjk_156 = [1.04, 2.08, 0.84, 3.63, 4.24, 1.09, 0.86, 1.05, 1.23, 1.67],
  tjk_157 = [0.89, 1.01, 0.95, 1.05, 1.05, 1.08, 1.05, 0.94, 0.96, 0.94],
  tjk_158 = [4.00, 3.94, 3.74, 3.78, 4.21, 3.92, 3.67, 3.97, 3.80, 3.76],
  tjk_159 = [3.24, 3.50, 3.05, 3.32, 1.26, 3.40, 2.96, 2.21, 4.02, 3.60],
  tjk_1510 = [5.04, 4.36, 1.50, 4.89, 5.63, 4.33, 5.03, 4.70, 4.43, 2.28],
  tjk_1511 = [2.05, 4.36, 2.42, 4.50, 1.30, 2.05, 4.70, 1.87, 2.12, 1.98],
  tjk_1512 = [2.15, 2.02, 1.77, 2.21, 2.30, 2.07, 1.84, 2.11, 2.90, 4.40],
  tjk_1513 = [0.98, 1.06, 1.10, 1.06, 1.00, 4.56, 1.83, 3.95, 1.15, 1.10],
  tjk_1514 = [4.91, 1.06, 1.05, 0.96, 4.98, 0.96, 0.98, 4.89, 4.14, 1.52],
  tjk_1515 = [5.07, 4.00, 4.06, 1.42, 5.54, 1.52, 4.65, 4.54, 5.57, 5.11],
  tjk_1516 = [1.27, 1.00, 1.38, 3.50, 1.00, 3.80, 2.27, 1.02, 1.10, 2.40],
  tjk_1517 = [4.91, 4.87, 5.40, 5.24, 2.77, 1.13, 2.46, 4.80, 3.64, 4.85],
  tjk_1518 = [1.03, 0.95, 2.61, 4.31, 1.04, 3.56, 2.06, 4.64, 0.96, 3.38],
  tjk_1519 = [2.53, 2.69, 2.88, 2.74, 2.87, 2.96, 3.57, 3.42, 2.75, 3.62],
  tjk_1520 = [2.28, 2.21, 2.28, 4.21, 2.12, 1.95, 1.67, 2.30, 3.14, 2.23],
  tjk_161 = [4.07, 4.54, 4.21, 4.03, 2.46, 4.16, 3.74, 1.89, 4.15, 3.85],
  tjk_162 = [3.72, 2.19, 3.62, 4.58, 4.09, 3.34, 4.25, 3.92, 3.67, 3.67],
  tjk_163 = [0.89, 2.78, 2.75, 0.94, 2.27, 1.06, 0.91, 0.89, 2.66, 1.09],
  tjk_164 = [3.77, 3.20, 4.07, 4.33, 4.16, 4.17, 3.83, 4.51, 4.20, 3.24],
  tjk_165 = [3.80, 5.69, 4.78, 4.21, 4.95, 4.41, 4.64, 2.86, 5.00, 6.25],
  tjk_166 = [3.88, 3.76, 5.22, 5.27, 5.09, 5.35, 4.95, 5.31, 3.66, 4.66],
  tjk_167 = [3.17, 2.53, 2.95, 2.97, 2.74, 3.04, 2.47, 3.06, 2.90, 3.80],
  tjk_168 = [3.24, 2.72, 2.92, 3.15, 2.88, 1.28, 2.93, 3.25, 3.26, 3.24],
  tjk_169 = [1.80, 1.42, 1.85, 2.38, 2.26, 2.01, 1.93, 1.82, 1.97, 2.92],
  tjk_1610 = [3.99, 2.99, 4.17, 2.80, 3.35, 5.12, 3.97, 3.84, 4.29, 4.32],
  tjk_1611 = [4.12, 2.29, 4.41, 3.67, 4.21, 3.29, 5.06, 4.36, 4.93, 4.22],
  tjk_1612 = [5.54, 5.34, 3.00, 5.53, 5.80, 4.97, 3.91, 2.45, 4.62, 4.94],
  tjk_1613 = [1.60, 3.14, 2.74, 2.75, 3.71, 2.94, 3.53, 2.22, 2.80, 2.77],
  tjk_1614 = [0.85, 2.23, 3.72, 0.91, 1.36, 2.70, 1.00, 0.99, 0.86, 1.00],
  tjk_1615 = [2.20, 2.85, 3.24, 2.96, 2.91, 3.50, 4.57, 3.39, 3.44, 2.51],
  tjk_1616 = [2.95, 4.55, 2.80, 3.55, 3.06, 2.71, 2.03, 3.23, 2.98, 2.92],
  tjk_1617 = [2.20, 1.48, 3.03, 1.68, 1.98, 2.03, 2.29, 3.22, 1.81, 1.34],
  tjk_1618 = [2.64, 2.69, 3.52, 2.87, 3.76, 1.50, 3.21, 2.93, 2.87, 3.25],
  tjk_1619 = [1.08, 0.88, 4.38, 0.96, 1.12, 1.02, 0.88, 3.18, 1.05, 1.06],
  tjk_1620 = [2.20, 1.24, 1.89, 1.02, 1.08, 0.56, 0.79, 4.27, 0.80, 1.08],
  tjk_171 = [4.94, 0.97, 0.90, 1.36, 1.01, 2.17, 3.89, 2.49, 1.02, 1.01],
  tjk_172 = [3.08, 2.80, 2.63, 1.70, 1.26, 3.32, 2.46, 2.75, 3.03, 2.99],
  tjk_173 = [3.05, 2.97, 3.67, 2.95, 3.37, 3.17, 4.64, 2.82, 2.76, 3.30],
  tjk_174 = [2.23, 5.28, 4.77, 5.55, 2.97, 5.01, 1.18, 4.87, 1.54, 3.75],
  tjk_175 = [3.10, 3.01, 2.70, 3.32, 1.23, 2.96, 2.71, 2.97, 4.71, 3.03],
  tjk_176 = [3.66, 4.05, 4.04, 4.50, 3.92, 1.66, 4.15, 4.78, 4.24, 4.41],
  tjk_177 = [2.28, 4.95, 5.94, 5.96, 4.99, 4.89, 4.61, 5.24, 5.45, 4.60],
  tjk_178 = [4.21, 4.01, 1.99, 1.90, 4.19, 4.79, 4.26, 3.49, 3.87, 3.85],
  tjk_179 = [4.17, 3.61, 1.63, 5.26, 6.01, 4.62, 5.19, 3.36, 5.39, 4.53],
  tjk_1710 = [3.99, 4.58, 4.66, 3.44, 4.45, 4.22, 4.37, 3.51, 2.36, 3.96],
  tjk_1711 = [1.91, 1.96, 2.05, 4.40, 2.07, 1.82, 2.08, 3.20, 2.06, 3.86],
  tjk_1712 = [1.69, 1.38, 3.00, 3.10, 3.22, 3.18, 2.92, 2.67, 3.28, 1.60],
  tjk_1713 = [4.41, 1.10, 1.06, 2.91, 3.61, 1.19, 0.79, 0.82, 0.96, 0.87],
  tjk_1714 = [4.77, 4.31, 3.89, 4.48, 1.70, 3.99, 3.87, 4.79, 4.39, 4.13],
  tjk_1715 = [1.62, 4.98, 2.04, 4.24, 2.24, 1.96, 4.88, 2.80, 1.94, 1.79],
  tjk_1716 = [1.83, 2.27, 3.01, 4.16, 2.56, 2.20, 2.02, 1.99, 2.09, 2.87],
  tjk_1717 = [3.44, 3.13, 3.41, 3.92, 4.16, 3.80, 2.75, 4.61, 1.64, 2.01],
  tjk_1718 = [3.05, 2.87, 2.72, 2.66, 2.58, 2.91, 2.80, 1.92, 2.77, 2.10],
  tjk_1719 = [3.36, 3.18, 3.14, 3.00, 3.01, 2.32, 3.08, 3.56, 4.08, 4.67],
  tjk_1720 = [4.82, 4.59, 4.15, 3.94, 3.72, 5.32, 4.71, 3.38, 4.95, 4.39],
  tjk_181 = [1.88, 1.21, 2.06, 2.40, 1.78, 1.16, 1.11, 0.96, 0.93, 2.36],
  tjk_182 = [2.99, 2.78, 2.99, 3.08, 3.08, 2.89, 3.29, 2.84, 4.37, 1.98],
  tjk_183 = [4.40, 5.78, 6.43, 1.09, 4.46, 5.26, 5.47, 4.70, 5.31, 4.89],
  tjk_184 = [4.43, 4.62, 4.71, 4.98, 4.87, 5.47, 1.83, 5.41, 2.43, 5.22],
  tjk_185 = [4.44, 4.82, 3.94, 5.51, 4.79, 2.04, 4.69, 4.53, 5.55, 5.43],
  tjk_186 = [2.59, 2.98, 1.12, 3.43, 2.84, 2.32, 2.94, 4.05, 2.82, 2.58],
  tjk_187 = [5.74, 4.98, 3.53, 1.66, 3.20, 5.24, 5.54, 3.02, 5.66, 5.13],
  tjk_188 = [4.96, 5.57, 4.15, 5.59, 5.22, 2.84, 6.08, 4.38, 5.61, 5.06],
  tjk_189 = [1.87, 1.85, 4.25, 3.58, 2.35, 1.16, 2.34, 1.78, 2.13, 2.05],
  tjk_1810 = [3.68, 2.06, 2.37, 2.39, 2.18, 2.25, 3.29, 1.96, 1.92, 1.88],
  tjk_1811 = [2.58, 2.30, 1.79, 1.85, 2.14, 1.91, 1.83, 1.85, 2.13, 2.59],
  tjk_1812 = [4.31, 2.92, 2.63, 1.47, 2.85, 3.35, 1.36, 2.42, 2.41, 2.79],
  tjk_1813 = [3.89, 3.19, 4.23, 4.35, 3.54, 4.68, 3.87, 3.09, 4.02, 3.51],
  tjk_1814 = [1.80, 3.76, 3.89, 4.14, 3.92, 4.20, 3.75, 3.81, 3.43, 3.79],
  tjk_1815 = [1.79, 1.82, 1.98, 1.85, 2.13, 2.36, 1.74, 2.07, 1.74, 2.13],
  tjk_1816 = [2.94, 4.81, 4.73, 4.73, 4.98, 4.39, 4.57, 1.71, 4.14, 6.27],
  tjk_1817 = [1.66, 3.84, 1.86, 1.92, 2.05, 1.89, 1.68, 1.91, 3.03, 1.98],
  tjk_1818 = [4.18, 3.55, 4.27, 3.67, 1.78, 3.72, 4.95, 3.91, 3.56, 4.37],
  tjk_1819 = [4.73, 3.89, 4.31, 1.44, 1.47, 4.07, 3.83, 4.87, 3.75, 4.17],
  tjk_1820 = [1.28, 4.83, 5.13, 4.28, 2.50, 5.84, 3.95, 4.95, 1.58, 5.96],
  tjk_191 = [1.64, 2.84, 3.69, 2.63, 1.73, 2.81, 2.85, 3.39, 2.89, 4.23],
  tjk_192 = [5.57, 5.18, 4.84, 2.17, 2.51, 4.69, 2.31, 4.58, 4.42, 1.79],
  tjk_193 = [4.44, 4.93, 4.27, 1.60, 4.14, 3.10, 4.07, 3.06, 3.53, 3.81],
  tjk_194 = [5.86, 5.56, 4.46, 4.96, 5.89, 5.81, 5.08, 3.73, 5.63, 2.10],
  tjk_195 = [2.16, 3.39, 1.86, 2.42, 1.97, 2.50, 2.18, 2.04, 1.93, 1.75],
  tjk_196 = [3.64, 1.34, 2.13, 1.70, 2.01, 1.84, 3.23, 2.02, 1.83, 1.14],
  tjk_197 = [1.16, 0.80, 0.97, 0.96, 2.53, 1.07, 1.09, 2.96, 0.85, 0.97],
  tjk_198 = [2.02, 4.32, 1.99, 1.92, 2.44, 1.95, 1.95, 1.61, 1.94, 1.76],
  tjk_199 = [3.45, 3.37, 3.56, 2.91, 3.64, 3.13, 2.81, 3.04, 2.52, 3.63],
  tjk_1910 = [3.71, 1.17, 4.17, 4.04, 4.00, 4.44, 3.83, 3.78, 4.78, 2.12],
  tjk_1911 = [2.95, 3.82, 4.05, 3.96, 4.17, 4.16, 4.59, 3.73, 2.48, 4.12],
  tjk_1912 = [4.99, 5.54, 1.39, 2.47, 4.49, 3.88, 4.22, 5.15, 5.14, 4.36],
  tjk_1913 = [2.58, 1.50, 4.56, 2.90, 4.32, 2.99, 1.45, 3.40, 2.60, 3.21],
  tjk_1914 = [5.69, 4.34, 4.59, 4.16, 4.84, 4.65, 5.26, 2.66, 4.40, 2.51],
  tjk_1915 = [2.82, 3.55, 2.68, 2.41, 3.22, 2.43, 4.09, 3.06, 2.90, 3.21],
  tjk_1916 = [2.04, 2.00, 1.38, 1.94, 2.22, 1.88, 1.37, 1.81, 2.00, 2.17],
  tjk_1917 = [2.20, 2.23, 2.24, 1.29, 2.06, 1.90, 4.87, 2.76, 2.12, 2.02],
  tjk_1918 = [3.17, 2.92, 2.44, 2.95, 3.02, 2.02, 1.57, 3.63, 2.44, 2.59],
  tjk_1919 = [1.90, 1.78, 4.74, 2.29, 3.44, 2.04, 2.36, 4.57, 1.97, 2.90],
  tjk_1920 = [2.19, 3.89, 1.54, 4.23, 2.04, 2.04, 1.85, 1.93, 2.04, 4.51],
  tjk_201 = [4.72, 4.57, 4.84, 4.69, 5.39, 4.45, 4.70, 5.82, 4.72, 1.97],
  tjk_202 = [4.19, 3.67, 4.72, 4.15, 4.39, 4.03, 4.26, 3.62, 4.27, 4.15],
  tjk_203 = [1.55, 2.19, 2.13, 3.74, 3.91, 2.43, 1.81, 2.11, 1.72, 4.06],
  tjk_204 = [2.68, 3.03, 2.18, 2.76, 3.40, 4.63, 2.89, 4.75, 3.43, 3.42],
  tjk_205 = [4.65, 2.28, 4.98, 4.92, 4.10, 4.34, 5.18, 5.15, 4.86, 3.73],
  tjk_206 = [0.99, 0.89, 3.05, 0.96, 1.04, 0.85, 0.89, 4.65, 3.12, 1.00],
  tjk_207 = [2.28, 3.57, 2.35, 3.54, 3.32, 4.66, 2.74, 3.07, 1.04, 2.92],
  tjk_208 = [2.16, 3.34, 2.05, 2.24, 1.97, 1.99, 1.62, 2.07, 1.54, 1.95],
  tjk_209 = [4.80, 4.86, 5.08, 4.81, 5.18, 4.67, 3.52, 5.15, 4.40, 5.20],
  tjk_2010 = [1.80, 1.92, 1.63, 2.11, 2.12, 2.15, 1.95, 1.96, 1.12, 2.16],
  tjk_2011 = [1.05, 1.51, 0.85, 0.96, 0.96, 2.70, 0.88, 0.90, 0.93, 0.73],
  tjk_2012 = [1.41, 3.94, 4.74, 3.34, 4.07, 4.29, 3.98, 4.91, 3.48, 4.43],
  tjk_2013 = [1.73, 3.55, 3.63, 3.44, 2.60, 4.09, 2.20, 4.16, 4.25, 3.04],
  tjk_2014 = [4.01, 3.52, 4.49, 5.20, 4.31, 4.58, 4.13, 1.12, 4.07, 2.99],
  tjk_2015 = [2.77, 3.29, 3.44, 3.48, 2.79, 3.44, 2.78, 3.30, 3.61, 3.04],
  tjk_2016 = [1.06, 0.98, 1.31, 3.07, 1.00, 0.93, 0.93, 1.11, 4.98, 4.33],
  tjk_2017 = [2.91, 2.43, 2.56, 2.57, 4.03, 2.76, 4.46, 2.62, 1.37, 1.11],
  tjk_2018 = [4.03, 2.03, 3.73, 3.72, 1.35, 4.31, 3.83, 4.40, 4.99, 4.23],
  tjk_2019 = [3.60, 4.22, 4.48, 3.30, 1.49, 3.33, 4.06, 3.98, 3.95, 3.18],
  tjk_2020 = [2.69, 1.31, 1.85, 1.75, 3.18, 3.08, 1.09, 4.86, 2.94, 2.85],
]

Service Times (¦Î_{jk}^s) = [
  xi_11 = [11.56, 4.01, 8.50, 8.84, 1.36, 9.85, 9.94, 9.71, 3.11, 10.01],
  xi_12 = [4.53, 3.83, 8.64, 8.89, 3.95, 4.08, 1.55, 3.78, 3.71, 3.95],
  xi_13 = [9.38, 9.94, 9.90, 2.27, 8.18, 9.68, 11.46, 10.57, 9.92, 10.42],
  xi_14 = [1.01, 0.86, 7.27, 1.09, 1.00, 0.97, 1.03, 0.98, 0.92, 8.63],
  xi_15 = [1.08, 1.14, 1.07, 1.07, 3.78, 1.00, 1.11, 1.87, 0.87, 0.99],
  xi_16 = [5.18, 4.42, 3.52, 4.08, 3.72, 4.34, 4.34, 3.45, 3.95, 3.55],
  xi_17 = [3.24, 5.34, 3.29, 5.82, 3.41, 3.22, 2.87, 2.95, 2.44, 3.21],
  xi_18 = [1.89, 2.00, 3.71, 1.68, 2.39, 2.16, 2.28, 2.06, 2.12, 2.17],
  xi_19 = [9.00, 6.37, 10.22, 7.97, 3.10, 4.32, 8.19, 9.55, 8.13, 7.73],
  xi_110 = [11.15, 2.35, 9.41, 9.42, 11.57, 9.78, 9.28, 9.31, 9.30, 10.71],
  xi_111 = [3.78, 2.71, 6.27, 7.30, 5.78, 9.27, 7.96, 8.91, 5.89, 7.11],
  xi_112 = [4.37, 7.78, 4.15, 4.76, 3.05, 4.54, 6.37, 4.42, 3.67, 3.78],
  xi_113 = [3.10, 2.84, 3.04, 8.85, 6.47, 3.04, 4.24, 8.23, 9.56, 2.66],
  xi_114 = [5.88, 5.31, 6.25, 8.32, 6.16, 6.29, 4.49, 5.23, 6.33, 9.37],
  xi_115 = [8.32, 7.59, 5.44, 5.01, 1.49, 5.37, 4.89, 7.69, 4.35, 4.47],
  xi_116 = [9.62, 2.19, 6.59, 9.06, 8.59, 5.72, 8.38, 9.51, 6.89, 5.82],
  xi_117 = [5.10, 8.44, 4.90, 5.95, 6.60, 5.91, 4.21, 4.30, 4.54, 4.58],
  xi_118 = [4.89, 6.95, 6.04, 6.02, 5.04, 3.86, 5.21, 6.00, 5.06, 4.65],
  xi_119 = [1.83, 2.04, 2.03, 2.34, 1.85, 2.16, 2.16, 7.71, 2.04, 1.81],
  xi_120 = [9.11, 9.38, 10.58, 9.25, 5.05, 3.89, 4.91, 6.81, 10.53, 10.40],
  xi_21 = [6.66, 2.05, 5.29, 1.84, 2.05, 7.54, 1.86, 2.40, 2.05, 1.83],
  xi_22 = [2.11, 2.09, 2.23, 1.96, 1.83, 1.58, 1.82, 2.42, 2.70, 7.99],
  xi_23 = [6.46, 5.74, 5.94, 5.62, 6.80, 2.68, 6.25, 5.83, 5.44, 6.74],
  xi_24 = [11.44, 11.17, 9.81, 11.39, 9.53, 9.20, 9.91, 4.84, 8.97, 10.55],
  xi_25 = [9.14, 8.54, 8.93, 5.90, 8.57, 9.75, 8.98, 2.46, 8.76, 8.90],
  xi_26 = [5.44, 8.71, 7.91, 3.03, 3.20, 8.89, 3.19, 2.91, 3.00, 4.17],
  xi_27 = [3.30, 3.77, 2.03, 7.54, 4.33, 3.56, 3.45, 2.83, 4.00, 3.81],
  xi_28 = [2.96, 8.41, 4.77, 4.83, 4.37, 5.41, 5.09, 4.78, 5.15, 5.33],
  xi_29 = [2.75, 9.21, 8.84, 7.00, 6.44, 7.31, 9.18, 3.26, 7.13, 7.79],
  xi_210 = [2.42, 7.51, 4.32, 8.18, 7.30, 8.24, 7.34, 8.45, 8.38, 7.51],
  xi_211 = [9.74, 8.51, 8.54, 7.92, 10.02, 8.65, 9.08, 8.36, 7.45, 8.72],
  xi_212 = [10.06, 10.89, 6.05, 10.55, 9.74, 10.21, 10.04, 8.23, 5.16, 10.75],
  xi_213 = [1.93, 8.38, 6.53, 2.29, 6.19, 4.77, 1.61, 2.31, 2.11, 2.23],
  xi_214 = [6.43, 9.87, 9.30, 10.99, 1.05, 8.72, 8.51, 9.31, 8.02, 8.10],
  xi_215 = [10.38, 2.51, 5.40, 4.70, 6.71, 10.41, 9.97, 9.91, 8.56, 9.17],
  xi_216 = [7.62, 6.89, 4.98, 4.66, 5.21, 5.22, 4.18, 2.20, 5.70, 4.94],
  xi_217 = [3.92, 0.88, 1.25, 7.85, 1.14, 4.41, 0.93, 0.81, 4.16, 0.90],
  xi_218 = [5.76, 5.41, 4.38, 4.55, 8.18, 6.74, 4.89, 7.25, 5.20, 5.57],
  xi_219 = [5.98, 8.10, 2.17, 2.88, 4.29, 8.86, 4.76, 7.32, 8.33, 9.77],
  xi_220 = [10.96, 1.49, 9.29, 8.86, 6.62, 9.19, 9.56, 9.11, 10.96, 8.62],
  xi_31 = [9.37, 8.70, 9.31, 3.17, 8.46, 7.57, 7.56, 8.49, 6.94, 7.57],
  xi_32 = [7.73, 8.91, 3.29, 3.35, 7.85, 7.88, 7.70, 7.44, 4.19, 8.26],
  xi_33 = [4.44, 4.58, 4.73, 5.06, 5.96, 5.63, 4.02, 4.59, 4.69, 5.90],
  xi_34 = [1.00, 9.63, 0.97, 3.25, 4.45, 0.93, 3.20, 1.15, 1.12, 4.11],
  xi_35 = [7.36, 7.10, 7.88, 7.39, 7.26, 7.40, 7.67, 1.12, 6.07, 7.22],
  xi_36 = [5.13, 5.85, 5.41, 5.12, 4.51, 5.44, 6.07, 7.79, 2.37, 6.34],
  xi_37 = [6.66, 4.97, 4.78, 9.97, 6.16, 7.81, 5.00, 4.01, 4.62, 5.11],
  xi_38 = [10.61, 9.97, 8.65, 9.62, 3.43, 10.12, 8.53, 10.16, 8.97, 9.86],
  xi_39 = [2.33, 1.81, 6.69, 2.03, 1.84, 2.05, 1.82, 6.84, 1.65, 4.78],
  xi_310 = [6.40, 7.61, 7.99, 5.87, 6.98, 6.43, 6.75, 7.62, 7.45, 4.55],
  xi_311 = [7.71, 6.40, 5.18, 7.39, 6.29, 3.21, 6.43, 1.90, 7.42, 6.89],
  xi_312 = [9.63, 4.56, 8.50, 9.32, 10.33, 9.49, 9.56, 9.19, 6.66, 2.37],
  xi_313 = [1.99, 1.88, 8.39, 1.88, 2.05, 2.13, 5.22, 1.97, 2.10, 1.84],
  xi_314 = [6.99, 1.79, 2.04, 2.02, 9.25, 2.04, 1.73, 1.83, 1.90, 5.77],
  xi_315 = [7.79, 5.37, 6.97, 5.62, 6.01, 5.93, 5.32, 5.13, 6.31, 1.22],
  xi_316 = [0.99, 1.07, 1.04, 3.70, 0.77, 1.04, 0.92, 2.22, 0.93, 0.97],
  xi_317 = [4.63, 9.71, 2.88, 2.97, 3.05, 2.49, 7.22, 3.26, 3.41, 2.94],
  xi_318 = [9.43, 5.09, 5.35, 6.64, 6.33, 5.57, 5.67, 5.66, 6.08, 5.14],
  xi_319 = [7.41, 4.82, 6.12, 6.96, 6.44, 6.39, 6.80, 7.28, 7.61, 5.86],
  xi_320 = [1.02, 0.88, 1.00, 4.92, 0.96, 0.93, 0.91, 4.22, 1.00, 7.04],
  xi_41 = [1.67, 7.26, 6.81, 6.04, 6.43, 7.63, 6.53, 7.07, 5.06, 6.65],
  xi_42 = [7.15, 7.29, 7.70, 5.91, 8.61, 8.48, 9.13, 5.83, 9.79, 3.45],
  xi_43 = [10.79, 8.33, 1.02, 8.45, 1.06, 2.78, 10.29, 1.22, 2.47, 7.45],
  xi_44 = [4.55, 4.07, 4.18, 3.52, 3.71, 3.80, 2.18, 3.38, 9.67, 4.03],
  xi_45 = [7.26, 3.08, 2.91, 3.46, 3.33, 2.68, 3.16, 8.68, 3.34, 3.25],
  xi_46 = [9.35, 8.25, 9.12, 1.36, 8.22, 8.49, 8.25, 3.08, 5.75, 10.43],
  xi_47 = [5.91, 7.40, 7.10, 6.84, 7.69, 8.25, 5.73, 6.30, 5.35, 2.15],
  xi_48 = [1.67, 4.92, 8.44, 1.73, 1.95, 3.57, 1.97, 1.98, 5.41, 6.26],
  xi_49 = [8.16, 9.35, 6.30, 9.32, 2.30, 5.81, 9.32, 1.15, 7.82, 8.45],
  xi_410 = [0.93, 8.92, 0.87, 1.00, 1.02, 6.98, 1.09, 8.50, 1.04, 3.82],
  xi_411 = [5.96, 5.36, 7.17, 5.29, 5.46, 5.43, 4.12, 2.51, 6.70, 4.59],
  xi_412 = [9.89, 4.06, 11.07, 10.29, 7.22, 8.69, 9.68, 9.05, 10.29, 9.64],
  xi_413 = [8.13, 7.49, 8.40, 7.99, 7.51, 5.20, 7.36, 7.89, 8.18, 1.20],
  xi_414 = [1.30, 6.67, 6.47, 6.46, 5.44, 7.38, 5.41, 5.91, 6.30, 6.70],
  xi_415 = [6.87, 7.37, 6.52, 5.41, 5.64, 8.87, 7.66, 9.88, 3.98, 7.22],
  xi_416 = [5.01, 1.76, 1.67, 1.95, 2.13, 1.82, 1.99, 8.59, 2.08, 2.20],
  xi_417 = [9.11, 3.22, 3.28, 2.86, 3.10, 4.95, 2.82, 2.91, 6.19, 5.04],
  xi_418 = [4.00, 6.66, 5.70, 8.13, 2.82, 6.72, 6.02, 6.53, 5.35, 8.56],
  xi_419 = [2.28, 3.27, 3.98, 4.37, 2.82, 3.84, 3.77, 4.37, 4.39, 4.88],
  xi_420 = [6.67, 5.47, 7.39, 8.37, 4.32, 7.25, 7.54, 6.16, 7.85, 8.71],
  xi_51 = [4.04, 4.57, 6.20, 4.27, 4.92, 4.49, 4.35, 3.99, 5.69, 9.62],
  xi_52 = [3.21, 2.68, 3.04, 2.95, 2.93, 6.18, 2.88, 3.61, 2.91, 4.03],
  xi_53 = [2.00, 2.09, 2.04, 1.94, 2.21, 2.01, 1.99, 2.08, 3.28, 2.26],
  xi_54 = [3.20, 9.18, 1.10, 5.59, 1.04, 1.06, 0.95, 0.96, 0.92, 0.95],
  xi_55 = [6.16, 2.60, 5.46, 7.09, 6.89, 6.60, 6.69, 6.74, 7.08, 7.84],
  xi_56 = [5.83, 8.43, 7.19, 4.01, 6.09, 5.44, 7.27, 5.48, 5.53, 3.13],
  xi_57 = [1.10, 0.97, 1.03, 1.05, 5.30, 3.08, 9.04, 1.13, 7.36, 1.04],
  xi_58 = [3.02, 2.80, 5.87, 5.42, 6.37, 7.47, 4.08, 6.37, 5.72, 5.81],
  xi_59 = [7.96, 7.97, 1.55, 2.25, 6.69, 7.99, 7.95, 1.59, 7.93, 6.39],
  xi_510 = [8.33, 8.63, 7.39, 8.18, 7.54, 3.63, 7.61, 7.79, 8.59, 7.12],
  xi_511 = [5.36, 4.30, 4.25, 4.38, 4.56, 9.91, 4.38, 5.01, 4.70, 5.14],
  xi_512 = [4.87, 9.11, 9.49, 8.39, 6.54, 7.82, 9.66, 10.08, 8.90, 9.42],
  xi_513 = [1.00, 7.46, 9.32, 4.50, 0.99, 7.77, 0.95, 1.28, 0.98, 0.86],
  xi_514 = [4.35, 2.84, 4.80, 3.85, 4.36, 3.39, 3.81, 3.94, 3.58, 4.16],
  xi_515 = [5.61, 0.97, 0.93, 0.96, 1.04, 8.37, 1.15, 0.98, 1.05, 1.14],
  xi_516 = [3.99, 5.50, 2.95, 6.15, 5.40, 6.08, 6.71, 6.38, 6.95, 5.55],
  xi_517 = [2.16, 7.68, 1.97, 6.38, 1.74, 2.17, 1.51, 2.46, 2.08, 2.15],
  xi_518 = [5.50, 4.62, 1.10, 5.30, 7.38, 2.88, 5.46, 4.56, 5.47, 2.89],
  xi_519 = [9.81, 4.55, 3.96, 4.18, 4.14, 3.97, 1.25, 3.90, 4.24, 3.80],
  xi_520 = [5.21, 1.78, 6.12, 1.53, 5.49, 6.29, 2.91, 5.82, 6.05, 6.66],
  xi_61 = [6.71, 8.87, 7.67, 6.37, 5.79, 7.39, 8.30, 6.63, 3.55, 6.03],
  xi_62 = [7.41, 7.75, 1.52, 2.93, 7.27, 7.90, 8.64, 3.31, 5.87, 8.40],
  xi_63 = [3.94, 3.51, 6.15, 2.26, 2.46, 5.84, 5.99, 4.26, 2.41, 2.92],
  xi_64 = [2.34, 3.63, 3.55, 4.64, 3.88, 3.95, 3.72, 4.66, 3.50, 8.20],
  xi_65 = [4.27, 4.22, 3.93, 4.23, 4.08, 2.04, 3.51, 4.77, 2.77, 4.12],
  xi_66 = [11.03, 10.33, 10.20, 8.52, 10.40, 8.27, 11.89, 4.69, 10.61, 11.48],
  xi_67 = [8.82, 9.40, 7.71, 8.43, 9.58, 6.66, 7.18, 8.42, 5.32, 3.45],
  xi_68 = [6.43, 7.09, 2.08, 6.96, 7.55, 7.27, 6.59, 6.15, 6.52, 2.15],
  xi_69 = [3.45, 8.50, 4.08, 6.28, 3.93, 4.07, 4.25, 4.22, 9.98, 3.72],
  xi_610 = [8.95, 6.08, 7.80, 7.49, 7.61, 7.74, 8.34, 8.23, 6.27, 6.98],
  xi_611 = [9.50, 9.68, 8.40, 9.69, 9.96, 5.06, 8.03, 9.04, 8.78, 2.13],
  xi_612 = [8.58, 8.11, 7.48, 1.73, 9.82, 5.46, 7.55, 7.64, 8.95, 8.38],
  xi_613 = [9.05, 10.53, 8.34, 4.96, 10.62, 10.11, 10.66, 3.89, 8.93, 9.60],
  xi_614 = [6.56, 8.28, 8.67, 3.00, 8.37, 6.81, 5.62, 1.14, 8.35, 2.02],
  xi_615 = [2.61, 13.07, 9.87, 4.24, 7.74, 3.82, 11.67, 10.30, 8.40, 9.53],
  xi_616 = [6.77, 7.66, 6.98, 8.38, 4.45, 6.85, 5.96, 6.90, 6.01, 5.85],
  xi_617 = [1.93, 2.22, 2.23, 1.47, 1.82, 4.53, 2.30, 1.96, 5.51, 1.91],
  xi_618 = [5.86, 6.92, 5.62, 4.61, 5.32, 6.51, 5.51, 7.11, 5.21, 6.11],
  xi_619 = [3.26, 4.42, 2.45, 3.46, 5.47, 3.67, 3.74, 4.50, 4.61, 1.26],
  xi_620 = [6.98, 8.41, 7.51, 6.53, 5.69, 6.61, 4.77, 1.17, 6.83, 7.32],
  xi_71 = [4.47, 4.04, 3.65, 1.91, 2.12, 2.15, 4.99, 1.79, 1.76, 8.01],
  xi_72 = [2.24, 6.50, 5.36, 1.82, 1.98, 6.22, 1.76, 1.95, 2.05, 7.37],
  xi_73 = [6.26, 5.70, 4.40, 6.30, 6.81, 5.97, 4.05, 5.28, 6.50, 5.84],
  xi_74 = [8.59, 4.32, 9.49, 3.65, 10.87, 10.03, 9.05, 12.07, 1.54, 10.56],
  xi_75 = [7.32, 4.68, 4.72, 5.73, 4.73, 4.47, 5.08, 5.38, 4.84, 9.80],
  xi_76 = [5.67, 4.81, 4.92, 6.07, 4.22, 1.08, 5.29, 3.79, 1.57, 4.83],
  xi_77 = [5.93, 7.09, 5.08, 6.41, 6.00, 5.99, 5.92, 5.91, 6.40, 5.87],
  xi_78 = [9.11, 7.33, 9.82, 12.68, 9.87, 9.89, 11.26, 9.94, 1.23, 9.92],
  xi_79 = [3.51, 6.21, 4.09, 2.86, 3.78, 8.21, 5.10, 5.76, 3.86, 3.84],
  xi_710 = [2.52, 4.76, 2.43, 6.82, 7.44, 6.51, 6.95, 9.63, 4.73, 8.27],
  xi_711 = [6.75, 2.96, 7.83, 7.49, 8.22, 7.16, 4.50, 3.42, 7.00, 6.16],
  xi_712 = [2.05, 2.78, 1.90, 5.83, 8.61, 2.00, 5.13, 8.51, 1.87, 2.19],
  xi_713 = [7.62, 6.33, 5.63, 3.58, 5.87, 5.87, 5.60, 5.01, 7.26, 5.86],
  xi_714 = [3.64, 7.31, 7.57, 7.26, 1.71, 4.91, 6.90, 6.82, 2.51, 6.85],
  xi_715 = [6.56, 1.83, 1.93, 2.27, 1.92, 2.04, 2.17, 1.90, 7.52, 5.04],
  xi_716 = [4.94, 4.34, 4.54, 3.89, 5.28, 5.78, 4.63, 4.84, 4.15, 5.76],
  xi_717 = [4.65, 4.15, 6.48, 4.94, 7.40, 5.56, 5.65, 6.61, 7.41, 6.25],
  xi_718 = [2.00, 4.28, 1.61, 1.93, 2.23, 2.14, 1.80, 2.28, 1.77, 2.06],
  xi_719 = [1.14, 8.29, 0.98, 0.91, 0.99, 1.12, 0.87, 0.97, 0.94, 0.92],
  xi_720 = [9.65, 3.28, 10.23, 10.11, 6.53, 2.82, 9.01, 9.25, 9.05, 8.21],
  xi_81 = [2.86, 3.10, 3.50, 2.78, 3.36, 3.25, 3.17, 2.67, 2.49, 3.07],
  xi_82 = [8.31, 9.70, 9.05, 10.29, 9.77, 10.38, 3.87, 8.32, 4.63, 8.59],
  xi_83 = [1.68, 4.46, 2.02, 1.85, 1.96, 1.80, 1.95, 2.29, 4.28, 2.20],
  xi_84 = [7.38, 7.38, 5.79, 6.68, 6.27, 7.40, 7.17, 2.40, 8.26, 9.14],
  xi_85 = [8.08, 7.23, 9.51, 7.26, 7.54, 6.55, 1.02, 8.60, 8.08, 9.86],
  xi_86 = [10.13, 8.76, 8.15, 9.25, 1.97, 7.63, 7.06, 9.60, 10.10, 6.69],
  xi_87 = [4.69, 4.58, 5.79, 4.91, 2.27, 4.82, 5.09, 3.39, 4.00, 1.74],
  xi_88 = [4.12, 3.32, 4.10, 3.74, 3.75, 3.77, 3.92, 4.60, 2.57, 3.95],
  xi_89 = [2.10, 1.94, 2.50, 1.89, 2.27, 9.50, 2.02, 2.06, 2.14, 2.12],
  xi_810 = [8.76, 3.64, 8.97, 9.80, 10.82, 4.31, 12.11, 3.55, 10.35, 2.72],
  xi_811 = [5.80, 4.32, 3.99, 4.23, 4.48, 3.97, 4.30, 4.39, 4.50, 4.30],
  xi_812 = [5.42, 2.16, 1.75, 2.39, 1.78, 1.98, 2.12, 1.96, 2.00, 1.92],
  xi_813 = [7.90, 3.51, 1.01, 2.52, 5.13, 2.77, 8.31, 7.25, 3.06, 5.92],
  xi_814 = [4.24, 3.93, 3.70, 4.33, 4.07, 4.41, 9.49, 4.40, 4.30, 3.34],
  xi_815 = [6.15, 4.54, 9.07, 5.14, 5.06, 5.68, 5.29, 6.17, 5.98, 5.54],
  xi_816 = [7.95, 8.63, 8.52, 8.30, 7.94, 9.45, 7.90, 6.16, 9.81, 9.80],
  xi_817 = [5.84, 5.55, 6.18, 4.98, 4.94, 5.82, 1.96, 7.50, 5.72, 4.93],
  xi_818 = [8.79, 8.37, 4.34, 7.73, 5.80, 7.47, 8.60, 2.21, 10.87, 7.94],
  xi_819 = [8.34, 7.30, 6.71, 8.12, 8.36, 9.86, 7.15, 8.97, 6.76, 9.95],
  xi_820 = [9.73, 10.27, 3.42, 8.26, 9.49, 8.75, 10.15, 8.24, 9.31, 2.52],
  xi_91 = [8.94, 1.75, 6.87, 1.82, 1.63, 1.87, 7.42, 1.81, 9.89, 2.35],
  xi_92 = [3.45, 7.27, 7.25, 7.07, 7.29, 2.66, 7.13, 4.23, 7.81, 7.37],
  xi_93 = [5.44, 7.25, 9.29, 7.29, 6.32, 7.11, 7.39, 5.20, 7.76, 7.62],
  xi_94 = [4.35, 3.59, 9.52, 4.46, 3.94, 7.08, 4.20, 4.18, 4.41, 7.15],
  xi_95 = [10.24, 6.00, 6.58, 2.93, 9.40, 10.16, 11.43, 9.65, 2.95, 1.72],
  xi_96 = [3.73, 5.92, 4.23, 9.49, 3.46, 8.31, 3.96, 5.18, 3.71, 8.89],
  xi_97 = [9.36, 4.92, 9.75, 4.92, 5.09, 5.27, 4.93, 4.91, 4.82, 5.25],
  xi_98 = [3.07, 3.44, 2.68, 3.42, 4.24, 8.73, 2.00, 8.03, 3.21, 5.33],
  xi_99 = [1.28, 2.85, 1.86, 3.38, 5.88, 3.47, 2.21, 2.14, 2.07, 6.77],
  xi_910 = [8.88, 8.48, 9.34, 5.81, 2.83, 2.23, 10.19, 12.69, 9.87, 12.27],
  xi_911 = [1.75, 1.78, 1.76, 1.94, 2.00, 2.12, 2.16, 7.67, 1.80, 1.97],
  xi_912 = [1.91, 1.80, 2.08, 2.22, 1.23, 1.87, 6.71, 2.88, 4.60, 1.91],
  xi_913 = [7.60, 4.36, 4.16, 2.92, 3.97, 3.64, 4.38, 6.40, 4.39, 3.89],
  xi_914 = [7.40, 3.66, 7.27, 5.45, 8.00, 6.02, 5.99, 1.19, 8.70, 6.50],
  xi_915 = [6.69, 5.46, 2.66, 5.08, 6.66, 5.49, 6.96, 6.32, 6.79, 8.15],
  xi_916 = [6.45, 5.16, 5.30, 7.25, 4.90, 8.71, 5.36, 5.18, 4.70, 5.05],
  xi_917 = [2.48, 6.18, 2.90, 2.96, 5.62, 3.09, 8.80, 2.64, 3.39, 5.17],
  xi_918 = [3.60, 4.35, 7.56, 6.85, 5.41, 4.31, 3.93, 2.82, 6.68, 4.27],
  xi_919 = [3.05, 6.67, 3.14, 7.50, 8.72, 5.48, 9.53, 2.35, 8.13, 9.38],
  xi_920 = [4.19, 4.33, 3.73, 4.46, 3.69, 9.88, 4.53, 7.25, 4.27, 4.65],
  xi_101 = [2.15, 1.67, 1.92, 1.63, 4.19, 2.03, 8.26, 1.85, 2.13, 2.07],
  xi_102 = [5.28, 5.10, 5.29, 5.89, 5.22, 5.52, 5.01, 2.34, 5.06, 4.68],
  xi_103 = [3.16, 3.17, 2.49, 2.89, 2.96, 5.49, 6.92, 7.42, 2.81, 3.29],
  xi_104 = [1.44, 9.74, 10.65, 5.76, 8.17, 11.02, 9.94, 9.08, 9.26, 7.24],
  xi_105 = [7.29, 3.46, 6.35, 7.34, 9.54, 9.36, 2.26, 5.54, 8.35, 2.72],
  xi_106 = [5.33, 1.67, 7.36, 2.63, 2.43, 2.56, 7.28, 2.41, 2.81, 3.18],
  xi_107 = [7.19, 6.38, 4.29, 5.52, 4.88, 4.67, 6.32, 5.50, 5.58, 1.70],
  xi_108 = [6.55, 7.38, 7.10, 7.72, 6.50, 7.51, 7.90, 9.81, 7.27, 7.57],
  xi_109 = [7.71, 4.87, 6.29, 7.81, 7.30, 8.59, 7.25, 8.24, 8.85, 7.94],
  xi_1010 = [8.52, 4.32, 7.39, 2.47, 4.71, 5.03, 5.03, 4.58, 5.42, 4.99],
  xi_1011 = [0.99, 0.95, 1.02, 9.64, 8.90, 1.19, 1.05, 9.78, 1.01, 4.19],
  xi_1012 = [6.83, 6.67, 8.08, 5.07, 3.70, 1.41, 8.21, 6.11, 6.94, 8.23],
  xi_1013 = [7.76, 6.28, 6.71, 3.73, 3.24, 7.56, 8.37, 7.86, 7.62, 8.03],
  xi_1014 = [6.89, 5.31, 4.49, 4.88, 3.89, 7.00, 5.03, 5.44, 4.73, 8.44],
  xi_1015 = [3.35, 1.13, 3.84, 1.36, 4.42, 0.95, 3.07, 1.05, 4.64, 5.09],
  xi_1016 = [8.60, 8.83, 10.28, 9.76, 2.23, 7.73, 8.56, 6.10, 8.94, 7.92],
  xi_1017 = [5.04, 4.70, 4.64, 3.25, 4.79, 4.87, 8.74, 4.86, 9.11, 4.88],
  xi_1018 = [1.93, 2.03, 1.81, 1.89, 8.03, 2.15, 2.10, 2.13, 2.24, 1.65],
  xi_1019 = [9.12, 3.79, 5.25, 8.00, 7.39, 4.29, 7.00, 9.62, 7.86, 7.53],
  xi_1020 = [5.07, 8.62, 8.71, 6.65, 5.98, 7.58, 8.65, 10.15, 8.52, 8.42],
  xi_111 = [7.27, 5.84, 9.98, 8.27, 1.88, 1.70, 1.59, 1.69, 8.14, 6.76],
  xi_112 = [5.81, 7.49, 8.40, 6.24, 7.10, 5.88, 5.58, 7.04, 4.38, 6.23],
  xi_113 = [1.19, 0.95, 5.29, 1.81, 4.75, 1.10, 6.83, 0.99, 1.69, 4.63],
  xi_114 = [12.28, 9.32, 8.96, 7.40, 9.42, 3.10, 3.79, 10.72, 10.09, 8.98],
  xi_115 = [6.91, 3.05, 3.32, 1.64, 3.07, 3.09, 2.97, 3.24, 2.84, 6.95],
  xi_116 = [4.21, 3.92, 3.75, 8.94, 9.63, 3.99, 3.13, 1.08, 6.09, 3.46],
  xi_117 = [5.50, 8.13, 7.97, 8.18, 8.51, 8.39, 7.21, 2.73, 1.46, 8.33],
  xi_118 = [9.02, 6.77, 8.25, 7.31, 10.29, 10.69, 4.04, 6.46, 4.42, 9.09],
  xi_119 = [8.84, 7.83, 8.80, 6.99, 11.84, 8.53, 3.22, 9.74, 10.80, 9.36],
  xi_1110 = [0.92, 0.94, 2.86, 1.05, 1.02, 1.19, 0.99, 0.96, 0.95, 1.05],
  xi_1111 = [1.81, 4.06, 4.42, 5.29, 6.84, 4.92, 4.65, 4.71, 4.88, 4.62],
  xi_1112 = [4.22, 4.47, 8.97, 4.48, 3.94, 4.11, 4.27, 3.90, 3.89, 3.87],
  xi_1113 = [2.30, 7.87, 8.09, 7.20, 3.07, 8.44, 8.17, 7.63, 8.46, 3.44],
  xi_1114 = [4.22, 3.49, 4.38, 4.28, 4.75, 8.91, 3.97, 3.74, 4.17, 1.79],
  xi_1115 = [4.49, 4.64, 4.31, 9.50, 9.97, 5.56, 8.14, 5.38, 6.39, 6.55],
  xi_1116 = [4.87, 4.63, 5.34, 5.50, 4.48, 6.10, 5.10, 4.60, 4.53, 4.08],
  xi_1117 = [5.49, 9.85, 7.04, 10.35, 8.38, 9.51, 11.74, 6.90, 9.91, 9.07],
  xi_1118 = [1.73, 2.44, 2.10, 2.25, 2.36, 2.31, 1.83, 9.35, 2.11, 1.00],
  xi_1119 = [2.76, 5.33, 6.41, 4.98, 5.14, 6.05, 4.83, 4.62, 5.24, 5.90],
  xi_1120 = [2.95, 2.72, 4.81, 3.20, 4.54, 8.78, 8.18, 2.92, 5.26, 1.34],
  xi_121 = [7.34, 7.87, 7.71, 6.97, 10.21, 4.78, 5.96, 8.43, 7.65, 5.82],
  xi_122 = [2.13, 1.97, 2.07, 4.19, 2.30, 9.06, 2.49, 1.85, 1.80, 2.14],
  xi_123 = [4.61, 1.04, 4.44, 4.19, 7.68, 4.58, 4.36, 9.33, 5.17, 4.75],
  xi_124 = [9.40, 8.09, 2.54, 10.84, 9.40, 6.82, 8.64, 8.29, 5.88, 8.25],
  xi_125 = [6.86, 5.41, 9.43, 5.60, 5.82, 6.40, 6.38, 4.78, 7.76, 6.44],
  xi_126 = [11.70, 9.83, 4.26, 9.41, 10.36, 10.43, 10.37, 9.35, 11.57, 2.64],
  xi_127 = [1.92, 8.23, 7.50, 5.65, 7.97, 7.47, 7.41, 2.47, 6.06, 7.30],
  xi_128 = [9.18, 8.64, 8.75, 8.77, 1.73, 8.94, 9.82, 8.97, 9.77, 9.97],
  xi_129 = [1.29, 4.00, 4.67, 9.44, 3.85, 1.44, 2.65, 4.79, 5.23, 3.81],
  xi_1210 = [8.06, 7.65, 7.24, 8.89, 7.08, 7.92, 7.65, 7.35, 8.38, 8.44],
  xi_1211 = [6.18, 7.73, 2.06, 2.94, 7.97, 8.16, 7.62, 8.70, 6.57, 3.47],
  xi_1212 = [2.76, 3.24, 3.34, 2.72, 3.17, 2.59, 3.17, 2.41, 3.00, 2.70],
  xi_1213 = [9.01, 7.07, 4.27, 8.00, 1.95, 7.51, 9.55, 9.28, 9.24, 8.29],
  xi_1214 = [4.94, 7.23, 6.16, 3.49, 7.07, 6.23, 8.40, 2.57, 6.60, 6.60],
  xi_1215 = [4.63, 6.87, 5.18, 7.34, 5.51, 6.54, 7.48, 6.23, 7.20, 7.14],
  xi_1216 = [2.68, 3.43, 2.88, 1.68, 2.54, 5.86, 8.55, 2.82, 1.46, 3.41],
  xi_1217 = [3.37, 3.97, 2.67, 4.23, 3.74, 6.74, 3.23, 3.89, 4.25, 3.94],
  xi_1218 = [9.31, 9.79, 8.78, 3.19, 2.42, 9.36, 4.19, 9.08, 9.14, 8.90],
  xi_1219 = [3.01, 9.54, 9.58, 2.75, 1.64, 8.71, 2.69, 3.26, 6.68, 2.79],
  xi_1220 = [9.45, 8.71, 7.75, 9.12, 6.79, 7.93, 7.50, 6.64, 7.95, 6.04],
  xi_131 = [1.92, 2.01, 2.17, 2.00, 1.74, 2.17, 2.10, 2.09, 8.04, 7.66],
  xi_132 = [2.99, 7.22, 6.16, 3.15, 3.48, 7.25, 2.82, 9.55, 3.15, 2.17],
  xi_133 = [3.84, 8.37, 4.03, 3.99, 3.29, 4.48, 3.62, 4.80, 3.40, 8.15],
  xi_134 = [4.09, 8.25, 6.67, 7.66, 6.56, 7.74, 6.12, 3.90, 5.95, 6.38],
  xi_135 = [1.80, 3.88, 3.53, 4.27, 4.03, 3.88, 3.81, 3.84, 3.54, 3.97],
  xi_136 = [7.54, 7.58, 7.43, 7.99, 7.57, 9.97, 4.65, 7.72, 6.71, 4.12],
  xi_137 = [4.25, 9.53, 3.98, 4.24, 4.98, 4.44, 4.12, 3.49, 6.75, 3.92],
  xi_138 = [4.27, 8.41, 10.75, 8.90, 9.62, 9.69, 10.96, 9.72, 11.09, 10.50],
  xi_139 = [9.71, 2.48, 8.68, 5.32, 7.42, 7.94, 6.16, 8.37, 8.62, 6.71],
  xi_1310 = [8.53, 9.28, 9.57, 8.05, 7.22, 7.87, 7.82, 8.00, 7.29, 8.59],
  xi_1311 = [3.40, 2.70, 3.25, 3.18, 9.23, 4.85, 2.27, 3.23, 3.04, 1.49],
  xi_1312 = [6.90, 9.41, 9.76, 2.21, 9.22, 7.52, 3.68, 8.97, 9.96, 8.99],
  xi_1313 = [1.31, 6.17, 5.53, 4.94, 4.91, 5.42, 4.97, 4.99, 5.01, 7.20],
  xi_1314 = [3.61, 8.40, 6.01, 6.82, 10.87, 11.38, 7.68, 10.19, 9.25, 10.72],
  xi_1315 = [4.47, 4.21, 5.45, 4.63, 4.92, 5.02, 4.07, 4.91, 4.95, 5.22],
  xi_1316 = [0.84, 6.37, 1.07, 4.51, 1.80, 1.02, 0.93, 1.08, 1.10, 6.51],
  xi_1317 = [2.24, 3.30, 2.41, 5.28, 1.83, 2.10, 2.28, 2.18, 3.48, 1.93],
  xi_1318 = [3.04, 2.91, 5.71, 3.03, 3.29, 3.18, 9.17, 2.33, 4.59, 3.03],
  xi_1319 = [6.32, 4.85, 4.75, 5.47, 3.10, 5.70, 5.43, 4.55, 1.68, 8.64],
  xi_1320 = [2.76, 2.32, 1.55, 2.56, 2.73, 6.35, 3.06, 2.70, 9.91, 2.90],
  xi_141 = [4.02, 4.53, 3.92, 1.09, 9.34, 1.72, 3.82, 4.15, 8.16, 4.11],
  xi_142 = [1.45, 6.92, 5.52, 4.81, 5.44, 1.34, 4.05, 9.64, 4.96, 5.88],
  xi_143 = [2.28, 0.88, 2.42, 1.03, 0.94, 9.67, 1.20, 0.84, 0.93, 5.40],
  xi_144 = [5.88, 5.93, 2.14, 9.31, 7.79, 5.65, 5.53, 6.37, 2.48, 4.71],
  xi_145 = [5.07, 6.50, 5.21, 6.02, 4.76, 4.40, 7.39, 7.12, 5.71, 6.22],
  xi_146 = [7.86, 3.48, 3.02, 8.19, 7.80, 6.19, 8.38, 5.47, 7.76, 5.92],
  xi_147 = [9.92, 9.72, 4.88, 4.49, 4.46, 1.16, 5.86, 4.96, 5.85, 6.36],
  xi_148 = [2.23, 1.84, 2.08, 1.85, 1.96, 1.84, 1.72, 2.09, 2.08, 5.82],
  xi_149 = [6.83, 6.51, 5.00, 6.31, 6.18, 2.29, 4.83, 6.21, 7.15, 5.29],
  xi_1410 = [5.19, 4.06, 9.26, 9.34, 5.43, 4.89, 5.86, 1.05, 5.23, 4.95],
  xi_1411 = [3.16, 7.84, 3.29, 3.10, 2.92, 2.84, 3.12, 3.04, 3.07, 4.59],
  xi_1412 = [2.06, 1.79, 3.31, 2.08, 1.93, 2.18, 2.90, 2.13, 8.90, 8.69],
  xi_1413 = [6.63, 5.91, 7.39, 3.51, 7.68, 7.83, 5.48, 6.78, 5.29, 7.19],
  xi_1414 = [4.68, 0.90, 1.03, 1.65, 0.99, 2.44, 1.01, 1.15, 0.95, 0.93],
  xi_1415 = [5.71, 5.33, 4.32, 4.68, 5.27, 4.81, 5.51, 9.22, 8.50, 8.11],
  xi_1416 = [11.40, 10.20, 9.90, 5.73, 9.98, 12.18, 1.76, 10.21, 8.72, 3.61],
  xi_1417 = [0.91, 1.37, 1.06, 1.75, 1.05, 0.95, 0.89, 0.92, 2.11, 4.90],
  xi_1418 = [8.75, 5.50, 5.30, 3.29, 7.84, 5.02, 4.61, 6.06, 4.99, 3.79],
  xi_1419 = [5.61, 10.62, 3.78, 8.77, 8.54, 11.92, 10.99, 11.88, 10.77, 10.59],
  xi_1420 = [10.21, 3.77, 9.93, 8.93, 9.69, 9.33, 9.16, 9.28, 8.69, 3.66],
  xi_151 = [9.76, 6.58, 2.46, 1.66, 5.76, 5.72, 1.06, 5.96, 5.29, 6.07],
  xi_152 = [7.69, 6.49, 7.10, 8.15, 5.77, 6.00, 7.32, 2.60, 5.61, 1.03],
  xi_153 = [5.92, 5.50, 5.89, 4.84, 9.34, 6.67, 6.37, 5.82, 3.85, 4.15],
  xi_154 = [4.05, 4.88, 5.33, 3.05, 8.70, 4.34, 5.52, 5.62, 5.77, 7.75],
  xi_155 = [8.50, 9.36, 9.74, 4.90, 10.66, 9.09, 8.32, 3.84, 9.39, 8.95],
  xi_156 = [4.01, 7.73, 3.82, 4.63, 4.54, 3.84, 3.97, 3.46, 4.31, 4.22],
  xi_157 = [6.73, 6.03, 3.62, 3.51, 6.58, 8.03, 6.96, 7.58, 7.32, 6.10],
  xi_158 = [3.83, 5.14, 4.44, 8.65, 6.44, 4.01, 4.03, 3.88, 3.92, 5.08],
  xi_159 = [8.55, 9.07, 9.06, 9.80, 9.33, 9.51, 9.04, 10.03, 8.53, 7.33],
  xi_1510 = [9.91, 9.57, 10.41, 9.77, 11.07, 9.24, 10.11, 8.44, 11.54, 9.40],
  xi_1511 = [7.04, 3.81, 8.51, 1.89, 6.96, 3.18, 3.29, 8.26, 3.51, 5.17],
  xi_1512 = [4.74, 3.12, 1.32, 4.94, 6.69, 5.62, 5.38, 5.08, 6.51, 1.81],
  xi_1513 = [9.14, 2.87, 3.07, 3.74, 2.65, 2.88, 3.01, 8.55, 3.15, 3.52],
  xi_1514 = [2.37, 6.92, 2.67, 7.28, 9.68, 8.77, 3.07, 3.01, 3.00, 2.79],
  xi_1515 = [1.28, 4.03, 8.81, 3.96, 4.39, 3.97, 3.95, 2.06, 6.71, 5.14],
  xi_1516 = [8.99, 10.15, 3.41, 7.55, 1.29, 8.91, 8.79, 1.37, 8.35, 7.78],
  xi_1517 = [5.90, 4.55, 4.88, 4.03, 3.13, 5.12, 4.79, 4.64, 4.52, 5.12],
  xi_1518 = [5.57, 6.79, 4.38, 6.92, 2.84, 6.41, 6.16, 6.03, 5.61, 4.24],
  xi_1519 = [6.48, 8.02, 7.73, 7.28, 2.75, 6.27, 7.10, 1.08, 6.33, 6.88],
  xi_1520 = [2.21, 1.91, 1.74, 8.05, 9.72, 1.65, 8.92, 8.85, 6.62, 2.23],
  xi_161 = [3.52, 8.18, 4.42, 4.32, 9.28, 4.76, 3.85, 2.02, 3.99, 3.24],
  xi_162 = [2.35, 3.41, 0.96, 0.97, 0.91, 1.03, 5.21, 0.97, 3.65, 1.21],
  xi_163 = [9.93, 8.94, 13.06, 6.02, 9.54, 10.64, 4.28, 9.79, 2.32, 10.52],
  xi_164 = [0.88, 1.04, 1.00, 1.10, 1.11, 1.00, 1.08, 1.10, 0.94, 0.90],
  xi_165 = [2.34, 2.89, 1.66, 2.44, 6.73, 6.28, 2.88, 3.08, 2.89, 7.26],
  xi_166 = [6.32, 6.24, 5.72, 4.89, 5.08, 7.44, 5.40, 5.71, 8.12, 5.98],
  xi_167 = [8.56, 7.83, 7.52, 9.17, 3.71, 7.83, 6.72, 8.95, 5.13, 4.96],
  xi_168 = [6.32, 4.87, 4.93, 5.01, 1.46, 9.30, 5.67, 1.22, 5.33, 4.80],
  xi_169 = [6.77, 1.26, 8.36, 8.03, 7.82, 9.23, 5.94, 7.40, 8.27, 7.54],
  xi_1610 = [7.12, 6.91, 7.90, 2.86, 7.09, 5.96, 4.52, 6.88, 9.47, 7.04],
  xi_1611 = [6.83, 2.00, 1.82, 7.16, 2.92, 2.24, 4.54, 8.57, 1.63, 1.92],
  xi_1612 = [5.36, 5.03, 4.93, 3.09, 5.74, 6.07, 7.50, 1.32, 6.25, 6.22],
  xi_1613 = [9.79, 7.75, 7.80, 9.44, 8.54, 9.24, 6.93, 9.62, 8.68, 9.91],
  xi_1614 = [2.06, 5.59, 2.13, 2.03, 2.16, 4.83, 2.01, 2.23, 1.87, 2.25],
  xi_1615 = [5.49, 9.96, 5.67, 5.21, 1.39, 6.13, 6.52, 7.89, 6.44, 8.06],
  xi_1616 = [1.02, 1.13, 0.95, 0.98, 9.98, 0.82, 0.82, 0.95, 2.26, 3.49],
  xi_1617 = [4.98, 5.43, 4.56, 9.74, 5.06, 5.09, 4.84, 4.78, 4.40, 1.63],
  xi_1618 = [0.98, 0.90, 0.95, 0.98, 6.69, 1.14, 6.74, 1.04, 0.79, 1.04],
  xi_1619 = [7.25, 7.30, 7.00, 6.66, 8.11, 2.73, 8.12, 5.81, 3.33, 6.55],
  xi_1620 = [1.18, 5.03, 6.40, 4.77, 4.10, 4.70, 4.68, 2.61, 7.51, 3.99],
  xi_171 = [6.73, 8.79, 3.98, 7.34, 8.03, 3.03, 8.65, 7.23, 9.10, 9.42],
  xi_172 = [9.50, 2.02, 1.79, 2.50, 1.92, 1.96, 1.60, 6.56, 2.14, 2.01],
  xi_173 = [9.41, 2.64, 2.00, 1.76, 2.37, 1.66, 1.81, 3.35, 2.04, 2.01],
  xi_174 = [2.54, 5.82, 5.18, 9.82, 5.89, 9.53, 3.32, 11.61, 8.50, 9.42],
  xi_175 = [4.94, 5.56, 5.24, 6.09, 4.59, 1.07, 5.16, 5.90, 4.60, 9.17],
  xi_176 = [8.82, 4.05, 4.84, 4.75, 1.73, 4.50, 8.97, 4.45, 3.33, 3.80],
  xi_177 = [4.65, 3.90, 3.60, 3.68, 4.02, 4.22, 4.02, 3.72, 1.30, 5.72],
  xi_178 = [5.99, 7.50, 1.10, 5.37, 3.97, 5.78, 6.11, 5.15, 5.99, 6.01],
  xi_179 = [5.93, 8.59, 9.09, 1.73, 3.89, 7.61, 9.99, 7.56, 5.61, 6.25],
  xi_1710 = [9.05, 9.25, 9.63, 8.01, 9.35, 8.70, 9.92, 7.22, 9.53, 8.17],
  xi_1711 = [3.02, 4.56, 6.07, 1.30, 4.97, 5.17, 5.44, 4.92, 5.10, 5.30],
  xi_1712 = [6.85, 3.16, 7.67, 6.76, 6.07, 7.00, 7.53, 6.13, 8.39, 6.58],
  xi_1713 = [6.43, 7.13, 9.66, 6.07, 5.86, 5.00, 5.86, 9.10, 6.24, 5.87],
  xi_1714 = [5.54, 7.00, 8.45, 6.51, 7.27, 5.91, 5.84, 7.28, 6.32, 6.42],
  xi_1715 = [1.87, 4.49, 1.54, 5.07, 4.71, 9.63, 4.61, 7.19, 6.91, 5.27],
  xi_1716 = [5.63, 2.03, 7.55, 7.02, 3.90, 1.25, 7.16, 6.70, 6.15, 6.21],
  xi_1717 = [10.60, 3.04, 4.65, 9.86, 10.36, 9.87, 9.15, 10.65, 2.50, 9.94],
  xi_1718 = [7.10, 6.07, 5.68, 7.71, 1.28, 6.64, 8.26, 7.54, 7.94, 6.06],
  xi_1719 = [9.07, 7.93, 8.34, 8.93, 8.39, 3.10, 8.39, 8.08, 9.63, 8.73],
  xi_1720 = [2.00, 8.55, 1.71, 2.52, 2.24, 2.46, 2.18, 2.02, 2.14, 1.85],
  xi_181 = [5.59, 8.75, 1.69, 3.97, 1.38, 4.19, 3.64, 4.21, 4.47, 4.43],
  xi_182 = [6.40, 7.48, 7.07, 7.02, 4.60, 2.27, 6.61, 5.62, 7.95, 4.88],
  xi_183 = [6.59, 9.33, 7.72, 8.08, 8.70, 1.82, 1.49, 3.85, 8.72, 8.80],
  xi_184 = [4.62, 3.60, 3.90, 4.17, 3.46, 4.27, 4.09, 4.41, 1.58, 4.01],
  xi_185 = [10.28, 5.52, 5.11, 5.04, 8.74, 9.37, 5.94, 8.46, 9.71, 10.19],
  xi_186 = [10.10, 11.07, 9.91, 8.92, 10.12, 11.31, 3.45, 1.76, 10.33, 9.29],
  xi_187 = [3.60, 7.66, 6.40, 6.32, 8.21, 7.16, 6.48, 4.37, 7.69, 7.76],
  xi_188 = [4.01, 8.06, 8.12, 7.23, 9.35, 9.74, 7.55, 9.46, 7.67, 1.78],
  xi_189 = [1.62, 4.49, 4.54, 1.36, 4.44, 4.49, 3.03, 5.01, 4.91, 5.71],
  xi_1810 = [2.94, 3.59, 2.70, 2.92, 2.96, 8.98, 3.18, 3.34, 9.93, 2.64],
  xi_1811 = [8.42, 2.90, 3.77, 9.92, 2.56, 6.04, 5.16, 4.69, 6.79, 5.08],
  xi_1812 = [6.69, 7.76, 7.07, 8.87, 7.91, 7.03, 6.73, 8.05, 8.06, 6.10],
  xi_1813 = [2.06, 1.88, 6.58, 2.40, 1.66, 4.26, 9.65, 6.88, 1.98, 9.64],
  xi_1814 = [7.64, 3.79, 8.72, 9.57, 8.11, 3.68, 9.23, 8.37, 8.30, 9.00],
  xi_1815 = [7.26, 6.78, 6.22, 3.71, 8.60, 9.99, 5.91, 6.37, 5.73, 5.27],
  xi_1816 = [10.73, 10.40, 10.85, 7.82, 2.80, 9.82, 11.05, 9.86, 4.93, 3.22],
  xi_1817 = [4.41, 1.77, 3.31, 2.04, 5.73, 2.02, 1.74, 4.29, 1.99, 1.84],
  xi_1818 = [8.76, 4.95, 8.20, 3.90, 3.97, 7.80, 7.20, 4.10, 3.99, 3.54],
  xi_1819 = [6.52, 1.67, 1.07, 0.92, 0.94, 1.13, 1.72, 0.99, 1.06, 2.74],
  xi_1820 = [4.05, 4.24, 3.87, 4.39, 4.17, 4.91, 2.47, 4.03, 4.48, 3.56],
  xi_191 = [6.62, 4.39, 9.20, 6.16, 8.83, 7.01, 6.34, 5.27, 5.28, 3.85],
  xi_192 = [4.04, 1.83, 5.60, 1.81, 1.53, 5.72, 4.78, 5.06, 7.17, 5.82],
  xi_193 = [8.27, 1.56, 1.92, 1.32, 5.40, 9.58, 7.31, 8.63, 2.37, 9.20],
  xi_194 = [12.05, 12.03, 10.90, 12.03, 9.96, 9.77, 8.76, 10.11, 3.70, 9.13],
  xi_195 = [4.25, 3.80, 3.97, 4.74, 4.57, 2.13, 3.74, 3.89, 4.45, 5.71],
  xi_196 = [5.90, 7.67, 8.56, 4.28, 7.72, 7.12, 7.63, 8.20, 9.33, 8.10],
  xi_197 = [1.23, 4.77, 4.98, 2.09, 1.63, 8.93, 1.88, 1.99, 1.89, 2.91],
  xi_198 = [3.91, 4.33, 4.06, 4.15, 3.87, 3.62, 3.56, 3.83, 4.20, 3.75],
  xi_199 = [3.46, 8.22, 9.14, 7.68, 8.41, 7.03, 7.66, 8.47, 7.96, 8.25],
  xi_1910 = [5.85, 1.49, 8.57, 2.65, 2.66, 3.14, 3.04, 4.14, 6.63, 2.73],
  xi_1911 = [11.66, 12.77, 8.81, 9.54, 7.06, 8.62, 3.66, 10.46, 10.79, 9.99],
  xi_1912 = [9.23, 2.44, 1.79, 3.09, 3.18, 3.41, 2.66, 3.08, 3.19, 2.82],
  xi_1913 = [1.05, 0.94, 9.68, 0.79, 8.74, 0.97, 9.79, 0.87, 3.04, 6.20],
  xi_1914 = [7.58, 7.00, 4.23, 4.27, 6.52, 7.38, 6.94, 6.54, 7.59, 3.64],
  xi_1915 = [4.38, 3.95, 9.99, 4.21, 3.86, 3.63, 4.13, 3.97, 3.61, 4.51],
  xi_1916 = [8.49, 6.65, 6.26, 6.57, 6.96, 6.44, 6.88, 1.18, 6.64, 7.72],
  xi_1917 = [8.46, 9.06, 9.78, 10.16, 8.57, 9.20, 9.04, 2.66, 8.61, 8.95],
  xi_1918 = [9.14, 8.99, 8.87, 6.26, 5.67, 10.30, 5.69, 9.23, 11.15, 9.41],
  xi_1919 = [9.74, 5.10, 10.52, 9.90, 2.55, 11.14, 9.23, 11.92, 10.26, 9.68],
  xi_1920 = [6.53, 6.55, 7.22, 7.60, 3.59, 7.56, 5.65, 5.49, 7.14, 7.48],
  xi_201 = [6.35, 5.89, 7.33, 6.06, 6.77, 6.72, 7.03, 6.59, 8.09, 8.36],
  xi_202 = [5.04, 4.84, 9.22, 4.45, 5.23, 5.93, 6.40, 1.34, 6.64, 5.89],
  xi_203 = [6.47, 5.47, 4.02, 5.11, 4.99, 2.66, 5.35, 4.91, 5.24, 4.81],
  xi_204 = [5.59, 1.87, 5.63, 8.05, 5.67, 6.33, 5.73, 2.30, 5.14, 5.87],
  xi_205 = [4.18, 4.21, 3.92, 3.81, 6.24, 3.42, 4.23, 4.40, 3.79, 7.19],
  xi_206 = [5.47, 1.61, 7.12, 6.17, 7.34, 1.27, 6.29, 5.28, 5.93, 5.21],
  xi_207 = [3.53, 7.60, 7.89, 9.82, 4.05, 6.13, 7.00, 3.13, 8.61, 8.64],
  xi_208 = [5.64, 4.09, 4.04, 3.68, 1.72, 7.31, 3.83, 2.19, 4.43, 3.58],
  xi_209 = [0.83, 0.99, 6.06, 1.00, 1.04, 1.04, 4.39, 0.99, 0.95, 1.08],
  xi_2010 = [1.95, 3.46, 1.84, 1.71, 2.15, 1.88, 1.91, 1.99, 8.29, 3.35],
  xi_2011 = [8.74, 8.29, 7.49, 5.70, 5.62, 7.18, 6.55, 9.74, 1.63, 6.51],
  xi_2012 = [6.59, 7.59, 6.91, 1.68, 9.54, 7.41, 4.73, 8.08, 7.85, 3.40],
  xi_2013 = [3.31, 4.95, 2.75, 2.57, 2.59, 3.31, 2.50, 3.13, 3.10, 2.82],
  xi_2014 = [1.01, 6.29, 6.77, 5.14, 6.39, 5.29, 6.61, 2.62, 2.32, 4.56],
  xi_2015 = [4.54, 3.92, 3.99, 9.64, 6.77, 3.68, 4.32, 6.23, 4.57, 4.70],
  xi_2016 = [8.77, 7.70, 5.10, 6.34, 5.07, 5.24, 4.62, 5.45, 2.01, 7.09],
  xi_2017 = [5.13, 8.30, 0.99, 1.06, 1.09, 0.78, 9.07, 0.87, 1.03, 9.70],
  xi_2018 = [6.47, 5.31, 5.87, 5.99, 6.17, 6.87, 5.59, 4.96, 9.32, 6.09],
  xi_2019 = [7.47, 6.82, 3.06, 3.75, 3.06, 2.95, 6.59, 2.66, 3.33, 6.27],
  xi_2020 = [4.57, 6.60, 6.44, 1.32, 3.43, 5.52, 6.05, 5.75, 5.99, 5.24],
]

Transportation Costs (cjk) = [
  [8.53, 1.12, 7.65, 0.89, 3.27, 7.55, 1.96, 1.97, 1.09, 7.30, 4.92, 2.18, 6.40, 1.07, 7.30, 0.87, 8.85, 4.76, 6.68, 5.91],
  [1.83, 7.10, 6.81, 7.15, 2.89, 9.52, 1.10, 5.56, 0.80, 2.34, 2.00, 2.01, 4.97, 4.54, 5.02, 3.42, 5.25, 6.27, 3.81, 6.84],
  [8.08, 3.57, 6.72, 0.88, 2.30, 2.98, 7.34, 6.72, 9.14, 4.77, 4.03, 6.31, 3.79, 8.39, 2.16, 7.77, 4.39, 7.77, 0.90, 7.90],
  [1.06, 2.99, 5.97, 9.39, 7.81, 5.82, 7.40, 4.81, 10.06, 1.62, 10.46, 9.33, 5.70, 1.96, 6.47, 3.96, 7.52, 7.83, 8.22, 4.05],
  [6.77, 7.23, 3.07, 1.17, 4.27, 2.03, 7.45, 8.31, 8.77, 8.85, 2.87, 5.74, 0.94, 6.33, 7.36, 6.04, 10.27, 1.03, 6.47, 8.15],
  [7.01, 6.00, 5.41, 5.27, 6.21, 6.51, 5.38, 3.51, 6.15, 7.29, 9.40, 5.67, 6.65, 0.90, 8.44, 5.71, 6.52, 6.75, 7.26, 4.85],
  [0.88, 4.08, 5.03, 9.31, 4.76, 2.78, 5.64, 0.94, 5.93, 4.71, 3.27, 6.58, 5.57, 5.79, 5.12, 3.30, 5.42, 0.93, 4.19, 6.20],
  [2.06, 7.63, 6.79, 6.02, 2.91, 4.19, 7.03, 6.91, 5.95, 5.31, 7.96, 0.97, 4.00, 6.67, 2.79, 4.15, 6.75, 9.30, 8.31, 2.32],
  [2.71, 3.78, 1.66, 0.91, 0.94, 6.37, 8.77, 8.42, 1.05, 2.37, 7.03, 1.03, 5.62, 7.92, 4.20, 1.12, 6.85, 0.87, 1.87, 9.14],
  [1.55, 4.79, 3.40, 1.00, 6.28, 9.61, 6.96, 9.06, 8.37, 6.31, 1.10, 3.93, 5.77, 4.01, 7.03, 0.91, 4.83, 4.56, 1.16, 0.95],
  [1.02, 3.85, 2.42, 8.50, 1.20, 8.02, 9.68, 7.71, 1.15, 4.56, 0.92, 4.61, 6.74, 6.54, 7.30, 4.50, 4.06, 7.61, 2.08, 5.34],
  [8.97, 8.87, 9.97, 0.92, 1.10, 3.12, 0.94, 4.25, 4.08, 9.92, 0.83, 2.52, 7.33, 3.14, 3.98, 6.92, 6.36, 5.93, 2.17, 8.08],
  [9.25, 7.97, 9.49, 5.94, 3.26, 2.25, 5.71, 8.22, 0.99, 6.17, 5.67, 6.91, 8.94, 3.12, 3.40, 8.14, 2.56, 4.41, 5.10, 3.97],
  [9.92, 3.63, 2.07, 3.17, 2.05, 6.52, 2.08, 0.92, 3.41, 3.52, 1.55, 0.93, 1.23, 3.39, 4.59, 2.90, 6.57, 0.78, 8.03, 3.43],
  [6.23, 6.45, 7.79, 9.78, 6.11, 4.05, 7.39, 0.91, 6.52, 5.97, 4.44, 7.27, 6.80, 4.61, 8.22, 3.49, 8.59, 7.73, 4.45, 5.56],
  [5.22, 2.34, 2.76, 1.91, 0.93, 2.27, 3.43, 6.54, 8.83, 6.49, 7.61, 7.09, 6.86, 2.40, 0.98, 5.44, 8.96, 9.38, 5.82, 5.29],
  [0.82, 3.73, 1.81, 6.92, 8.09, 7.79, 3.47, 7.86, 2.10, 5.84, 4.63, 4.47, 4.17, 5.66, 1.11, 1.04, 3.23, 6.09, 9.23, 4.82],
  [5.36, 9.19, 2.92, 2.32, 3.06, 8.87, 8.58, 6.54, 7.61, 3.69, 4.60, 8.84, 4.24, 5.30, 7.13, 3.54, 4.38, 4.35, 7.63, 4.48],
  [5.13, 6.30, 9.73, 5.81, 1.08, 2.69, 8.42, 4.48, 7.39, 0.94, 2.93, 3.75, 2.12, 7.06, 2.00, 9.90, 4.61, 6.91, 2.09, 4.44],
  [4.40, 6.94, 8.28, 2.15, 1.78, 3.16, 5.05, 2.87, 9.01, 8.21, 7.72, 6.48, 8.46, 7.37, 0.95, 0.94, 5.05, 6.96, 3.43, 8.11],
]

Mean Service Times (¦Ì_{jk}) = [
  mu_11 = [7.69],
  mu_12 = [4.69],
  mu_13 = [9.17],
  mu_14 = [2.38],
  mu_15 = [1.40],
  mu_16 = [4.05],
  mu_17 = [3.58],
  mu_18 = [2.24],
  mu_19 = [7.46],
  mu_110 = [9.23],
  mu_111 = [6.50],
  mu_112 = [4.69],
  mu_113 = [5.20],
  mu_114 = [6.36],
  mu_115 = [5.46],
  mu_116 = [7.24],
  mu_117 = [5.45],
  mu_118 = [5.37],
  mu_119 = [2.60],
  mu_120 = [7.99],
  mu_21 = [3.35],
  mu_22 = [2.67],
  mu_23 = [5.75],
  mu_24 = [9.68],
  mu_25 = [7.99],
  mu_26 = [5.04],
  mu_27 = [3.86],
  mu_28 = [5.11],
  mu_29 = [6.89],
  mu_210 = [6.96],
  mu_211 = [8.70],
  mu_212 = [9.17],
  mu_213 = [3.83],
  mu_214 = [8.03],
  mu_215 = [7.77],
  mu_216 = [5.16],
  mu_217 = [2.62],
  mu_218 = [5.79],
  mu_219 = [6.25],
  mu_220 = [8.46],
  mu_31 = [7.71],
  mu_32 = [6.66],
  mu_33 = [4.96],
  mu_34 = [2.98],
  mu_35 = [6.65],
  mu_36 = [5.40],
  mu_37 = [5.91],
  mu_38 = [8.99],
  mu_39 = [3.18],
  mu_310 = [6.77],
  mu_311 = [5.88],
  mu_312 = [7.96],
  mu_313 = [2.94],
  mu_314 = [3.54],
  mu_315 = [5.57],
  mu_316 = [1.37],
  mu_317 = [4.25],
  mu_318 = [6.10],
  mu_319 = [6.57],
  mu_320 = [2.29],
  mu_41 = [6.12],
  mu_42 = [7.33],
  mu_43 = [5.39],
  mu_44 = [4.31],
  mu_45 = [4.11],
  mu_46 = [7.23],
  mu_47 = [6.27],
  mu_48 = [3.79],
  mu_49 = [6.80],
  mu_410 = [3.42],
  mu_411 = [5.26],
  mu_412 = [8.99],
  mu_413 = [6.93],
  mu_414 = [5.80],
  mu_415 = [6.94],
  mu_416 = [2.92],
  mu_417 = [4.35],
  mu_418 = [6.05],
  mu_419 = [3.80],
  mu_420 = [6.97],
  mu_51 = [5.21],
  mu_52 = [3.44],
  mu_53 = [2.19],
  mu_54 = [2.49],
  mu_55 = [6.31],
  mu_56 = [5.84],
  mu_57 = [3.11],
  mu_58 = [5.29],
  mu_59 = [5.83],
  mu_510 = [7.48],
  mu_511 = [5.20],
  mu_512 = [8.43],
  mu_513 = [3.51],
  mu_514 = [3.91],
  mu_515 = [2.22],
  mu_516 = [5.57],
  mu_517 = [3.03],
  mu_518 = [4.51],
  mu_519 = [4.38],
  mu_520 = [4.78],
  mu_61 = [6.73],
  mu_62 = [6.10],
  mu_63 = [3.97],
  mu_64 = [4.21],
  mu_65 = [3.79],
  mu_66 = [9.74],
  mu_67 = [7.50],
  mu_68 = [5.88],
  mu_69 = [5.25],
  mu_610 = [7.55],
  mu_611 = [8.03],
  mu_612 = [7.37],
  mu_613 = [8.67],
  mu_614 = [5.88],
  mu_615 = [8.12],
  mu_616 = [6.58],
  mu_617 = [2.59],
  mu_618 = [5.88],
  mu_619 = [3.69],
  mu_620 = [6.18],
  mu_71 = [3.49],
  mu_72 = [3.72],
  mu_73 = [5.71],
  mu_74 = [8.02],
  mu_75 = [5.67],
  mu_76 = [4.23],
  mu_77 = [6.06],
  mu_78 = [9.11],
  mu_79 = [4.72],
  mu_710 = [6.01],
  mu_711 = [6.15],
  mu_712 = [4.09],
  mu_713 = [5.86],
  mu_714 = [5.55],
  mu_715 = [3.32],
  mu_716 = [4.81],
  mu_717 = [5.91],
  mu_718 = [2.21],
  mu_719 = [1.71],
  mu_720 = [7.81],
  mu_81 = [3.02],
  mu_82 = [8.29],
  mu_83 = [2.45],
  mu_84 = [6.79],
  mu_85 = [7.37],
  mu_86 = [7.93],
  mu_87 = [4.13],
  mu_88 = [3.79],
  mu_89 = [2.85],
  mu_810 = [7.50],
  mu_811 = [4.43],
  mu_812 = [2.35],
  mu_813 = [4.74],
  mu_814 = [4.62],
  mu_815 = [5.86],
  mu_816 = [8.45],
  mu_817 = [5.34],
  mu_818 = [7.21],
  mu_819 = [8.15],
  mu_820 = [8.01],
  mu_91 = [4.43],
  mu_92 = [6.15],
  mu_93 = [7.07],
  mu_94 = [5.29],
  mu_95 = [7.10],
  mu_96 = [5.69],
  mu_97 = [5.92],
  mu_98 = [4.42],
  mu_99 = [3.19],
  mu_910 = [8.26],
  mu_911 = [2.50],
  mu_912 = [2.72],
  mu_913 = [4.57],
  mu_914 = [6.02],
  mu_915 = [6.03],
  mu_916 = [5.81],
  mu_917 = [4.32],
  mu_918 = [4.98],
  mu_919 = [6.40],
  mu_920 = [5.10],
  mu_101 = [2.79],
  mu_102 = [4.94],
  mu_103 = [4.06],
  mu_104 = [8.23],
  mu_105 = [6.22],
  mu_106 = [3.77],
  mu_107 = [5.20],
  mu_108 = [7.53],
  mu_109 = [7.48],
  mu_1010 = [5.24],
  mu_1011 = [3.87],
  mu_1012 = [6.13],
  mu_1013 = [6.72],
  mu_1014 = [5.61],
  mu_1015 = [2.89],
  mu_1016 = [7.90],
  mu_1017 = [5.49],
  mu_1018 = [2.59],
  mu_1019 = [6.99],
  mu_1020 = [7.84],
  mu_111 = [5.31],
  mu_112 = [6.42],
  mu_113 = [2.92],
  mu_114 = [8.41],
  mu_115 = [3.71],
  mu_116 = [4.82],
  mu_117 = [6.64],
  mu_118 = [7.63],
  mu_119 = [8.60],
  mu_1110 = [1.19],
  mu_1111 = [4.62],
  mu_1112 = [4.61],
  mu_1113 = [6.47],
  mu_1114 = [4.37],
  mu_1115 = [6.49],
  mu_1116 = [4.92],
  mu_1117 = [8.82],
  mu_1118 = [2.75],
  mu_1119 = [5.13],
  mu_1120 = [4.47],
  mu_121 = [7.27],
  mu_122 = [3.00],
  mu_123 = [5.02],
  mu_124 = [7.82],
  mu_125 = [6.49],
  mu_126 = [8.99],
  mu_127 = [6.20],
  mu_128 = [8.45],
  mu_129 = [4.12],
  mu_1210 = [7.87],
  mu_1211 = [6.14],
  mu_1212 = [2.91],
  mu_1213 = [7.42],
  mu_1214 = [5.93],
  mu_1215 = [6.41],
  mu_1216 = [3.53],
  mu_1217 = [4.00],
  mu_1218 = [7.42],
  mu_1219 = [5.07],
  mu_1220 = [7.79],
  mu_131 = [3.19],
  mu_132 = [4.79],
  mu_133 = [4.80],
  mu_134 = [6.33],
  mu_135 = [3.65],
  mu_136 = [7.13],
  mu_137 = [4.97],
  mu_138 = [9.39],
  mu_139 = [7.14],
  mu_1310 = [8.22],
  mu_1311 = [3.66],
  mu_1312 = [7.66],
  mu_1313 = [5.05],
  mu_1314 = [8.49],
  mu_1315 = [4.78],
  mu_1316 = [2.52],
  mu_1317 = [2.70],
  mu_1318 = [4.03],
  mu_1319 = [5.05],
  mu_1320 = [3.68],
  mu_141 = [4.49],
  mu_142 = [5.00],
  mu_143 = [2.56],
  mu_144 = [5.58],
  mu_145 = [5.84],
  mu_146 = [6.41],
  mu_147 = [5.76],
  mu_148 = [2.35],
  mu_149 = [5.66],
  mu_1410 = [5.53],
  mu_1411 = [3.70],
  mu_1412 = [3.60],
  mu_1413 = [6.37],
  mu_1414 = [1.57],
  mu_1415 = [6.15],
  mu_1416 = [8.37],
  mu_1417 = [1.59],
  mu_1418 = [5.52],
  mu_1419 = [9.35],
  mu_1420 = [8.26],
  mu_151 = [5.03],
  mu_152 = [5.77],
  mu_153 = [5.83],
  mu_154 = [5.50],
  mu_155 = [8.27],
  mu_156 = [4.45],
  mu_157 = [6.25],
  mu_158 = [4.94],
  mu_159 = [9.02],
  mu_1510 = [9.95],
  mu_1511 = [5.16],
  mu_1512 = [4.52],
  mu_1513 = [4.26],
  mu_1514 = [4.95],
  mu_1515 = [4.43],
  mu_1516 = [6.66],
  mu_1517 = [4.67],
  mu_1518 = [5.50],
  mu_1519 = [5.99],
  mu_1520 = [5.19],
  mu_161 = [4.76],
  mu_162 = [2.07],
  mu_163 = [8.50],
  mu_164 = [1.01],
  mu_165 = [3.84],
  mu_166 = [6.09],
  mu_167 = [7.04],
  mu_168 = [4.89],
  mu_169 = [7.06],
  mu_1610 = [6.57],
  mu_1611 = [3.96],
  mu_1612 = [5.15],
  mu_1613 = [8.77],
  mu_1614 = [2.72],
  mu_1615 = [6.28],
  mu_1616 = [2.24],
  mu_1617 = [5.05],
  mu_1618 = [2.12],
  mu_1619 = [6.29],
  mu_1620 = [4.50],
  mu_171 = [7.23],
  mu_172 = [3.20],
  mu_173 = [2.91],
  mu_174 = [7.16],
  mu_175 = [5.23],
  mu_176 = [4.92],
  mu_177 = [3.88],
  mu_178 = [5.30],
  mu_179 = [6.63],
  mu_1710 = [8.88],
  mu_1711 = [4.59],
  mu_1712 = [6.61],
  mu_1713 = [6.72],
  mu_1714 = [6.65],
  mu_1715 = [5.13],
  mu_1716 = [5.36],
  mu_1717 = [8.06],
  mu_1718 = [6.43],
  mu_1719 = [8.06],
  mu_1720 = [2.77],
  mu_181 = [4.23],
  mu_182 = [5.99],
  mu_183 = [6.51],
  mu_184 = [3.81],
  mu_185 = [7.84],
  mu_186 = [8.62],
  mu_187 = [6.57],
  mu_188 = [7.30],
  mu_189 = [3.96],
  mu_1810 = [4.32],
  mu_1811 = [5.53],
  mu_1812 = [7.43],
  mu_1813 = [4.70],
  mu_1814 = [7.64],
  mu_1815 = [6.58],
  mu_1816 = [8.15],
  mu_1817 = [2.92],
  mu_1818 = [5.64],
  mu_1819 = [1.88],
  mu_1820 = [4.02],
  mu_191 = [6.30],
  mu_192 = [4.34],
  mu_193 = [5.56],
  mu_194 = [9.84],
  mu_195 = [4.12],
  mu_196 = [7.45],
  mu_197 = [3.23],
  mu_198 = [3.93],
  mu_199 = [7.63],
  mu_1910 = [4.09],
  mu_1911 = [9.34],
  mu_1912 = [3.49],
  mu_1913 = [4.21],
  mu_1914 = [6.17],
  mu_1915 = [4.62],
  mu_1916 = [6.38],
  mu_1917 = [8.45],
  mu_1918 = [8.47],
  mu_1919 = [9.00],
  mu_1920 = [6.48],
  mu_201 = [6.92],
  mu_202 = [5.50],
  mu_203 = [4.90],
  mu_204 = [5.22],
  mu_205 = [4.54],
  mu_206 = [5.17],
  mu_207 = [6.64],
  mu_208 = [4.05],
  mu_209 = [1.84],
  mu_2010 = [2.85],
  mu_2011 = [6.74],
  mu_2012 = [6.38],
  mu_2013 = [3.10],
  mu_2014 = [4.70],
  mu_2015 = [5.24],
  mu_2016 = [5.74],
  mu_2017 = [3.80],
  mu_2018 = [6.26],
  mu_2019 = [4.60],
  mu_2020 = [5.09],
]

Mean Transportation Times (¦Ó_{jk}) = [
  tau_11 = [3.34],
  tau_12 = [4.08],
  tau_13 = [2.20],
  tau_14 = [2.60],
  tau_15 = [1.82],
  tau_16 = [4.70],
  tau_17 = [4.50],
  tau_18 = [3.90],
  tau_19 = [1.97],
  tau_110 = [4.27],
  tau_111 = [2.14],
  tau_112 = [4.79],
  tau_113 = [3.31],
  tau_114 = [1.88],
  tau_115 = [4.12],
  tau_116 = [2.60],
  tau_117 = [1.94],
  tau_118 = [2.87],
  tau_119 = [2.38],
  tau_120 = [3.43],
  tau_21 = [2.83],
  tau_22 = [3.42],
  tau_23 = [1.96],
  tau_24 = [3.32],
  tau_25 = [2.93],
  tau_26 = [2.83],
  tau_27 = [4.53],
  tau_28 = [3.15],
  tau_29 = [2.38],
  tau_210 = [2.61],
  tau_211 = [3.95],
  tau_212 = [3.12],
  tau_213 = [1.42],
  tau_214 = [3.56],
  tau_215 = [4.54],
  tau_216 = [4.83],
  tau_217 = [3.34],
  tau_218 = [2.22],
  tau_219 = [3.59],
  tau_220 = [2.79],
  tau_31 = [1.56],
  tau_32 = [1.31],
  tau_33 = [3.82],
  tau_34 = [3.71],
  tau_35 = [2.02],
  tau_36 = [1.74],
  tau_37 = [1.70],
  tau_38 = [3.44],
  tau_39 = [4.06],
  tau_310 = [3.56],
  tau_311 = [4.02],
  tau_312 = [3.79],
  tau_313 = [4.55],
  tau_314 = [3.73],
  tau_315 = [1.53],
  tau_316 = [3.04],
  tau_317 = [3.05],
  tau_318 = [3.65],
  tau_319 = [2.49],
  tau_320 = [3.13],
  tau_41 = [4.53],
  tau_42 = [2.28],
  tau_43 = [4.22],
  tau_44 = [3.26],
  tau_45 = [2.37],
  tau_46 = [3.48],
  tau_47 = [3.59],
  tau_48 = [2.26],
  tau_49 = [5.10],
  tau_410 = [4.58],
  tau_411 = [3.86],
  tau_412 = [1.73],
  tau_413 = [3.43],
  tau_414 = [4.15],
  tau_415 = [2.91],
  tau_416 = [1.78],
  tau_417 = [4.44],
  tau_418 = [4.08],
  tau_419 = [2.97],
  tau_420 = [3.90],
  tau_51 = [3.95],
  tau_52 = [4.06],
  tau_53 = [3.04],
  tau_54 = [2.82],
  tau_55 = [4.38],
  tau_56 = [4.19],
  tau_57 = [3.76],
  tau_58 = [1.33],
  tau_59 = [1.41],
  tau_510 = [2.05],
  tau_511 = [4.56],
  tau_512 = [3.48],
  tau_513 = [1.50],
  tau_514 = [2.72],
  tau_515 = [2.89],
  tau_516 = [1.60],
  tau_517 = [2.00],
  tau_518 = [4.76],
  tau_519 = [2.45],
  tau_520 = [3.87],
  tau_61 = [4.56],
  tau_62 = [2.81],
  tau_63 = [2.05],
  tau_64 = [2.00],
  tau_65 = [2.57],
  tau_66 = [2.61],
  tau_67 = [3.47],
  tau_68 = [3.52],
  tau_69 = [2.50],
  tau_610 = [1.52],
  tau_611 = [2.16],
  tau_612 = [1.30],
  tau_613 = [1.76],
  tau_614 = [3.04],
  tau_615 = [3.47],
  tau_616 = [1.57],
  tau_617 = [2.23],
  tau_618 = [2.29],
  tau_619 = [2.76],
  tau_620 = [1.49],
  tau_71 = [3.07],
  tau_72 = [2.05],
  tau_73 = [1.74],
  tau_74 = [1.44],
  tau_75 = [1.56],
  tau_76 = [4.21],
  tau_77 = [2.89],
  tau_78 = [3.50],
  tau_79 = [3.82],
  tau_710 = [2.38],
  tau_711 = [4.09],
  tau_712 = [2.15],
  tau_713 = [3.68],
  tau_714 = [2.23],
  tau_715 = [4.09],
  tau_716 = [1.85],
  tau_717 = [1.41],
  tau_718 = [3.35],
  tau_719 = [3.30],
  tau_720 = [2.04],
  tau_81 = [3.64],
  tau_82 = [4.59],
  tau_83 = [3.84],
  tau_84 = [1.73],
  tau_85 = [1.92],
  tau_86 = [2.41],
  tau_87 = [4.15],
  tau_88 = [3.53],
  tau_89 = [2.78],
  tau_810 = [3.03],
  tau_811 = [3.26],
  tau_812 = [2.33],
  tau_813 = [3.13],
  tau_814 = [2.19],
  tau_815 = [2.87],
  tau_816 = [3.05],
  tau_817 = [2.98],
  tau_818 = [2.52],
  tau_819 = [3.04],
  tau_820 = [1.49],
  tau_91 = [1.56],
  tau_92 = [3.70],
  tau_93 = [3.93],
  tau_94 = [2.65],
  tau_95 = [3.35],
  tau_96 = [2.21],
  tau_97 = [3.15],
  tau_98 = [3.10],
  tau_99 = [1.47],
  tau_910 = [3.56],
  tau_911 = [3.66],
  tau_912 = [4.20],
  tau_913 = [4.05],
  tau_914 = [3.97],
  tau_915 = [3.46],
  tau_916 = [2.11],
  tau_917 = [1.16],
  tau_918 = [3.68],
  tau_919 = [4.63],
  tau_920 = [4.23],
  tau_101 = [2.14],
  tau_102 = [1.81],
  tau_103 = [1.95],
  tau_104 = [1.53],
  tau_105 = [1.32],
  tau_106 = [3.94],
  tau_107 = [2.61],
  tau_108 = [3.72],
  tau_109 = [4.00],
  tau_1010 = [4.54],
  tau_1011 = [3.36],
  tau_1012 = [3.57],
  tau_1013 = [2.03],
  tau_1014 = [2.55],
  tau_1015 = [2.88],
  tau_1016 = [3.99],
  tau_1017 = [2.75],
  tau_1018 = [3.62],
  tau_1019 = [3.83],
  tau_1020 = [2.53],
  tau_111 = [2.33],
  tau_112 = [2.24],
  tau_113 = [1.83],
  tau_114 = [3.63],
  tau_115 = [2.59],
  tau_116 = [2.86],
  tau_117 = [1.15],
  tau_118 = [4.63],
  tau_119 = [4.93],
  tau_1110 = [3.24],
  tau_1111 = [2.37],
  tau_1112 = [2.18],
  tau_1113 = [2.20],
  tau_1114 = [2.01],
  tau_1115 = [1.82],
  tau_1116 = [2.28],
  tau_1117 = [4.30],
  tau_1118 = [1.64],
  tau_1119 = [2.30],
  tau_1120 = [4.17],
  tau_121 = [1.66],
  tau_122 = [3.11],
  tau_123 = [4.43],
  tau_124 = [3.77],
  tau_125 = [4.76],
  tau_126 = [2.72],
  tau_127 = [2.01],
  tau_128 = [2.15],
  tau_129 = [2.25],
  tau_1210 = [3.72],
  tau_1211 = [2.16],
  tau_1212 = [1.60],
  tau_1213 = [1.62],
  tau_1214 = [1.36],
  tau_1215 = [3.58],
  tau_1216 = [2.21],
  tau_1217 = [4.96],
  tau_1218 = [2.59],
  tau_1219 = [3.37],
  tau_1220 = [1.63],
  tau_131 = [3.56],
  tau_132 = [4.27],
  tau_133 = [1.27],
  tau_134 = [3.16],
  tau_135 = [2.57],
  tau_136 = [4.26],
  tau_137 = [3.45],
  tau_138 = [4.17],
  tau_139 = [2.13],
  tau_1310 = [3.89],
  tau_1311 = [2.21],
  tau_1312 = [4.51],
  tau_1313 = [2.58],
  tau_1314 = [1.51],
  tau_1315 = [3.52],
  tau_1316 = [2.06],
  tau_1317 = [2.02],
  tau_1318 = [2.99],
  tau_1319 = [4.31],
  tau_1320 = [3.97],
  tau_141 = [2.49],
  tau_142 = [4.57],
  tau_143 = [3.35],
  tau_144 = [2.39],
  tau_145 = [1.56],
  tau_146 = [2.08],
  tau_147 = [3.84],
  tau_148 = [4.05],
  tau_149 = [1.89],
  tau_1410 = [2.28],
  tau_1411 = [3.48],
  tau_1412 = [2.23],
  tau_1413 = [3.90],
  tau_1414 = [3.09],
  tau_1415 = [2.60],
  tau_1416 = [3.13],
  tau_1417 = [3.73],
  tau_1418 = [4.05],
  tau_1419 = [3.52],
  tau_1420 = [3.08],
  tau_151 = [4.16],
  tau_152 = [1.81],
  tau_153 = [3.49],
  tau_154 = [2.24],
  tau_155 = [4.40],
  tau_156 = [1.77],
  tau_157 = [0.99],
  tau_158 = [3.88],
  tau_159 = [3.06],
  tau_1510 = [4.22],
  tau_1511 = [2.74],
  tau_1512 = [2.38],
  tau_1513 = [1.78],
  tau_1514 = [2.55],
  tau_1515 = [4.15],
  tau_1516 = [1.87],
  tau_1517 = [4.01],
  tau_1518 = [2.46],
  tau_1519 = [3.00],
  tau_1520 = [2.44],
  tau_161 = [3.71],
  tau_162 = [3.71],
  tau_163 = [1.62],
  tau_164 = [3.95],
  tau_165 = [4.66],
  tau_166 = [4.71],
  tau_167 = [2.96],
  tau_168 = [2.89],
  tau_169 = [2.03],
  tau_1610 = [3.88],
  tau_1611 = [4.06],
  tau_1612 = [4.61],
  tau_1613 = [2.82],
  tau_1614 = [1.56],
  tau_1615 = [3.16],
  tau_1616 = [3.08],
  tau_1617 = [2.11],
  tau_1618 = [2.92],
  tau_1619 = [1.56],
  tau_1620 = [1.49],
  tau_171 = [1.98],
  tau_172 = [2.60],
  tau_173 = [3.27],
  tau_174 = [3.71],
  tau_175 = [2.97],
  tau_176 = [3.94],
  tau_177 = [4.89],
  tau_178 = [3.66],
  tau_179 = [4.38],
  tau_1710 = [3.95],
  tau_1711 = [2.54],
  tau_1712 = [2.60],
  tau_1713 = [1.77],
  tau_1714 = [4.03],
  tau_1715 = [2.85],
  tau_1716 = [2.50],
  tau_1717 = [3.29],
  tau_1718 = [2.64],
  tau_1719 = [3.34],
  tau_1720 = [4.40],
  tau_181 = [1.59],
  tau_182 = [3.03],
  tau_183 = [4.78],
  tau_184 = [4.40],
  tau_185 = [4.57],
  tau_186 = [2.77],
  tau_187 = [4.37],
  tau_188 = [4.95],
  tau_189 = [2.33],
  tau_1810 = [2.40],
  tau_1811 = [2.10],
  tau_1812 = [2.65],
  tau_1813 = [3.84],
  tau_1814 = [3.65],
  tau_1815 = [1.96],
  tau_1816 = [4.33],
  tau_1817 = [2.18],
  tau_1818 = [3.80],
  tau_1819 = [3.65],
  tau_1820 = [4.03],
  tau_191 = [2.87],
  tau_192 = [3.81],
  tau_193 = [3.70],
  tau_194 = [4.91],
  tau_195 = [2.22],
  tau_196 = [2.09],
  tau_197 = [1.34],
  tau_198 = [2.19],
  tau_199 = [3.20],
  tau_1910 = [3.60],
  tau_1911 = [3.80],
  tau_1912 = [4.16],
  tau_1913 = [2.95],
  tau_1914 = [4.31],
  tau_1915 = [3.04],
  tau_1916 = [1.88],
  tau_1917 = [2.37],
  tau_1918 = [2.67],
  tau_1919 = [2.80],
  tau_1920 = [2.63],
  tau_201 = [4.59],
  tau_202 = [4.15],
  tau_203 = [2.56],
  tau_204 = [3.32],
  tau_205 = [4.42],
  tau_206 = [1.74],
  tau_207 = [2.95],
  tau_208 = [2.09],
  tau_209 = [4.77],
  tau_2010 = [1.89],
  tau_2011 = [1.15],
  tau_2012 = [3.86],
  tau_2013 = [3.27],
  tau_2014 = [3.84],
  tau_2015 = [3.19],
  tau_2016 = [1.97],
  tau_2017 = [2.68],
  tau_2018 = [3.66],
  tau_2019 = [3.56],
  tau_2020 = [2.56],
]

Epsilon + ¦Ì_{jk} = [
  epsilon_plus_mu_11 = [11.53],
  epsilon_plus_mu_12 = [7.04],
  epsilon_plus_mu_13 = [13.76],
  epsilon_plus_mu_14 = [3.56],
  epsilon_plus_mu_15 = [2.10],
  epsilon_plus_mu_16 = [6.08],
  epsilon_plus_mu_17 = [5.37],
  epsilon_plus_mu_18 = [3.37],
  epsilon_plus_mu_19 = [11.19],
  epsilon_plus_mu_110 = [13.84],
  epsilon_plus_mu_111 = [9.75],
  epsilon_plus_mu_112 = [7.03],
  epsilon_plus_mu_113 = [7.81],
  epsilon_plus_mu_114 = [9.54],
  epsilon_plus_mu_115 = [8.19],
  epsilon_plus_mu_116 = [10.86],
  epsilon_plus_mu_117 = [8.18],
  epsilon_plus_mu_118 = [8.06],
  epsilon_plus_mu_119 = [3.90],
  epsilon_plus_mu_120 = [11.99],
  epsilon_plus_mu_21 = [5.03],
  epsilon_plus_mu_22 = [4.01],
  epsilon_plus_mu_23 = [8.63],
  epsilon_plus_mu_24 = [14.52],
  epsilon_plus_mu_25 = [11.99],
  epsilon_plus_mu_26 = [7.57],
  epsilon_plus_mu_27 = [5.79],
  epsilon_plus_mu_28 = [7.66],
  epsilon_plus_mu_29 = [10.34],
  epsilon_plus_mu_210 = [10.45],
  epsilon_plus_mu_211 = [13.05],
  epsilon_plus_mu_212 = [13.75],
  epsilon_plus_mu_213 = [5.75],
  epsilon_plus_mu_214 = [12.04],
  epsilon_plus_mu_215 = [11.66],
  epsilon_plus_mu_216 = [7.74],
  epsilon_plus_mu_217 = [3.94],
  epsilon_plus_mu_218 = [8.69],
  epsilon_plus_mu_219 = [9.37],
  epsilon_plus_mu_220 = [12.70],
  epsilon_plus_mu_31 = [11.57],
  epsilon_plus_mu_32 = [9.99],
  epsilon_plus_mu_33 = [7.44],
  epsilon_plus_mu_34 = [4.47],
  epsilon_plus_mu_35 = [9.97],
  epsilon_plus_mu_36 = [8.10],
  epsilon_plus_mu_37 = [8.86],
  epsilon_plus_mu_38 = [13.49],
  epsilon_plus_mu_39 = [4.78],
  epsilon_plus_mu_310 = [10.15],
  epsilon_plus_mu_311 = [8.82],
  epsilon_plus_mu_312 = [11.94],
  epsilon_plus_mu_313 = [4.42],
  epsilon_plus_mu_314 = [5.30],
  epsilon_plus_mu_315 = [8.35],
  epsilon_plus_mu_316 = [2.05],
  epsilon_plus_mu_317 = [6.38],
  epsilon_plus_mu_318 = [9.14],
  epsilon_plus_mu_319 = [9.86],
  epsilon_plus_mu_320 = [3.43],
  epsilon_plus_mu_41 = [9.17],
  epsilon_plus_mu_42 = [11.00],
  epsilon_plus_mu_43 = [8.08],
  epsilon_plus_mu_44 = [6.46],
  epsilon_plus_mu_45 = [6.17],
  epsilon_plus_mu_46 = [10.85],
  epsilon_plus_mu_47 = [9.41],
  epsilon_plus_mu_48 = [5.69],
  epsilon_plus_mu_49 = [10.20],
  epsilon_plus_mu_410 = [5.13],
  epsilon_plus_mu_411 = [7.89],
  epsilon_plus_mu_412 = [13.48],
  epsilon_plus_mu_413 = [10.40],
  epsilon_plus_mu_414 = [8.70],
  epsilon_plus_mu_415 = [10.41],
  epsilon_plus_mu_416 = [4.38],
  epsilon_plus_mu_417 = [6.52],
  epsilon_plus_mu_418 = [9.07],
  epsilon_plus_mu_419 = [5.70],
  epsilon_plus_mu_420 = [10.46],
  epsilon_plus_mu_51 = [7.82],
  epsilon_plus_mu_52 = [5.16],
  epsilon_plus_mu_53 = [3.28],
  epsilon_plus_mu_54 = [3.74],
  epsilon_plus_mu_55 = [9.47],
  epsilon_plus_mu_56 = [8.76],
  epsilon_plus_mu_57 = [4.66],
  epsilon_plus_mu_58 = [7.94],
  epsilon_plus_mu_59 = [8.74],
  epsilon_plus_mu_510 = [11.22],
  epsilon_plus_mu_511 = [7.80],
  epsilon_plus_mu_512 = [12.64],
  epsilon_plus_mu_513 = [5.27],
  epsilon_plus_mu_514 = [5.86],
  epsilon_plus_mu_515 = [3.33],
  epsilon_plus_mu_516 = [8.35],
  epsilon_plus_mu_517 = [4.55],
  epsilon_plus_mu_518 = [6.77],
  epsilon_plus_mu_519 = [6.57],
  epsilon_plus_mu_520 = [7.18],
  epsilon_plus_mu_61 = [10.10],
  epsilon_plus_mu_62 = [9.15],
  epsilon_plus_mu_63 = [5.96],
  epsilon_plus_mu_64 = [6.31],
  epsilon_plus_mu_65 = [5.69],
  epsilon_plus_mu_66 = [14.61],
  epsilon_plus_mu_67 = [11.25],
  epsilon_plus_mu_68 = [8.82],
  epsilon_plus_mu_69 = [7.87],
  epsilon_plus_mu_610 = [11.32],
  epsilon_plus_mu_611 = [12.04],
  epsilon_plus_mu_612 = [11.06],
  epsilon_plus_mu_613 = [13.00],
  epsilon_plus_mu_614 = [8.82],
  epsilon_plus_mu_615 = [12.19],
  epsilon_plus_mu_616 = [9.87],
  epsilon_plus_mu_617 = [3.88],
  epsilon_plus_mu_618 = [8.82],
  epsilon_plus_mu_619 = [5.53],
  epsilon_plus_mu_620 = [9.27],
  epsilon_plus_mu_71 = [5.24],
  epsilon_plus_mu_72 = [5.59],
  epsilon_plus_mu_73 = [8.57],
  epsilon_plus_mu_74 = [12.03],
  epsilon_plus_mu_75 = [8.51],
  epsilon_plus_mu_76 = [6.34],
  epsilon_plus_mu_77 = [9.09],
  epsilon_plus_mu_78 = [13.66],
  epsilon_plus_mu_79 = [7.08],
  epsilon_plus_mu_710 = [9.01],
  epsilon_plus_mu_711 = [9.23],
  epsilon_plus_mu_712 = [6.13],
  epsilon_plus_mu_713 = [8.79],
  epsilon_plus_mu_714 = [8.32],
  epsilon_plus_mu_715 = [4.98],
  epsilon_plus_mu_716 = [7.22],
  epsilon_plus_mu_717 = [8.87],
  epsilon_plus_mu_718 = [3.32],
  epsilon_plus_mu_719 = [2.57],
  epsilon_plus_mu_720 = [11.72],
  epsilon_plus_mu_81 = [4.54],
  epsilon_plus_mu_82 = [12.44],
  epsilon_plus_mu_83 = [3.67],
  epsilon_plus_mu_84 = [10.18],
  epsilon_plus_mu_85 = [11.06],
  epsilon_plus_mu_86 = [11.90],
  epsilon_plus_mu_87 = [6.19],
  epsilon_plus_mu_88 = [5.68],
  epsilon_plus_mu_89 = [4.28],
  epsilon_plus_mu_810 = [11.25],
  epsilon_plus_mu_811 = [6.64],
  epsilon_plus_mu_812 = [3.52],
  epsilon_plus_mu_813 = [7.10],
  epsilon_plus_mu_814 = [6.93],
  epsilon_plus_mu_815 = [8.79],
  epsilon_plus_mu_816 = [12.67],
  epsilon_plus_mu_817 = [8.01],
  epsilon_plus_mu_818 = [10.82],
  epsilon_plus_mu_819 = [12.23],
  epsilon_plus_mu_820 = [12.02],
  epsilon_plus_mu_91 = [6.65],
  epsilon_plus_mu_92 = [9.23],
  epsilon_plus_mu_93 = [10.60],
  epsilon_plus_mu_94 = [7.93],
  epsilon_plus_mu_95 = [10.66],
  epsilon_plus_mu_96 = [8.53],
  epsilon_plus_mu_97 = [8.88],
  epsilon_plus_mu_98 = [6.62],
  epsilon_plus_mu_99 = [4.79],
  epsilon_plus_mu_910 = [12.39],
  epsilon_plus_mu_911 = [3.74],
  epsilon_plus_mu_912 = [4.08],
  epsilon_plus_mu_913 = [6.86],
  epsilon_plus_mu_914 = [9.03],
  epsilon_plus_mu_915 = [9.04],
  epsilon_plus_mu_916 = [8.71],
  epsilon_plus_mu_917 = [6.49],
  epsilon_plus_mu_918 = [7.47],
  epsilon_plus_mu_919 = [9.59],
  epsilon_plus_mu_920 = [7.65],
  epsilon_plus_mu_101 = [4.18],
  epsilon_plus_mu_102 = [7.41],
  epsilon_plus_mu_103 = [6.09],
  epsilon_plus_mu_104 = [12.34],
  epsilon_plus_mu_105 = [9.33],
  epsilon_plus_mu_106 = [5.65],
  epsilon_plus_mu_107 = [7.80],
  epsilon_plus_mu_108 = [11.30],
  epsilon_plus_mu_109 = [11.23],
  epsilon_plus_mu_1010 = [7.87],
  epsilon_plus_mu_1011 = [5.81],
  epsilon_plus_mu_1012 = [9.19],
  epsilon_plus_mu_1013 = [10.07],
  epsilon_plus_mu_1014 = [8.41],
  epsilon_plus_mu_1015 = [4.34],
  epsilon_plus_mu_1016 = [11.84],
  epsilon_plus_mu_1017 = [8.23],
  epsilon_plus_mu_1018 = [3.89],
  epsilon_plus_mu_1019 = [10.48],
  epsilon_plus_mu_1020 = [11.75],
  epsilon_plus_mu_111 = [7.97],
  epsilon_plus_mu_112 = [9.62],
  epsilon_plus_mu_113 = [4.39],
  epsilon_plus_mu_114 = [12.61],
  epsilon_plus_mu_115 = [5.56],
  epsilon_plus_mu_116 = [7.23],
  epsilon_plus_mu_117 = [9.96],
  epsilon_plus_mu_118 = [11.45],
  epsilon_plus_mu_119 = [12.90],
  epsilon_plus_mu_1110 = [1.79],
  epsilon_plus_mu_1111 = [6.93],
  epsilon_plus_mu_1112 = [6.92],
  epsilon_plus_mu_1113 = [9.70],
  epsilon_plus_mu_1114 = [6.55],
  epsilon_plus_mu_1115 = [9.74],
  epsilon_plus_mu_1116 = [7.39],
  epsilon_plus_mu_1117 = [13.24],
  epsilon_plus_mu_1118 = [4.12],
  epsilon_plus_mu_1119 = [7.69],
  epsilon_plus_mu_1120 = [6.71],
  epsilon_plus_mu_121 = [10.91],
  epsilon_plus_mu_122 = [4.50],
  epsilon_plus_mu_123 = [7.53],
  epsilon_plus_mu_124 = [11.72],
  epsilon_plus_mu_125 = [9.73],
  epsilon_plus_mu_126 = [13.49],
  epsilon_plus_mu_127 = [9.30],
  epsilon_plus_mu_128 = [12.68],
  epsilon_plus_mu_129 = [6.17],
  epsilon_plus_mu_1210 = [11.80],
  epsilon_plus_mu_1211 = [9.21],
  epsilon_plus_mu_1212 = [4.36],
  epsilon_plus_mu_1213 = [11.13],
  epsilon_plus_mu_1214 = [8.89],
  epsilon_plus_mu_1215 = [9.62],
  epsilon_plus_mu_1216 = [5.30],
  epsilon_plus_mu_1217 = [6.00],
  epsilon_plus_mu_1218 = [11.12],
  epsilon_plus_mu_1219 = [7.60],
  epsilon_plus_mu_1220 = [11.68],
  epsilon_plus_mu_131 = [4.79],
  epsilon_plus_mu_132 = [7.19],
  epsilon_plus_mu_133 = [7.20],
  epsilon_plus_mu_134 = [9.50],
  epsilon_plus_mu_135 = [5.48],
  epsilon_plus_mu_136 = [10.69],
  epsilon_plus_mu_137 = [7.45],
  epsilon_plus_mu_138 = [14.09],
  epsilon_plus_mu_139 = [10.71],
  epsilon_plus_mu_1310 = [12.33],
  epsilon_plus_mu_1311 = [5.49],
  epsilon_plus_mu_1312 = [11.49],
  epsilon_plus_mu_1313 = [7.57],
  epsilon_plus_mu_1314 = [12.74],
  epsilon_plus_mu_1315 = [7.18],
  epsilon_plus_mu_1316 = [3.78],
  epsilon_plus_mu_1317 = [4.05],
  epsilon_plus_mu_1318 = [6.04],
  epsilon_plus_mu_1319 = [7.57],
  epsilon_plus_mu_1320 = [5.52],
  epsilon_plus_mu_141 = [6.73],
  epsilon_plus_mu_142 = [7.50],
  epsilon_plus_mu_143 = [3.84],
  epsilon_plus_mu_144 = [8.37],
  epsilon_plus_mu_145 = [8.76],
  epsilon_plus_mu_146 = [9.61],
  epsilon_plus_mu_147 = [8.65],
  epsilon_plus_mu_148 = [3.53],
  epsilon_plus_mu_149 = [8.49],
  epsilon_plus_mu_1410 = [8.29],
  epsilon_plus_mu_1411 = [5.55],
  epsilon_plus_mu_1412 = [5.40],
  epsilon_plus_mu_1413 = [9.55],
  epsilon_plus_mu_1414 = [2.36],
  epsilon_plus_mu_1415 = [9.22],
  epsilon_plus_mu_1416 = [12.56],
  epsilon_plus_mu_1417 = [2.39],
  epsilon_plus_mu_1418 = [8.27],
  epsilon_plus_mu_1419 = [14.02],
  epsilon_plus_mu_1420 = [12.40],
  epsilon_plus_mu_151 = [7.55],
  epsilon_plus_mu_152 = [8.66],
  epsilon_plus_mu_153 = [8.75],
  epsilon_plus_mu_154 = [8.25],
  epsilon_plus_mu_155 = [12.41],
  epsilon_plus_mu_156 = [6.68],
  epsilon_plus_mu_157 = [9.37],
  epsilon_plus_mu_158 = [7.41],
  epsilon_plus_mu_159 = [13.54],
  epsilon_plus_mu_1510 = [14.92],
  epsilon_plus_mu_1511 = [7.74],
  epsilon_plus_mu_1512 = [6.78],
  epsilon_plus_mu_1513 = [6.39],
  epsilon_plus_mu_1514 = [7.43],
  epsilon_plus_mu_1515 = [6.64],
  epsilon_plus_mu_1516 = [9.99],
  epsilon_plus_mu_1517 = [7.00],
  epsilon_plus_mu_1518 = [8.24],
  epsilon_plus_mu_1519 = [8.99],
  epsilon_plus_mu_1520 = [7.78],
  epsilon_plus_mu_161 = [7.14],
  epsilon_plus_mu_162 = [3.10],
  epsilon_plus_mu_163 = [12.76],
  epsilon_plus_mu_164 = [1.52],
  epsilon_plus_mu_165 = [5.77],
  epsilon_plus_mu_166 = [9.14],
  epsilon_plus_mu_167 = [10.56],
  epsilon_plus_mu_168 = [7.34],
  epsilon_plus_mu_169 = [10.59],
  epsilon_plus_mu_1610 = [9.86],
  epsilon_plus_mu_1611 = [5.94],
  epsilon_plus_mu_1612 = [7.73],
  epsilon_plus_mu_1613 = [13.16],
  epsilon_plus_mu_1614 = [4.07],
  epsilon_plus_mu_1615 = [9.41],
  epsilon_plus_mu_1616 = [3.36],
  epsilon_plus_mu_1617 = [7.58],
  epsilon_plus_mu_1618 = [3.19],
  epsilon_plus_mu_1619 = [9.43],
  epsilon_plus_mu_1620 = [6.75],
  epsilon_plus_mu_171 = [10.85],
  epsilon_plus_mu_172 = [4.80],
  epsilon_plus_mu_173 = [4.36],
  epsilon_plus_mu_174 = [10.74],
  epsilon_plus_mu_175 = [7.85],
  epsilon_plus_mu_176 = [7.39],
  epsilon_plus_mu_177 = [5.83],
  epsilon_plus_mu_178 = [7.94],
  epsilon_plus_mu_179 = [9.94],
  epsilon_plus_mu_1710 = [13.33],
  epsilon_plus_mu_1711 = [6.88],
  epsilon_plus_mu_1712 = [9.92],
  epsilon_plus_mu_1713 = [10.08],
  epsilon_plus_mu_1714 = [9.98],
  epsilon_plus_mu_1715 = [7.70],
  epsilon_plus_mu_1716 = [8.04],
  epsilon_plus_mu_1717 = [12.09],
  epsilon_plus_mu_1718 = [9.64],
  epsilon_plus_mu_1719 = [12.09],
  epsilon_plus_mu_1720 = [4.15],
  epsilon_plus_mu_181 = [6.35],
  epsilon_plus_mu_182 = [8.98],
  epsilon_plus_mu_183 = [9.76],
  epsilon_plus_mu_184 = [5.72],
  epsilon_plus_mu_185 = [11.75],
  epsilon_plus_mu_186 = [12.94],
  epsilon_plus_mu_187 = [9.85],
  epsilon_plus_mu_188 = [10.94],
  epsilon_plus_mu_189 = [5.94],
  epsilon_plus_mu_1810 = [6.48],
  epsilon_plus_mu_1811 = [8.30],
  epsilon_plus_mu_1812 = [11.14],
  epsilon_plus_mu_1813 = [7.05],
  epsilon_plus_mu_1814 = [11.46],
  epsilon_plus_mu_1815 = [9.88],
  epsilon_plus_mu_1816 = [12.22],
  epsilon_plus_mu_1817 = [4.37],
  epsilon_plus_mu_1818 = [8.46],
  epsilon_plus_mu_1819 = [2.81],
  epsilon_plus_mu_1820 = [6.03],
  epsilon_plus_mu_191 = [9.44],
  epsilon_plus_mu_192 = [6.51],
  epsilon_plus_mu_193 = [8.34],
  epsilon_plus_mu_194 = [14.77],
  epsilon_plus_mu_195 = [6.19],
  epsilon_plus_mu_196 = [11.18],
  epsilon_plus_mu_197 = [4.85],
  epsilon_plus_mu_198 = [5.89],
  epsilon_plus_mu_199 = [11.44],
  epsilon_plus_mu_1910 = [6.13],
  epsilon_plus_mu_1911 = [14.00],
  epsilon_plus_mu_1912 = [5.23],
  epsilon_plus_mu_1913 = [6.31],
  epsilon_plus_mu_1914 = [9.26],
  epsilon_plus_mu_1915 = [6.94],
  epsilon_plus_mu_1916 = [9.57],
  epsilon_plus_mu_1917 = [12.67],
  epsilon_plus_mu_1918 = [12.71],
  epsilon_plus_mu_1919 = [13.50],
  epsilon_plus_mu_1920 = [9.72],
  epsilon_plus_mu_201 = [10.38],
  epsilon_plus_mu_202 = [8.25],
  epsilon_plus_mu_203 = [7.35],
  epsilon_plus_mu_204 = [7.83],
  epsilon_plus_mu_205 = [6.81],
  epsilon_plus_mu_206 = [7.75],
  epsilon_plus_mu_207 = [9.96],
  epsilon_plus_mu_208 = [6.08],
  epsilon_plus_mu_209 = [2.75],
  epsilon_plus_mu_2010 = [4.28],
  epsilon_plus_mu_2011 = [10.12],
  epsilon_plus_mu_2012 = [9.57],
  epsilon_plus_mu_2013 = [4.65],
  epsilon_plus_mu_2014 = [7.05],
  epsilon_plus_mu_2015 = [7.86],
  epsilon_plus_mu_2016 = [8.61],
  epsilon_plus_mu_2017 = [5.70],
  epsilon_plus_mu_2018 = [9.39],
  epsilon_plus_mu_2019 = [6.89],
  epsilon_plus_mu_2020 = [7.64],
]

Epsilon - ¦Ì_{jk} = [
  epsilon_minus_mu_11 = [-3.84],
  epsilon_minus_mu_12 = [-2.35],
  epsilon_minus_mu_13 = [-4.59],
  epsilon_minus_mu_14 = [-1.19],
  epsilon_minus_mu_15 = [-0.70],
  epsilon_minus_mu_16 = [-2.03],
  epsilon_minus_mu_17 = [-1.79],
  epsilon_minus_mu_18 = [-1.12],
  epsilon_minus_mu_19 = [-3.73],
  epsilon_minus_mu_110 = [-4.61],
  epsilon_minus_mu_111 = [-3.25],
  epsilon_minus_mu_112 = [-2.34],
  epsilon_minus_mu_113 = [-2.60],
  epsilon_minus_mu_114 = [-3.18],
  epsilon_minus_mu_115 = [-2.73],
  epsilon_minus_mu_116 = [-3.62],
  epsilon_minus_mu_117 = [-2.73],
  epsilon_minus_mu_118 = [-2.69],
  epsilon_minus_mu_119 = [-1.30],
  epsilon_minus_mu_120 = [-4.00],
  epsilon_minus_mu_21 = [-1.68],
  epsilon_minus_mu_22 = [-1.34],
  epsilon_minus_mu_23 = [-2.88],
  epsilon_minus_mu_24 = [-4.84],
  epsilon_minus_mu_25 = [-4.00],
  epsilon_minus_mu_26 = [-2.52],
  epsilon_minus_mu_27 = [-1.93],
  epsilon_minus_mu_28 = [-2.55],
  epsilon_minus_mu_29 = [-3.45],
  epsilon_minus_mu_210 = [-3.48],
  epsilon_minus_mu_211 = [-4.35],
  epsilon_minus_mu_212 = [-4.58],
  epsilon_minus_mu_213 = [-1.92],
  epsilon_minus_mu_214 = [-4.01],
  epsilon_minus_mu_215 = [-3.89],
  epsilon_minus_mu_216 = [-2.58],
  epsilon_minus_mu_217 = [-1.31],
  epsilon_minus_mu_218 = [-2.90],
  epsilon_minus_mu_219 = [-3.12],
  epsilon_minus_mu_220 = [-4.23],
  epsilon_minus_mu_31 = [-3.86],
  epsilon_minus_mu_32 = [-3.33],
  epsilon_minus_mu_33 = [-2.48],
  epsilon_minus_mu_34 = [-1.49],
  epsilon_minus_mu_35 = [-3.32],
  epsilon_minus_mu_36 = [-2.70],
  epsilon_minus_mu_37 = [-2.95],
  epsilon_minus_mu_38 = [-4.50],
  epsilon_minus_mu_39 = [-1.59],
  epsilon_minus_mu_310 = [-3.38],
  epsilon_minus_mu_311 = [-2.94],
  epsilon_minus_mu_312 = [-3.98],
  epsilon_minus_mu_313 = [-1.47],
  epsilon_minus_mu_314 = [-1.77],
  epsilon_minus_mu_315 = [-2.78],
  epsilon_minus_mu_316 = [-0.68],
  epsilon_minus_mu_317 = [-2.13],
  epsilon_minus_mu_318 = [-3.05],
  epsilon_minus_mu_319 = [-3.29],
  epsilon_minus_mu_320 = [-1.14],
  epsilon_minus_mu_41 = [-3.06],
  epsilon_minus_mu_42 = [-3.67],
  epsilon_minus_mu_43 = [-2.69],
  epsilon_minus_mu_44 = [-2.15],
  epsilon_minus_mu_45 = [-2.06],
  epsilon_minus_mu_46 = [-3.62],
  epsilon_minus_mu_47 = [-3.14],
  epsilon_minus_mu_48 = [-1.90],
  epsilon_minus_mu_49 = [-3.40],
  epsilon_minus_mu_410 = [-1.71],
  epsilon_minus_mu_411 = [-2.63],
  epsilon_minus_mu_412 = [-4.49],
  epsilon_minus_mu_413 = [-3.47],
  epsilon_minus_mu_414 = [-2.90],
  epsilon_minus_mu_415 = [-3.47],
  epsilon_minus_mu_416 = [-1.46],
  epsilon_minus_mu_417 = [-2.17],
  epsilon_minus_mu_418 = [-3.02],
  epsilon_minus_mu_419 = [-1.90],
  epsilon_minus_mu_420 = [-3.49],
  epsilon_minus_mu_51 = [-2.61],
  epsilon_minus_mu_52 = [-1.72],
  epsilon_minus_mu_53 = [-1.09],
  epsilon_minus_mu_54 = [-1.25],
  epsilon_minus_mu_55 = [-3.16],
  epsilon_minus_mu_56 = [-2.92],
  epsilon_minus_mu_57 = [-1.55],
  epsilon_minus_mu_58 = [-2.65],
  epsilon_minus_mu_59 = [-2.91],
  epsilon_minus_mu_510 = [-3.74],
  epsilon_minus_mu_511 = [-2.60],
  epsilon_minus_mu_512 = [-4.21],
  epsilon_minus_mu_513 = [-1.76],
  epsilon_minus_mu_514 = [-1.95],
  epsilon_minus_mu_515 = [-1.11],
  epsilon_minus_mu_516 = [-2.78],
  epsilon_minus_mu_517 = [-1.52],
  epsilon_minus_mu_518 = [-2.26],
  epsilon_minus_mu_519 = [-2.19],
  epsilon_minus_mu_520 = [-2.39],
  epsilon_minus_mu_61 = [-3.37],
  epsilon_minus_mu_62 = [-3.05],
  epsilon_minus_mu_63 = [-1.99],
  epsilon_minus_mu_64 = [-2.10],
  epsilon_minus_mu_65 = [-1.90],
  epsilon_minus_mu_66 = [-4.87],
  epsilon_minus_mu_67 = [-3.75],
  epsilon_minus_mu_68 = [-2.94],
  epsilon_minus_mu_69 = [-2.62],
  epsilon_minus_mu_610 = [-3.77],
  epsilon_minus_mu_611 = [-4.01],
  epsilon_minus_mu_612 = [-3.69],
  epsilon_minus_mu_613 = [-4.33],
  epsilon_minus_mu_614 = [-2.94],
  epsilon_minus_mu_615 = [-4.06],
  epsilon_minus_mu_616 = [-3.29],
  epsilon_minus_mu_617 = [-1.29],
  epsilon_minus_mu_618 = [-2.94],
  epsilon_minus_mu_619 = [-1.84],
  epsilon_minus_mu_620 = [-3.09],
  epsilon_minus_mu_71 = [-1.75],
  epsilon_minus_mu_72 = [-1.86],
  epsilon_minus_mu_73 = [-2.86],
  epsilon_minus_mu_74 = [-4.01],
  epsilon_minus_mu_75 = [-2.84],
  epsilon_minus_mu_76 = [-2.11],
  epsilon_minus_mu_77 = [-3.03],
  epsilon_minus_mu_78 = [-4.55],
  epsilon_minus_mu_79 = [-2.36],
  epsilon_minus_mu_710 = [-3.00],
  epsilon_minus_mu_711 = [-3.08],
  epsilon_minus_mu_712 = [-2.04],
  epsilon_minus_mu_713 = [-2.93],
  epsilon_minus_mu_714 = [-2.77],
  epsilon_minus_mu_715 = [-1.66],
  epsilon_minus_mu_716 = [-2.41],
  epsilon_minus_mu_717 = [-2.96],
  epsilon_minus_mu_718 = [-1.11],
  epsilon_minus_mu_719 = [-0.86],
  epsilon_minus_mu_720 = [-3.91],
  epsilon_minus_mu_81 = [-1.51],
  epsilon_minus_mu_82 = [-4.15],
  epsilon_minus_mu_83 = [-1.22],
  epsilon_minus_mu_84 = [-3.39],
  epsilon_minus_mu_85 = [-3.69],
  epsilon_minus_mu_86 = [-3.97],
  epsilon_minus_mu_87 = [-2.06],
  epsilon_minus_mu_88 = [-1.89],
  epsilon_minus_mu_89 = [-1.43],
  epsilon_minus_mu_810 = [-3.75],
  epsilon_minus_mu_811 = [-2.21],
  epsilon_minus_mu_812 = [-1.17],
  epsilon_minus_mu_813 = [-2.37],
  epsilon_minus_mu_814 = [-2.31],
  epsilon_minus_mu_815 = [-2.93],
  epsilon_minus_mu_816 = [-4.22],
  epsilon_minus_mu_817 = [-2.67],
  epsilon_minus_mu_818 = [-3.61],
  epsilon_minus_mu_819 = [-4.08],
  epsilon_minus_mu_820 = [-4.01],
  epsilon_minus_mu_91 = [-2.22],
  epsilon_minus_mu_92 = [-3.08],
  epsilon_minus_mu_93 = [-3.53],
  epsilon_minus_mu_94 = [-2.64],
  epsilon_minus_mu_95 = [-3.55],
  epsilon_minus_mu_96 = [-2.84],
  epsilon_minus_mu_97 = [-2.96],
  epsilon_minus_mu_98 = [-2.21],
  epsilon_minus_mu_99 = [-1.60],
  epsilon_minus_mu_910 = [-4.13],
  epsilon_minus_mu_911 = [-1.25],
  epsilon_minus_mu_912 = [-1.36],
  epsilon_minus_mu_913 = [-2.29],
  epsilon_minus_mu_914 = [-3.01],
  epsilon_minus_mu_915 = [-3.01],
  epsilon_minus_mu_916 = [-2.90],
  epsilon_minus_mu_917 = [-2.16],
  epsilon_minus_mu_918 = [-2.49],
  epsilon_minus_mu_919 = [-3.20],
  epsilon_minus_mu_920 = [-2.55],
  epsilon_minus_mu_101 = [-1.39],
  epsilon_minus_mu_102 = [-2.47],
  epsilon_minus_mu_103 = [-2.03],
  epsilon_minus_mu_104 = [-4.11],
  epsilon_minus_mu_105 = [-3.11],
  epsilon_minus_mu_106 = [-1.88],
  epsilon_minus_mu_107 = [-2.60],
  epsilon_minus_mu_108 = [-3.77],
  epsilon_minus_mu_109 = [-3.74],
  epsilon_minus_mu_1010 = [-2.62],
  epsilon_minus_mu_1011 = [-1.94],
  epsilon_minus_mu_1012 = [-3.06],
  epsilon_minus_mu_1013 = [-3.36],
  epsilon_minus_mu_1014 = [-2.80],
  epsilon_minus_mu_1015 = [-1.45],
  epsilon_minus_mu_1016 = [-3.95],
  epsilon_minus_mu_1017 = [-2.74],
  epsilon_minus_mu_1018 = [-1.30],
  epsilon_minus_mu_1019 = [-3.49],
  epsilon_minus_mu_1020 = [-3.92],
  epsilon_minus_mu_111 = [-2.66],
  epsilon_minus_mu_112 = [-3.21],
  epsilon_minus_mu_113 = [-1.46],
  epsilon_minus_mu_114 = [-4.20],
  epsilon_minus_mu_115 = [-1.85],
  epsilon_minus_mu_116 = [-2.41],
  epsilon_minus_mu_117 = [-3.32],
  epsilon_minus_mu_118 = [-3.82],
  epsilon_minus_mu_119 = [-4.30],
  epsilon_minus_mu_1110 = [-0.60],
  epsilon_minus_mu_1111 = [-2.31],
  epsilon_minus_mu_1112 = [-2.31],
  epsilon_minus_mu_1113 = [-3.23],
  epsilon_minus_mu_1114 = [-2.18],
  epsilon_minus_mu_1115 = [-3.25],
  epsilon_minus_mu_1116 = [-2.46],
  epsilon_minus_mu_1117 = [-4.41],
  epsilon_minus_mu_1118 = [-1.37],
  epsilon_minus_mu_1119 = [-2.56],
  epsilon_minus_mu_1120 = [-2.24],
  epsilon_minus_mu_121 = [-3.64],
  epsilon_minus_mu_122 = [-1.50],
  epsilon_minus_mu_123 = [-2.51],
  epsilon_minus_mu_124 = [-3.91],
  epsilon_minus_mu_125 = [-3.24],
  epsilon_minus_mu_126 = [-4.50],
  epsilon_minus_mu_127 = [-3.10],
  epsilon_minus_mu_128 = [-4.23],
  epsilon_minus_mu_129 = [-2.06],
  epsilon_minus_mu_1210 = [-3.93],
  epsilon_minus_mu_1211 = [-3.07],
  epsilon_minus_mu_1212 = [-1.45],
  epsilon_minus_mu_1213 = [-3.71],
  epsilon_minus_mu_1214 = [-2.96],
  epsilon_minus_mu_1215 = [-3.21],
  epsilon_minus_mu_1216 = [-1.77],
  epsilon_minus_mu_1217 = [-2.00],
  epsilon_minus_mu_1218 = [-3.71],
  epsilon_minus_mu_1219 = [-2.53],
  epsilon_minus_mu_1220 = [-3.89],
  epsilon_minus_mu_131 = [-1.60],
  epsilon_minus_mu_132 = [-2.40],
  epsilon_minus_mu_133 = [-2.40],
  epsilon_minus_mu_134 = [-3.17],
  epsilon_minus_mu_135 = [-1.83],
  epsilon_minus_mu_136 = [-3.56],
  epsilon_minus_mu_137 = [-2.48],
  epsilon_minus_mu_138 = [-4.70],
  epsilon_minus_mu_139 = [-3.57],
  epsilon_minus_mu_1310 = [-4.11],
  epsilon_minus_mu_1311 = [-1.83],
  epsilon_minus_mu_1312 = [-3.83],
  epsilon_minus_mu_1313 = [-2.52],
  epsilon_minus_mu_1314 = [-4.25],
  epsilon_minus_mu_1315 = [-2.39],
  epsilon_minus_mu_1316 = [-1.26],
  epsilon_minus_mu_1317 = [-1.35],
  epsilon_minus_mu_1318 = [-2.01],
  epsilon_minus_mu_1319 = [-2.52],
  epsilon_minus_mu_1320 = [-1.84],
  epsilon_minus_mu_141 = [-2.24],
  epsilon_minus_mu_142 = [-2.50],
  epsilon_minus_mu_143 = [-1.28],
  epsilon_minus_mu_144 = [-2.79],
  epsilon_minus_mu_145 = [-2.92],
  epsilon_minus_mu_146 = [-3.20],
  epsilon_minus_mu_147 = [-2.88],
  epsilon_minus_mu_148 = [-1.18],
  epsilon_minus_mu_149 = [-2.83],
  epsilon_minus_mu_1410 = [-2.76],
  epsilon_minus_mu_1411 = [-1.85],
  epsilon_minus_mu_1412 = [-1.80],
  epsilon_minus_mu_1413 = [-3.18],
  epsilon_minus_mu_1414 = [-0.79],
  epsilon_minus_mu_1415 = [-3.07],
  epsilon_minus_mu_1416 = [-4.19],
  epsilon_minus_mu_1417 = [-0.80],
  epsilon_minus_mu_1418 = [-2.76],
  epsilon_minus_mu_1419 = [-4.67],
  epsilon_minus_mu_1420 = [-4.13],
  epsilon_minus_mu_151 = [-2.52],
  epsilon_minus_mu_152 = [-2.89],
  epsilon_minus_mu_153 = [-2.92],
  epsilon_minus_mu_154 = [-2.75],
  epsilon_minus_mu_155 = [-4.14],
  epsilon_minus_mu_156 = [-2.23],
  epsilon_minus_mu_157 = [-3.12],
  epsilon_minus_mu_158 = [-2.47],
  epsilon_minus_mu_159 = [-4.51],
  epsilon_minus_mu_1510 = [-4.97],
  epsilon_minus_mu_1511 = [-2.58],
  epsilon_minus_mu_1512 = [-2.26],
  epsilon_minus_mu_1513 = [-2.13],
  epsilon_minus_mu_1514 = [-2.48],
  epsilon_minus_mu_1515 = [-2.21],
  epsilon_minus_mu_1516 = [-3.33],
  epsilon_minus_mu_1517 = [-2.33],
  epsilon_minus_mu_1518 = [-2.75],
  epsilon_minus_mu_1519 = [-3.00],
  epsilon_minus_mu_1520 = [-2.59],
  epsilon_minus_mu_161 = [-2.38],
  epsilon_minus_mu_162 = [-1.03],
  epsilon_minus_mu_163 = [-4.25],
  epsilon_minus_mu_164 = [-0.51],
  epsilon_minus_mu_165 = [-1.92],
  epsilon_minus_mu_166 = [-3.05],
  epsilon_minus_mu_167 = [-3.52],
  epsilon_minus_mu_168 = [-2.45],
  epsilon_minus_mu_169 = [-3.53],
  epsilon_minus_mu_1610 = [-3.29],
  epsilon_minus_mu_1611 = [-1.98],
  epsilon_minus_mu_1612 = [-2.58],
  epsilon_minus_mu_1613 = [-4.39],
  epsilon_minus_mu_1614 = [-1.36],
  epsilon_minus_mu_1615 = [-3.14],
  epsilon_minus_mu_1616 = [-1.12],
  epsilon_minus_mu_1617 = [-2.53],
  epsilon_minus_mu_1618 = [-1.06],
  epsilon_minus_mu_1619 = [-3.14],
  epsilon_minus_mu_1620 = [-2.25],
  epsilon_minus_mu_171 = [-3.62],
  epsilon_minus_mu_172 = [-1.60],
  epsilon_minus_mu_173 = [-1.45],
  epsilon_minus_mu_174 = [-3.58],
  epsilon_minus_mu_175 = [-2.62],
  epsilon_minus_mu_176 = [-2.46],
  epsilon_minus_mu_177 = [-1.94],
  epsilon_minus_mu_178 = [-2.65],
  epsilon_minus_mu_179 = [-3.31],
  epsilon_minus_mu_1710 = [-4.44],
  epsilon_minus_mu_1711 = [-2.29],
  epsilon_minus_mu_1712 = [-3.31],
  epsilon_minus_mu_1713 = [-3.36],
  epsilon_minus_mu_1714 = [-3.33],
  epsilon_minus_mu_1715 = [-2.57],
  epsilon_minus_mu_1716 = [-2.68],
  epsilon_minus_mu_1717 = [-4.03],
  epsilon_minus_mu_1718 = [-3.21],
  epsilon_minus_mu_1719 = [-4.03],
  epsilon_minus_mu_1720 = [-1.38],
  epsilon_minus_mu_181 = [-2.12],
  epsilon_minus_mu_182 = [-2.99],
  epsilon_minus_mu_183 = [-3.25],
  epsilon_minus_mu_184 = [-1.91],
  epsilon_minus_mu_185 = [-3.92],
  epsilon_minus_mu_186 = [-4.31],
  epsilon_minus_mu_187 = [-3.28],
  epsilon_minus_mu_188 = [-3.65],
  epsilon_minus_mu_189 = [-1.98],
  epsilon_minus_mu_1810 = [-2.16],
  epsilon_minus_mu_1811 = [-2.77],
  epsilon_minus_mu_1812 = [-3.71],
  epsilon_minus_mu_1813 = [-2.35],
  epsilon_minus_mu_1814 = [-3.82],
  epsilon_minus_mu_1815 = [-3.29],
  epsilon_minus_mu_1816 = [-4.07],
  epsilon_minus_mu_1817 = [-1.46],
  epsilon_minus_mu_1818 = [-2.82],
  epsilon_minus_mu_1819 = [-0.94],
  epsilon_minus_mu_1820 = [-2.01],
  epsilon_minus_mu_191 = [-3.15],
  epsilon_minus_mu_192 = [-2.17],
  epsilon_minus_mu_193 = [-2.78],
  epsilon_minus_mu_194 = [-4.92],
  epsilon_minus_mu_195 = [-2.06],
  epsilon_minus_mu_196 = [-3.73],
  epsilon_minus_mu_197 = [-1.62],
  epsilon_minus_mu_198 = [-1.96],
  epsilon_minus_mu_199 = [-3.81],
  epsilon_minus_mu_1910 = [-2.04],
  epsilon_minus_mu_1911 = [-4.67],
  epsilon_minus_mu_1912 = [-1.74],
  epsilon_minus_mu_1913 = [-2.10],
  epsilon_minus_mu_1914 = [-3.09],
  epsilon_minus_mu_1915 = [-2.31],
  epsilon_minus_mu_1916 = [-3.19],
  epsilon_minus_mu_1917 = [-4.22],
  epsilon_minus_mu_1918 = [-4.24],
  epsilon_minus_mu_1919 = [-4.50],
  epsilon_minus_mu_1920 = [-3.24],
  epsilon_minus_mu_201 = [-3.46],
  epsilon_minus_mu_202 = [-2.75],
  epsilon_minus_mu_203 = [-2.45],
  epsilon_minus_mu_204 = [-2.61],
  epsilon_minus_mu_205 = [-2.27],
  epsilon_minus_mu_206 = [-2.58],
  epsilon_minus_mu_207 = [-3.32],
  epsilon_minus_mu_208 = [-2.03],
  epsilon_minus_mu_209 = [-0.92],
  epsilon_minus_mu_2010 = [-1.43],
  epsilon_minus_mu_2011 = [-3.37],
  epsilon_minus_mu_2012 = [-3.19],
  epsilon_minus_mu_2013 = [-1.55],
  epsilon_minus_mu_2014 = [-2.35],
  epsilon_minus_mu_2015 = [-2.62],
  epsilon_minus_mu_2016 = [-2.87],
  epsilon_minus_mu_2017 = [-1.90],
  epsilon_minus_mu_2018 = [-3.13],
  epsilon_minus_mu_2019 = [-2.30],
  epsilon_minus_mu_2020 = [-2.55],
]

Sigma + ¦Ó_{jk} = [
  sigma_plus_tau_11 = [5.01],
  sigma_plus_tau_12 = [6.12],
  sigma_plus_tau_13 = [3.29],
  sigma_plus_tau_14 = [3.91],
  sigma_plus_tau_15 = [2.72],
  sigma_plus_tau_16 = [7.05],
  sigma_plus_tau_17 = [6.76],
  sigma_plus_tau_18 = [5.86],
  sigma_plus_tau_19 = [2.95],
  sigma_plus_tau_110 = [6.41],
  sigma_plus_tau_111 = [3.21],
  sigma_plus_tau_112 = [7.19],
  sigma_plus_tau_113 = [4.96],
  sigma_plus_tau_114 = [2.83],
  sigma_plus_tau_115 = [6.18],
  sigma_plus_tau_116 = [3.90],
  sigma_plus_tau_117 = [2.90],
  sigma_plus_tau_118 = [4.31],
  sigma_plus_tau_119 = [3.57],
  sigma_plus_tau_120 = [5.15],
  sigma_plus_tau_21 = [4.25],
  sigma_plus_tau_22 = [5.14],
  sigma_plus_tau_23 = [2.94],
  sigma_plus_tau_24 = [4.98],
  sigma_plus_tau_25 = [4.40],
  sigma_plus_tau_26 = [4.24],
  sigma_plus_tau_27 = [6.79],
  sigma_plus_tau_28 = [4.73],
  sigma_plus_tau_29 = [3.57],
  sigma_plus_tau_210 = [3.92],
  sigma_plus_tau_211 = [5.92],
  sigma_plus_tau_212 = [4.68],
  sigma_plus_tau_213 = [2.13],
  sigma_plus_tau_214 = [5.34],
  sigma_plus_tau_215 = [6.81],
  sigma_plus_tau_216 = [7.25],
  sigma_plus_tau_217 = [5.00],
  sigma_plus_tau_218 = [3.32],
  sigma_plus_tau_219 = [5.38],
  sigma_plus_tau_220 = [4.18],
  sigma_plus_tau_31 = [2.34],
  sigma_plus_tau_32 = [1.97],
  sigma_plus_tau_33 = [5.73],
  sigma_plus_tau_34 = [5.57],
  sigma_plus_tau_35 = [3.03],
  sigma_plus_tau_36 = [2.61],
  sigma_plus_tau_37 = [2.55],
  sigma_plus_tau_38 = [5.16],
  sigma_plus_tau_39 = [6.09],
  sigma_plus_tau_310 = [5.35],
  sigma_plus_tau_311 = [6.03],
  sigma_plus_tau_312 = [5.68],
  sigma_plus_tau_313 = [6.83],
  sigma_plus_tau_314 = [5.60],
  sigma_plus_tau_315 = [2.29],
  sigma_plus_tau_316 = [4.56],
  sigma_plus_tau_317 = [4.58],
  sigma_plus_tau_318 = [5.48],
  sigma_plus_tau_319 = [3.73],
  sigma_plus_tau_320 = [4.70],
  sigma_plus_tau_41 = [6.80],
  sigma_plus_tau_42 = [3.42],
  sigma_plus_tau_43 = [6.33],
  sigma_plus_tau_44 = [4.89],
  sigma_plus_tau_45 = [3.55],
  sigma_plus_tau_46 = [5.23],
  sigma_plus_tau_47 = [5.38],
  sigma_plus_tau_48 = [3.39],
  sigma_plus_tau_49 = [7.65],
  sigma_plus_tau_410 = [6.87],
  sigma_plus_tau_411 = [5.78],
  sigma_plus_tau_412 = [2.60],
  sigma_plus_tau_413 = [5.15],
  sigma_plus_tau_414 = [6.23],
  sigma_plus_tau_415 = [4.37],
  sigma_plus_tau_416 = [2.66],
  sigma_plus_tau_417 = [6.67],
  sigma_plus_tau_418 = [6.12],
  sigma_plus_tau_419 = [4.46],
  sigma_plus_tau_420 = [5.84],
  sigma_plus_tau_51 = [5.93],
  sigma_plus_tau_52 = [6.09],
  sigma_plus_tau_53 = [4.56],
  sigma_plus_tau_54 = [4.23],
  sigma_plus_tau_55 = [6.57],
  sigma_plus_tau_56 = [6.29],
  sigma_plus_tau_57 = [5.65],
  sigma_plus_tau_58 = [1.99],
  sigma_plus_tau_59 = [2.11],
  sigma_plus_tau_510 = [3.08],
  sigma_plus_tau_511 = [6.84],
  sigma_plus_tau_512 = [5.21],
  sigma_plus_tau_513 = [2.25],
  sigma_plus_tau_514 = [4.08],
  sigma_plus_tau_515 = [4.33],
  sigma_plus_tau_516 = [2.41],
  sigma_plus_tau_517 = [3.00],
  sigma_plus_tau_518 = [7.14],
  sigma_plus_tau_519 = [3.68],
  sigma_plus_tau_520 = [5.81],
  sigma_plus_tau_61 = [6.84],
  sigma_plus_tau_62 = [4.22],
  sigma_plus_tau_63 = [3.07],
  sigma_plus_tau_64 = [3.00],
  sigma_plus_tau_65 = [3.85],
  sigma_plus_tau_66 = [3.92],
  sigma_plus_tau_67 = [5.21],
  sigma_plus_tau_68 = [5.28],
  sigma_plus_tau_69 = [3.75],
  sigma_plus_tau_610 = [2.28],
  sigma_plus_tau_611 = [3.24],
  sigma_plus_tau_612 = [1.95],
  sigma_plus_tau_613 = [2.63],
  sigma_plus_tau_614 = [4.55],
  sigma_plus_tau_615 = [5.21],
  sigma_plus_tau_616 = [2.36],
  sigma_plus_tau_617 = [3.35],
  sigma_plus_tau_618 = [3.43],
  sigma_plus_tau_619 = [4.14],
  sigma_plus_tau_620 = [2.24],
  sigma_plus_tau_71 = [4.61],
  sigma_plus_tau_72 = [3.07],
  sigma_plus_tau_73 = [2.61],
  sigma_plus_tau_74 = [2.16],
  sigma_plus_tau_75 = [2.33],
  sigma_plus_tau_76 = [6.32],
  sigma_plus_tau_77 = [4.34],
  sigma_plus_tau_78 = [5.25],
  sigma_plus_tau_79 = [5.73],
  sigma_plus_tau_710 = [3.57],
  sigma_plus_tau_711 = [6.14],
  sigma_plus_tau_712 = [3.23],
  sigma_plus_tau_713 = [5.52],
  sigma_plus_tau_714 = [3.34],
  sigma_plus_tau_715 = [6.14],
  sigma_plus_tau_716 = [2.77],
  sigma_plus_tau_717 = [2.12],
  sigma_plus_tau_718 = [5.03],
  sigma_plus_tau_719 = [4.94],
  sigma_plus_tau_720 = [3.06],
  sigma_plus_tau_81 = [5.45],
  sigma_plus_tau_82 = [6.89],
  sigma_plus_tau_83 = [5.75],
  sigma_plus_tau_84 = [2.59],
  sigma_plus_tau_85 = [2.87],
  sigma_plus_tau_86 = [3.62],
  sigma_plus_tau_87 = [6.22],
  sigma_plus_tau_88 = [5.29],
  sigma_plus_tau_89 = [4.16],
  sigma_plus_tau_810 = [4.54],
  sigma_plus_tau_811 = [4.89],
  sigma_plus_tau_812 = [3.50],
  sigma_plus_tau_813 = [4.70],
  sigma_plus_tau_814 = [3.29],
  sigma_plus_tau_815 = [4.31],
  sigma_plus_tau_816 = [4.57],
  sigma_plus_tau_817 = [4.47],
  sigma_plus_tau_818 = [3.79],
  sigma_plus_tau_819 = [4.55],
  sigma_plus_tau_820 = [2.23],
  sigma_plus_tau_91 = [2.33],
  sigma_plus_tau_92 = [5.55],
  sigma_plus_tau_93 = [5.89],
  sigma_plus_tau_94 = [3.98],
  sigma_plus_tau_95 = [5.02],
  sigma_plus_tau_96 = [3.31],
  sigma_plus_tau_97 = [4.72],
  sigma_plus_tau_98 = [4.65],
  sigma_plus_tau_99 = [2.20],
  sigma_plus_tau_910 = [5.34],
  sigma_plus_tau_911 = [5.49],
  sigma_plus_tau_912 = [6.30],
  sigma_plus_tau_913 = [6.08],
  sigma_plus_tau_914 = [5.96],
  sigma_plus_tau_915 = [5.18],
  sigma_plus_tau_916 = [3.17],
  sigma_plus_tau_917 = [1.74],
  sigma_plus_tau_918 = [5.52],
  sigma_plus_tau_919 = [6.95],
  sigma_plus_tau_920 = [6.35],
  sigma_plus_tau_101 = [3.21],
  sigma_plus_tau_102 = [2.71],
  sigma_plus_tau_103 = [2.92],
  sigma_plus_tau_104 = [2.30],
  sigma_plus_tau_105 = [1.98],
  sigma_plus_tau_106 = [5.92],
  sigma_plus_tau_107 = [3.92],
  sigma_plus_tau_108 = [5.58],
  sigma_plus_tau_109 = [5.99],
  sigma_plus_tau_1010 = [6.82],
  sigma_plus_tau_1011 = [5.04],
  sigma_plus_tau_1012 = [5.36],
  sigma_plus_tau_1013 = [3.04],
  sigma_plus_tau_1014 = [3.83],
  sigma_plus_tau_1015 = [4.33],
  sigma_plus_tau_1016 = [5.99],
  sigma_plus_tau_1017 = [4.13],
  sigma_plus_tau_1018 = [5.43],
  sigma_plus_tau_1019 = [5.74],
  sigma_plus_tau_1020 = [3.80],
  sigma_plus_tau_111 = [3.49],
  sigma_plus_tau_112 = [3.35],
  sigma_plus_tau_113 = [2.74],
  sigma_plus_tau_114 = [5.45],
  sigma_plus_tau_115 = [3.88],
  sigma_plus_tau_116 = [4.29],
  sigma_plus_tau_117 = [1.72],
  sigma_plus_tau_118 = [6.94],
  sigma_plus_tau_119 = [7.40],
  sigma_plus_tau_1110 = [4.87],
  sigma_plus_tau_1111 = [3.55],
  sigma_plus_tau_1112 = [3.28],
  sigma_plus_tau_1113 = [3.30],
  sigma_plus_tau_1114 = [3.01],
  sigma_plus_tau_1115 = [2.74],
  sigma_plus_tau_1116 = [3.42],
  sigma_plus_tau_1117 = [6.45],
  sigma_plus_tau_1118 = [2.46],
  sigma_plus_tau_1119 = [3.44],
  sigma_plus_tau_1120 = [6.25],
  sigma_plus_tau_121 = [2.49],
  sigma_plus_tau_122 = [4.66],
  sigma_plus_tau_123 = [6.65],
  sigma_plus_tau_124 = [5.65],
  sigma_plus_tau_125 = [7.14],
  sigma_plus_tau_126 = [4.08],
  sigma_plus_tau_127 = [3.02],
  sigma_plus_tau_128 = [3.22],
  sigma_plus_tau_129 = [3.37],
  sigma_plus_tau_1210 = [5.57],
  sigma_plus_tau_1211 = [3.25],
  sigma_plus_tau_1212 = [2.40],
  sigma_plus_tau_1213 = [2.42],
  sigma_plus_tau_1214 = [2.04],
  sigma_plus_tau_1215 = [5.37],
  sigma_plus_tau_1216 = [3.32],
  sigma_plus_tau_1217 = [7.44],
  sigma_plus_tau_1218 = [3.88],
  sigma_plus_tau_1219 = [5.05],
  sigma_plus_tau_1220 = [2.44],
  sigma_plus_tau_131 = [5.34],
  sigma_plus_tau_132 = [6.41],
  sigma_plus_tau_133 = [1.91],
  sigma_plus_tau_134 = [4.74],
  sigma_plus_tau_135 = [3.86],
  sigma_plus_tau_136 = [6.39],
  sigma_plus_tau_137 = [5.18],
  sigma_plus_tau_138 = [6.26],
  sigma_plus_tau_139 = [3.19],
  sigma_plus_tau_1310 = [5.84],
  sigma_plus_tau_1311 = [3.31],
  sigma_plus_tau_1312 = [6.77],
  sigma_plus_tau_1313 = [3.87],
  sigma_plus_tau_1314 = [2.26],
  sigma_plus_tau_1315 = [5.27],
  sigma_plus_tau_1316 = [3.09],
  sigma_plus_tau_1317 = [3.03],
  sigma_plus_tau_1318 = [4.48],
  sigma_plus_tau_1319 = [6.46],
  sigma_plus_tau_1320 = [5.95],
  sigma_plus_tau_141 = [3.73],
  sigma_plus_tau_142 = [6.85],
  sigma_plus_tau_143 = [5.03],
  sigma_plus_tau_144 = [3.59],
  sigma_plus_tau_145 = [2.34],
  sigma_plus_tau_146 = [3.12],
  sigma_plus_tau_147 = [5.77],
  sigma_plus_tau_148 = [6.08],
  sigma_plus_tau_149 = [2.84],
  sigma_plus_tau_1410 = [3.42],
  sigma_plus_tau_1411 = [5.22],
  sigma_plus_tau_1412 = [3.35],
  sigma_plus_tau_1413 = [5.85],
  sigma_plus_tau_1414 = [4.63],
  sigma_plus_tau_1415 = [3.91],
  sigma_plus_tau_1416 = [4.70],
  sigma_plus_tau_1417 = [5.59],
  sigma_plus_tau_1418 = [6.07],
  sigma_plus_tau_1419 = [5.28],
  sigma_plus_tau_1420 = [4.63],
  sigma_plus_tau_151 = [6.23],
  sigma_plus_tau_152 = [2.72],
  sigma_plus_tau_153 = [5.23],
  sigma_plus_tau_154 = [3.37],
  sigma_plus_tau_155 = [6.59],
  sigma_plus_tau_156 = [2.66],
  sigma_plus_tau_157 = [1.49],
  sigma_plus_tau_158 = [5.82],
  sigma_plus_tau_159 = [4.58],
  sigma_plus_tau_1510 = [6.33],
  sigma_plus_tau_1511 = [4.10],
  sigma_plus_tau_1512 = [3.56],
  sigma_plus_tau_1513 = [2.67],
  sigma_plus_tau_1514 = [3.82],
  sigma_plus_tau_1515 = [6.22],
  sigma_plus_tau_1516 = [2.81],
  sigma_plus_tau_1517 = [6.01],
  sigma_plus_tau_1518 = [3.68],
  sigma_plus_tau_1519 = [4.51],
  sigma_plus_tau_1520 = [3.66],
  sigma_plus_tau_161 = [5.57],
  sigma_plus_tau_162 = [5.56],
  sigma_plus_tau_163 = [2.44],
  sigma_plus_tau_164 = [5.92],
  sigma_plus_tau_165 = [6.99],
  sigma_plus_tau_166 = [7.07],
  sigma_plus_tau_167 = [4.45],
  sigma_plus_tau_168 = [4.33],
  sigma_plus_tau_169 = [3.05],
  sigma_plus_tau_1610 = [5.83],
  sigma_plus_tau_1611 = [6.08],
  sigma_plus_tau_1612 = [6.91],
  sigma_plus_tau_1613 = [4.23],
  sigma_plus_tau_1614 = [2.35],
  sigma_plus_tau_1615 = [4.74],
  sigma_plus_tau_1616 = [4.62],
  sigma_plus_tau_1617 = [3.16],
  sigma_plus_tau_1618 = [4.39],
  sigma_plus_tau_1619 = [2.34],
  sigma_plus_tau_1620 = [2.24],
  sigma_plus_tau_171 = [2.97],
  sigma_plus_tau_172 = [3.90],
  sigma_plus_tau_173 = [4.90],
  sigma_plus_tau_174 = [5.57],
  sigma_plus_tau_175 = [4.46],
  sigma_plus_tau_176 = [5.91],
  sigma_plus_tau_177 = [7.34],
  sigma_plus_tau_178 = [5.48],
  sigma_plus_tau_179 = [6.56],
  sigma_plus_tau_1710 = [5.93],
  sigma_plus_tau_1711 = [3.81],
  sigma_plus_tau_1712 = [3.91],
  sigma_plus_tau_1713 = [2.66],
  sigma_plus_tau_1714 = [6.05],
  sigma_plus_tau_1715 = [4.27],
  sigma_plus_tau_1716 = [3.75],
  sigma_plus_tau_1717 = [4.93],
  sigma_plus_tau_1718 = [3.96],
  sigma_plus_tau_1719 = [5.01],
  sigma_plus_tau_1720 = [6.60],
  sigma_plus_tau_181 = [2.38],
  sigma_plus_tau_182 = [4.54],
  sigma_plus_tau_183 = [7.17],
  sigma_plus_tau_184 = [6.59],
  sigma_plus_tau_185 = [6.86],
  sigma_plus_tau_186 = [4.15],
  sigma_plus_tau_187 = [6.56],
  sigma_plus_tau_188 = [7.42],
  sigma_plus_tau_189 = [3.50],
  sigma_plus_tau_1810 = [3.60],
  sigma_plus_tau_1811 = [3.15],
  sigma_plus_tau_1812 = [3.98],
  sigma_plus_tau_1813 = [5.76],
  sigma_plus_tau_1814 = [5.47],
  sigma_plus_tau_1815 = [2.94],
  sigma_plus_tau_1816 = [6.49],
  sigma_plus_tau_1817 = [3.27],
  sigma_plus_tau_1818 = [5.70],
  sigma_plus_tau_1819 = [5.48],
  sigma_plus_tau_1820 = [6.05],
  sigma_plus_tau_191 = [4.31],
  sigma_plus_tau_192 = [5.71],
  sigma_plus_tau_193 = [5.54],
  sigma_plus_tau_194 = [7.36],
  sigma_plus_tau_195 = [3.33],
  sigma_plus_tau_196 = [3.13],
  sigma_plus_tau_197 = [2.01],
  sigma_plus_tau_198 = [3.28],
  sigma_plus_tau_199 = [4.81],
  sigma_plus_tau_1910 = [5.41],
  sigma_plus_tau_1911 = [5.70],
  sigma_plus_tau_1912 = [6.24],
  sigma_plus_tau_1913 = [4.43],
  sigma_plus_tau_1914 = [6.47],
  sigma_plus_tau_1915 = [4.56],
  sigma_plus_tau_1916 = [2.82],
  sigma_plus_tau_1917 = [3.55],
  sigma_plus_tau_1918 = [4.01],
  sigma_plus_tau_1919 = [4.20],
  sigma_plus_tau_1920 = [3.94],
  sigma_plus_tau_201 = [6.88],
  sigma_plus_tau_202 = [6.22],
  sigma_plus_tau_203 = [3.85],
  sigma_plus_tau_204 = [4.97],
  sigma_plus_tau_205 = [6.63],
  sigma_plus_tau_206 = [2.62],
  sigma_plus_tau_207 = [4.42],
  sigma_plus_tau_208 = [3.14],
  sigma_plus_tau_209 = [7.15],
  sigma_plus_tau_2010 = [2.84],
  sigma_plus_tau_2011 = [1.72],
  sigma_plus_tau_2012 = [5.79],
  sigma_plus_tau_2013 = [4.90],
  sigma_plus_tau_2014 = [5.76],
  sigma_plus_tau_2015 = [4.79],
  sigma_plus_tau_2016 = [2.96],
  sigma_plus_tau_2017 = [4.02],
  sigma_plus_tau_2018 = [5.49],
  sigma_plus_tau_2019 = [5.34],
  sigma_plus_tau_2020 = [3.84],
]

Sigma - ¦Ó_{jk} = [
  sigma_minus_tau_11 = [-1.67],
  sigma_minus_tau_12 = [-2.04],
  sigma_minus_tau_13 = [-1.10],
  sigma_minus_tau_14 = [-1.30],
  sigma_minus_tau_15 = [-0.91],
  sigma_minus_tau_16 = [-2.35],
  sigma_minus_tau_17 = [-2.25],
  sigma_minus_tau_18 = [-1.95],
  sigma_minus_tau_19 = [-0.98],
  sigma_minus_tau_110 = [-2.14],
  sigma_minus_tau_111 = [-1.07],
  sigma_minus_tau_112 = [-2.40],
  sigma_minus_tau_113 = [-1.65],
  sigma_minus_tau_114 = [-0.94],
  sigma_minus_tau_115 = [-2.06],
  sigma_minus_tau_116 = [-1.30],
  sigma_minus_tau_117 = [-0.97],
  sigma_minus_tau_118 = [-1.44],
  sigma_minus_tau_119 = [-1.19],
  sigma_minus_tau_120 = [-1.72],
  sigma_minus_tau_21 = [-1.42],
  sigma_minus_tau_22 = [-1.71],
  sigma_minus_tau_23 = [-0.98],
  sigma_minus_tau_24 = [-1.66],
  sigma_minus_tau_25 = [-1.47],
  sigma_minus_tau_26 = [-1.41],
  sigma_minus_tau_27 = [-2.26],
  sigma_minus_tau_28 = [-1.58],
  sigma_minus_tau_29 = [-1.19],
  sigma_minus_tau_210 = [-1.31],
  sigma_minus_tau_211 = [-1.97],
  sigma_minus_tau_212 = [-1.56],
  sigma_minus_tau_213 = [-0.71],
  sigma_minus_tau_214 = [-1.78],
  sigma_minus_tau_215 = [-2.27],
  sigma_minus_tau_216 = [-2.42],
  sigma_minus_tau_217 = [-1.67],
  sigma_minus_tau_218 = [-1.11],
  sigma_minus_tau_219 = [-1.79],
  sigma_minus_tau_220 = [-1.39],
  sigma_minus_tau_31 = [-0.78],
  sigma_minus_tau_32 = [-0.66],
  sigma_minus_tau_33 = [-1.91],
  sigma_minus_tau_34 = [-1.86],
  sigma_minus_tau_35 = [-1.01],
  sigma_minus_tau_36 = [-0.87],
  sigma_minus_tau_37 = [-0.85],
  sigma_minus_tau_38 = [-1.72],
  sigma_minus_tau_39 = [-2.03],
  sigma_minus_tau_310 = [-1.78],
  sigma_minus_tau_311 = [-2.01],
  sigma_minus_tau_312 = [-1.89],
  sigma_minus_tau_313 = [-2.28],
  sigma_minus_tau_314 = [-1.87],
  sigma_minus_tau_315 = [-0.76],
  sigma_minus_tau_316 = [-1.52],
  sigma_minus_tau_317 = [-1.53],
  sigma_minus_tau_318 = [-1.83],
  sigma_minus_tau_319 = [-1.24],
  sigma_minus_tau_320 = [-1.57],
  sigma_minus_tau_41 = [-2.27],
  sigma_minus_tau_42 = [-1.14],
  sigma_minus_tau_43 = [-2.11],
  sigma_minus_tau_44 = [-1.63],
  sigma_minus_tau_45 = [-1.18],
  sigma_minus_tau_46 = [-1.74],
  sigma_minus_tau_47 = [-1.79],
  sigma_minus_tau_48 = [-1.13],
  sigma_minus_tau_49 = [-2.55],
  sigma_minus_tau_410 = [-2.29],
  sigma_minus_tau_411 = [-1.93],
  sigma_minus_tau_412 = [-0.87],
  sigma_minus_tau_413 = [-1.72],
  sigma_minus_tau_414 = [-2.08],
  sigma_minus_tau_415 = [-1.46],
  sigma_minus_tau_416 = [-0.89],
  sigma_minus_tau_417 = [-2.22],
  sigma_minus_tau_418 = [-2.04],
  sigma_minus_tau_419 = [-1.49],
  sigma_minus_tau_420 = [-1.95],
  sigma_minus_tau_51 = [-1.98],
  sigma_minus_tau_52 = [-2.03],
  sigma_minus_tau_53 = [-1.52],
  sigma_minus_tau_54 = [-1.41],
  sigma_minus_tau_55 = [-2.19],
  sigma_minus_tau_56 = [-2.10],
  sigma_minus_tau_57 = [-1.88],
  sigma_minus_tau_58 = [-0.66],
  sigma_minus_tau_59 = [-0.70],
  sigma_minus_tau_510 = [-1.03],
  sigma_minus_tau_511 = [-2.28],
  sigma_minus_tau_512 = [-1.74],
  sigma_minus_tau_513 = [-0.75],
  sigma_minus_tau_514 = [-1.36],
  sigma_minus_tau_515 = [-1.44],
  sigma_minus_tau_516 = [-0.80],
  sigma_minus_tau_517 = [-1.00],
  sigma_minus_tau_518 = [-2.38],
  sigma_minus_tau_519 = [-1.23],
  sigma_minus_tau_520 = [-1.94],
  sigma_minus_tau_61 = [-2.28],
  sigma_minus_tau_62 = [-1.41],
  sigma_minus_tau_63 = [-1.02],
  sigma_minus_tau_64 = [-1.00],
  sigma_minus_tau_65 = [-1.28],
  sigma_minus_tau_66 = [-1.31],
  sigma_minus_tau_67 = [-1.74],
  sigma_minus_tau_68 = [-1.76],
  sigma_minus_tau_69 = [-1.25],
  sigma_minus_tau_610 = [-0.76],
  sigma_minus_tau_611 = [-1.08],
  sigma_minus_tau_612 = [-0.65],
  sigma_minus_tau_613 = [-0.88],
  sigma_minus_tau_614 = [-1.52],
  sigma_minus_tau_615 = [-1.74],
  sigma_minus_tau_616 = [-0.79],
  sigma_minus_tau_617 = [-1.12],
  sigma_minus_tau_618 = [-1.14],
  sigma_minus_tau_619 = [-1.38],
  sigma_minus_tau_620 = [-0.75],
  sigma_minus_tau_71 = [-1.54],
  sigma_minus_tau_72 = [-1.02],
  sigma_minus_tau_73 = [-0.87],
  sigma_minus_tau_74 = [-0.72],
  sigma_minus_tau_75 = [-0.78],
  sigma_minus_tau_76 = [-2.11],
  sigma_minus_tau_77 = [-1.45],
  sigma_minus_tau_78 = [-1.75],
  sigma_minus_tau_79 = [-1.91],
  sigma_minus_tau_710 = [-1.19],
  sigma_minus_tau_711 = [-2.05],
  sigma_minus_tau_712 = [-1.08],
  sigma_minus_tau_713 = [-1.84],
  sigma_minus_tau_714 = [-1.11],
  sigma_minus_tau_715 = [-2.05],
  sigma_minus_tau_716 = [-0.92],
  sigma_minus_tau_717 = [-0.71],
  sigma_minus_tau_718 = [-1.68],
  sigma_minus_tau_719 = [-1.65],
  sigma_minus_tau_720 = [-1.02],
  sigma_minus_tau_81 = [-1.82],
  sigma_minus_tau_82 = [-2.30],
  sigma_minus_tau_83 = [-1.92],
  sigma_minus_tau_84 = [-0.86],
  sigma_minus_tau_85 = [-0.96],
  sigma_minus_tau_86 = [-1.21],
  sigma_minus_tau_87 = [-2.07],
  sigma_minus_tau_88 = [-1.76],
  sigma_minus_tau_89 = [-1.39],
  sigma_minus_tau_810 = [-1.51],
  sigma_minus_tau_811 = [-1.63],
  sigma_minus_tau_812 = [-1.17],
  sigma_minus_tau_813 = [-1.57],
  sigma_minus_tau_814 = [-1.10],
  sigma_minus_tau_815 = [-1.44],
  sigma_minus_tau_816 = [-1.52],
  sigma_minus_tau_817 = [-1.49],
  sigma_minus_tau_818 = [-1.26],
  sigma_minus_tau_819 = [-1.52],
  sigma_minus_tau_820 = [-0.74],
  sigma_minus_tau_91 = [-0.78],
  sigma_minus_tau_92 = [-1.85],
  sigma_minus_tau_93 = [-1.96],
  sigma_minus_tau_94 = [-1.33],
  sigma_minus_tau_95 = [-1.67],
  sigma_minus_tau_96 = [-1.10],
  sigma_minus_tau_97 = [-1.57],
  sigma_minus_tau_98 = [-1.55],
  sigma_minus_tau_99 = [-0.73],
  sigma_minus_tau_910 = [-1.78],
  sigma_minus_tau_911 = [-1.83],
  sigma_minus_tau_912 = [-2.10],
  sigma_minus_tau_913 = [-2.03],
  sigma_minus_tau_914 = [-1.99],
  sigma_minus_tau_915 = [-1.73],
  sigma_minus_tau_916 = [-1.06],
  sigma_minus_tau_917 = [-0.58],
  sigma_minus_tau_918 = [-1.84],
  sigma_minus_tau_919 = [-2.32],
  sigma_minus_tau_920 = [-2.12],
  sigma_minus_tau_101 = [-1.07],
  sigma_minus_tau_102 = [-0.90],
  sigma_minus_tau_103 = [-0.97],
  sigma_minus_tau_104 = [-0.77],
  sigma_minus_tau_105 = [-0.66],
  sigma_minus_tau_106 = [-1.97],
  sigma_minus_tau_107 = [-1.31],
  sigma_minus_tau_108 = [-1.86],
  sigma_minus_tau_109 = [-2.00],
  sigma_minus_tau_1010 = [-2.27],
  sigma_minus_tau_1011 = [-1.68],
  sigma_minus_tau_1012 = [-1.79],
  sigma_minus_tau_1013 = [-1.01],
  sigma_minus_tau_1014 = [-1.28],
  sigma_minus_tau_1015 = [-1.44],
  sigma_minus_tau_1016 = [-2.00],
  sigma_minus_tau_1017 = [-1.38],
  sigma_minus_tau_1018 = [-1.81],
  sigma_minus_tau_1019 = [-1.91],
  sigma_minus_tau_1020 = [-1.27],
  sigma_minus_tau_111 = [-1.16],
  sigma_minus_tau_112 = [-1.12],
  sigma_minus_tau_113 = [-0.91],
  sigma_minus_tau_114 = [-1.82],
  sigma_minus_tau_115 = [-1.29],
  sigma_minus_tau_116 = [-1.43],
  sigma_minus_tau_117 = [-0.57],
  sigma_minus_tau_118 = [-2.31],
  sigma_minus_tau_119 = [-2.47],
  sigma_minus_tau_1110 = [-1.62],
  sigma_minus_tau_1111 = [-1.18],
  sigma_minus_tau_1112 = [-1.09],
  sigma_minus_tau_1113 = [-1.10],
  sigma_minus_tau_1114 = [-1.00],
  sigma_minus_tau_1115 = [-0.91],
  sigma_minus_tau_1116 = [-1.14],
  sigma_minus_tau_1117 = [-2.15],
  sigma_minus_tau_1118 = [-0.82],
  sigma_minus_tau_1119 = [-1.15],
  sigma_minus_tau_1120 = [-2.08],
  sigma_minus_tau_121 = [-0.83],
  sigma_minus_tau_122 = [-1.55],
  sigma_minus_tau_123 = [-2.22],
  sigma_minus_tau_124 = [-1.88],
  sigma_minus_tau_125 = [-2.38],
  sigma_minus_tau_126 = [-1.36],
  sigma_minus_tau_127 = [-1.01],
  sigma_minus_tau_128 = [-1.07],
  sigma_minus_tau_129 = [-1.12],
  sigma_minus_tau_1210 = [-1.86],
  sigma_minus_tau_1211 = [-1.08],
  sigma_minus_tau_1212 = [-0.80],
  sigma_minus_tau_1213 = [-0.81],
  sigma_minus_tau_1214 = [-0.68],
  sigma_minus_tau_1215 = [-1.79],
  sigma_minus_tau_1216 = [-1.11],
  sigma_minus_tau_1217 = [-2.48],
  sigma_minus_tau_1218 = [-1.29],
  sigma_minus_tau_1219 = [-1.68],
  sigma_minus_tau_1220 = [-0.81],
  sigma_minus_tau_131 = [-1.78],
  sigma_minus_tau_132 = [-2.14],
  sigma_minus_tau_133 = [-0.64],
  sigma_minus_tau_134 = [-1.58],
  sigma_minus_tau_135 = [-1.29],
  sigma_minus_tau_136 = [-2.13],
  sigma_minus_tau_137 = [-1.73],
  sigma_minus_tau_138 = [-2.09],
  sigma_minus_tau_139 = [-1.06],
  sigma_minus_tau_1310 = [-1.95],
  sigma_minus_tau_1311 = [-1.10],
  sigma_minus_tau_1312 = [-2.26],
  sigma_minus_tau_1313 = [-1.29],
  sigma_minus_tau_1314 = [-0.75],
  sigma_minus_tau_1315 = [-1.76],
  sigma_minus_tau_1316 = [-1.03],
  sigma_minus_tau_1317 = [-1.01],
  sigma_minus_tau_1318 = [-1.49],
  sigma_minus_tau_1319 = [-2.15],
  sigma_minus_tau_1320 = [-1.98],
  sigma_minus_tau_141 = [-1.24],
  sigma_minus_tau_142 = [-2.28],
  sigma_minus_tau_143 = [-1.68],
  sigma_minus_tau_144 = [-1.20],
  sigma_minus_tau_145 = [-0.78],
  sigma_minus_tau_146 = [-1.04],
  sigma_minus_tau_147 = [-1.92],
  sigma_minus_tau_148 = [-2.03],
  sigma_minus_tau_149 = [-0.95],
  sigma_minus_tau_1410 = [-1.14],
  sigma_minus_tau_1411 = [-1.74],
  sigma_minus_tau_1412 = [-1.12],
  sigma_minus_tau_1413 = [-1.95],
  sigma_minus_tau_1414 = [-1.54],
  sigma_minus_tau_1415 = [-1.30],
  sigma_minus_tau_1416 = [-1.57],
  sigma_minus_tau_1417 = [-1.86],
  sigma_minus_tau_1418 = [-2.02],
  sigma_minus_tau_1419 = [-1.76],
  sigma_minus_tau_1420 = [-1.54],
  sigma_minus_tau_151 = [-2.08],
  sigma_minus_tau_152 = [-0.91],
  sigma_minus_tau_153 = [-1.74],
  sigma_minus_tau_154 = [-1.12],
  sigma_minus_tau_155 = [-2.20],
  sigma_minus_tau_156 = [-0.89],
  sigma_minus_tau_157 = [-0.50],
  sigma_minus_tau_158 = [-1.94],
  sigma_minus_tau_159 = [-1.53],
  sigma_minus_tau_1510 = [-2.11],
  sigma_minus_tau_1511 = [-1.37],
  sigma_minus_tau_1512 = [-1.19],
  sigma_minus_tau_1513 = [-0.89],
  sigma_minus_tau_1514 = [-1.27],
  sigma_minus_tau_1515 = [-2.07],
  sigma_minus_tau_1516 = [-0.94],
  sigma_minus_tau_1517 = [-2.00],
  sigma_minus_tau_1518 = [-1.23],
  sigma_minus_tau_1519 = [-1.50],
  sigma_minus_tau_1520 = [-1.22],
  sigma_minus_tau_161 = [-1.86],
  sigma_minus_tau_162 = [-1.85],
  sigma_minus_tau_163 = [-0.81],
  sigma_minus_tau_164 = [-1.97],
  sigma_minus_tau_165 = [-2.33],
  sigma_minus_tau_166 = [-2.36],
  sigma_minus_tau_167 = [-1.48],
  sigma_minus_tau_168 = [-1.44],
  sigma_minus_tau_169 = [-1.02],
  sigma_minus_tau_1610 = [-1.94],
  sigma_minus_tau_1611 = [-2.03],
  sigma_minus_tau_1612 = [-2.30],
  sigma_minus_tau_1613 = [-1.41],
  sigma_minus_tau_1614 = [-0.78],
  sigma_minus_tau_1615 = [-1.58],
  sigma_minus_tau_1616 = [-1.54],
  sigma_minus_tau_1617 = [-1.05],
  sigma_minus_tau_1618 = [-1.46],
  sigma_minus_tau_1619 = [-0.78],
  sigma_minus_tau_1620 = [-0.75],
  sigma_minus_tau_171 = [-0.99],
  sigma_minus_tau_172 = [-1.30],
  sigma_minus_tau_173 = [-1.63],
  sigma_minus_tau_174 = [-1.86],
  sigma_minus_tau_175 = [-1.49],
  sigma_minus_tau_176 = [-1.97],
  sigma_minus_tau_177 = [-2.45],
  sigma_minus_tau_178 = [-1.83],
  sigma_minus_tau_179 = [-2.19],
  sigma_minus_tau_1710 = [-1.98],
  sigma_minus_tau_1711 = [-1.27],
  sigma_minus_tau_1712 = [-1.30],
  sigma_minus_tau_1713 = [-0.89],
  sigma_minus_tau_1714 = [-2.02],
  sigma_minus_tau_1715 = [-1.42],
  sigma_minus_tau_1716 = [-1.25],
  sigma_minus_tau_1717 = [-1.64],
  sigma_minus_tau_1718 = [-1.32],
  sigma_minus_tau_1719 = [-1.67],
  sigma_minus_tau_1720 = [-2.20],
  sigma_minus_tau_181 = [-0.79],
  sigma_minus_tau_182 = [-1.51],
  sigma_minus_tau_183 = [-2.39],
  sigma_minus_tau_184 = [-2.20],
  sigma_minus_tau_185 = [-2.29],
  sigma_minus_tau_186 = [-1.38],
  sigma_minus_tau_187 = [-2.19],
  sigma_minus_tau_188 = [-2.47],
  sigma_minus_tau_189 = [-1.17],
  sigma_minus_tau_1810 = [-1.20],
  sigma_minus_tau_1811 = [-1.05],
  sigma_minus_tau_1812 = [-1.33],
  sigma_minus_tau_1813 = [-1.92],
  sigma_minus_tau_1814 = [-1.82],
  sigma_minus_tau_1815 = [-0.98],
  sigma_minus_tau_1816 = [-2.16],
  sigma_minus_tau_1817 = [-1.09],
  sigma_minus_tau_1818 = [-1.90],
  sigma_minus_tau_1819 = [-1.83],
  sigma_minus_tau_1820 = [-2.02],
  sigma_minus_tau_191 = [-1.44],
  sigma_minus_tau_192 = [-1.90],
  sigma_minus_tau_193 = [-1.85],
  sigma_minus_tau_194 = [-2.45],
  sigma_minus_tau_195 = [-1.11],
  sigma_minus_tau_196 = [-1.04],
  sigma_minus_tau_197 = [-0.67],
  sigma_minus_tau_198 = [-1.09],
  sigma_minus_tau_199 = [-1.60],
  sigma_minus_tau_1910 = [-1.80],
  sigma_minus_tau_1911 = [-1.90],
  sigma_minus_tau_1912 = [-2.08],
  sigma_minus_tau_1913 = [-1.48],
  sigma_minus_tau_1914 = [-2.16],
  sigma_minus_tau_1915 = [-1.52],
  sigma_minus_tau_1916 = [-0.94],
  sigma_minus_tau_1917 = [-1.18],
  sigma_minus_tau_1918 = [-1.34],
  sigma_minus_tau_1919 = [-1.40],
  sigma_minus_tau_1920 = [-1.31],
  sigma_minus_tau_201 = [-2.29],
  sigma_minus_tau_202 = [-2.07],
  sigma_minus_tau_203 = [-1.28],
  sigma_minus_tau_204 = [-1.66],
  sigma_minus_tau_205 = [-2.21],
  sigma_minus_tau_206 = [-0.87],
  sigma_minus_tau_207 = [-1.47],
  sigma_minus_tau_208 = [-1.05],
  sigma_minus_tau_209 = [-2.38],
  sigma_minus_tau_2010 = [-0.95],
  sigma_minus_tau_2011 = [-0.57],
  sigma_minus_tau_2012 = [-1.93],
  sigma_minus_tau_2013 = [-1.63],
  sigma_minus_tau_2014 = [-1.92],
  sigma_minus_tau_2015 = [-1.60],
  sigma_minus_tau_2016 = [-0.99],
  sigma_minus_tau_2017 = [-1.34],
  sigma_minus_tau_2018 = [-1.83],
  sigma_minus_tau_2019 = [-1.78],
  sigma_minus_tau_2020 = [-1.28],
]

Probabilities (p_s) = [
0.10, 0.10, 0.10, 0.10, 0.10, 0.10, 0.10, 0.10, 0.10, 0.10
]

c_bar = 5.52
