Jobs = 40
Machines = 10
Scenarios = 10

Ready Times (rj) = [
0.00, 0.00, 0.00, 0.00, 0.00, 0.00, 0.00, 0.00, 0.00, 0.00, 0.00, 0.00, 0.00, 0.00, 0.00, 0.00, 0.00, 0.00, 0.00, 0.00, 0.00, 0.00, 0.00, 0.00, 0.00, 0.00, 0.00, 0.00, 0.00, 0.00, 0.00, 0.00, 0.00, 0.00, 0.00, 0.00, 0.00, 0.00, 0.00, 0.00
]

Transportation Times (tjk^s) = [
  tjk_11 = [2.17, 2.62, 1.96, 1.25, 1.81, 1.57, 1.97, 1.26, 2.40, 2.59],
  tjk_12 = [0.96, 0.91, 1.06, 0.98, 1.04, 0.87, 1.21, 0.89, 1.17, 1.00],
  tjk_13 = [3.38, 4.01, 1.92, 2.54, 2.24, 1.83, 1.10, 2.21, 2.17, 3.00],
  tjk_14 = [1.05, 1.66, 0.95, 1.02, 1.11, 1.07, 1.08, 2.88, 2.02, 4.76],
  tjk_15 = [0.98, 4.94, 1.07, 1.05, 1.40, 1.00, 1.29, 0.99, 1.05, 1.18],
  tjk_16 = [3.62, 4.43, 4.38, 3.42, 3.81, 4.12, 3.74, 4.27, 3.61, 3.79],
  tjk_17 = [4.36, 5.55, 4.44, 4.24, 4.82, 4.23, 4.36, 5.11, 5.41, 3.93],
  tjk_18 = [3.15, 2.15, 1.78, 2.02, 1.74, 2.00, 2.03, 1.79, 3.17, 2.12],
  tjk_19 = [2.16, 1.86, 1.55, 2.06, 1.80, 2.03, 2.44, 1.70, 4.01, 2.04],
  tjk_110 = [4.33, 4.15, 3.96, 4.74, 3.04, 3.11, 3.49, 3.79, 4.59, 4.23],
  tjk_21 = [1.86, 1.98, 2.33, 2.19, 2.97, 4.32, 2.14, 1.61, 2.51, 2.86],
  tjk_22 = [2.70, 5.09, 4.94, 5.16, 3.54, 4.93, 3.30, 4.14, 5.55, 4.68],
  tjk_23 = [2.85, 3.15, 3.76, 3.14, 3.30, 3.50, 2.81, 3.14, 2.81, 2.72],
  tjk_24 = [1.08, 2.39, 4.12, 3.04, 5.07, 5.43, 4.18, 5.71, 4.77, 5.18],
  tjk_25 = [1.74, 1.66, 4.10, 3.18, 3.57, 3.89, 4.18, 3.26, 4.60, 3.79],
  tjk_26 = [4.73, 5.06, 4.97, 3.66, 4.46, 5.55, 4.27, 2.09, 4.71, 4.56],
  tjk_27 = [2.99, 1.87, 2.89, 2.65, 2.83, 2.85, 2.74, 2.87, 2.88, 1.82],
  tjk_28 = [1.52, 2.28, 2.43, 2.21, 1.78, 1.56, 1.84, 2.04, 4.02, 2.10],
  tjk_29 = [3.33, 1.88, 1.98, 1.52, 2.18, 1.86, 1.84, 2.34, 2.01, 2.25],
  tjk_210 = [1.92, 2.29, 2.25, 2.89, 4.31, 2.00, 4.15, 1.63, 1.93, 1.90],
  tjk_31 = [1.08, 4.85, 1.11, 0.95, 1.05, 0.96, 1.03, 0.99, 2.35, 1.10],
  tjk_32 = [4.64, 4.50, 5.54, 4.28, 2.04, 5.07, 4.45, 4.70, 2.81, 4.59],
  tjk_33 = [4.03, 2.91, 3.11, 3.64, 2.56, 3.23, 2.79, 2.95, 3.12, 2.85],
  tjk_34 = [2.28, 4.89, 1.08, 3.54, 0.93, 0.94, 1.27, 1.01, 1.12, 1.04],
  tjk_35 = [5.36, 4.87, 5.44, 5.37, 1.16, 4.65, 4.97, 5.20, 4.60, 1.36],
  tjk_36 = [4.82, 4.94, 5.36, 4.93, 4.85, 6.15, 4.41, 5.87, 4.43, 4.76],
  tjk_37 = [1.89, 2.56, 1.64, 1.70, 2.19, 3.15, 1.96, 1.85, 2.07, 2.95],
  tjk_38 = [3.30, 2.11, 2.88, 3.04, 2.97, 2.62, 2.30, 3.65, 2.46, 1.79],
  tjk_39 = [1.23, 3.28, 3.58, 3.71, 0.91, 1.05, 1.03, 1.55, 0.98, 3.26],
  tjk_310 = [4.28, 5.19, 1.62, 4.97, 5.02, 4.23, 2.34, 4.47, 5.14, 1.85],
  tjk_41 = [0.90, 1.11, 0.84, 0.92, 0.90, 0.84, 1.08, 1.15, 0.96, 1.09],
  tjk_42 = [2.22, 1.61, 2.45, 1.95, 2.56, 2.03, 4.27, 1.96, 4.55, 2.05],
  tjk_43 = [1.03, 0.97, 1.04, 2.04, 1.00, 0.98, 4.97, 0.98, 1.10, 1.09],
  tjk_44 = [4.06, 4.20, 2.35, 4.78, 5.42, 5.07, 4.65, 4.92, 3.18, 4.72],
  tjk_45 = [1.30, 2.28, 3.97, 2.27, 4.06, 2.03, 1.98, 1.56, 3.27, 3.97],
  tjk_46 = [0.99, 0.84, 0.91, 0.95, 0.86, 3.00, 1.17, 0.80, 2.97, 0.88],
  tjk_47 = [2.35, 2.03, 1.96, 2.67, 1.69, 1.70, 4.17, 4.94, 1.92, 2.20],
  tjk_48 = [1.07, 0.97, 1.40, 1.21, 3.59, 0.94, 2.86, 4.78, 0.91, 0.98],
  tjk_49 = [4.36, 4.06, 4.22, 3.83, 4.06, 4.32, 3.78, 3.66, 3.56, 4.55],
  tjk_410 = [2.78, 1.12, 4.34, 1.70, 4.98, 1.07, 0.98, 3.24, 0.87, 1.02],
  tjk_51 = [2.28, 2.95, 2.61, 1.16, 3.13, 3.19, 3.01, 3.36, 1.39, 3.19],
  tjk_52 = [3.21, 3.42, 2.99, 3.39, 2.87, 3.55, 2.02, 3.31, 2.65, 3.35],
  tjk_53 = [1.33, 5.29, 2.40, 4.57, 2.56, 1.55, 1.12, 4.43, 4.26, 1.10],
  tjk_54 = [1.66, 4.03, 3.88, 4.54, 4.01, 3.70, 4.63, 1.76, 3.63, 4.25],
  tjk_55 = [3.01, 3.22, 2.54, 2.19, 2.75, 3.85, 3.03, 2.70, 2.80, 3.56],
  tjk_56 = [2.57, 3.08, 3.38, 2.97, 3.32, 2.70, 1.41, 3.31, 2.47, 4.35],
  tjk_57 = [1.83, 2.10, 4.42, 1.63, 3.13, 1.18, 1.87, 1.88, 2.77, 1.25],
  tjk_58 = [3.92, 3.88, 4.13, 4.08, 3.70, 4.33, 2.85, 4.17, 2.94, 4.19],
  tjk_59 = [4.34, 5.25, 5.24, 4.11, 5.31, 5.56, 4.59, 4.96, 3.99, 5.26],
  tjk_510 = [1.78, 1.85, 2.34, 1.15, 1.77, 2.36, 1.81, 2.06, 1.79, 1.64],
  tjk_61 = [2.55, 2.15, 1.71, 1.02, 2.28, 1.96, 2.22, 1.30, 2.15, 2.25],
  tjk_62 = [2.79, 3.56, 4.24, 2.74, 1.50, 2.76, 4.08, 1.91, 2.86, 2.82],
  tjk_63 = [4.07, 3.04, 1.72, 4.10, 3.73, 3.75, 3.69, 4.10, 4.78, 4.96],
  tjk_64 = [2.88, 2.00, 3.82, 4.34, 3.32, 1.22, 4.78, 3.83, 3.86, 3.84],
  tjk_65 = [4.18, 3.76, 4.61, 4.28, 2.50, 4.07, 1.24, 4.07, 3.50, 4.34],
  tjk_66 = [4.08, 2.02, 2.10, 3.49, 2.55, 2.97, 1.69, 3.56, 2.34, 3.16],
  tjk_67 = [3.01, 4.29, 0.98, 1.01, 0.96, 1.15, 1.00, 0.93, 2.95, 1.04],
  tjk_68 = [2.01, 1.02, 1.03, 1.01, 0.89, 3.24, 0.98, 0.88, 0.85, 1.08],
  tjk_69 = [4.02, 4.80, 3.95, 4.31, 4.87, 4.42, 3.97, 3.73, 3.75, 4.14],
  tjk_610 = [4.28, 3.45, 3.74, 4.32, 4.92, 2.58, 4.39, 4.60, 2.07, 3.46],
  tjk_71 = [4.72, 1.92, 1.89, 3.93, 2.34, 1.38, 1.96, 1.80, 2.02, 1.79],
  tjk_72 = [4.26, 4.61, 3.26, 2.78, 4.68, 4.29, 2.83, 2.65, 3.66, 3.54],
  tjk_73 = [4.35, 4.96, 4.30, 4.66, 3.97, 2.21, 3.97, 3.72, 3.72, 3.89],
  tjk_74 = [0.93, 1.14, 1.05, 3.18, 0.97, 4.46, 1.12, 1.02, 1.20, 1.86],
  tjk_75 = [4.74, 1.57, 1.94, 4.86, 4.91, 3.08, 2.47, 1.51, 4.51, 5.76],
  tjk_76 = [0.93, 1.01, 1.10, 1.08, 1.03, 0.94, 1.01, 0.90, 4.68, 4.07],
  tjk_77 = [1.00, 1.10, 2.28, 1.12, 1.05, 1.02, 0.89, 1.07, 1.64, 0.84],
  tjk_78 = [3.27, 4.70, 4.52, 5.16, 4.27, 5.10, 1.25, 4.35, 2.21, 4.72],
  tjk_79 = [2.07, 2.14, 2.15, 1.95, 2.16, 1.89, 2.67, 2.03, 1.87, 1.42],
  tjk_710 = [1.03, 2.76, 1.12, 3.22, 1.00, 0.99, 1.04, 2.28, 0.81, 4.71],
  tjk_81 = [3.93, 4.65, 3.54, 4.25, 5.03, 5.40, 5.17, 5.51, 5.78, 2.39],
  tjk_82 = [2.47, 2.86, 3.42, 3.42, 2.86, 2.94, 3.71, 3.30, 3.45, 2.95],
  tjk_83 = [0.89, 1.07, 0.85, 0.99, 0.95, 0.97, 0.93, 1.01, 1.18, 1.08],
  tjk_84 = [4.86, 4.76, 2.07, 5.53, 5.25, 4.67, 4.25, 4.67, 5.07, 5.51],
  tjk_85 = [0.96, 2.64, 1.05, 1.03, 1.01, 1.09, 1.17, 1.01, 0.94, 1.76],
  tjk_86 = [1.88, 1.32, 2.32, 1.23, 1.99, 2.14, 2.01, 3.72, 2.13, 2.15],
  tjk_87 = [4.69, 5.25, 2.80, 2.79, 5.11, 2.09, 5.63, 4.68, 2.91, 4.78],
  tjk_88 = [3.31, 2.85, 3.44, 2.92, 2.38, 3.72, 4.44, 2.93, 2.47, 2.93],
  tjk_89 = [0.89, 4.53, 2.54, 3.73, 1.03, 1.15, 1.20, 1.13, 0.88, 0.96],
  tjk_810 = [5.08, 5.56, 5.37, 5.52, 4.77, 4.48, 3.67, 4.76, 4.91, 4.62],
  tjk_91 = [3.53, 2.73, 3.26, 2.55, 4.77, 2.84, 2.60, 4.39, 2.69, 2.95],
  tjk_92 = [1.85, 3.46, 4.01, 3.45, 3.84, 1.19, 3.64, 3.66, 3.74, 3.72],
  tjk_93 = [2.68, 3.63, 3.07, 2.90, 3.00, 3.34, 3.44, 2.73, 2.58, 3.95],
  tjk_94 = [1.41, 1.72, 1.71, 2.25, 1.77, 1.76, 2.04, 2.98, 1.94, 4.66],
  tjk_95 = [4.60, 3.53, 4.01, 2.98, 2.59, 1.02, 3.28, 2.68, 3.29, 3.29],
  tjk_96 = [4.57, 2.03, 3.63, 4.40, 4.15, 1.50, 3.79, 2.46, 3.93, 3.72],
  tjk_97 = [3.76, 2.10, 1.25, 0.98, 0.93, 0.92, 0.96, 0.92, 3.08, 4.25],
  tjk_98 = [5.00, 3.17, 6.13, 3.91, 3.90, 4.38, 5.54, 5.11, 4.95, 5.20],
  tjk_99 = [4.00, 4.65, 4.17, 3.46, 1.64, 4.66, 3.60, 3.27, 4.00, 4.19],
  tjk_910 = [4.31, 3.06, 4.55, 4.29, 1.08, 2.59, 2.39, 4.88, 5.23, 1.79],
  tjk_101 = [4.13, 4.06, 3.76, 3.60, 4.22, 3.77, 4.45, 4.76, 1.98, 4.01],
  tjk_102 = [3.29, 4.58, 4.16, 3.82, 2.18, 4.45, 4.69, 3.20, 3.61, 3.77],
  tjk_103 = [3.33, 3.22, 2.68, 2.96, 3.07, 4.68, 3.06, 4.75, 2.27, 2.42],
  tjk_104 = [3.10, 3.26, 1.66, 2.72, 4.65, 2.88, 1.66, 2.93, 1.02, 3.14],
  tjk_105 = [1.21, 0.92, 1.21, 1.95, 0.93, 1.02, 0.97, 0.94, 0.94, 0.99],
  tjk_106 = [2.21, 2.26, 2.14, 2.04, 2.25, 1.63, 1.89, 1.91, 2.41, 2.05],
  tjk_107 = [1.21, 1.08, 0.89, 1.01, 4.04, 0.92, 0.95, 1.04, 1.14, 0.89],
  tjk_108 = [4.66, 4.68, 1.08, 4.84, 5.48, 5.39, 4.57, 6.29, 5.47, 1.46],
  tjk_109 = [1.06, 4.95, 0.95, 0.97, 1.06, 3.42, 1.34, 1.03, 0.84, 0.99],
  tjk_1010 = [2.09, 4.35, 1.38, 4.72, 2.56, 5.17, 4.70, 4.00, 4.87, 5.19],
  tjk_111 = [4.15, 3.69, 4.79, 3.50, 1.52, 2.56, 3.92, 4.18, 3.15, 1.17],
  tjk_112 = [1.77, 1.96, 4.94, 3.48, 1.49, 2.40, 3.84, 2.41, 3.15, 2.25],
  tjk_113 = [2.05, 2.18, 2.36, 4.94, 1.90, 2.17, 1.08, 1.08, 2.05, 4.90],
  tjk_114 = [3.82, 2.20, 3.13, 4.89, 3.35, 1.80, 2.23, 4.35, 2.19, 2.57],
  tjk_115 = [2.79, 2.89, 4.88, 4.70, 2.90, 3.02, 2.92, 3.33, 1.63, 3.13],
  tjk_116 = [2.13, 2.15, 2.49, 4.66, 2.14, 1.89, 3.99, 1.97, 2.21, 2.26],
  tjk_117 = [3.31, 2.16, 1.74, 1.94, 2.16, 3.31, 4.55, 4.35, 2.17, 4.12],
  tjk_118 = [4.34, 5.03, 5.00, 4.30, 5.28, 5.11, 4.45, 4.32, 5.15, 3.32],
  tjk_119 = [1.65, 1.17, 1.99, 2.38, 2.14, 2.82, 4.83, 2.13, 2.42, 1.82],
  tjk_1110 = [3.62, 3.38, 4.42, 4.31, 4.39, 4.11, 4.04, 4.27, 3.55, 4.02],
  tjk_121 = [3.52, 3.93, 0.99, 1.12, 1.02, 1.01, 1.42, 0.93, 0.69, 1.08],
  tjk_122 = [2.08, 2.14, 1.95, 2.04, 1.97, 3.85, 1.81, 2.15, 3.55, 2.26],
  tjk_123 = [1.79, 1.92, 1.68, 4.11, 1.97, 1.99, 1.35, 3.61, 1.81, 4.21],
  tjk_124 = [2.66, 2.66, 2.43, 3.04, 2.78, 2.80, 1.43, 2.46, 1.66, 1.03],
  tjk_125 = [1.05, 1.05, 0.96, 2.82, 4.05, 4.64, 4.25, 2.61, 1.21, 1.80],
  tjk_126 = [2.29, 2.10, 2.02, 3.99, 1.93, 4.03, 2.34, 2.03, 2.15, 2.08],
  tjk_127 = [3.12, 2.88, 3.00, 3.03, 3.17, 1.51, 3.95, 2.83, 3.03, 3.14],
  tjk_128 = [1.46, 3.25, 1.46, 4.92, 3.77, 4.49, 4.04, 4.20, 3.80, 4.20],
  tjk_129 = [4.22, 4.85, 5.10, 5.08, 5.34, 5.99, 4.51, 5.02, 2.80, 4.81],
  tjk_1210 = [5.80, 2.74, 5.00, 5.37, 4.86, 2.59, 5.14, 5.16, 4.57, 4.90],
  tjk_131 = [3.30, 4.19, 4.40, 3.09, 4.36, 3.08, 2.22, 2.25, 3.69, 2.45],
  tjk_132 = [0.99, 0.78, 0.84, 1.04, 3.67, 1.02, 4.72, 1.08, 0.90, 1.14],
  tjk_133 = [3.37, 4.37, 3.61, 3.38, 4.45, 4.38, 4.11, 4.26, 4.08, 4.25],
  tjk_134 = [3.50, 3.92, 3.78, 3.96, 4.51, 4.26, 3.24, 2.33, 4.48, 4.29],
  tjk_135 = [1.07, 1.07, 1.00, 1.12, 2.95, 0.98, 1.01, 1.07, 3.78, 2.67],
  tjk_136 = [0.83, 2.18, 0.89, 4.97, 4.73, 1.11, 1.04, 1.16, 0.87, 3.91],
  tjk_137 = [1.07, 4.32, 0.99, 0.93, 4.07, 4.16, 2.87, 4.48, 1.04, 0.96],
  tjk_138 = [3.10, 2.80, 3.56, 3.38, 3.13, 2.97, 3.14, 1.39, 2.76, 2.70],
  tjk_139 = [1.18, 0.91, 2.82, 1.12, 4.30, 0.95, 0.95, 1.43, 0.93, 1.13],
  tjk_1310 = [5.91, 2.42, 5.71, 5.91, 4.42, 5.12, 3.48, 4.99, 4.98, 5.39],
  tjk_141 = [4.62, 4.07, 3.86, 1.34, 3.63, 3.42, 4.12, 4.04, 3.97, 3.73],
  tjk_142 = [4.17, 3.28, 2.14, 1.16, 3.82, 2.69, 4.14, 4.25, 3.56, 4.01],
  tjk_143 = [1.00, 4.75, 1.00, 0.99, 2.25, 1.06, 0.91, 0.90, 0.89, 0.87],
  tjk_144 = [4.30, 3.72, 3.39, 4.29, 4.99, 3.99, 3.94, 2.98, 3.82, 4.19],
  tjk_145 = [0.87, 1.09, 4.67, 1.09, 1.50, 1.01, 0.82, 0.92, 1.09, 0.90],
  tjk_146 = [1.17, 2.36, 0.95, 0.97, 0.93, 0.99, 1.73, 0.99, 0.88, 0.97],
  tjk_147 = [4.32, 1.93, 2.05, 4.45, 2.13, 4.61, 2.09, 1.72, 1.99, 2.04],
  tjk_148 = [1.16, 3.78, 4.62, 3.89, 4.00, 4.07, 4.68, 3.80, 2.40, 4.15],
  tjk_149 = [1.99, 1.88, 2.74, 1.83, 1.40, 2.04, 4.22, 1.93, 1.84, 1.64],
  tjk_1410 = [2.19, 2.06, 3.77, 0.93, 1.09, 1.10, 1.61, 1.19, 0.81, 2.09],
  tjk_151 = [3.03, 3.15, 2.37, 3.07, 4.38, 1.83, 4.39, 2.35, 2.77, 1.81],
  tjk_152 = [4.51, 1.26, 4.52, 4.84, 4.41, 5.45, 4.66, 5.16, 5.45, 4.84],
  tjk_153 = [1.30, 1.00, 1.10, 1.11, 1.03, 1.03, 0.80, 0.98, 0.88, 0.90],
  tjk_154 = [3.66, 2.98, 2.43, 2.92, 1.00, 1.98, 2.39, 3.47, 3.37, 2.92],
  tjk_155 = [2.30, 1.01, 1.89, 1.04, 1.01, 1.20, 4.70, 2.31, 4.22, 1.07],
  tjk_156 = [5.27, 2.91, 5.17, 2.38, 4.91, 4.99, 4.88, 4.84, 4.30, 3.36],
  tjk_157 = [4.99, 5.27, 2.45, 5.73, 4.82, 4.85, 1.28, 4.76, 6.00, 4.61],
  tjk_158 = [2.91, 3.63, 3.89, 4.08, 3.56, 3.87, 4.27, 3.55, 3.88, 1.31],
  tjk_159 = [0.86, 1.04, 1.08, 0.87, 3.09, 0.99, 0.76, 0.84, 1.91, 1.14],
  tjk_1510 = [1.89, 3.30, 2.10, 1.75, 2.31, 2.92, 1.97, 2.11, 2.16, 1.38],
  tjk_161 = [4.78, 4.72, 5.28, 4.77, 5.70, 4.63, 4.78, 2.47, 5.19, 5.73],
  tjk_162 = [5.39, 4.90, 1.64, 5.29, 5.60, 3.06, 3.94, 4.98, 4.54, 5.23],
  tjk_163 = [2.92, 3.24, 3.18, 2.66, 2.93, 2.19, 2.16, 2.80, 2.96, 1.52],
  tjk_164 = [1.11, 1.16, 0.92, 2.08, 0.90, 3.32, 0.87, 1.16, 0.98, 1.07],
  tjk_165 = [3.24, 2.80, 2.01, 3.05, 3.14, 3.42, 3.44, 3.18, 3.33, 2.59],
  tjk_166 = [2.88, 3.57, 2.86, 2.06, 3.06, 1.59, 1.15, 2.88, 3.03, 3.31],
  tjk_167 = [0.99, 0.99, 4.90, 0.97, 0.89, 1.02, 3.65, 1.26, 4.02, 2.27],
  tjk_168 = [5.14, 4.83, 4.33, 5.62, 3.84, 4.78, 4.13, 3.90, 2.62, 4.53],
  tjk_169 = [3.27, 5.37, 4.34, 2.60, 6.82, 5.65, 4.71, 4.93, 5.11, 5.09],
  tjk_1610 = [4.51, 3.82, 4.22, 4.23, 4.66, 5.75, 4.15, 3.14, 5.77, 4.50],
  tjk_171 = [1.84, 2.06, 2.82, 2.01, 1.96, 1.94, 2.07, 1.92, 1.99, 2.20],
  tjk_172 = [2.60, 2.89, 2.98, 3.24, 2.80, 1.88, 2.36, 2.68, 2.40, 3.74],
  tjk_173 = [1.03, 0.89, 1.11, 1.05, 4.55, 1.00, 0.86, 0.82, 1.03, 0.83],
  tjk_174 = [5.42, 4.95, 4.92, 3.74, 4.41, 4.20, 3.21, 5.31, 4.63, 4.52],
  tjk_175 = [1.92, 1.78, 4.60, 4.12, 2.03, 1.43, 2.18, 4.97, 1.86, 3.58],
  tjk_176 = [4.28, 1.99, 4.29, 5.16, 5.62, 3.44, 4.30, 3.84, 2.36, 5.69],
  tjk_177 = [4.71, 4.06, 4.10, 1.37, 3.93, 4.02, 3.70, 3.85, 3.97, 3.97],
  tjk_178 = [4.56, 5.22, 2.87, 1.50, 5.69, 5.51, 1.81, 5.52, 5.28, 2.08],
  tjk_179 = [1.18, 1.98, 2.79, 2.02, 2.07, 3.30, 1.85, 2.15, 1.16, 2.00],
  tjk_1710 = [1.12, 1.93, 3.15, 2.89, 1.90, 2.05, 2.07, 2.65, 2.56, 2.04],
  tjk_181 = [3.50, 3.14, 3.11, 2.48, 3.15, 3.35, 2.97, 3.09, 2.63, 2.93],
  tjk_182 = [1.28, 0.83, 0.87, 1.14, 1.03, 1.13, 0.98, 0.85, 0.93, 0.88],
  tjk_183 = [4.12, 0.94, 0.98, 2.45, 4.74, 0.84, 0.97, 2.31, 2.88, 1.17],
  tjk_184 = [3.78, 4.01, 3.30, 4.49, 2.01, 4.66, 3.94, 4.40, 4.04, 3.75],
  tjk_185 = [3.45, 2.72, 2.50, 2.58, 2.91, 3.95, 4.44, 2.88, 2.74, 3.15],
  tjk_186 = [2.79, 1.11, 1.44, 4.03, 4.24, 3.56, 1.95, 4.44, 4.36, 4.49],
  tjk_187 = [1.03, 0.91, 2.61, 4.38, 0.90, 1.10, 0.99, 1.08, 1.13, 0.96],
  tjk_188 = [3.74, 1.43, 1.20, 1.00, 4.80, 3.21, 4.61, 0.94, 1.38, 1.25],
  tjk_189 = [0.96, 3.00, 1.02, 1.19, 3.54, 1.07, 1.17, 1.09, 0.92, 0.94],
  tjk_1810 = [5.52, 5.68, 5.13, 4.55, 5.26, 3.53, 4.83, 4.80, 5.14, 4.16],
  tjk_191 = [0.94, 0.99, 0.93, 0.87, 0.84, 1.02, 3.54, 1.16, 4.38, 1.23],
  tjk_192 = [4.33, 4.80, 4.32, 2.65, 2.99, 3.13, 3.93, 3.34, 1.14, 3.77],
  tjk_193 = [1.09, 0.96, 1.03, 1.12, 0.90, 1.03, 1.46, 1.09, 1.04, 4.06],
  tjk_194 = [2.57, 3.06, 1.41, 3.12, 2.60, 2.85, 3.35, 3.09, 2.87, 2.63],
  tjk_195 = [5.34, 4.49, 4.66, 5.01, 6.05, 1.22, 2.44, 3.74, 2.96, 5.36],
  tjk_196 = [1.71, 2.29, 1.96, 1.71, 1.96, 2.32, 2.01, 1.89, 1.89, 3.19],
  tjk_197 = [1.99, 2.02, 2.10, 2.26, 2.23, 1.95, 2.40, 2.21, 1.55, 1.71],
  tjk_198 = [5.04, 3.37, 3.76, 2.05, 4.83, 4.71, 1.84, 4.49, 2.56, 3.79],
  tjk_199 = [2.02, 1.61, 4.92, 2.03, 2.22, 2.33, 2.09, 2.38, 4.25, 3.57],
  tjk_1910 = [3.01, 2.99, 3.61, 3.80, 3.02, 3.32, 3.00, 2.71, 3.21, 3.37],
  tjk_201 = [4.73, 5.63, 5.09, 4.84, 4.68, 4.70, 3.87, 3.68, 5.28, 3.19],
  tjk_202 = [4.43, 5.33, 2.82, 4.87, 5.92, 5.19, 2.73, 1.73, 4.89, 1.05],
  tjk_203 = [2.06, 3.80, 3.96, 4.13, 4.77, 4.74, 2.14, 1.67, 3.25, 4.86],
  tjk_204 = [2.78, 4.02, 2.55, 2.98, 4.11, 2.97, 2.69, 3.26, 3.02, 3.41],
  tjk_205 = [2.88, 3.06, 3.18, 2.50, 3.14, 2.42, 2.69, 2.64, 2.61, 2.99],
  tjk_206 = [2.22, 2.17, 2.15, 4.07, 1.72, 1.82, 1.19, 2.19, 1.69, 1.78],
  tjk_207 = [3.10, 1.20, 1.15, 3.33, 2.52, 3.48, 3.38, 2.98, 2.78, 2.00],
  tjk_208 = [2.19, 3.64, 2.61, 1.72, 3.43, 3.71, 3.51, 3.93, 3.77, 4.34],
  tjk_209 = [5.71, 1.77, 4.91, 4.44, 1.58, 4.10, 3.83, 4.90, 4.98, 5.11],
  tjk_2010 = [1.90, 2.20, 4.19, 3.57, 2.13, 2.01, 3.14, 3.01, 1.69, 1.43],
  tjk_211 = [3.98, 2.78, 2.97, 4.35, 2.55, 3.22, 3.05, 1.90, 2.26, 3.13],
  tjk_212 = [3.31, 3.30, 4.00, 4.52, 3.24, 2.71, 3.72, 3.04, 3.24, 3.55],
  tjk_213 = [1.96, 1.84, 1.90, 1.65, 2.12, 2.18, 1.93, 4.82, 1.72, 1.80],
  tjk_214 = [1.90, 1.58, 1.27, 1.94, 2.06, 2.24, 1.85, 2.87, 3.80, 4.16],
  tjk_215 = [2.34, 2.09, 2.15, 2.60, 1.99, 1.88, 1.75, 3.25, 2.17, 3.12],
  tjk_216 = [5.14, 4.30, 4.93, 3.97, 5.40, 5.40, 4.89, 4.09, 5.62, 4.95],
  tjk_217 = [5.52, 2.96, 4.63, 4.54, 4.63, 4.53, 4.65, 4.57, 5.85, 6.00],
  tjk_218 = [2.08, 1.03, 0.99, 4.78, 1.02, 1.14, 3.09, 1.10, 0.91, 0.85],
  tjk_219 = [4.46, 1.01, 0.90, 0.99, 0.93, 1.05, 2.92, 3.72, 0.94, 4.16],
  tjk_2110 = [0.91, 4.86, 0.85, 1.10, 4.18, 0.87, 0.94, 0.98, 1.52, 3.36],
  tjk_221 = [0.99, 0.85, 3.11, 0.96, 1.02, 1.07, 4.16, 4.96, 0.79, 3.04],
  tjk_222 = [4.35, 3.94, 1.01, 2.27, 3.57, 4.01, 3.82, 4.69, 3.83, 1.31],
  tjk_223 = [3.22, 2.19, 1.92, 4.06, 1.50, 1.71, 1.28, 2.70, 2.13, 2.39],
  tjk_224 = [2.12, 2.13, 1.41, 2.27, 1.81, 2.15, 4.14, 2.05, 1.82, 4.52],
  tjk_225 = [1.88, 2.17, 2.15, 1.96, 2.87, 3.72, 1.65, 1.58, 1.86, 1.91],
  tjk_226 = [1.67, 1.09, 0.98, 3.79, 2.90, 2.76, 1.17, 1.12, 4.62, 1.13],
  tjk_227 = [1.86, 3.02, 2.03, 1.97, 1.68, 1.95, 2.85, 1.79, 2.15, 4.60],
  tjk_228 = [2.07, 1.21, 2.81, 2.90, 1.27, 3.00, 1.24, 3.06, 2.53, 2.61],
  tjk_229 = [2.63, 4.08, 3.82, 4.69, 1.86, 1.59, 3.17, 5.07, 3.91, 3.73],
  tjk_2210 = [4.70, 3.34, 3.15, 2.87, 3.11, 3.45, 2.89, 2.07, 2.98, 4.84],
  tjk_231 = [3.69, 4.84, 4.11, 3.58, 4.05, 3.18, 4.39, 4.21, 4.34, 4.19],
  tjk_232 = [2.74, 1.70, 3.03, 2.97, 3.07, 2.96, 3.11, 2.05, 1.51, 2.57],
  tjk_233 = [5.43, 4.85, 1.84, 3.52, 4.56, 5.76, 4.13, 4.45, 1.57, 5.20],
  tjk_234 = [4.15, 3.92, 4.02, 3.84, 3.24, 3.58, 3.87, 2.26, 4.01, 5.07],
  tjk_235 = [4.42, 2.93, 0.96, 0.81, 0.91, 0.93, 2.49, 1.14, 3.63, 1.10],
  tjk_236 = [4.36, 4.28, 6.04, 2.95, 6.22, 5.26, 4.78, 2.75, 5.05, 3.56],
  tjk_237 = [3.26, 4.28, 3.85, 2.79, 4.08, 3.58, 3.79, 3.71, 4.26, 4.09],
  tjk_238 = [4.09, 3.91, 3.71, 4.24, 2.24, 3.85, 4.11, 3.52, 3.32, 1.33],
  tjk_239 = [4.57, 4.76, 4.59, 1.55, 5.29, 4.53, 4.68, 5.18, 5.17, 4.50],
  tjk_2310 = [4.75, 4.13, 3.54, 4.86, 2.95, 3.77, 5.79, 5.83, 5.46, 4.45],
  tjk_241 = [2.91, 4.93, 3.02, 1.41, 2.94, 2.66, 2.80, 3.19, 2.96, 2.01],
  tjk_242 = [4.10, 4.69, 4.22, 4.65, 4.15, 4.04, 4.00, 3.71, 3.39, 4.65],
  tjk_243 = [1.29, 5.30, 5.84, 4.50, 4.46, 4.44, 5.41, 2.18, 5.01, 3.20],
  tjk_244 = [1.15, 0.90, 4.07, 4.48, 0.97, 1.09, 1.95, 1.12, 1.09, 0.94],
  tjk_245 = [1.89, 2.32, 1.71, 1.65, 1.72, 3.47, 2.02, 2.01, 4.39, 2.25],
  tjk_246 = [5.92, 5.15, 3.31, 5.67, 4.38, 2.19, 5.63, 4.17, 4.44, 5.16],
  tjk_247 = [4.55, 2.73, 5.71, 1.25, 4.48, 5.39, 4.88, 4.96, 2.35, 1.02],
  tjk_248 = [1.19, 1.05, 1.06, 1.07, 0.91, 1.26, 1.47, 3.09, 0.96, 1.00],
  tjk_249 = [4.55, 3.46, 3.64, 3.94, 3.87, 4.10, 4.03, 3.60, 4.35, 3.32],
  tjk_2410 = [2.22, 2.88, 4.32, 6.48, 4.49, 5.74, 3.39, 5.38, 3.43, 5.25],
  tjk_251 = [4.15, 4.99, 3.57, 4.33, 3.95, 4.51, 3.84, 2.19, 3.87, 4.72],
  tjk_252 = [4.62, 3.51, 3.78, 4.22, 3.41, 4.16, 3.67, 4.36, 3.45, 3.99],
  tjk_253 = [4.14, 4.54, 4.77, 1.50, 4.84, 2.57, 3.14, 5.14, 5.44, 1.49],
  tjk_254 = [2.05, 2.24, 1.61, 1.87, 1.79, 2.47, 1.84, 2.32, 1.44, 3.38],
  tjk_255 = [4.57, 4.24, 5.34, 5.47, 5.22, 4.82, 4.85, 2.54, 5.33, 5.09],
  tjk_256 = [1.09, 2.74, 4.69, 4.38, 4.97, 3.90, 4.39, 3.74, 3.89, 3.82],
  tjk_257 = [3.01, 4.68, 3.79, 3.73, 1.45, 2.07, 2.88, 2.60, 3.30, 3.29],
  tjk_258 = [2.00, 1.00, 1.12, 1.17, 4.14, 0.97, 1.01, 3.26, 2.94, 4.13],
  tjk_259 = [3.62, 3.77, 3.33, 1.96, 5.03, 1.77, 4.23, 3.81, 3.91, 3.97],
  tjk_2510 = [1.01, 1.08, 2.39, 1.02, 1.18, 1.20, 0.91, 0.88, 4.44, 1.03],
  tjk_261 = [4.10, 3.47, 4.74, 4.21, 4.41, 5.37, 5.38, 5.50, 5.45, 4.80],
  tjk_262 = [1.71, 2.76, 2.79, 4.36, 4.26, 4.52, 3.99, 4.43, 3.90, 5.57],
  tjk_263 = [4.88, 5.75, 4.31, 5.57, 3.68, 5.32, 5.36, 5.51, 4.42, 2.55],
  tjk_264 = [1.86, 2.67, 2.17, 4.86, 2.25, 1.90, 3.88, 4.33, 2.04, 2.20],
  tjk_265 = [2.10, 3.53, 5.17, 1.42, 3.10, 1.69, 4.49, 4.22, 1.90, 4.47],
  tjk_266 = [3.70, 3.12, 4.22, 3.17, 4.17, 3.71, 3.06, 3.81, 3.19, 2.87],
  tjk_267 = [2.62, 2.89, 2.63, 2.65, 3.06, 3.06, 4.11, 3.09, 3.79, 3.49],
  tjk_268 = [2.25, 1.83, 2.19, 1.93, 2.14, 3.18, 2.72, 1.94, 1.84, 2.27],
  tjk_269 = [0.92, 1.06, 1.04, 1.04, 1.06, 0.94, 0.97, 1.04, 1.04, 2.93],
  tjk_2610 = [1.31, 3.88, 2.57, 2.78, 3.17, 3.14, 2.98, 2.72, 2.80, 2.92],
  tjk_271 = [4.30, 1.40, 3.03, 3.18, 3.47, 3.12, 1.88, 4.65, 4.68, 3.33],
  tjk_272 = [2.97, 2.55, 3.42, 1.77, 2.73, 3.21, 2.65, 3.93, 2.76, 3.10],
  tjk_273 = [1.06, 1.03, 4.48, 0.97, 4.32, 1.12, 0.96, 2.04, 2.81, 1.37],
  tjk_274 = [4.30, 2.50, 3.10, 3.66, 2.82, 2.84, 3.04, 4.25, 3.13, 1.40],
  tjk_275 = [4.04, 4.38, 4.05, 2.99, 4.40, 4.23, 4.59, 2.04, 3.97, 3.79],
  tjk_276 = [1.73, 3.96, 3.95, 3.98, 3.95, 4.82, 2.12, 4.30, 3.88, 2.40],
  tjk_277 = [2.06, 2.14, 2.05, 3.96, 3.95, 2.22, 1.97, 4.62, 1.75, 1.93],
  tjk_278 = [0.91, 1.03, 1.11, 1.04, 0.98, 0.96, 0.98, 1.04, 1.00, 0.96],
  tjk_279 = [0.96, 1.09, 2.84, 0.81, 0.93, 1.00, 1.02, 1.17, 2.59, 1.04],
  tjk_2710 = [3.56, 4.47, 2.90, 4.40, 4.08, 4.18, 1.81, 1.75, 3.31, 4.57],
  tjk_281 = [1.75, 1.97, 2.01, 2.23, 2.12, 2.46, 1.92, 1.67, 2.03, 1.91],
  tjk_282 = [3.67, 3.65, 3.84, 3.60, 3.31, 4.22, 4.01, 3.59, 4.04, 3.73],
  tjk_283 = [2.86, 2.34, 3.35, 2.84, 3.00, 2.19, 4.06, 2.72, 3.20, 2.75],
  tjk_284 = [2.68, 2.90, 2.11, 3.17, 3.29, 3.46, 3.31, 1.46, 2.92, 2.31],
  tjk_285 = [3.33, 3.43, 4.66, 3.56, 3.98, 3.85, 1.17, 4.15, 2.75, 4.52],
  tjk_286 = [2.22, 4.80, 2.12, 2.13, 1.89, 1.06, 2.52, 1.67, 3.29, 1.84],
  tjk_287 = [3.10, 3.02, 2.84, 2.55, 3.33, 3.53, 2.92, 4.06, 3.09, 3.42],
  tjk_288 = [1.13, 1.09, 0.91, 0.88, 3.72, 1.06, 3.76, 1.09, 0.99, 1.78],
  tjk_289 = [5.26, 4.08, 4.63, 5.15, 3.89, 4.45, 4.23, 4.58, 4.67, 4.16],
  tjk_2810 = [5.10, 1.19, 5.81, 4.74, 3.21, 5.21, 4.81, 1.03, 5.76, 5.88],
  tjk_291 = [4.54, 5.04, 4.75, 4.51, 2.83, 1.24, 4.62, 4.86, 4.88, 4.74],
  tjk_292 = [4.90, 1.09, 4.93, 5.14, 5.39, 6.02, 4.54, 5.09, 5.45, 4.81],
  tjk_293 = [1.67, 2.30, 2.43, 2.03, 3.79, 2.11, 2.01, 2.03, 4.29, 1.97],
  tjk_294 = [1.68, 3.90, 2.05, 2.47, 2.23, 2.01, 1.18, 2.40, 4.77, 1.79],
  tjk_295 = [2.98, 3.21, 3.08, 3.14, 3.51, 2.36, 3.09, 2.98, 2.95, 2.23],
  tjk_296 = [4.68, 4.31, 3.30, 4.81, 5.69, 2.70, 1.42, 4.82, 6.05, 1.65],
  tjk_297 = [3.69, 4.96, 1.21, 2.23, 3.01, 2.91, 3.12, 3.03, 3.08, 4.95],
  tjk_298 = [2.43, 1.23, 1.09, 1.20, 3.92, 1.01, 2.16, 2.21, 1.19, 1.20],
  tjk_299 = [2.19, 2.53, 3.19, 2.78, 3.07, 3.67, 2.46, 3.14, 1.27, 3.10],
  tjk_2910 = [3.55, 2.73, 4.43, 4.85, 3.42, 4.49, 2.64, 2.31, 4.91, 3.00],
  tjk_301 = [2.09, 2.45, 0.98, 1.64, 0.93, 2.38, 4.23, 1.02, 1.01, 3.97],
  tjk_302 = [1.05, 2.05, 3.27, 0.92, 1.08, 3.96, 1.07, 1.01, 1.01, 3.99],
  tjk_303 = [2.81, 2.62, 2.17, 2.74, 2.00, 1.97, 1.83, 2.13, 1.29, 1.43],
  tjk_304 = [4.21, 3.90, 2.09, 2.36, 3.71, 4.42, 2.38, 4.32, 3.91, 3.35],
  tjk_305 = [5.16, 5.27, 5.34, 5.12, 5.75, 4.45, 4.92, 5.26, 5.20, 4.82],
  tjk_306 = [3.65, 5.21, 5.76, 5.24, 4.85, 4.43, 4.70, 2.94, 4.58, 4.98],
  tjk_307 = [2.16, 2.83, 1.86, 2.16, 1.87, 1.90, 2.29, 2.14, 2.11, 1.75],
  tjk_308 = [3.93, 4.49, 5.61, 3.67, 4.14, 1.33, 4.81, 4.16, 4.13, 4.94],
  tjk_309 = [4.49, 4.85, 4.53, 3.96, 5.96, 4.79, 4.35, 4.94, 4.70, 5.27],
  tjk_3010 = [3.14, 4.77, 3.54, 3.29, 2.68, 2.98, 2.77, 3.18, 2.96, 2.53],
  tjk_311 = [4.77, 2.34, 1.83, 3.20, 2.12, 4.81, 2.03, 1.86, 1.94, 2.93],
  tjk_312 = [3.47, 3.61, 4.37, 3.28, 3.43, 3.49, 4.03, 3.85, 3.75, 3.53],
  tjk_313 = [0.98, 4.94, 0.99, 4.32, 1.32, 3.33, 0.95, 0.92, 1.23, 1.05],
  tjk_314 = [1.60, 3.93, 4.02, 3.15, 3.17, 2.79, 4.33, 3.60, 2.61, 2.80],
  tjk_315 = [1.84, 2.07, 1.85, 1.99, 1.88, 1.89, 3.39, 2.08, 2.06, 2.33],
  tjk_316 = [1.92, 2.12, 2.22, 1.76, 1.81, 1.14, 2.01, 2.27, 1.66, 2.21],
  tjk_317 = [4.49, 2.03, 1.88, 1.78, 1.87, 2.03, 2.07, 2.06, 2.48, 1.99],
  tjk_318 = [2.97, 3.15, 2.53, 2.93, 2.87, 2.73, 3.80, 3.40, 2.94, 3.46],
  tjk_319 = [5.92, 4.39, 5.17, 4.51, 1.46, 4.84, 4.30, 5.66, 4.88, 5.01],
  tjk_3110 = [4.67, 1.69, 5.10, 4.96, 4.02, 4.18, 5.33, 5.54, 4.93, 5.56],
  tjk_321 = [3.52, 4.19, 2.89, 3.90, 5.26, 3.93, 3.59, 4.57, 4.48, 3.63],
  tjk_322 = [4.75, 4.22, 5.40, 3.77, 2.31, 6.27, 4.37, 5.81, 2.65, 4.06],
  tjk_323 = [3.79, 2.31, 2.01, 2.16, 2.12, 2.16, 1.79, 1.81, 2.20, 1.83],
  tjk_324 = [4.77, 3.60, 2.96, 3.61, 3.98, 4.13, 4.23, 4.69, 3.23, 4.12],
  tjk_325 = [3.97, 4.24, 3.84, 3.86, 3.57, 3.99, 3.40, 3.94, 3.76, 5.12],
  tjk_326 = [4.91, 5.33, 4.16, 4.92, 5.18, 4.70, 5.12, 4.59, 4.69, 4.99],
  tjk_327 = [4.89, 2.19, 5.43, 5.13, 5.24, 5.12, 5.99, 5.04, 4.95, 5.71],
  tjk_328 = [0.86, 0.94, 0.88, 4.12, 1.04, 1.74, 1.16, 3.28, 0.99, 1.07],
  tjk_329 = [0.97, 3.72, 0.89, 1.63, 1.05, 0.85, 0.99, 4.99, 1.09, 2.53],
  tjk_3210 = [2.36, 1.66, 1.99, 1.77, 2.11, 2.25, 1.98, 1.94, 4.72, 1.98],
  tjk_331 = [3.35, 2.10, 4.16, 4.56, 2.37, 3.18, 3.66, 4.01, 3.56, 3.94],
  tjk_332 = [2.15, 1.07, 4.96, 4.68, 3.71, 3.57, 0.91, 4.07, 3.18, 3.09],
  tjk_333 = [2.21, 1.99, 1.74, 2.03, 2.05, 4.76, 1.91, 2.29, 2.24, 1.58],
  tjk_334 = [1.92, 3.37, 1.99, 1.83, 2.43, 2.04, 2.14, 2.42, 1.99, 2.01],
  tjk_335 = [2.81, 1.03, 1.06, 1.07, 4.01, 0.89, 1.07, 0.99, 4.34, 1.09],
  tjk_336 = [2.62, 2.94, 2.89, 3.43, 2.85, 3.25, 2.71, 2.92, 2.73, 3.44],
  tjk_337 = [3.64, 3.63, 3.87, 2.77, 3.15, 4.05, 2.99, 3.80, 3.87, 3.96],
  tjk_338 = [1.04, 3.84, 2.10, 1.14, 1.46, 1.06, 1.02, 1.22, 0.94, 1.00],
  tjk_339 = [1.08, 0.93, 0.99, 1.15, 1.03, 0.86, 0.96, 0.99, 0.96, 1.10],
  tjk_3310 = [4.16, 4.91, 5.24, 1.24, 2.09, 5.04, 5.32, 5.29, 4.47, 5.50],
  tjk_341 = [2.07, 2.05, 2.26, 2.24, 1.83, 2.22, 1.90, 2.07, 1.98, 1.92],
  tjk_342 = [4.65, 4.04, 3.52, 2.97, 3.70, 3.53, 4.44, 3.90, 3.47, 3.06],
  tjk_343 = [2.51, 3.11, 3.65, 3.08, 2.94, 2.85, 3.15, 2.82, 3.05, 3.29],
  tjk_344 = [3.10, 2.97, 3.09, 4.66, 3.53, 3.28, 2.95, 2.92, 2.54, 3.20],
  tjk_345 = [3.66, 4.15, 1.12, 2.31, 0.95, 0.99, 0.98, 0.96, 1.05, 1.05],
  tjk_346 = [4.38, 4.12, 4.74, 4.06, 1.61, 4.76, 3.83, 3.99, 2.74, 4.52],
  tjk_347 = [2.37, 4.84, 3.36, 1.53, 4.97, 3.58, 3.51, 3.05, 2.58, 3.45],
  tjk_348 = [2.72, 2.75, 4.37, 3.17, 3.08, 3.46, 3.00, 3.25, 3.14, 3.11],
  tjk_349 = [2.18, 1.94, 2.08, 2.09, 2.09, 2.19, 1.76, 2.02, 1.85, 1.86],
  tjk_3410 = [1.68, 1.91, 2.20, 2.13, 1.97, 2.56, 1.67, 1.76, 1.33, 2.55],
  tjk_351 = [4.80, 4.49, 4.23, 1.53, 4.53, 4.04, 4.46, 3.15, 3.51, 3.45],
  tjk_352 = [1.86, 1.54, 2.39, 4.74, 3.91, 2.48, 2.29, 1.99, 2.37, 1.93],
  tjk_353 = [2.71, 3.65, 1.10, 1.35, 3.02, 3.26, 3.20, 2.91, 2.29, 3.16],
  tjk_354 = [0.81, 0.99, 1.85, 1.17, 1.20, 1.21, 1.03, 1.19, 0.93, 0.86],
  tjk_355 = [4.85, 4.13, 4.44, 5.47, 4.28, 5.28, 5.06, 3.92, 4.83, 3.87],
  tjk_356 = [1.42, 1.07, 3.37, 1.07, 1.23, 1.06, 1.07, 1.06, 0.98, 1.08],
  tjk_357 = [3.30, 3.79, 3.70, 2.80, 3.72, 3.41, 3.08, 3.32, 2.99, 3.00],
  tjk_358 = [2.92, 3.21, 2.37, 2.47, 2.09, 3.04, 2.93, 2.91, 2.91, 2.99],
  tjk_359 = [1.95, 2.23, 2.09, 1.78, 2.09, 2.09, 1.97, 2.69, 3.78, 1.96],
  tjk_3510 = [3.05, 2.61, 2.98, 3.09, 2.54, 3.40, 1.17, 3.79, 3.29, 2.56],
  tjk_361 = [5.47, 4.58, 4.06, 6.07, 4.97, 4.44, 4.34, 4.72, 4.02, 4.60],
  tjk_362 = [4.72, 3.14, 5.45, 1.58, 6.50, 5.52, 4.43, 5.02, 4.92, 3.32],
  tjk_363 = [1.04, 0.88, 0.88, 1.06, 4.55, 1.73, 0.82, 0.98, 1.00, 2.68],
  tjk_364 = [4.70, 5.29, 5.12, 4.34, 4.33, 4.49, 4.94, 5.08, 1.71, 5.24],
  tjk_365 = [3.46, 3.31, 2.26, 2.02, 4.59, 2.24, 1.77, 2.20, 1.86, 2.06],
  tjk_366 = [0.98, 0.96, 1.07, 1.00, 3.26, 0.96, 4.11, 3.56, 1.00, 1.84],
  tjk_367 = [2.82, 4.05, 1.93, 1.51, 3.06, 4.53, 3.94, 3.96, 2.98, 2.78],
  tjk_368 = [1.23, 2.86, 3.06, 2.86, 3.02, 3.48, 3.24, 3.12, 3.06, 1.45],
  tjk_369 = [2.94, 2.72, 2.44, 3.25, 2.68, 3.47, 3.71, 2.61, 3.11, 2.75],
  tjk_3610 = [4.52, 2.99, 2.64, 2.98, 2.87, 3.04, 2.81, 3.71, 3.13, 1.13],
  tjk_371 = [2.75, 2.56, 3.04, 3.16, 3.04, 3.80, 1.48, 3.37, 3.69, 3.18],
  tjk_372 = [2.73, 1.06, 1.77, 1.15, 1.10, 1.14, 0.94, 1.00, 1.06, 3.96],
  tjk_373 = [5.45, 5.16, 5.09, 4.29, 4.94, 5.38, 1.96, 4.18, 4.98, 5.06],
  tjk_374 = [4.89, 4.82, 4.91, 4.83, 5.05, 5.05, 4.11, 4.34, 5.75, 3.41],
  tjk_375 = [3.63, 3.07, 2.77, 4.29, 3.04, 3.21, 3.77, 3.44, 4.16, 4.27],
  tjk_376 = [2.00, 4.14, 4.42, 5.72, 2.62, 5.32, 3.39, 4.00, 4.86, 5.48],
  tjk_377 = [4.33, 3.75, 3.89, 4.27, 4.03, 4.57, 4.98, 4.05, 3.69, 3.26],
  tjk_378 = [3.15, 4.46, 3.99, 4.73, 3.59, 4.63, 3.29, 4.27, 4.16, 1.19],
  tjk_379 = [3.08, 3.13, 3.35, 3.23, 3.29, 2.76, 2.88, 3.01, 3.32, 2.94],
  tjk_3710 = [2.21, 2.08, 2.13, 1.41, 2.11, 2.16, 1.74, 1.74, 1.89, 1.96],
  tjk_381 = [0.91, 1.02, 1.59, 1.61, 3.38, 1.52, 1.20, 0.97, 1.10, 2.52],
  tjk_382 = [1.03, 4.54, 4.70, 5.24, 4.99, 5.39, 2.91, 5.28, 4.75, 4.90],
  tjk_383 = [4.20, 3.81, 3.38, 4.30, 3.87, 4.35, 4.47, 4.07, 3.84, 4.81],
  tjk_384 = [1.59, 2.04, 2.31, 1.94, 1.86, 1.66, 1.76, 3.72, 4.91, 2.17],
  tjk_385 = [1.99, 1.81, 2.22, 2.20, 2.35, 1.92, 2.19, 2.39, 1.70, 2.05],
  tjk_386 = [3.16, 2.40, 4.95, 3.17, 3.43, 2.57, 3.04, 4.81, 2.88, 2.62],
  tjk_387 = [3.77, 4.99, 4.98, 5.40, 5.69, 3.51, 3.94, 5.04, 3.40, 4.58],
  tjk_388 = [1.39, 4.34, 4.05, 4.60, 1.43, 5.88, 1.82, 4.17, 4.08, 2.82],
  tjk_389 = [1.20, 4.35, 1.08, 1.11, 3.56, 0.97, 1.07, 0.90, 0.90, 3.48],
  tjk_3810 = [2.93, 1.01, 0.97, 1.36, 0.99, 4.00, 1.08, 1.12, 3.61, 1.06],
  tjk_391 = [2.82, 4.23, 2.54, 2.44, 2.63, 4.43, 2.88, 3.56, 3.38, 4.01],
  tjk_392 = [1.13, 1.05, 1.01, 0.93, 3.72, 1.08, 1.82, 0.96, 1.09, 3.09],
  tjk_393 = [5.30, 4.83, 4.88, 4.12, 4.94, 4.81, 5.16, 3.25, 5.59, 1.52],
  tjk_394 = [2.18, 1.84, 1.84, 2.17, 1.68, 4.60, 1.74, 2.33, 1.95, 1.89],
  tjk_395 = [3.82, 3.22, 3.37, 4.73, 4.36, 3.57, 3.82, 4.20, 1.32, 3.30],
  tjk_396 = [5.15, 3.70, 5.07, 2.69, 4.04, 1.89, 3.85, 3.59, 4.19, 1.21],
  tjk_397 = [2.61, 4.42, 2.88, 4.73, 4.62, 1.65, 2.85, 4.76, 1.70, 5.11],
  tjk_398 = [4.77, 2.26, 4.27, 4.80, 3.62, 4.69, 4.20, 3.40, 4.05, 4.69],
  tjk_399 = [3.26, 3.31, 2.50, 4.03, 2.77, 3.17, 4.40, 2.69, 2.77, 2.90],
  tjk_3910 = [3.13, 4.44, 1.36, 2.87, 3.42, 2.97, 3.53, 3.55, 1.46, 3.17],
  tjk_401 = [4.89, 2.23, 1.90, 1.66, 4.69, 4.89, 2.25, 1.51, 2.06, 2.13],
  tjk_402 = [1.04, 0.83, 0.92, 2.07, 1.52, 0.90, 0.99, 0.97, 0.83, 0.91],
  tjk_403 = [4.67, 1.31, 3.36, 0.90, 1.02, 4.92, 0.81, 1.03, 0.84, 0.66],
  tjk_404 = [1.03, 0.98, 0.90, 1.10, 4.01, 1.18, 1.18, 0.81, 0.90, 4.99],
  tjk_405 = [4.38, 4.62, 5.22, 3.44, 1.98, 5.18, 1.63, 5.29, 5.74, 2.71],
  tjk_406 = [3.40, 1.83, 2.91, 2.78, 2.85, 3.49, 2.83, 2.72, 3.17, 2.66],
  tjk_407 = [0.99, 1.09, 1.10, 2.86, 0.87, 3.67, 0.96, 0.91, 1.14, 0.92],
  tjk_408 = [1.24, 4.62, 3.19, 1.11, 4.23, 3.54, 4.51, 3.86, 4.67, 3.38],
  tjk_409 = [1.96, 2.17, 2.93, 3.05, 3.16, 3.16, 2.94, 2.68, 2.87, 2.88],
  tjk_4010 = [1.91, 1.69, 2.25, 2.10, 1.95, 1.91, 2.06, 1.08, 3.52, 1.75],
]

Service Times (¦Î_{jk}^s) = [
  xi_11 = [9.33, 6.48, 7.85, 9.26, 8.20, 2.87, 8.51, 9.22, 8.37, 5.11],
  xi_12 = [3.00, 3.04, 1.16, 3.45, 2.65, 2.88, 2.68, 3.04, 2.94, 3.51],
  xi_13 = [8.79, 1.47, 10.37, 9.74, 11.11, 1.52, 8.95, 9.27, 9.36, 3.31],
  xi_14 = [5.03, 4.04, 8.06, 9.31, 4.52, 6.25, 4.42, 3.93, 3.30, 4.46],
  xi_15 = [6.02, 6.99, 6.87, 3.70, 5.18, 5.66, 6.46, 9.74, 6.31, 4.69],
  xi_16 = [6.72, 6.13, 6.58, 8.35, 6.84, 7.35, 5.83, 2.19, 7.20, 7.29],
  xi_17 = [6.63, 8.96, 7.49, 5.34, 7.93, 7.53, 6.33, 7.81, 7.64, 6.83],
  xi_18 = [3.76, 3.52, 4.22, 7.18, 2.51, 3.95, 4.01, 3.72, 4.08, 4.50],
  xi_19 = [3.02, 4.05, 3.48, 7.11, 3.22, 3.07, 2.36, 2.60, 3.96, 3.08],
  xi_110 = [7.65, 5.44, 7.85, 8.43, 8.90, 8.49, 1.84, 9.65, 8.73, 1.10],
  xi_21 = [0.98, 9.39, 8.12, 0.97, 0.98, 1.11, 7.25, 1.13, 1.07, 1.10],
  xi_22 = [3.34, 4.42, 6.86, 5.02, 8.86, 3.45, 7.40, 6.73, 5.64, 8.77],
  xi_23 = [1.05, 2.68, 1.06, 2.69, 0.88, 1.70, 1.04, 0.87, 1.19, 0.90],
  xi_24 = [9.19, 5.87, 10.00, 1.50, 11.26, 10.66, 9.81, 8.60, 8.95, 11.43],
  xi_25 = [8.77, 8.98, 7.13, 4.39, 1.63, 9.44, 6.03, 8.27, 8.17, 7.08],
  xi_26 = [9.26, 8.46, 2.48, 2.87, 3.34, 2.77, 2.76, 3.13, 2.67, 3.13],
  xi_27 = [8.44, 5.90, 7.57, 7.50, 8.94, 7.63, 8.24, 6.77, 8.69, 7.64],
  xi_28 = [7.14, 3.60, 2.94, 2.35, 8.48, 8.29, 3.48, 9.01, 8.59, 6.51],
  xi_29 = [3.21, 2.90, 2.54, 7.78, 5.47, 3.20, 3.02, 2.82, 3.56, 3.29],
  xi_210 = [10.13, 8.80, 9.37, 10.50, 9.02, 10.13, 11.76, 3.94, 7.52, 10.74],
  xi_31 = [6.52, 6.64, 6.52, 5.87, 5.07, 3.32, 6.72, 5.71, 5.63, 5.25],
  xi_32 = [3.79, 4.18, 4.10, 9.78, 5.78, 3.49, 3.95, 3.94, 3.14, 4.13],
  xi_33 = [2.62, 4.23, 4.67, 3.47, 3.67, 4.51, 3.91, 4.69, 4.94, 7.28],
  xi_34 = [7.06, 1.91, 2.17, 2.39, 1.83, 1.67, 2.04, 1.86, 1.86, 2.26],
  xi_35 = [0.80, 1.01, 1.01, 1.08, 1.03, 1.02, 1.14, 1.03, 0.95, 1.20],
  xi_36 = [8.43, 7.80, 6.34, 8.52, 4.60, 7.04, 4.94, 4.66, 2.74, 4.44],
  xi_37 = [8.01, 7.40, 8.59, 9.33, 6.57, 9.78, 8.17, 6.54, 9.69, 7.90],
  xi_38 = [3.17, 4.37, 4.11, 8.17, 3.83, 4.07, 3.73, 3.85, 8.38, 8.62],
  xi_39 = [8.82, 8.75, 8.42, 2.06, 1.55, 9.66, 9.42, 10.24, 10.68, 9.59],
  xi_310 = [7.56, 7.58, 6.21, 6.16, 5.10, 6.26, 6.37, 6.50, 4.69, 6.70],
  xi_41 = [6.23, 5.75, 5.24, 5.53, 2.16, 5.59, 9.20, 4.28, 2.74, 3.03],
  xi_42 = [3.92, 9.43, 10.02, 8.20, 8.80, 10.78, 11.12, 9.39, 9.08, 11.82],
  xi_43 = [8.07, 1.72, 5.89, 4.57, 3.26, 5.08, 6.36, 6.81, 7.89, 1.92],
  xi_44 = [1.12, 0.91, 8.93, 9.65, 0.90, 5.91, 1.06, 0.99, 1.72, 0.96],
  xi_45 = [4.66, 8.33, 10.86, 11.08, 1.35, 11.37, 8.80, 10.30, 8.69, 1.88],
  xi_46 = [4.57, 3.35, 11.27, 9.87, 8.86, 8.17, 9.92, 9.74, 2.23, 1.13],
  xi_47 = [6.13, 1.79, 5.47, 3.74, 7.88, 7.90, 5.72, 5.02, 5.34, 7.29],
  xi_48 = [7.42, 7.84, 7.53, 3.72, 6.95, 7.15, 6.86, 6.43, 6.34, 3.15],
  xi_49 = [5.89, 6.36, 3.55, 6.86, 5.89, 5.05, 5.09, 4.93, 5.13, 4.89],
  xi_410 = [2.77, 2.57, 3.21, 2.25, 3.77, 2.82, 3.25, 2.88, 3.33, 3.34],
  xi_51 = [9.51, 9.10, 8.03, 9.84, 7.94, 2.19, 7.79, 8.53, 10.66, 9.55],
  xi_52 = [6.82, 6.73, 8.15, 4.49, 6.67, 7.13, 7.89, 7.62, 7.39, 6.35],
  xi_53 = [3.26, 2.07, 3.05, 2.87, 3.30, 6.24, 2.99, 3.03, 9.99, 7.55],
  xi_54 = [7.11, 5.44, 7.74, 8.03, 6.20, 7.80, 6.90, 8.33, 6.03, 7.71],
  xi_55 = [7.46, 5.58, 4.43, 7.86, 4.66, 4.56, 3.75, 3.70, 3.66, 3.69],
  xi_56 = [10.08, 9.62, 8.72, 9.75, 12.27, 8.65, 2.39, 10.34, 10.78, 9.55],
  xi_57 = [11.25, 9.90, 4.09, 10.65, 9.12, 8.27, 8.69, 3.42, 11.23, 8.44],
  xi_58 = [2.25, 1.96, 10.45, 8.57, 10.07, 6.89, 10.50, 9.29, 11.09, 9.40],
  xi_59 = [7.55, 11.76, 10.53, 10.32, 8.64, 11.27, 4.10, 7.24, 10.08, 10.47],
  xi_510 = [4.84, 4.39, 4.42, 3.87, 4.57, 6.68, 3.97, 4.93, 5.11, 5.24],
  xi_61 = [3.79, 3.72, 3.99, 3.92, 3.85, 1.98, 3.72, 1.66, 6.61, 4.05],
  xi_62 = [6.09, 2.86, 5.28, 6.80, 6.33, 4.90, 3.02, 3.17, 2.76, 2.91],
  xi_63 = [8.93, 3.28, 1.05, 8.15, 3.07, 8.90, 9.76, 9.11, 9.97, 9.96],
  xi_64 = [7.18, 8.84, 6.77, 6.51, 2.31, 8.21, 7.20, 6.68, 6.84, 7.16],
  xi_65 = [7.95, 6.80, 6.47, 7.17, 1.82, 8.26, 6.03, 7.60, 7.47, 7.29],
  xi_66 = [1.96, 4.86, 6.26, 1.68, 7.63, 7.81, 2.00, 1.85, 5.87, 9.63],
  xi_67 = [6.90, 6.46, 5.61, 6.64, 8.47, 6.42, 4.23, 6.93, 6.32, 6.39],
  xi_68 = [6.18, 6.20, 5.70, 6.21, 4.22, 8.05, 7.41, 1.74, 7.60, 5.64],
  xi_69 = [7.84, 8.15, 2.31, 4.03, 3.60, 8.86, 8.84, 4.61, 4.79, 7.79],
  xi_610 = [6.56, 6.93, 6.90, 6.12, 7.47, 2.79, 7.36, 3.33, 7.33, 6.65],
  xi_71 = [11.98, 5.84, 10.96, 9.73, 11.03, 9.80, 9.48, 8.13, 10.47, 9.01],
  xi_72 = [8.11, 7.83, 5.66, 7.46, 6.92, 8.47, 8.05, 8.38, 7.56, 8.58],
  xi_73 = [10.74, 5.05, 8.99, 8.31, 9.93, 5.04, 7.57, 6.25, 9.15, 9.10],
  xi_74 = [10.54, 2.01, 10.46, 10.07, 11.78, 9.84, 11.61, 10.09, 9.89, 4.09],
  xi_75 = [8.16, 3.77, 3.48, 1.47, 3.78, 7.16, 3.18, 7.44, 3.65, 4.04],
  xi_76 = [9.45, 9.05, 9.47, 11.77, 11.71, 8.70, 8.53, 4.76, 9.00, 10.77],
  xi_77 = [4.85, 9.88, 2.86, 2.56, 2.84, 2.98, 2.66, 3.12, 3.04, 2.99],
  xi_78 = [10.34, 3.47, 8.81, 10.47, 8.90, 11.50, 9.85, 2.70, 10.48, 9.81],
  xi_79 = [4.88, 6.53, 8.00, 4.77, 3.31, 7.26, 9.60, 6.27, 3.93, 4.76],
  xi_710 = [2.95, 2.07, 3.50, 9.62, 4.06, 5.71, 5.82, 3.96, 4.41, 4.57],
  xi_81 = [4.55, 4.54, 6.85, 1.99, 4.87, 4.53, 5.47, 5.11, 7.59, 4.68],
  xi_82 = [10.55, 8.71, 3.86, 9.95, 9.14, 5.03, 12.40, 6.23, 8.37, 2.33],
  xi_83 = [7.87, 6.06, 5.74, 6.10, 8.04, 5.89, 6.05, 5.37, 7.02, 6.66],
  xi_84 = [6.43, 1.78, 1.79, 2.04, 1.69, 1.78, 2.06, 1.84, 2.16, 1.84],
  xi_85 = [8.47, 3.54, 8.58, 9.02, 8.10, 1.64, 8.70, 10.37, 8.89, 8.22],
  xi_86 = [4.74, 4.53, 5.13, 3.49, 4.81, 4.92, 5.27, 5.20, 5.36, 4.29],
  xi_87 = [2.48, 1.08, 1.17, 0.82, 3.61, 1.08, 7.05, 5.59, 5.93, 0.95],
  xi_88 = [5.14, 5.78, 5.24, 5.50, 5.37, 4.45, 4.48, 5.36, 5.41, 2.70],
  xi_89 = [0.99, 3.59, 0.90, 2.96, 1.70, 9.99, 4.47, 0.88, 1.73, 0.89],
  xi_810 = [4.84, 5.16, 6.54, 6.19, 6.41, 5.83, 4.95, 6.42, 6.10, 6.16],
  xi_91 = [6.38, 7.37, 6.06, 5.36, 6.76, 6.09, 6.09, 5.96, 6.29, 5.87],
  xi_92 = [6.17, 7.12, 7.87, 6.90, 9.49, 7.51, 6.46, 6.62, 7.40, 7.15],
  xi_93 = [3.61, 1.58, 3.42, 8.82, 9.62, 4.90, 9.84, 9.07, 3.62, 10.53],
  xi_94 = [2.59, 3.35, 2.50, 2.11, 7.40, 2.10, 2.13, 8.00, 2.64, 2.23],
  xi_95 = [5.97, 1.77, 2.49, 2.07, 1.69, 1.69, 2.14, 1.53, 1.93, 3.32],
  xi_96 = [6.32, 6.50, 2.93, 7.35, 2.29, 7.98, 6.81, 7.63, 7.30, 6.77],
  xi_97 = [7.57, 2.38, 6.37, 9.88, 6.97, 5.88, 2.15, 6.39, 9.61, 6.28],
  xi_98 = [7.22, 0.94, 0.94, 0.99, 0.94, 0.90, 0.99, 3.22, 1.33, 1.18],
  xi_99 = [1.59, 2.24, 4.97, 5.98, 5.44, 5.90, 7.05, 3.80, 6.40, 5.62],
  xi_910 = [7.85, 3.27, 2.86, 2.88, 2.19, 2.91, 3.03, 2.74, 4.38, 2.77],
  xi_101 = [4.07, 11.64, 9.49, 2.88, 1.02, 10.62, 8.22, 11.68, 9.43, 8.39],
  xi_102 = [1.98, 1.83, 1.76, 1.71, 1.89, 4.35, 2.32, 2.09, 1.61, 1.79],
  xi_103 = [6.49, 4.81, 7.68, 7.51, 5.74, 7.82, 6.82, 6.45, 6.96, 7.05],
  xi_104 = [6.22, 6.62, 4.33, 9.31, 8.95, 7.30, 7.06, 7.48, 7.56, 6.94],
  xi_105 = [5.90, 6.60, 1.50, 2.23, 6.16, 5.79, 6.07, 1.54, 7.62, 9.07],
  xi_106 = [1.43, 4.04, 0.89, 1.05, 1.81, 3.05, 3.81, 6.51, 1.08, 0.95],
  xi_107 = [4.70, 4.79, 2.31, 4.83, 4.92, 4.88, 4.16, 8.32, 4.92, 3.00],
  xi_108 = [7.87, 8.18, 7.78, 6.96, 6.26, 9.62, 8.03, 8.18, 1.89, 7.29],
  xi_109 = [9.60, 3.06, 0.86, 9.90, 1.01, 1.00, 4.69, 1.34, 0.91, 1.16],
  xi_1010 = [8.14, 8.78, 3.32, 4.45, 9.74, 9.94, 6.97, 3.00, 7.79, 7.94],
  xi_111 = [2.16, 6.01, 7.77, 7.09, 8.65, 7.55, 6.25, 6.42, 6.11, 5.29],
  xi_112 = [10.51, 8.22, 9.49, 3.29, 9.99, 8.35, 9.36, 5.45, 5.24, 9.27],
  xi_113 = [2.05, 5.85, 8.44, 4.22, 2.32, 2.05, 9.61, 4.87, 2.72, 2.05],
  xi_114 = [10.12, 9.45, 1.81, 8.54, 8.89, 7.71, 7.07, 9.10, 9.84, 8.95],
  xi_115 = [7.43, 2.66, 2.76, 3.35, 3.24, 3.20, 4.66, 7.82, 4.21, 2.91],
  xi_116 = [8.78, 5.61, 1.32, 10.81, 10.25, 7.66, 4.56, 10.33, 8.76, 8.88],
  xi_117 = [2.60, 2.81, 2.66, 2.92, 3.02, 3.54, 2.87, 2.59, 3.25, 2.96],
  xi_118 = [4.85, 5.16, 5.01, 4.98, 5.78, 5.21, 5.38, 4.90, 1.66, 4.08],
  xi_119 = [2.87, 5.59, 7.37, 5.62, 7.12, 1.20, 5.57, 5.90, 6.77, 2.08],
  xi_1110 = [2.76, 4.01, 4.24, 4.92, 4.59, 4.35, 4.10, 4.34, 3.70, 6.79],
  xi_121 = [9.74, 11.05, 9.76, 9.86, 2.50, 10.57, 9.48, 10.71, 2.79, 5.55],
  xi_122 = [2.84, 1.29, 2.89, 3.07, 2.55, 8.83, 5.45, 3.03, 7.06, 2.84],
  xi_123 = [3.07, 9.55, 9.55, 3.22, 8.95, 2.84, 4.44, 5.26, 2.62, 3.59],
  xi_124 = [8.88, 4.55, 8.76, 9.29, 8.93, 4.61, 7.42, 8.48, 8.72, 8.84],
  xi_125 = [3.02, 9.31, 3.53, 5.49, 7.69, 2.46, 6.29, 2.52, 9.65, 2.63],
  xi_126 = [7.91, 3.05, 9.32, 8.37, 8.85, 8.43, 7.51, 9.90, 8.05, 6.41],
  xi_127 = [8.87, 1.00, 1.15, 1.14, 2.20, 6.52, 1.11, 5.76, 1.05, 1.08],
  xi_128 = [9.60, 8.10, 1.03, 6.01, 10.10, 8.50, 8.65, 5.68, 9.30, 10.46],
  xi_129 = [9.05, 9.03, 2.30, 8.80, 7.71, 3.30, 5.95, 9.06, 2.48, 5.10],
  xi_1210 = [5.44, 5.12, 5.01, 4.13, 2.66, 4.05, 4.82, 5.69, 4.91, 4.72],
  xi_131 = [5.29, 9.09, 6.47, 5.46, 5.44, 4.40, 3.81, 2.59, 4.61, 5.57],
  xi_132 = [2.67, 8.50, 3.51, 3.05, 3.23, 2.93, 2.57, 2.74, 2.94, 3.01],
  xi_133 = [7.85, 5.51, 6.68, 6.88, 7.56, 5.11, 6.69, 5.79, 3.78, 5.94],
  xi_134 = [4.71, 6.13, 4.64, 5.96, 1.74, 8.68, 3.54, 4.46, 5.42, 9.70],
  xi_135 = [10.25, 9.16, 10.51, 8.57, 10.55, 7.73, 9.36, 9.86, 3.05, 3.59],
  xi_136 = [3.55, 4.47, 2.91, 3.39, 3.29, 3.32, 2.76, 2.79, 2.58, 2.71],
  xi_137 = [8.39, 9.58, 9.88, 8.88, 8.34, 10.33, 1.12, 6.96, 9.17, 7.32],
  xi_138 = [7.76, 9.23, 8.93, 6.85, 8.34, 5.58, 6.45, 3.93, 9.45, 7.68],
  xi_139 = [5.57, 5.98, 5.93, 2.11, 5.59, 9.51, 2.56, 9.43, 5.79, 5.76],
  xi_1310 = [9.65, 11.24, 6.31, 9.71, 11.85, 7.85, 9.65, 10.02, 9.26, 9.09],
  xi_141 = [6.32, 3.11, 6.35, 1.80, 5.86, 5.98, 7.28, 6.62, 7.73, 7.77],
  xi_142 = [6.73, 5.20, 5.87, 5.69, 6.17, 7.27, 4.96, 3.06, 3.10, 6.19],
  xi_143 = [2.79, 3.26, 3.67, 3.11, 3.06, 2.66, 2.74, 7.86, 2.96, 3.00],
  xi_144 = [5.79, 2.49, 4.48, 3.82, 4.56, 3.61, 3.66, 4.21, 5.04, 8.73],
  xi_145 = [1.88, 1.94, 2.13, 8.98, 2.22, 1.83, 4.36, 2.03, 2.07, 4.98],
  xi_146 = [7.24, 6.72, 8.10, 2.67, 9.67, 2.91, 3.27, 3.02, 1.82, 3.27],
  xi_147 = [10.56, 10.58, 10.41, 10.71, 9.69, 9.72, 11.44, 5.23, 11.11, 14.18],
  xi_148 = [8.55, 2.06, 7.88, 9.84, 1.93, 7.24, 7.21, 6.97, 7.34, 2.89],
  xi_149 = [11.51, 3.78, 9.69, 11.38, 9.98, 8.95, 10.10, 10.30, 9.09, 9.92],
  xi_1410 = [6.96, 7.51, 7.64, 3.22, 2.06, 2.05, 1.74, 1.04, 4.13, 7.90],
  xi_151 = [6.23, 4.68, 5.96, 4.05, 5.87, 6.99, 5.24, 6.23, 5.12, 4.68],
  xi_152 = [9.96, 9.39, 10.03, 5.12, 4.69, 9.39, 10.14, 10.00, 1.04, 2.73],
  xi_153 = [3.91, 7.94, 8.13, 4.01, 2.01, 7.68, 6.96, 1.97, 6.79, 5.96],
  xi_154 = [3.10, 3.61, 2.59, 6.93, 3.17, 4.60, 2.61, 2.34, 3.16, 3.44],
  xi_155 = [4.91, 2.06, 1.68, 2.06, 1.97, 1.89, 1.85, 4.19, 1.81, 1.86],
  xi_156 = [2.89, 3.04, 2.80, 2.60, 2.96, 3.33, 7.18, 5.34, 3.36, 2.84],
  xi_157 = [8.76, 10.64, 10.03, 10.05, 7.19, 10.57, 7.72, 10.01, 11.35, 9.40],
  xi_158 = [3.52, 3.57, 3.38, 3.80, 3.51, 4.40, 6.59, 3.92, 4.27, 4.02],
  xi_159 = [1.16, 4.27, 0.84, 1.04, 0.99, 0.91, 7.35, 1.01, 7.82, 1.07],
  xi_1510 = [7.63, 1.12, 1.10, 1.29, 1.50, 5.72, 1.60, 0.85, 1.80, 2.75],
  xi_161 = [2.23, 7.71, 5.61, 6.11, 4.96, 5.60, 4.71, 7.56, 4.80, 8.43],
  xi_162 = [4.30, 4.75, 4.12, 3.16, 4.28, 3.66, 3.25, 4.04, 4.71, 3.78],
  xi_163 = [1.69, 1.89, 9.03, 1.87, 2.14, 2.02, 2.32, 5.24, 2.24, 1.86],
  xi_164 = [3.89, 3.90, 4.06, 3.74, 6.32, 2.38, 3.92, 2.41, 4.01, 1.27],
  xi_165 = [9.66, 9.24, 4.37, 9.31, 10.42, 9.62, 8.42, 7.80, 9.83, 10.54],
  xi_166 = [1.98, 2.01, 3.20, 9.86, 5.50, 2.08, 1.28, 1.55, 1.80, 1.99],
  xi_167 = [6.55, 6.63, 1.21, 2.33, 4.37, 7.89, 7.46, 6.66, 8.06, 6.28],
  xi_168 = [5.69, 3.50, 1.92, 3.00, 3.22, 2.72, 9.37, 2.64, 4.18, 3.02],
  xi_169 = [0.86, 1.23, 1.05, 1.04, 1.53, 1.07, 6.32, 0.91, 1.14, 4.62],
  xi_1610 = [6.10, 5.67, 4.11, 6.44, 5.74, 6.41, 2.63, 5.61, 6.37, 5.82],
  xi_171 = [7.56, 1.38, 4.69, 8.77, 6.25, 11.48, 8.68, 7.53, 9.03, 8.01],
  xi_172 = [2.36, 2.88, 3.18, 4.59, 3.49, 8.24, 2.87, 2.84, 2.96, 9.13],
  xi_173 = [1.64, 9.26, 6.89, 2.54, 3.03, 1.85, 2.11, 9.29, 2.07, 2.00],
  xi_174 = [7.54, 3.71, 7.74, 8.81, 8.00, 8.40, 7.31, 7.96, 8.03, 8.05],
  xi_175 = [4.54, 1.29, 5.85, 8.05, 4.89, 5.01, 1.30, 7.85, 5.10, 5.80],
  xi_176 = [4.75, 7.46, 6.38, 5.99, 6.47, 6.77, 1.95, 6.30, 7.37, 3.04],
  xi_177 = [9.68, 1.05, 5.87, 1.07, 1.24, 1.08, 1.22, 1.11, 7.18, 0.80],
  xi_178 = [3.26, 3.53, 3.19, 3.08, 2.91, 2.81, 6.50, 1.60, 3.17, 5.69],
  xi_179 = [4.23, 1.03, 0.97, 1.94, 1.00, 7.89, 4.22, 0.98, 3.43, 0.87],
  xi_1710 = [2.38, 6.74, 6.99, 7.04, 4.25, 7.44, 5.24, 7.84, 9.06, 8.47],
  xi_181 = [5.66, 7.12, 6.27, 3.02, 5.79, 8.18, 5.46, 5.81, 3.41, 6.83],
  xi_182 = [3.22, 2.86, 2.94, 8.28, 2.54, 2.90, 2.66, 6.74, 3.03, 1.43],
  xi_183 = [8.05, 5.08, 9.66, 10.57, 8.92, 9.14, 8.58, 8.44, 10.36, 4.68],
  xi_184 = [9.69, 7.50, 8.30, 7.34, 1.32, 8.39, 8.75, 8.09, 7.35, 7.86],
  xi_185 = [6.20, 5.98, 5.34, 9.94, 6.35, 2.50, 5.57, 6.62, 6.31, 6.20],
  xi_186 = [6.58, 5.43, 1.03, 4.18, 0.93, 0.90, 0.99, 1.10, 1.13, 1.44],
  xi_187 = [2.60, 3.26, 3.03, 2.72, 7.77, 6.60, 8.21, 2.66, 2.97, 7.29],
  xi_188 = [5.18, 6.27, 5.97, 9.86, 6.24, 7.13, 5.81, 6.50, 6.67, 6.70],
  xi_189 = [2.00, 1.45, 1.72, 7.88, 1.94, 6.58, 7.58, 1.97, 1.69, 2.29],
  xi_1810 = [0.92, 0.96, 0.88, 1.16, 1.09, 0.96, 1.02, 1.28, 0.89, 1.23],
  xi_191 = [2.02, 1.21, 1.97, 2.01, 1.87, 2.16, 2.02, 6.31, 4.43, 2.06],
  xi_192 = [2.57, 2.03, 2.73, 1.16, 4.91, 3.42, 3.43, 2.68, 2.13, 2.39],
  xi_193 = [6.55, 1.11, 6.69, 5.49, 5.62, 6.35, 1.89, 6.09, 3.32, 6.25],
  xi_194 = [4.62, 4.60, 4.32, 3.75, 4.13, 4.06, 4.15, 3.87, 4.22, 4.58],
  xi_195 = [8.60, 7.47, 8.95, 7.57, 1.56, 3.70, 8.36, 4.29, 8.58, 7.79],
  xi_196 = [8.96, 5.19, 7.68, 8.48, 8.16, 8.53, 6.58, 10.21, 9.39, 8.67],
  xi_197 = [6.44, 6.87, 7.89, 8.51, 8.22, 7.50, 7.98, 8.12, 7.66, 7.19],
  xi_198 = [8.09, 8.70, 7.49, 7.43, 8.23, 8.54, 1.31, 7.38, 8.95, 1.72],
  xi_199 = [4.47, 6.88, 2.45, 9.19, 4.08, 5.38, 4.59, 5.46, 7.56, 5.35],
  xi_1910 = [1.96, 1.60, 1.75, 2.23, 2.07, 2.62, 2.40, 5.12, 2.07, 9.28],
  xi_201 = [2.07, 5.02, 6.72, 8.49, 2.20, 9.11, 7.28, 1.88, 1.95, 1.80],
  xi_202 = [4.93, 8.49, 9.93, 8.93, 10.51, 6.79, 9.29, 10.48, 10.96, 8.68],
  xi_203 = [7.90, 6.31, 7.39, 6.78, 7.62, 6.14, 7.42, 7.62, 7.10, 6.25],
  xi_204 = [1.65, 9.58, 11.49, 1.51, 9.86, 9.51, 9.49, 10.32, 9.91, 1.58],
  xi_205 = [9.23, 8.33, 9.83, 9.86, 7.81, 6.47, 1.01, 9.28, 10.21, 11.19],
  xi_206 = [1.00, 1.07, 0.90, 4.45, 0.86, 1.14, 1.01, 1.11, 1.05, 4.70],
  xi_207 = [6.70, 7.40, 6.64, 7.15, 7.13, 7.61, 3.07, 7.58, 2.38, 7.43],
  xi_208 = [5.20, 2.32, 4.85, 4.56, 5.29, 3.51, 3.25, 5.72, 4.71, 5.79],
  xi_209 = [3.53, 9.81, 8.06, 8.50, 10.42, 8.07, 6.92, 10.46, 4.92, 8.72],
  xi_2010 = [5.66, 8.34, 7.44, 3.83, 6.84, 8.50, 6.18, 8.23, 7.57, 7.94],
  xi_211 = [2.62, 2.69, 3.27, 9.78, 11.47, 8.62, 10.33, 8.75, 8.08, 1.41],
  xi_212 = [9.89, 10.56, 8.45, 11.13, 2.35, 10.15, 10.11, 8.41, 3.07, 10.15],
  xi_213 = [6.25, 5.97, 6.55, 5.96, 6.57, 6.38, 5.68, 7.86, 4.56, 6.65],
  xi_214 = [10.19, 9.16, 9.04, 6.90, 11.28, 9.69, 12.93, 10.76, 3.45, 10.73],
  xi_215 = [1.07, 0.92, 2.50, 0.98, 1.09, 3.19, 1.10, 4.94, 1.16, 0.86],
  xi_216 = [8.12, 8.11, 5.97, 4.01, 3.33, 4.35, 3.72, 9.71, 3.90, 6.00],
  xi_217 = [5.09, 5.56, 4.87, 4.66, 5.05, 5.24, 4.23, 5.25, 5.31, 4.74],
  xi_218 = [8.69, 9.14, 8.89, 5.89, 7.79, 1.13, 7.74, 8.75, 7.39, 4.93],
  xi_219 = [1.07, 0.98, 1.10, 0.81, 2.30, 0.99, 0.91, 0.86, 9.35, 0.95],
  xi_2110 = [5.23, 5.19, 8.20, 4.84, 5.23, 4.99, 5.07, 4.33, 4.72, 4.69],
  xi_221 = [2.18, 3.17, 3.49, 8.85, 3.18, 3.06, 3.80, 3.14, 2.53, 2.79],
  xi_222 = [2.49, 4.05, 4.76, 1.84, 5.26, 7.63, 4.36, 2.04, 4.11, 5.22],
  xi_223 = [2.64, 6.41, 6.11, 5.42, 8.88, 9.37, 8.10, 8.01, 7.80, 2.05],
  xi_224 = [4.01, 4.90, 8.73, 5.48, 5.43, 6.97, 4.22, 9.38, 4.28, 3.60],
  xi_225 = [5.98, 7.08, 8.19, 8.58, 8.48, 3.38, 9.84, 8.12, 8.94, 7.70],
  xi_226 = [1.12, 0.88, 7.44, 5.53, 2.74, 1.15, 1.14, 3.34, 2.90, 1.05],
  xi_227 = [9.06, 5.26, 7.94, 9.40, 6.89, 5.94, 8.04, 9.24, 5.05, 8.72],
  xi_228 = [3.11, 7.88, 9.32, 9.74, 7.96, 8.88, 1.09, 9.55, 8.69, 9.25],
  xi_229 = [5.51, 4.53, 6.85, 4.26, 4.66, 2.39, 5.26, 4.72, 4.76, 5.29],
  xi_2210 = [7.32, 8.17, 7.95, 7.14, 7.28, 1.20, 7.45, 7.36, 9.06, 9.58],
  xi_231 = [4.57, 1.59, 2.04, 4.46, 8.16, 4.67, 9.02, 4.12, 8.62, 3.94],
  xi_232 = [0.92, 1.19, 8.28, 5.54, 0.86, 6.00, 1.08, 0.82, 3.60, 0.92],
  xi_233 = [10.33, 1.49, 8.93, 9.86, 9.48, 10.41, 10.61, 10.47, 9.88, 4.20],
  xi_234 = [7.84, 3.72, 9.04, 7.82, 5.49, 4.02, 8.70, 8.12, 6.23, 7.31],
  xi_235 = [4.26, 3.85, 3.73, 3.56, 3.98, 3.58, 3.88, 3.62, 3.91, 9.52],
  xi_236 = [2.74, 3.12, 2.56, 3.21, 2.93, 2.86, 3.23, 3.21, 2.59, 4.07],
  xi_237 = [2.12, 2.13, 1.94, 5.43, 3.03, 2.26, 3.05, 2.17, 2.03, 1.12],
  xi_238 = [8.29, 3.71, 3.84, 3.97, 3.60, 3.55, 2.52, 4.32, 3.59, 4.16],
  xi_239 = [10.99, 8.89, 3.51, 8.18, 9.15, 8.91, 8.80, 9.29, 9.67, 8.66],
  xi_2310 = [6.96, 7.30, 7.63, 7.37, 5.36, 6.70, 6.39, 8.66, 6.64, 9.26],
  xi_241 = [7.38, 7.83, 7.25, 7.13, 6.17, 7.02, 6.73, 7.63, 3.91, 4.03],
  xi_242 = [8.54, 2.82, 2.50, 2.85, 3.17, 3.60, 2.76, 9.08, 3.07, 3.23],
  xi_243 = [5.60, 8.69, 2.04, 9.11, 9.00, 8.81, 9.93, 8.85, 8.54, 9.14],
  xi_244 = [1.18, 1.02, 1.05, 0.89, 6.54, 6.64, 0.93, 5.16, 1.08, 1.05],
  xi_245 = [3.38, 4.55, 2.96, 4.37, 2.80, 3.07, 3.12, 2.80, 6.29, 2.89],
  xi_246 = [10.00, 4.10, 6.39, 5.92, 5.53, 4.94, 5.73, 5.32, 5.38, 6.32],
  xi_247 = [10.71, 8.86, 10.29, 7.98, 9.77, 10.00, 9.29, 10.66, 8.39, 10.63],
  xi_248 = [6.55, 8.54, 7.77, 8.47, 7.75, 8.60, 8.39, 10.74, 7.49, 9.30],
  xi_249 = [1.75, 4.18, 8.57, 10.39, 5.74, 1.25, 12.47, 5.49, 9.31, 10.70],
  xi_2410 = [5.98, 6.73, 6.83, 1.99, 3.45, 9.80, 8.65, 7.54, 6.40, 5.39],
  xi_251 = [7.87, 7.57, 8.38, 5.33, 6.31, 1.99, 7.40, 7.10, 3.52, 5.06],
  xi_252 = [4.02, 4.06, 7.22, 4.11, 3.87, 3.10, 6.59, 4.45, 3.38, 3.80],
  xi_253 = [3.87, 8.44, 8.92, 3.54, 3.49, 3.40, 1.70, 4.64, 4.51, 4.41],
  xi_254 = [2.65, 3.18, 3.59, 5.20, 8.28, 4.99, 6.29, 6.15, 3.35, 7.80],
  xi_255 = [4.14, 3.91, 4.21, 4.71, 2.61, 4.21, 3.84, 3.77, 8.50, 7.83],
  xi_256 = [5.47, 9.78, 5.88, 5.74, 5.31, 5.60, 5.65, 8.32, 6.11, 6.02],
  xi_257 = [0.83, 1.02, 0.84, 8.45, 0.92, 8.62, 5.40, 0.92, 2.58, 0.97],
  xi_258 = [8.47, 6.13, 5.89, 1.61, 5.60, 5.69, 5.63, 6.26, 6.40, 9.78],
  xi_259 = [7.93, 0.85, 1.06, 5.57, 6.99, 6.45, 3.64, 0.96, 3.59, 1.15],
  xi_2510 = [5.40, 5.71, 5.35, 4.18, 4.64, 5.75, 4.55, 4.09, 4.92, 4.60],
  xi_261 = [6.63, 5.98, 7.14, 6.16, 5.28, 5.95, 6.77, 7.27, 5.47, 6.50],
  xi_262 = [1.41, 8.30, 6.66, 7.10, 8.06, 1.60, 3.64, 3.37, 5.89, 6.73],
  xi_263 = [10.45, 9.63, 9.01, 7.90, 4.33, 6.06, 3.37, 8.13, 8.10, 7.33],
  xi_264 = [4.07, 6.91, 8.39, 6.24, 6.43, 6.84, 6.99, 6.65, 7.58, 6.68],
  xi_265 = [5.89, 6.18, 6.25, 9.00, 8.00, 6.71, 1.88, 7.51, 2.68, 5.85],
  xi_266 = [2.28, 2.23, 1.94, 2.03, 1.84, 2.00, 2.28, 1.72, 5.54, 2.97],
  xi_267 = [7.71, 8.48, 9.63, 8.39, 7.60, 5.73, 8.71, 8.69, 6.76, 8.60],
  xi_268 = [5.43, 5.50, 5.03, 5.26, 4.86, 5.02, 5.70, 6.22, 4.97, 5.02],
  xi_269 = [0.98, 2.94, 9.03, 3.25, 5.39, 0.93, 0.78, 1.13, 9.99, 1.08],
  xi_2610 = [4.81, 8.81, 5.26, 8.05, 5.41, 6.16, 5.58, 3.98, 5.07, 4.83],
  xi_271 = [3.85, 4.12, 9.69, 4.11, 4.20, 3.76, 1.14, 3.80, 3.64, 4.21],
  xi_272 = [5.60, 0.89, 8.36, 1.21, 5.01, 0.95, 1.08, 4.89, 1.04, 1.03],
  xi_273 = [7.27, 5.86, 8.20, 7.22, 7.06, 8.50, 7.03, 2.59, 6.55, 7.53],
  xi_274 = [7.83, 4.71, 11.31, 9.46, 7.27, 9.81, 1.54, 7.00, 9.26, 7.86],
  xi_275 = [1.63, 4.44, 3.83, 4.00, 3.80, 4.00, 4.46, 4.64, 4.68, 6.21],
  xi_276 = [8.12, 2.15, 1.02, 0.99, 1.12, 1.21, 1.04, 5.33, 0.91, 1.01],
  xi_277 = [9.53, 6.18, 3.41, 2.28, 4.59, 8.15, 2.37, 2.00, 5.96, 1.61],
  xi_278 = [1.02, 0.86, 2.07, 7.38, 0.98, 9.43, 0.82, 1.09, 9.27, 6.74],
  xi_279 = [1.99, 2.63, 10.32, 7.87, 7.52, 9.90, 7.40, 8.09, 2.86, 7.63],
  xi_2710 = [9.11, 4.28, 7.88, 10.19, 8.24, 9.46, 8.81, 4.87, 8.66, 8.69],
  xi_281 = [7.63, 10.49, 10.40, 10.14, 10.71, 10.78, 10.07, 10.33, 7.39, 8.92],
  xi_282 = [7.69, 6.23, 5.64, 3.94, 8.05, 8.85, 8.69, 2.93, 8.11, 7.56],
  xi_283 = [6.94, 3.94, 7.53, 2.49, 9.06, 10.13, 4.49, 8.30, 3.77, 8.47],
  xi_284 = [7.39, 6.43, 7.61, 7.62, 2.55, 4.54, 6.28, 7.09, 5.82, 7.53],
  xi_285 = [9.80, 8.49, 6.27, 8.47, 6.10, 8.46, 8.60, 7.77, 6.37, 9.11],
  xi_286 = [7.98, 8.35, 7.70, 8.93, 9.54, 8.34, 6.28, 7.81, 6.98, 9.21],
  xi_287 = [7.44, 8.02, 9.06, 8.53, 7.25, 8.04, 7.88, 7.76, 6.76, 7.08],
  xi_288 = [1.37, 2.57, 2.58, 2.98, 3.10, 2.76, 3.25, 3.15, 3.05, 6.21],
  xi_289 = [5.32, 5.75, 4.73, 5.18, 5.30, 4.82, 7.99, 4.14, 4.97, 4.73],
  xi_2810 = [6.69, 1.67, 2.20, 8.22, 2.76, 8.75, 3.07, 9.20, 5.14, 6.63],
  xi_291 = [3.66, 1.03, 7.49, 0.92, 6.80, 1.01, 1.08, 1.08, 1.06, 6.82],
  xi_292 = [1.95, 2.40, 2.03, 1.84, 4.48, 9.26, 2.30, 1.85, 1.60, 2.16],
  xi_293 = [5.01, 5.31, 4.62, 4.84, 4.44, 5.01, 5.02, 4.68, 7.76, 3.29],
  xi_294 = [3.60, 4.22, 2.42, 4.04, 4.57, 2.57, 5.41, 9.85, 4.50, 4.38],
  xi_295 = [7.75, 0.90, 1.04, 1.07, 1.03, 5.79, 0.90, 1.19, 0.97, 1.12],
  xi_296 = [8.58, 9.24, 4.70, 3.40, 8.23, 8.98, 8.90, 4.28, 6.89, 8.21],
  xi_297 = [3.35, 5.48, 4.80, 6.27, 7.09, 5.04, 5.13, 5.21, 4.80, 4.24],
  xi_298 = [1.65, 7.31, 8.76, 8.34, 6.62, 6.84, 5.07, 1.48, 8.03, 5.88],
  xi_299 = [3.43, 4.47, 5.76, 3.53, 3.59, 4.44, 4.25, 8.51, 3.89, 3.28],
  xi_2910 = [6.21, 5.03, 8.63, 9.21, 10.98, 9.30, 9.36, 4.18, 6.95, 9.82],
  xi_301 = [3.09, 2.74, 3.09, 8.39, 3.15, 3.41, 2.65, 4.72, 3.03, 2.61],
  xi_302 = [7.56, 7.11, 6.92, 7.44, 7.17, 4.43, 7.63, 6.00, 5.88, 6.79],
  xi_303 = [2.83, 3.12, 3.26, 6.78, 3.42, 2.95, 2.46, 5.27, 2.74, 3.83],
  xi_304 = [4.73, 4.78, 4.69, 7.87, 5.27, 5.25, 3.86, 4.70, 5.19, 5.22],
  xi_305 = [5.00, 4.30, 4.39, 4.73, 6.40, 3.10, 3.79, 5.32, 4.68, 3.98],
  xi_306 = [8.46, 4.07, 4.33, 3.92, 3.85, 4.36, 3.91, 3.42, 3.65, 4.45],
  xi_307 = [4.62, 5.99, 5.24, 5.05, 5.75, 1.59, 5.24, 3.01, 4.41, 4.59],
  xi_308 = [2.54, 2.88, 2.96, 3.40, 3.20, 3.06, 2.81, 5.09, 6.73, 3.89],
  xi_309 = [6.37, 5.38, 6.83, 2.58, 6.36, 5.10, 6.21, 5.35, 2.98, 7.77],
  xi_3010 = [1.07, 1.80, 7.49, 6.46, 6.18, 4.15, 6.73, 9.47, 5.66, 3.82],
  xi_311 = [1.32, 0.94, 0.90, 1.08, 1.03, 8.38, 1.05, 1.00, 6.21, 1.09],
  xi_312 = [7.90, 8.58, 8.20, 7.17, 8.35, 8.21, 1.70, 8.24, 8.21, 5.59],
  xi_313 = [0.96, 0.84, 1.17, 8.79, 4.83, 1.03, 4.57, 9.76, 0.98, 1.12],
  xi_314 = [2.08, 6.28, 2.30, 2.25, 7.34, 2.26, 1.78, 1.72, 2.14, 1.79],
  xi_315 = [10.16, 8.89, 9.42, 9.93, 1.47, 9.11, 9.44, 10.39, 8.52, 8.90],
  xi_316 = [1.25, 0.99, 1.02, 7.66, 5.90, 1.28, 1.04, 0.86, 8.11, 7.16],
  xi_317 = [3.56, 8.26, 1.33, 8.77, 9.04, 8.77, 4.99, 8.76, 8.01, 6.65],
  xi_318 = [7.31, 3.92, 5.84, 7.06, 3.21, 7.48, 9.97, 2.62, 6.56, 6.16],
  xi_319 = [2.99, 2.57, 8.29, 3.46, 2.74, 6.63, 6.09, 2.87, 5.89, 2.80],
  xi_3110 = [10.71, 9.62, 10.23, 10.93, 11.39, 10.77, 10.76, 11.54, 3.84, 1.71],
  xi_321 = [9.34, 7.86, 8.70, 8.62, 9.39, 8.43, 2.66, 9.51, 9.36, 8.41],
  xi_322 = [8.88, 1.14, 1.21, 3.06, 1.07, 0.91, 1.07, 6.62, 0.84, 0.89],
  xi_323 = [4.02, 2.57, 2.50, 7.53, 2.94, 2.80, 2.89, 3.01, 3.61, 5.27],
  xi_324 = [1.28, 2.74, 2.76, 2.48, 3.03, 3.27, 2.89, 3.32, 2.52, 2.91],
  xi_325 = [3.91, 3.16, 6.14, 6.07, 2.85, 7.41, 6.19, 5.52, 6.05, 1.07],
  xi_326 = [0.87, 0.98, 1.10, 6.50, 0.81, 8.57, 8.29, 0.99, 2.81, 0.99],
  xi_327 = [1.78, 2.42, 3.25, 3.09, 3.00, 3.34, 2.93, 3.18, 2.85, 2.74],
  xi_328 = [3.38, 2.71, 2.68, 6.14, 6.28, 2.50, 3.24, 2.96, 2.98, 2.97],
  xi_329 = [6.69, 7.18, 6.95, 7.66, 4.09, 3.83, 6.76, 6.35, 7.41, 7.15],
  xi_3210 = [8.07, 6.34, 6.73, 6.46, 5.42, 5.07, 6.65, 6.97, 6.29, 8.50],
  xi_331 = [1.08, 0.97, 1.19, 1.09, 1.08, 1.04, 1.06, 1.06, 1.34, 0.94],
  xi_332 = [2.96, 2.95, 5.66, 3.00, 2.32, 2.40, 2.94, 3.21, 3.28, 3.32],
  xi_333 = [5.36, 5.77, 5.70, 6.72, 6.41, 7.39, 3.14, 6.84, 1.71, 5.63],
  xi_334 = [5.81, 6.74, 3.25, 7.35, 3.74, 6.99, 3.91, 7.66, 7.30, 6.87],
  xi_335 = [9.62, 11.76, 8.99, 9.57, 10.29, 9.93, 7.44, 9.88, 7.03, 10.68],
  xi_336 = [2.16, 6.28, 2.19, 2.15, 2.40, 2.97, 2.42, 1.80, 2.00, 9.35],
  xi_337 = [9.16, 7.50, 6.25, 7.14, 6.25, 6.23, 8.69, 7.97, 7.13, 7.37],
  xi_338 = [8.67, 8.37, 9.62, 9.02, 8.34, 10.21, 7.88, 8.76, 9.49, 9.65],
  xi_339 = [10.94, 8.09, 1.15, 9.18, 5.29, 9.06, 10.56, 7.57, 8.76, 7.49],
  xi_3310 = [9.81, 8.72, 8.96, 9.07, 6.72, 9.41, 8.59, 10.04, 10.61, 9.15],
  xi_341 = [4.39, 3.57, 8.58, 3.10, 9.15, 4.21, 4.25, 4.24, 9.72, 3.64],
  xi_342 = [7.58, 7.30, 1.05, 7.51, 7.17, 9.56, 8.52, 7.36, 8.10, 7.36],
  xi_343 = [9.17, 8.85, 3.25, 2.72, 3.07, 2.11, 1.76, 10.00, 2.73, 3.46],
  xi_344 = [4.46, 4.65, 3.95, 3.72, 5.72, 4.92, 4.26, 5.17, 6.04, 3.85],
  xi_345 = [6.71, 6.93, 6.15, 7.13, 6.57, 6.38, 7.38, 6.59, 1.67, 6.77],
  xi_346 = [3.50, 7.67, 6.87, 6.14, 9.95, 7.44, 7.82, 2.96, 4.55, 7.28],
  xi_347 = [6.92, 5.59, 7.32, 6.41, 6.36, 8.60, 7.91, 7.70, 5.78, 9.28],
  xi_348 = [9.80, 0.84, 0.88, 5.15, 0.96, 1.06, 0.78, 2.11, 1.13, 2.82],
  xi_349 = [3.14, 2.77, 3.17, 4.05, 2.90, 3.26, 3.08, 2.64, 2.82, 8.09],
  xi_3410 = [2.53, 2.68, 2.34, 2.95, 2.76, 2.83, 3.09, 8.69, 3.16, 2.19],
  xi_351 = [5.55, 4.23, 2.94, 2.87, 3.31, 2.54, 5.47, 2.65, 4.19, 2.43],
  xi_352 = [2.83, 2.86, 4.24, 3.30, 3.35, 6.07, 3.07, 3.26, 8.18, 9.33],
  xi_353 = [9.63, 9.63, 8.85, 10.30, 7.79, 8.93, 6.03, 4.68, 10.22, 6.15],
  xi_354 = [3.05, 2.82, 8.49, 3.07, 5.40, 2.86, 4.17, 3.05, 3.05, 2.71],
  xi_355 = [8.01, 4.92, 4.91, 5.55, 4.72, 5.01, 9.49, 9.40, 8.32, 7.06],
  xi_356 = [3.93, 3.46, 8.29, 4.87, 9.84, 3.89, 4.46, 8.91, 4.17, 3.97],
  xi_357 = [5.45, 4.47, 7.42, 6.19, 2.96, 1.13, 5.88, 8.91, 6.83, 5.79],
  xi_358 = [5.92, 6.10, 5.97, 6.25, 6.14, 8.14, 5.70, 5.71, 6.62, 6.56],
  xi_359 = [5.09, 5.51, 4.60, 9.13, 5.56, 4.60, 3.79, 5.24, 9.83, 5.32],
  xi_3510 = [8.94, 3.82, 2.97, 3.18, 2.71, 2.65, 9.85, 3.18, 3.78, 3.49],
  xi_361 = [10.34, 9.90, 11.42, 4.94, 2.98, 10.79, 10.47, 9.82, 4.16, 10.60],
  xi_362 = [9.49, 9.96, 10.51, 10.00, 10.59, 9.27, 8.69, 11.16, 8.27, 9.84],
  xi_363 = [5.74, 6.76, 6.33, 3.15, 7.45, 7.06, 7.78, 8.54, 6.94, 7.61],
  xi_364 = [4.70, 8.68, 3.96, 4.53, 5.25, 5.73, 4.66, 5.15, 5.50, 6.51],
  xi_365 = [6.55, 2.75, 2.99, 3.05, 3.06, 7.12, 7.41, 8.18, 3.09, 7.88],
  xi_366 = [6.72, 4.93, 3.70, 3.20, 1.40, 2.45, 3.68, 2.83, 3.13, 2.90],
  xi_367 = [1.11, 8.39, 7.11, 8.58, 5.44, 8.99, 1.26, 9.36, 9.06, 9.07],
  xi_368 = [9.37, 3.77, 4.70, 3.95, 3.92, 1.93, 1.10, 3.63, 4.00, 4.22],
  xi_369 = [9.93, 8.07, 5.04, 5.17, 5.61, 8.77, 8.95, 8.09, 4.45, 1.85],
  xi_3610 = [8.62, 9.65, 3.33, 7.66, 8.67, 8.37, 9.77, 7.94, 11.42, 8.67],
  xi_371 = [9.02, 8.23, 7.63, 6.79, 7.76, 8.60, 8.33, 9.17, 9.50, 8.62],
  xi_372 = [1.01, 4.94, 0.97, 0.86, 9.84, 0.96, 1.02, 9.77, 0.92, 0.91],
  xi_373 = [9.29, 3.27, 7.39, 7.30, 2.69, 2.73, 3.15, 2.61, 2.72, 2.98],
  xi_374 = [5.82, 5.74, 9.11, 8.48, 5.87, 7.06, 5.61, 2.42, 2.27, 4.14],
  xi_375 = [5.77, 5.06, 7.37, 6.66, 5.25, 5.85, 1.23, 6.45, 5.76, 5.08],
  xi_376 = [5.02, 4.71, 5.67, 4.80, 5.27, 6.54, 2.54, 6.94, 4.87, 5.23],
  xi_377 = [10.63, 8.68, 10.70, 9.26, 9.31, 8.99, 4.59, 6.05, 7.00, 11.57],
  xi_378 = [4.82, 4.48, 4.94, 1.66, 5.82, 5.31, 3.72, 5.78, 4.85, 8.91],
  xi_379 = [8.99, 4.25, 10.08, 7.66, 9.59, 10.46, 11.04, 6.01, 8.04, 8.95],
  xi_3710 = [4.61, 8.88, 4.20, 8.89, 3.50, 3.85, 4.17, 4.16, 4.55, 9.21],
  xi_381 = [5.04, 9.15, 4.81, 5.38, 4.85, 7.35, 4.59, 5.52, 4.85, 4.24],
  xi_382 = [5.89, 4.01, 4.28, 8.90, 2.19, 5.02, 9.26, 9.26, 4.85, 9.66],
  xi_383 = [0.83, 4.16, 6.62, 0.86, 0.88, 0.99, 1.03, 1.08, 1.38, 0.78],
  xi_384 = [6.18, 7.77, 2.52, 6.62, 4.73, 6.44, 6.29, 6.83, 6.86, 9.37],
  xi_385 = [3.17, 2.61, 2.54, 2.62, 8.62, 2.94, 8.16, 3.15, 2.79, 3.43],
  xi_386 = [4.72, 4.89, 5.64, 9.40, 7.38, 2.59, 4.60, 3.49, 4.66, 4.80],
  xi_387 = [1.08, 0.97, 5.16, 0.98, 5.89, 0.96, 0.98, 1.06, 0.97, 1.05],
  xi_388 = [8.98, 7.53, 6.91, 7.20, 7.37, 7.56, 8.28, 7.23, 6.67, 8.76],
  xi_389 = [4.04, 4.71, 7.98, 7.05, 4.83, 4.90, 5.16, 8.70, 4.86, 5.49],
  xi_3810 = [2.82, 4.27, 3.20, 2.92, 3.18, 2.66, 3.03, 6.24, 3.23, 2.47],
  xi_391 = [1.02, 6.03, 1.06, 1.02, 1.07, 0.81, 1.15, 1.04, 4.83, 0.82],
  xi_392 = [2.94, 2.97, 2.70, 2.89, 2.57, 3.63, 3.44, 2.90, 8.16, 3.06],
  xi_393 = [8.58, 9.64, 8.86, 8.60, 2.58, 7.96, 1.46, 3.60, 4.05, 9.58],
  xi_394 = [2.06, 2.34, 1.80, 1.85, 2.19, 2.24, 2.27, 2.11, 1.82, 6.86],
  xi_395 = [6.63, 6.86, 7.89, 6.89, 7.27, 8.81, 6.98, 7.50, 8.13, 6.45],
  xi_396 = [8.48, 5.13, 10.55, 3.62, 9.11, 10.57, 1.76, 4.62, 5.25, 8.96],
  xi_397 = [8.02, 7.68, 8.56, 9.11, 8.15, 8.62, 9.50, 6.15, 9.06, 8.01],
  xi_398 = [2.89, 8.77, 1.59, 9.29, 5.18, 9.60, 2.84, 5.68, 10.58, 3.09],
  xi_399 = [2.72, 7.93, 3.06, 3.35, 2.82, 2.47, 2.99, 3.17, 3.87, 2.88],
  xi_3910 = [6.89, 6.43, 5.65, 9.79, 2.58, 6.49, 6.52, 1.78, 7.24, 1.72],
  xi_401 = [4.26, 3.78, 3.93, 4.08, 3.85, 4.76, 3.82, 3.31, 4.24, 4.44],
  xi_402 = [6.72, 3.35, 8.70, 5.75, 1.84, 6.30, 6.13, 7.01, 6.38, 5.49],
  xi_403 = [9.82, 8.33, 9.20, 9.88, 2.02, 1.71, 2.03, 2.26, 2.14, 2.23],
  xi_404 = [7.66, 8.60, 1.79, 2.18, 7.10, 5.54, 1.75, 2.24, 1.62, 1.79],
  xi_405 = [4.96, 3.47, 5.02, 5.08, 4.84, 4.72, 2.63, 5.36, 4.89, 5.12],
  xi_406 = [5.14, 5.38, 6.37, 6.63, 6.81, 6.08, 7.86, 6.59, 7.31, 9.58],
  xi_407 = [5.40, 5.88, 6.82, 5.69, 5.47, 5.73, 5.35, 4.98, 6.71, 2.42],
  xi_408 = [1.72, 5.02, 9.11, 9.06, 9.86, 8.87, 6.43, 7.58, 9.00, 2.07],
  xi_409 = [7.34, 7.79, 6.02, 7.18, 4.18, 6.61, 6.73, 7.63, 8.01, 6.42],
  xi_4010 = [1.90, 1.93, 4.23, 1.85, 2.09, 2.24, 1.96, 1.74, 2.18, 1.94],
]

Transportation Costs (cjk) = [
  [8.49, 5.26, 3.79, 8.83, 6.80, 8.56, 6.17, 5.97, 5.59, 2.29],
  [0.97, 1.90, 9.85, 4.89, 1.85, 0.88, 2.13, 1.01, 2.93, 6.69],
  [6.30, 7.72, 2.25, 8.39, 1.08, 9.34, 2.28, 3.38, 1.01, 5.49],
  [7.72, 2.30, 4.27, 4.26, 3.27, 5.07, 6.62, 4.03, 3.43, 6.96],
  [4.86, 4.39, 1.05, 4.77, 3.22, 1.03, 3.36, 6.81, 6.77, 2.33],
  [3.52, 3.23, 2.13, 0.95, 8.75, 9.92, 2.14, 7.50, 4.23, 6.58],
  [3.57, 1.05, 9.28, 8.05, 3.47, 1.05, 1.79, 8.72, 1.00, 3.66],
  [6.16, 3.49, 1.09, 5.56, 6.68, 0.78, 6.65, 8.40, 6.24, 5.48],
  [4.67, 1.96, 6.53, 6.74, 2.03, 6.28, 9.85, 5.57, 5.44, 1.86],
  [3.59, 7.86, 3.79, 8.72, 5.96, 0.88, 4.49, 5.29, 7.88, 5.28],
  [6.31, 1.86, 0.87, 6.66, 5.06, 3.59, 5.68, 11.19, 5.93, 4.14],
  [2.12, 7.80, 5.60, 5.47, 6.57, 1.12, 6.83, 4.59, 10.68, 3.75],
  [6.69, 4.65, 6.87, 3.15, 5.25, 4.33, 0.95, 6.73, 7.72, 4.23],
  [6.24, 5.75, 6.09, 7.13, 0.86, 2.10, 1.16, 9.04, 4.03, 8.56],
  [8.10, 4.54, 4.59, 2.34, 3.82, 5.41, 7.28, 7.86, 6.42, 6.94],
  [3.64, 4.50, 2.98, 8.67, 2.59, 0.86, 5.84, 8.84, 4.01, 6.16],
  [8.12, 8.10, 5.99, 7.61, 2.05, 9.17, 1.77, 6.84, 1.93, 3.96],
  [6.08, 3.12, 1.94, 5.46, 0.96, 0.96, 5.30, 9.22, 7.07, 1.96],
  [1.13, 6.74, 5.69, 3.98, 2.75, 6.54, 7.72, 5.48, 0.99, 1.17],
  [10.20, 11.21, 7.96, 4.57, 7.02, 5.70, 0.92, 5.55, 4.70, 3.03],
  [2.09, 7.24, 8.33, 6.80, 1.08, 3.44, 2.02, 0.99, 8.64, 5.14],
  [7.65, 9.17, 3.98, 8.19, 10.26, 6.14, 3.49, 2.07, 4.94, 7.84],
  [7.01, 5.63, 0.95, 8.61, 6.67, 6.96, 8.16, 3.11, 3.94, 2.59],
  [7.78, 7.76, 7.88, 0.93, 1.15, 8.24, 2.62, 5.25, 5.52, 2.90],
  [1.09, 6.05, 5.36, 6.19, 4.12, 6.85, 3.30, 6.63, 1.92, 2.74],
  [4.40, 4.23, 2.42, 2.28, 0.97, 5.54, 3.10, 6.26, 5.97, 6.32],
  [6.86, 7.48, 4.90, 3.85, 3.90, 2.21, 8.01, 6.46, 2.60, 7.02],
  [2.02, 2.73, 0.99, 2.59, 4.40, 4.51, 9.06, 1.90, 8.35, 8.75],
  [8.67, 1.93, 7.71, 7.76, 4.30, 6.13, 5.54, 2.73, 5.30, 8.74],
  [3.66, 5.18, 7.67, 8.34, 3.29, 3.20, 7.74, 0.99, 8.38, 9.74],
  [3.89, 0.97, 2.98, 9.19, 5.65, 4.20, 1.94, 9.26, 6.40, 5.68],
  [8.38, 2.01, 5.39, 1.04, 1.07, 7.72, 2.59, 3.87, 4.85, 2.03],
  [1.04, 6.15, 3.79, 9.53, 2.98, 3.90, 2.98, 8.46, 1.03, 5.44],
  [8.51, 0.79, 4.35, 8.08, 8.66, 4.44, 8.12, 4.56, 1.77, 6.90],
  [4.79, 8.52, 1.87, 4.21, 3.64, 1.02, 2.76, 3.74, 1.05, 10.89],
  [2.93, 2.70, 3.25, 5.12, 5.20, 5.16, 4.08, 1.07, 3.09, 8.48],
  [7.28, 1.97, 1.90, 2.85, 9.12, 3.86, 2.74, 3.12, 1.11, 6.88],
  [6.22, 8.79, 5.85, 6.73, 2.99, 9.07, 4.61, 3.14, 7.35, 8.52],
  [4.73, 10.80, 2.09, 1.70, 1.05, 3.49, 7.86, 6.32, 6.93, 1.71],
  [4.64, 7.84, 5.87, 3.08, 5.30, 8.09, 7.81, 5.65, 2.02, 2.06],
]

Mean Service Times (¦Ì_{jk}) = [
  mu_11 = [7.52],
  mu_12 = [2.83],
  mu_13 = [7.39],
  mu_14 = [5.33],
  mu_15 = [6.16],
  mu_16 = [6.45],
  mu_17 = [7.25],
  mu_18 = [4.14],
  mu_19 = [3.59],
  mu_110 = [6.81],
  mu_21 = [3.21],
  mu_22 = [6.05],
  mu_23 = [1.41],
  mu_24 = [8.73],
  mu_25 = [6.99],
  mu_26 = [4.09],
  mu_27 = [7.73],
  mu_28 = [6.04],
  mu_29 = [3.78],
  mu_210 = [9.19],
  mu_31 = [5.72],
  mu_32 = [4.63],
  mu_33 = [4.40],
  mu_34 = [2.51],
  mu_35 = [1.03],
  mu_36 = [5.95],
  mu_37 = [8.20],
  mu_38 = [5.23],
  mu_39 = [7.92],
  mu_310 = [6.31],
  mu_41 = [4.97],
  mu_42 = [9.26],
  mu_43 = [5.16],
  mu_44 = [3.22],
  mu_45 = [7.73],
  mu_46 = [6.91],
  mu_47 = [5.63],
  mu_48 = [6.34],
  mu_49 = [5.36],
  mu_410 = [3.02],
  mu_51 = [8.31],
  mu_52 = [6.92],
  mu_53 = [4.43],
  mu_54 = [7.13],
  mu_55 = [4.93],
  mu_56 = [9.21],
  mu_57 = [8.51],
  mu_58 = [8.05],
  mu_59 = [9.20],
  mu_510 = [4.80],
  mu_61 = [3.73],
  mu_62 = [4.41],
  mu_63 = [7.22],
  mu_64 = [6.77],
  mu_65 = [6.69],
  mu_66 = [4.96],
  mu_67 = [6.44],
  mu_68 = [5.89],
  mu_69 = [6.08],
  mu_610 = [6.14],
  mu_71 = [9.64],
  mu_72 = [7.70],
  mu_73 = [8.01],
  mu_74 = [9.04],
  mu_75 = [4.61],
  mu_76 = [9.32],
  mu_77 = [3.78],
  mu_78 = [8.63],
  mu_79 = [5.93],
  mu_710 = [4.67],
  mu_81 = [5.02],
  mu_82 = [7.66],
  mu_83 = [6.48],
  mu_84 = [2.34],
  mu_85 = [7.55],
  mu_86 = [4.77],
  mu_87 = [2.98],
  mu_88 = [4.94],
  mu_89 = [2.81],
  mu_810 = [5.86],
  mu_91 = [6.22],
  mu_92 = [7.27],
  mu_93 = [6.50],
  mu_94 = [3.50],
  mu_95 = [2.46],
  mu_96 = [6.19],
  mu_97 = [6.35],
  mu_98 = [1.87],
  mu_99 = [4.90],
  mu_910 = [3.49],
  mu_101 = [7.74],
  mu_102 = [2.13],
  mu_103 = [6.73],
  mu_104 = [7.18],
  mu_105 = [5.25],
  mu_106 = [2.46],
  mu_107 = [4.68],
  mu_108 = [7.20],
  mu_109 = [3.35],
  mu_1010 = [7.01],
  mu_111 = [6.33],
  mu_112 = [7.92],
  mu_113 = [4.42],
  mu_114 = [8.15],
  mu_115 = [4.22],
  mu_116 = [7.70],
  mu_117 = [2.92],
  mu_118 = [4.70],
  mu_119 = [5.01],
  mu_1110 = [4.38],
  mu_121 = [8.20],
  mu_122 = [3.98],
  mu_123 = [5.31],
  mu_124 = [7.85],
  mu_125 = [5.26],
  mu_126 = [7.78],
  mu_127 = [2.99],
  mu_128 = [7.74],
  mu_129 = [6.28],
  mu_1210 = [4.66],
  mu_131 = [5.27],
  mu_132 = [3.51],
  mu_133 = [6.18],
  mu_134 = [5.50],
  mu_135 = [8.26],
  mu_136 = [3.18],
  mu_137 = [8.00],
  mu_138 = [7.42],
  mu_139 = [5.82],
  mu_1310 = [9.46],
  mu_141 = [5.88],
  mu_142 = [5.42],
  mu_143 = [3.51],
  mu_144 = [4.64],
  mu_145 = [3.24],
  mu_146 = [4.87],
  mu_147 = [10.36],
  mu_148 = [6.19],
  mu_149 = [9.47],
  mu_1410 = [4.43],
  mu_151 = [5.51],
  mu_152 = [7.25],
  mu_153 = [5.54],
  mu_154 = [3.56],
  mu_155 = [2.43],
  mu_156 = [3.63],
  mu_157 = [9.57],
  mu_158 = [4.10],
  mu_159 = [2.65],
  mu_1510 = [2.54],
  mu_161 = [5.77],
  mu_162 = [4.00],
  mu_163 = [3.03],
  mu_164 = [3.59],
  mu_165 = [8.92],
  mu_166 = [3.12],
  mu_167 = [5.74],
  mu_168 = [3.93],
  mu_169 = [1.98],
  mu_1610 = [5.49],
  mu_171 = [7.34],
  mu_172 = [4.26],
  mu_173 = [4.07],
  mu_174 = [7.56],
  mu_175 = [4.97],
  mu_176 = [5.65],
  mu_177 = [3.03],
  mu_178 = [3.58],
  mu_179 = [2.66],
  mu_1710 = [6.54],
  mu_181 = [5.75],
  mu_182 = [3.66],
  mu_183 = [8.35],
  mu_184 = [7.46],
  mu_185 = [6.10],
  mu_186 = [2.37],
  mu_187 = [4.71],
  mu_188 = [6.63],
  mu_189 = [3.51],
  mu_1810 = [1.04],
  mu_191 = [2.60],
  mu_192 = [2.74],
  mu_193 = [4.94],
  mu_194 = [4.23],
  mu_195 = [6.69],
  mu_196 = [8.18],
  mu_197 = [7.64],
  mu_198 = [6.78],
  mu_199 = [5.54],
  mu_1910 = [3.11],
  mu_201 = [4.65],
  mu_202 = [8.90],
  mu_203 = [7.05],
  mu_204 = [7.49],
  mu_205 = [8.32],
  mu_206 = [1.73],
  mu_207 = [6.31],
  mu_208 = [4.52],
  mu_209 = [7.94],
  mu_2010 = [7.05],
  mu_211 = [6.70],
  mu_212 = [8.43],
  mu_213 = [6.24],
  mu_214 = [9.41],
  mu_215 = [1.78],
  mu_216 = [5.72],
  mu_217 = [5.00],
  mu_218 = [7.03],
  mu_219 = [1.93],
  mu_2110 = [5.25],
  mu_221 = [3.62],
  mu_222 = [4.18],
  mu_223 = [6.48],
  mu_224 = [5.70],
  mu_225 = [7.63],
  mu_226 = [2.73],
  mu_227 = [7.55],
  mu_228 = [7.55],
  mu_229 = [4.82],
  mu_2210 = [7.25],
  mu_231 = [5.12],
  mu_232 = [2.92],
  mu_233 = [8.57],
  mu_234 = [6.83],
  mu_235 = [4.39],
  mu_236 = [3.05],
  mu_237 = [2.53],
  mu_238 = [4.16],
  mu_239 = [8.61],
  mu_2310 = [7.23],
  mu_241 = [6.51],
  mu_242 = [4.16],
  mu_243 = [7.97],
  mu_244 = [2.55],
  mu_245 = [3.62],
  mu_246 = [5.96],
  mu_247 = [9.66],
  mu_248 = [8.36],
  mu_249 = [6.98],
  mu_2410 = [6.28],
  mu_251 = [6.05],
  mu_252 = [4.46],
  mu_253 = [4.69],
  mu_254 = [5.15],
  mu_255 = [4.77],
  mu_256 = [6.39],
  mu_257 = [3.05],
  mu_258 = [6.15],
  mu_259 = [3.82],
  mu_2510 = [4.92],
  mu_261 = [6.32],
  mu_262 = [5.28],
  mu_263 = [7.43],
  mu_264 = [6.68],
  mu_265 = [6.00],
  mu_266 = [2.49],
  mu_267 = [8.03],
  mu_268 = [5.30],
  mu_269 = [3.55],
  mu_2610 = [5.80],
  mu_271 = [4.25],
  mu_272 = [3.01],
  mu_273 = [6.78],
  mu_274 = [7.60],
  mu_275 = [4.17],
  mu_276 = [2.29],
  mu_277 = [4.61],
  mu_278 = [3.97],
  mu_279 = [6.62],
  mu_2710 = [8.02],
  mu_281 = [9.69],
  mu_282 = [6.77],
  mu_283 = [6.51],
  mu_284 = [6.29],
  mu_285 = [7.95],
  mu_286 = [8.11],
  mu_287 = [7.78],
  mu_288 = [3.10],
  mu_289 = [5.29],
  mu_2810 = [5.43],
  mu_291 = [3.09],
  mu_292 = [2.99],
  mu_293 = [5.00],
  mu_294 = [4.55],
  mu_295 = [2.18],
  mu_296 = [7.14],
  mu_297 = [5.14],
  mu_298 = [6.00],
  mu_299 = [4.52],
  mu_2910 = [7.97],
  mu_301 = [3.69],
  mu_302 = [6.69],
  mu_303 = [3.67],
  mu_304 = [5.16],
  mu_305 = [4.57],
  mu_306 = [4.44],
  mu_307 = [4.55],
  mu_308 = [3.66],
  mu_309 = [5.49],
  mu_3010 = [5.28],
  mu_311 = [2.30],
  mu_312 = [7.22],
  mu_313 = [3.40],
  mu_314 = [2.99],
  mu_315 = [8.62],
  mu_316 = [3.53],
  mu_317 = [6.81],
  mu_318 = [6.01],
  mu_319 = [4.43],
  mu_3110 = [9.15],
  mu_321 = [8.23],
  mu_322 = [2.57],
  mu_323 = [3.71],
  mu_324 = [2.72],
  mu_325 = [4.84],
  mu_326 = [3.19],
  mu_327 = [2.86],
  mu_328 = [3.58],
  mu_329 = [6.41],
  mu_3210 = [6.65],
  mu_331 = [1.09],
  mu_332 = [3.20],
  mu_333 = [5.47],
  mu_334 = [5.96],
  mu_335 = [9.52],
  mu_336 = [3.37],
  mu_337 = [7.37],
  mu_338 = [9.00],
  mu_339 = [7.81],
  mu_3310 = [9.11],
  mu_341 = [5.49],
  mu_342 = [7.15],
  mu_343 = [4.71],
  mu_344 = [4.67],
  mu_345 = [6.23],
  mu_346 = [6.42],
  mu_347 = [7.19],
  mu_348 = [2.55],
  mu_349 = [3.59],
  mu_3410 = [3.32],
  mu_351 = [3.62],
  mu_352 = [4.65],
  mu_353 = [8.22],
  mu_354 = [3.87],
  mu_355 = [6.74],
  mu_356 = [5.58],
  mu_357 = [5.50],
  mu_358 = [6.31],
  mu_359 = [5.87],
  mu_3510 = [4.46],
  mu_361 = [8.54],
  mu_362 = [9.78],
  mu_363 = [6.74],
  mu_364 = [5.47],
  mu_365 = [5.21],
  mu_366 = [3.50],
  mu_367 = [6.84],
  mu_368 = [4.06],
  mu_369 = [6.59],
  mu_3610 = [8.41],
  mu_371 = [8.37],
  mu_372 = [3.12],
  mu_373 = [4.41],
  mu_374 = [5.65],
  mu_375 = [5.45],
  mu_376 = [5.16],
  mu_377 = [8.68],
  mu_378 = [5.03],
  mu_379 = [8.51],
  mu_3710 = [5.60],
  mu_381 = [5.58],
  mu_382 = [6.33],
  mu_383 = [1.86],
  mu_384 = [6.36],
  mu_385 = [4.00],
  mu_386 = [5.22],
  mu_387 = [1.91],
  mu_388 = [7.65],
  mu_389 = [5.77],
  mu_3810 = [3.40],
  mu_391 = [1.88],
  mu_392 = [3.53],
  mu_393 = [6.49],
  mu_394 = [2.55],
  mu_395 = [7.34],
  mu_396 = [6.81],
  mu_397 = [8.29],
  mu_398 = [5.95],
  mu_399 = [3.53],
  mu_3910 = [5.51],
  mu_401 = [4.05],
  mu_402 = [5.77],
  mu_403 = [4.96],
  mu_404 = [4.03],
  mu_405 = [4.61],
  mu_406 = [6.77],
  mu_407 = [5.44],
  mu_408 = [6.87],
  mu_409 = [6.79],
  mu_4010 = [2.20],
]

Mean Transportation Times (¦Ó_{jk}) = [
  tau_11 = [1.96],
  tau_12 = [1.01],
  tau_13 = [2.44],
  tau_14 = [1.76],
  tau_15 = [1.50],
  tau_16 = [3.92],
  tau_17 = [4.64],
  tau_18 = [2.20],
  tau_19 = [2.16],
  tau_110 = [3.94],
  tau_21 = [2.48],
  tau_22 = [4.40],
  tau_23 = [3.12],
  tau_24 = [4.10],
  tau_25 = [3.40],
  tau_26 = [4.40],
  tau_27 = [2.64],
  tau_28 = [2.18],
  tau_29 = [2.12],
  tau_210 = [2.53],
  tau_31 = [1.55],
  tau_32 = [4.26],
  tau_33 = [3.12],
  tau_34 = [1.81],
  tau_35 = [4.30],
  tau_36 = [5.05],
  tau_37 = [2.20],
  tau_38 = [2.71],
  tau_39 = [2.06],
  tau_310 = [3.91],
  tau_41 = [0.98],
  tau_42 = [2.57],
  tau_43 = [1.52],
  tau_44 = [4.33],
  tau_45 = [2.67],
  tau_46 = [1.34],
  tau_47 = [2.56],
  tau_48 = [1.87],
  tau_49 = [4.04],
  tau_410 = [2.21],
  tau_51 = [2.63],
  tau_52 = [3.08],
  tau_53 = [2.86],
  tau_54 = [3.61],
  tau_55 = [2.97],
  tau_56 = [2.96],
  tau_57 = [2.21],
  tau_58 = [3.82],
  tau_59 = [4.86],
  tau_510 = [1.85],
  tau_61 = [1.96],
  tau_62 = [2.93],
  tau_63 = [3.79],
  tau_64 = [3.39],
  tau_65 = [3.66],
  tau_66 = [2.80],
  tau_67 = [1.73],
  tau_68 = [1.30],
  tau_69 = [4.19],
  tau_610 = [3.78],
  tau_71 = [2.37],
  tau_72 = [3.65],
  tau_73 = [3.98],
  tau_74 = [1.69],
  tau_75 = [3.53],
  tau_76 = [1.68],
  tau_77 = [1.20],
  tau_78 = [3.95],
  tau_79 = [2.03],
  tau_710 = [1.90],
  tau_81 = [4.57],
  tau_82 = [3.14],
  tau_83 = [0.99],
  tau_84 = [4.66],
  tau_85 = [1.27],
  tau_86 = [2.09],
  tau_87 = [4.07],
  tau_88 = [3.14],
  tau_89 = [1.80],
  tau_810 = [4.87],
  tau_91 = [3.23],
  tau_92 = [3.25],
  tau_93 = [3.13],
  tau_94 = [2.22],
  tau_95 = [3.13],
  tau_96 = [3.42],
  tau_97 = [1.92],
  tau_98 = [4.73],
  tau_99 = [3.76],
  tau_910 = [3.42],
  tau_101 = [3.87],
  tau_102 = [3.77],
  tau_103 = [3.24],
  tau_104 = [2.70],
  tau_105 = [1.11],
  tau_106 = [2.08],
  tau_107 = [1.32],
  tau_108 = [4.39],
  tau_109 = [1.66],
  tau_1010 = [3.90],
  tau_111 = [3.26],
  tau_112 = [2.77],
  tau_113 = [2.47],
  tau_114 = [3.05],
  tau_115 = [3.22],
  tau_116 = [2.59],
  tau_117 = [2.98],
  tau_118 = [4.63],
  tau_119 = [2.34],
  tau_1110 = [4.01],
  tau_121 = [1.57],
  tau_122 = [2.38],
  tau_123 = [2.44],
  tau_124 = [2.29],
  tau_125 = [2.44],
  tau_126 = [2.50],
  tau_127 = [2.96],
  tau_128 = [3.56],
  tau_129 = [4.77],
  tau_1210 = [4.61],
  tau_131 = [3.30],
  tau_132 = [1.62],
  tau_133 = [4.03],
  tau_134 = [3.83],
  tau_135 = [1.67],
  tau_136 = [2.17],
  tau_137 = [2.49],
  tau_138 = [2.89],
  tau_139 = [1.57],
  tau_1310 = [4.83],
  tau_141 = [3.68],
  tau_142 = [3.32],
  tau_143 = [1.46],
  tau_144 = [3.96],
  tau_145 = [1.40],
  tau_146 = [1.20],
  tau_147 = [2.73],
  tau_148 = [3.65],
  tau_149 = [2.15],
  tau_1410 = [1.69],
  tau_151 = [2.92],
  tau_152 = [4.51],
  tau_153 = [1.01],
  tau_154 = [2.71],
  tau_155 = [2.07],
  tau_156 = [4.30],
  tau_157 = [4.48],
  tau_158 = [3.50],
  tau_159 = [1.26],
  tau_1510 = [2.19],
  tau_161 = [4.81],
  tau_162 = [4.46],
  tau_163 = [2.66],
  tau_164 = [1.36],
  tau_165 = [3.02],
  tau_166 = [2.64],
  tau_167 = [2.10],
  tau_168 = [4.37],
  tau_169 = [4.79],
  tau_1610 = [4.48],
  tau_171 = [2.08],
  tau_172 = [2.76],
  tau_173 = [1.32],
  tau_174 = [4.53],
  tau_175 = [2.85],
  tau_176 = [4.10],
  tau_177 = [3.77],
  tau_178 = [4.00],
  tau_179 = [2.05],
  tau_1710 = [2.24],
  tau_181 = [3.04],
  tau_182 = [0.99],
  tau_183 = [2.14],
  tau_184 = [3.84],
  tau_185 = [3.13],
  tau_186 = [3.24],
  tau_187 = [1.51],
  tau_188 = [2.36],
  tau_189 = [1.49],
  tau_1810 = [4.86],
  tau_191 = [1.59],
  tau_192 = [3.44],
  tau_193 = [1.38],
  tau_194 = [2.76],
  tau_195 = [4.13],
  tau_196 = [2.09],
  tau_197 = [2.04],
  tau_198 = [3.64],
  tau_199 = [2.74],
  tau_1910 = [3.21],
  tau_201 = [4.57],
  tau_202 = [3.89],
  tau_203 = [3.54],
  tau_204 = [3.18],
  tau_205 = [2.81],
  tau_206 = [2.10],
  tau_207 = [2.59],
  tau_208 = [3.29],
  tau_209 = [4.13],
  tau_2010 = [2.53],
  tau_211 = [3.02],
  tau_212 = [3.46],
  tau_213 = [2.19],
  tau_214 = [2.37],
  tau_215 = [2.33],
  tau_216 = [4.87],
  tau_217 = [4.79],
  tau_218 = [1.70],
  tau_219 = [2.11],
  tau_2110 = [1.96],
  tau_221 = [2.09],
  tau_222 = [3.28],
  tau_223 = [2.31],
  tau_224 = [2.44],
  tau_225 = [2.17],
  tau_226 = [2.12],
  tau_227 = [2.39],
  tau_228 = [2.27],
  tau_229 = [3.46],
  tau_2210 = [3.34],
  tau_231 = [4.06],
  tau_232 = [2.57],
  tau_233 = [4.13],
  tau_234 = [3.80],
  tau_235 = [1.93],
  tau_236 = [4.53],
  tau_237 = [3.77],
  tau_238 = [3.43],
  tau_239 = [4.48],
  tau_2310 = [4.55],
  tau_241 = [2.88],
  tau_242 = [4.16],
  tau_243 = [4.16],
  tau_244 = [1.78],
  tau_245 = [2.34],
  tau_246 = [4.60],
  tau_247 = [3.73],
  tau_248 = [1.30],
  tau_249 = [3.89],
  tau_2410 = [4.36],
  tau_251 = [4.01],
  tau_252 = [3.92],
  tau_253 = [3.76],
  tau_254 = [2.10],
  tau_255 = [4.75],
  tau_256 = [3.76],
  tau_257 = [3.08],
  tau_258 = [2.17],
  tau_259 = [3.54],
  tau_2510 = [1.51],
  tau_261 = [4.74],
  tau_262 = [3.83],
  tau_263 = [4.73],
  tau_264 = [2.82],
  tau_265 = [3.21],
  tau_266 = [3.50],
  tau_267 = [3.14],
  tau_268 = [2.23],
  tau_269 = [1.20],
  tau_2610 = [2.83],
  tau_271 = [3.31],
  tau_272 = [2.91],
  tau_273 = [2.02],
  tau_274 = [3.10],
  tau_275 = [3.85],
  tau_276 = [3.51],
  tau_277 = [2.66],
  tau_278 = [1.00],
  tau_279 = [1.34],
  tau_2710 = [3.50],
  tau_281 = [2.01],
  tau_282 = [3.77],
  tau_283 = [2.93],
  tau_284 = [2.76],
  tau_285 = [3.54],
  tau_286 = [2.35],
  tau_287 = [3.19],
  tau_288 = [1.64],
  tau_289 = [4.51],
  tau_2810 = [4.27],
  tau_291 = [4.20],
  tau_292 = [4.74],
  tau_293 = [2.46],
  tau_294 = [2.45],
  tau_295 = [2.95],
  tau_296 = [3.94],
  tau_297 = [3.22],
  tau_298 = [1.76],
  tau_299 = [2.74],
  tau_2910 = [3.63],
  tau_301 = [2.07],
  tau_302 = [1.94],
  tau_303 = [2.10],
  tau_304 = [3.47],
  tau_305 = [5.13],
  tau_306 = [4.63],
  tau_307 = [2.11],
  tau_308 = [4.12],
  tau_309 = [4.78],
  tau_3010 = [3.18],
  tau_311 = [2.78],
  tau_312 = [3.68],
  tau_313 = [2.00],
  tau_314 = [3.20],
  tau_315 = [2.14],
  tau_316 = [1.91],
  tau_317 = [2.27],
  tau_318 = [3.08],
  tau_319 = [4.61],
  tau_3110 = [4.60],
  tau_321 = [4.00],
  tau_322 = [4.36],
  tau_323 = [2.22],
  tau_324 = [3.93],
  tau_325 = [3.97],
  tau_326 = [4.86],
  tau_327 = [4.97],
  tau_328 = [1.61],
  tau_329 = [1.87],
  tau_3210 = [2.28],
  tau_331 = [3.49],
  tau_332 = [3.14],
  tau_333 = [2.28],
  tau_334 = [2.21],
  tau_335 = [1.84],
  tau_336 = [2.98],
  tau_337 = [3.57],
  tau_338 = [1.48],
  tau_339 = [1.00],
  tau_3310 = [4.33],
  tau_341 = [2.05],
  tau_342 = [3.73],
  tau_343 = [3.04],
  tau_344 = [3.22],
  tau_345 = [1.72],
  tau_346 = [3.87],
  tau_347 = [3.32],
  tau_348 = [3.21],
  tau_349 = [2.01],
  tau_3410 = [1.98],
  tau_351 = [3.82],
  tau_352 = [2.55],
  tau_353 = [2.66],
  tau_354 = [1.12],
  tau_355 = [4.61],
  tau_356 = [1.34],
  tau_357 = [3.31],
  tau_358 = [2.78],
  tau_359 = [2.26],
  tau_3510 = [2.85],
  tau_361 = [4.73],
  tau_362 = [4.46],
  tau_363 = [1.56],
  tau_364 = [4.52],
  tau_365 = [2.58],
  tau_366 = [1.88],
  tau_367 = [3.16],
  tau_368 = [2.74],
  tau_369 = [2.97],
  tau_3610 = [2.98],
  tau_371 = [3.01],
  tau_372 = [1.59],
  tau_373 = [4.65],
  tau_374 = [4.72],
  tau_375 = [3.56],
  tau_376 = [4.19],
  tau_377 = [4.08],
  tau_378 = [3.75],
  tau_379 = [3.10],
  tau_3710 = [1.94],
  tau_381 = [1.58],
  tau_382 = [4.37],
  tau_383 = [4.11],
  tau_384 = [2.40],
  tau_385 = [2.08],
  tau_386 = [3.30],
  tau_387 = [4.53],
  tau_388 = [3.46],
  tau_389 = [1.86],
  tau_3810 = [1.81],
  tau_391 = [3.29],
  tau_392 = [1.59],
  tau_393 = [4.44],
  tau_394 = [2.22],
  tau_395 = [3.57],
  tau_396 = [3.54],
  tau_397 = [3.53],
  tau_398 = [4.08],
  tau_399 = [3.18],
  tau_3910 = [2.99],
  tau_401 = [2.82],
  tau_402 = [1.10],
  tau_403 = [1.95],
  tau_404 = [1.71],
  tau_405 = [4.02],
  tau_406 = [2.86],
  tau_407 = [1.45],
  tau_408 = [3.44],
  tau_409 = [2.78],
  tau_4010 = [2.02],
]

Epsilon + ¦Ì_{jk} = [
  epsilon_plus_mu_11 = [11.28],
  epsilon_plus_mu_12 = [4.25],
  epsilon_plus_mu_13 = [11.08],
  epsilon_plus_mu_14 = [8.00],
  epsilon_plus_mu_15 = [9.24],
  epsilon_plus_mu_16 = [9.67],
  epsilon_plus_mu_17 = [10.87],
  epsilon_plus_mu_18 = [6.22],
  epsilon_plus_mu_19 = [5.39],
  epsilon_plus_mu_110 = [10.21],
  epsilon_plus_mu_21 = [4.82],
  epsilon_plus_mu_22 = [9.07],
  epsilon_plus_mu_23 = [2.11],
  epsilon_plus_mu_24 = [13.09],
  epsilon_plus_mu_25 = [10.48],
  epsilon_plus_mu_26 = [6.13],
  epsilon_plus_mu_27 = [11.60],
  epsilon_plus_mu_28 = [9.06],
  epsilon_plus_mu_29 = [5.67],
  epsilon_plus_mu_210 = [13.79],
  epsilon_plus_mu_31 = [8.58],
  epsilon_plus_mu_32 = [6.94],
  epsilon_plus_mu_33 = [6.60],
  epsilon_plus_mu_34 = [3.76],
  epsilon_plus_mu_35 = [1.54],
  epsilon_plus_mu_36 = [8.93],
  epsilon_plus_mu_37 = [12.30],
  epsilon_plus_mu_38 = [7.84],
  epsilon_plus_mu_39 = [11.88],
  epsilon_plus_mu_310 = [9.47],
  epsilon_plus_mu_41 = [7.46],
  epsilon_plus_mu_42 = [13.89],
  epsilon_plus_mu_43 = [7.74],
  epsilon_plus_mu_44 = [4.82],
  epsilon_plus_mu_45 = [11.60],
  epsilon_plus_mu_46 = [10.37],
  epsilon_plus_mu_47 = [8.44],
  epsilon_plus_mu_48 = [9.51],
  epsilon_plus_mu_49 = [8.05],
  epsilon_plus_mu_410 = [4.53],
  epsilon_plus_mu_51 = [12.47],
  epsilon_plus_mu_52 = [10.39],
  epsilon_plus_mu_53 = [6.65],
  epsilon_plus_mu_54 = [10.69],
  epsilon_plus_mu_55 = [7.40],
  epsilon_plus_mu_56 = [13.82],
  epsilon_plus_mu_57 = [12.76],
  epsilon_plus_mu_58 = [12.07],
  epsilon_plus_mu_59 = [13.79],
  epsilon_plus_mu_510 = [7.21],
  epsilon_plus_mu_61 = [5.59],
  epsilon_plus_mu_62 = [6.62],
  epsilon_plus_mu_63 = [10.83],
  epsilon_plus_mu_64 = [10.16],
  epsilon_plus_mu_65 = [10.03],
  epsilon_plus_mu_66 = [7.43],
  epsilon_plus_mu_67 = [9.66],
  epsilon_plus_mu_68 = [8.84],
  epsilon_plus_mu_69 = [9.12],
  epsilon_plus_mu_610 = [9.22],
  epsilon_plus_mu_71 = [14.47],
  epsilon_plus_mu_72 = [11.55],
  epsilon_plus_mu_73 = [12.02],
  epsilon_plus_mu_74 = [13.56],
  epsilon_plus_mu_75 = [6.92],
  epsilon_plus_mu_76 = [13.98],
  epsilon_plus_mu_77 = [5.67],
  epsilon_plus_mu_78 = [12.95],
  epsilon_plus_mu_79 = [8.90],
  epsilon_plus_mu_710 = [7.00],
  epsilon_plus_mu_81 = [7.53],
  epsilon_plus_mu_82 = [11.49],
  epsilon_plus_mu_83 = [9.72],
  epsilon_plus_mu_84 = [3.51],
  epsilon_plus_mu_85 = [11.33],
  epsilon_plus_mu_86 = [7.16],
  epsilon_plus_mu_87 = [4.46],
  epsilon_plus_mu_88 = [7.41],
  epsilon_plus_mu_89 = [4.22],
  epsilon_plus_mu_810 = [8.79],
  epsilon_plus_mu_91 = [9.33],
  epsilon_plus_mu_92 = [10.90],
  epsilon_plus_mu_93 = [9.75],
  epsilon_plus_mu_94 = [5.26],
  epsilon_plus_mu_95 = [3.69],
  epsilon_plus_mu_96 = [9.28],
  epsilon_plus_mu_97 = [9.52],
  epsilon_plus_mu_98 = [2.80],
  epsilon_plus_mu_99 = [7.35],
  epsilon_plus_mu_910 = [5.23],
  epsilon_plus_mu_101 = [11.62],
  epsilon_plus_mu_102 = [3.20],
  epsilon_plus_mu_103 = [10.10],
  epsilon_plus_mu_104 = [10.76],
  epsilon_plus_mu_105 = [7.87],
  epsilon_plus_mu_106 = [3.69],
  epsilon_plus_mu_107 = [7.02],
  epsilon_plus_mu_108 = [10.81],
  epsilon_plus_mu_109 = [5.03],
  epsilon_plus_mu_1010 = [10.51],
  epsilon_plus_mu_111 = [9.49],
  epsilon_plus_mu_112 = [11.87],
  epsilon_plus_mu_113 = [6.63],
  epsilon_plus_mu_114 = [12.22],
  epsilon_plus_mu_115 = [6.34],
  epsilon_plus_mu_116 = [11.54],
  epsilon_plus_mu_117 = [4.38],
  epsilon_plus_mu_118 = [7.05],
  epsilon_plus_mu_119 = [7.51],
  epsilon_plus_mu_1110 = [6.57],
  epsilon_plus_mu_121 = [12.30],
  epsilon_plus_mu_122 = [5.98],
  epsilon_plus_mu_123 = [7.96],
  epsilon_plus_mu_124 = [11.77],
  epsilon_plus_mu_125 = [7.89],
  epsilon_plus_mu_126 = [11.67],
  epsilon_plus_mu_127 = [4.48],
  epsilon_plus_mu_128 = [11.61],
  epsilon_plus_mu_129 = [9.42],
  epsilon_plus_mu_1210 = [6.98],
  epsilon_plus_mu_131 = [7.91],
  epsilon_plus_mu_132 = [5.27],
  epsilon_plus_mu_133 = [9.27],
  epsilon_plus_mu_134 = [8.25],
  epsilon_plus_mu_135 = [12.39],
  epsilon_plus_mu_136 = [4.77],
  epsilon_plus_mu_137 = [12.00],
  epsilon_plus_mu_138 = [11.13],
  epsilon_plus_mu_139 = [8.74],
  epsilon_plus_mu_1310 = [14.20],
  epsilon_plus_mu_141 = [8.82],
  epsilon_plus_mu_142 = [8.14],
  epsilon_plus_mu_143 = [5.27],
  epsilon_plus_mu_144 = [6.96],
  epsilon_plus_mu_145 = [4.86],
  epsilon_plus_mu_146 = [7.30],
  epsilon_plus_mu_147 = [15.54],
  epsilon_plus_mu_148 = [9.28],
  epsilon_plus_mu_149 = [14.21],
  epsilon_plus_mu_1410 = [6.64],
  epsilon_plus_mu_151 = [8.26],
  epsilon_plus_mu_152 = [10.87],
  epsilon_plus_mu_153 = [8.30],
  epsilon_plus_mu_154 = [5.33],
  epsilon_plus_mu_155 = [3.64],
  epsilon_plus_mu_156 = [5.45],
  epsilon_plus_mu_157 = [14.36],
  epsilon_plus_mu_158 = [6.15],
  epsilon_plus_mu_159 = [3.97],
  epsilon_plus_mu_1510 = [3.81],
  epsilon_plus_mu_161 = [8.66],
  epsilon_plus_mu_162 = [6.01],
  epsilon_plus_mu_163 = [4.55],
  epsilon_plus_mu_164 = [5.39],
  epsilon_plus_mu_165 = [13.38],
  epsilon_plus_mu_166 = [4.69],
  epsilon_plus_mu_167 = [8.61],
  epsilon_plus_mu_168 = [5.89],
  epsilon_plus_mu_169 = [2.97],
  epsilon_plus_mu_1610 = [8.23],
  epsilon_plus_mu_171 = [11.00],
  epsilon_plus_mu_172 = [6.38],
  epsilon_plus_mu_173 = [6.10],
  epsilon_plus_mu_174 = [11.33],
  epsilon_plus_mu_175 = [7.45],
  epsilon_plus_mu_176 = [8.47],
  epsilon_plus_mu_177 = [4.54],
  epsilon_plus_mu_178 = [5.36],
  epsilon_plus_mu_179 = [3.98],
  epsilon_plus_mu_1710 = [9.82],
  epsilon_plus_mu_181 = [8.63],
  epsilon_plus_mu_182 = [5.49],
  epsilon_plus_mu_183 = [12.52],
  epsilon_plus_mu_184 = [11.19],
  epsilon_plus_mu_185 = [9.15],
  epsilon_plus_mu_186 = [3.55],
  epsilon_plus_mu_187 = [7.07],
  epsilon_plus_mu_188 = [9.95],
  epsilon_plus_mu_189 = [5.26],
  epsilon_plus_mu_1810 = [1.56],
  epsilon_plus_mu_191 = [3.91],
  epsilon_plus_mu_192 = [4.11],
  epsilon_plus_mu_193 = [7.40],
  epsilon_plus_mu_194 = [6.35],
  epsilon_plus_mu_195 = [10.03],
  epsilon_plus_mu_196 = [12.28],
  epsilon_plus_mu_197 = [11.45],
  epsilon_plus_mu_198 = [10.18],
  epsilon_plus_mu_199 = [8.31],
  epsilon_plus_mu_1910 = [4.67],
  epsilon_plus_mu_201 = [6.98],
  epsilon_plus_mu_202 = [13.35],
  epsilon_plus_mu_203 = [10.58],
  epsilon_plus_mu_204 = [11.24],
  epsilon_plus_mu_205 = [12.48],
  epsilon_plus_mu_206 = [2.59],
  epsilon_plus_mu_207 = [9.46],
  epsilon_plus_mu_208 = [6.78],
  epsilon_plus_mu_209 = [11.91],
  epsilon_plus_mu_2010 = [10.58],
  epsilon_plus_mu_211 = [10.05],
  epsilon_plus_mu_212 = [12.64],
  epsilon_plus_mu_213 = [9.37],
  epsilon_plus_mu_214 = [14.12],
  epsilon_plus_mu_215 = [2.67],
  epsilon_plus_mu_216 = [8.58],
  epsilon_plus_mu_217 = [7.50],
  epsilon_plus_mu_218 = [10.55],
  epsilon_plus_mu_219 = [2.90],
  epsilon_plus_mu_2110 = [7.87],
  epsilon_plus_mu_221 = [5.43],
  epsilon_plus_mu_222 = [6.26],
  epsilon_plus_mu_223 = [9.72],
  epsilon_plus_mu_224 = [8.55],
  epsilon_plus_mu_225 = [11.44],
  epsilon_plus_mu_226 = [4.09],
  epsilon_plus_mu_227 = [11.33],
  epsilon_plus_mu_228 = [11.32],
  epsilon_plus_mu_229 = [7.24],
  epsilon_plus_mu_2210 = [10.88],
  epsilon_plus_mu_231 = [7.68],
  epsilon_plus_mu_232 = [4.38],
  epsilon_plus_mu_233 = [12.85],
  epsilon_plus_mu_234 = [10.24],
  epsilon_plus_mu_235 = [6.58],
  epsilon_plus_mu_236 = [4.58],
  epsilon_plus_mu_237 = [3.79],
  epsilon_plus_mu_238 = [6.23],
  epsilon_plus_mu_239 = [12.91],
  epsilon_plus_mu_2310 = [10.84],
  epsilon_plus_mu_241 = [9.76],
  epsilon_plus_mu_242 = [6.24],
  epsilon_plus_mu_243 = [11.95],
  epsilon_plus_mu_244 = [3.83],
  epsilon_plus_mu_245 = [5.43],
  epsilon_plus_mu_246 = [8.94],
  epsilon_plus_mu_247 = [14.49],
  epsilon_plus_mu_248 = [12.54],
  epsilon_plus_mu_249 = [10.48],
  epsilon_plus_mu_2410 = [9.41],
  epsilon_plus_mu_251 = [9.08],
  epsilon_plus_mu_252 = [6.69],
  epsilon_plus_mu_253 = [7.04],
  epsilon_plus_mu_254 = [7.72],
  epsilon_plus_mu_255 = [7.16],
  epsilon_plus_mu_256 = [9.58],
  epsilon_plus_mu_257 = [4.58],
  epsilon_plus_mu_258 = [9.22],
  epsilon_plus_mu_259 = [5.73],
  epsilon_plus_mu_2510 = [7.38],
  epsilon_plus_mu_261 = [9.47],
  epsilon_plus_mu_262 = [7.91],
  epsilon_plus_mu_263 = [11.15],
  epsilon_plus_mu_264 = [10.02],
  epsilon_plus_mu_265 = [8.99],
  epsilon_plus_mu_266 = [3.73],
  epsilon_plus_mu_267 = [12.04],
  epsilon_plus_mu_268 = [7.95],
  epsilon_plus_mu_269 = [5.33],
  epsilon_plus_mu_2610 = [8.70],
  epsilon_plus_mu_271 = [6.38],
  epsilon_plus_mu_272 = [4.51],
  epsilon_plus_mu_273 = [10.17],
  epsilon_plus_mu_274 = [11.41],
  epsilon_plus_mu_275 = [6.25],
  epsilon_plus_mu_276 = [3.44],
  epsilon_plus_mu_277 = [6.91],
  epsilon_plus_mu_278 = [5.95],
  epsilon_plus_mu_279 = [9.93],
  epsilon_plus_mu_2710 = [12.03],
  epsilon_plus_mu_281 = [14.53],
  epsilon_plus_mu_282 = [10.15],
  epsilon_plus_mu_283 = [9.77],
  epsilon_plus_mu_284 = [9.43],
  epsilon_plus_mu_285 = [11.92],
  epsilon_plus_mu_286 = [12.17],
  epsilon_plus_mu_287 = [11.67],
  epsilon_plus_mu_288 = [4.65],
  epsilon_plus_mu_289 = [7.94],
  epsilon_plus_mu_2810 = [8.15],
  epsilon_plus_mu_291 = [4.64],
  epsilon_plus_mu_292 = [4.48],
  epsilon_plus_mu_293 = [7.50],
  epsilon_plus_mu_294 = [6.83],
  epsilon_plus_mu_295 = [3.26],
  epsilon_plus_mu_296 = [10.71],
  epsilon_plus_mu_297 = [7.71],
  epsilon_plus_mu_298 = [9.00],
  epsilon_plus_mu_299 = [6.77],
  epsilon_plus_mu_2910 = [11.95],
  epsilon_plus_mu_301 = [5.53],
  epsilon_plus_mu_302 = [10.04],
  epsilon_plus_mu_303 = [5.50],
  epsilon_plus_mu_304 = [7.74],
  epsilon_plus_mu_305 = [6.85],
  epsilon_plus_mu_306 = [6.67],
  epsilon_plus_mu_307 = [6.82],
  epsilon_plus_mu_308 = [5.48],
  epsilon_plus_mu_309 = [8.24],
  epsilon_plus_mu_3010 = [7.92],
  epsilon_plus_mu_311 = [3.45],
  epsilon_plus_mu_312 = [10.82],
  epsilon_plus_mu_313 = [5.11],
  epsilon_plus_mu_314 = [4.49],
  epsilon_plus_mu_315 = [12.93],
  epsilon_plus_mu_316 = [5.29],
  epsilon_plus_mu_317 = [10.22],
  epsilon_plus_mu_318 = [9.02],
  epsilon_plus_mu_319 = [6.65],
  epsilon_plus_mu_3110 = [13.72],
  epsilon_plus_mu_321 = [12.34],
  epsilon_plus_mu_322 = [3.85],
  epsilon_plus_mu_323 = [5.57],
  epsilon_plus_mu_324 = [4.08],
  epsilon_plus_mu_325 = [7.25],
  epsilon_plus_mu_326 = [4.79],
  epsilon_plus_mu_327 = [4.29],
  epsilon_plus_mu_328 = [5.38],
  epsilon_plus_mu_329 = [9.61],
  epsilon_plus_mu_3210 = [9.97],
  epsilon_plus_mu_331 = [1.63],
  epsilon_plus_mu_332 = [4.81],
  epsilon_plus_mu_333 = [8.20],
  epsilon_plus_mu_334 = [8.94],
  epsilon_plus_mu_335 = [14.28],
  epsilon_plus_mu_336 = [5.06],
  epsilon_plus_mu_337 = [11.05],
  epsilon_plus_mu_338 = [13.50],
  epsilon_plus_mu_339 = [11.71],
  epsilon_plus_mu_3310 = [13.66],
  epsilon_plus_mu_341 = [8.23],
  epsilon_plus_mu_342 = [10.72],
  epsilon_plus_mu_343 = [7.07],
  epsilon_plus_mu_344 = [7.01],
  epsilon_plus_mu_345 = [9.34],
  epsilon_plus_mu_346 = [9.63],
  epsilon_plus_mu_347 = [10.78],
  epsilon_plus_mu_348 = [3.83],
  epsilon_plus_mu_349 = [5.39],
  epsilon_plus_mu_3410 = [4.98],
  epsilon_plus_mu_351 = [5.43],
  epsilon_plus_mu_352 = [6.97],
  epsilon_plus_mu_353 = [12.33],
  epsilon_plus_mu_354 = [5.80],
  epsilon_plus_mu_355 = [10.11],
  epsilon_plus_mu_356 = [8.37],
  epsilon_plus_mu_357 = [8.25],
  epsilon_plus_mu_358 = [9.47],
  epsilon_plus_mu_359 = [8.80],
  epsilon_plus_mu_3510 = [6.69],
  epsilon_plus_mu_361 = [12.81],
  epsilon_plus_mu_362 = [14.67],
  epsilon_plus_mu_363 = [10.11],
  epsilon_plus_mu_364 = [8.20],
  epsilon_plus_mu_365 = [7.81],
  epsilon_plus_mu_366 = [5.24],
  epsilon_plus_mu_367 = [10.25],
  epsilon_plus_mu_368 = [6.09],
  epsilon_plus_mu_369 = [9.89],
  epsilon_plus_mu_3610 = [12.62],
  epsilon_plus_mu_371 = [12.55],
  epsilon_plus_mu_372 = [4.68],
  epsilon_plus_mu_373 = [6.62],
  epsilon_plus_mu_374 = [8.48],
  epsilon_plus_mu_375 = [8.17],
  epsilon_plus_mu_376 = [7.74],
  epsilon_plus_mu_377 = [13.01],
  epsilon_plus_mu_378 = [7.54],
  epsilon_plus_mu_379 = [12.76],
  epsilon_plus_mu_3710 = [8.40],
  epsilon_plus_mu_381 = [8.37],
  epsilon_plus_mu_382 = [9.50],
  epsilon_plus_mu_383 = [2.79],
  epsilon_plus_mu_384 = [9.54],
  epsilon_plus_mu_385 = [6.00],
  epsilon_plus_mu_386 = [7.83],
  epsilon_plus_mu_387 = [2.87],
  epsilon_plus_mu_388 = [11.48],
  epsilon_plus_mu_389 = [8.66],
  epsilon_plus_mu_3810 = [5.10],
  epsilon_plus_mu_391 = [2.83],
  epsilon_plus_mu_392 = [5.29],
  epsilon_plus_mu_393 = [9.74],
  epsilon_plus_mu_394 = [3.83],
  epsilon_plus_mu_395 = [11.01],
  epsilon_plus_mu_396 = [10.21],
  epsilon_plus_mu_397 = [12.43],
  epsilon_plus_mu_398 = [8.93],
  epsilon_plus_mu_399 = [5.29],
  epsilon_plus_mu_3910 = [8.26],
  epsilon_plus_mu_401 = [6.07],
  epsilon_plus_mu_402 = [8.65],
  epsilon_plus_mu_403 = [7.44],
  epsilon_plus_mu_404 = [6.04],
  epsilon_plus_mu_405 = [6.91],
  epsilon_plus_mu_406 = [10.16],
  epsilon_plus_mu_407 = [8.17],
  epsilon_plus_mu_408 = [10.31],
  epsilon_plus_mu_409 = [10.19],
  epsilon_plus_mu_4010 = [3.31],
]

Epsilon - ¦Ì_{jk} = [
  epsilon_minus_mu_11 = [-3.76],
  epsilon_minus_mu_12 = [-1.42],
  epsilon_minus_mu_13 = [-3.69],
  epsilon_minus_mu_14 = [-2.67],
  epsilon_minus_mu_15 = [-3.08],
  epsilon_minus_mu_16 = [-3.22],
  epsilon_minus_mu_17 = [-3.62],
  epsilon_minus_mu_18 = [-2.07],
  epsilon_minus_mu_19 = [-1.80],
  epsilon_minus_mu_110 = [-3.40],
  epsilon_minus_mu_21 = [-1.61],
  epsilon_minus_mu_22 = [-3.02],
  epsilon_minus_mu_23 = [-0.70],
  epsilon_minus_mu_24 = [-4.36],
  epsilon_minus_mu_25 = [-3.49],
  epsilon_minus_mu_26 = [-2.04],
  epsilon_minus_mu_27 = [-3.87],
  epsilon_minus_mu_28 = [-3.02],
  epsilon_minus_mu_29 = [-1.89],
  epsilon_minus_mu_210 = [-4.60],
  epsilon_minus_mu_31 = [-2.86],
  epsilon_minus_mu_32 = [-2.31],
  epsilon_minus_mu_33 = [-2.20],
  epsilon_minus_mu_34 = [-1.25],
  epsilon_minus_mu_35 = [-0.51],
  epsilon_minus_mu_36 = [-2.98],
  epsilon_minus_mu_37 = [-4.10],
  epsilon_minus_mu_38 = [-2.61],
  epsilon_minus_mu_39 = [-3.96],
  epsilon_minus_mu_310 = [-3.16],
  epsilon_minus_mu_41 = [-2.49],
  epsilon_minus_mu_42 = [-4.63],
  epsilon_minus_mu_43 = [-2.58],
  epsilon_minus_mu_44 = [-1.61],
  epsilon_minus_mu_45 = [-3.87],
  epsilon_minus_mu_46 = [-3.46],
  epsilon_minus_mu_47 = [-2.81],
  epsilon_minus_mu_48 = [-3.17],
  epsilon_minus_mu_49 = [-2.68],
  epsilon_minus_mu_410 = [-1.51],
  epsilon_minus_mu_51 = [-4.16],
  epsilon_minus_mu_52 = [-3.46],
  epsilon_minus_mu_53 = [-2.22],
  epsilon_minus_mu_54 = [-3.56],
  epsilon_minus_mu_55 = [-2.47],
  epsilon_minus_mu_56 = [-4.61],
  epsilon_minus_mu_57 = [-4.25],
  epsilon_minus_mu_58 = [-4.02],
  epsilon_minus_mu_59 = [-4.60],
  epsilon_minus_mu_510 = [-2.40],
  epsilon_minus_mu_61 = [-1.86],
  epsilon_minus_mu_62 = [-2.21],
  epsilon_minus_mu_63 = [-3.61],
  epsilon_minus_mu_64 = [-3.39],
  epsilon_minus_mu_65 = [-3.34],
  epsilon_minus_mu_66 = [-2.48],
  epsilon_minus_mu_67 = [-3.22],
  epsilon_minus_mu_68 = [-2.95],
  epsilon_minus_mu_69 = [-3.04],
  epsilon_minus_mu_610 = [-3.07],
  epsilon_minus_mu_71 = [-4.82],
  epsilon_minus_mu_72 = [-3.85],
  epsilon_minus_mu_73 = [-4.01],
  epsilon_minus_mu_74 = [-4.52],
  epsilon_minus_mu_75 = [-2.31],
  epsilon_minus_mu_76 = [-4.66],
  epsilon_minus_mu_77 = [-1.89],
  epsilon_minus_mu_78 = [-4.32],
  epsilon_minus_mu_79 = [-2.97],
  epsilon_minus_mu_710 = [-2.33],
  epsilon_minus_mu_81 = [-2.51],
  epsilon_minus_mu_82 = [-3.83],
  epsilon_minus_mu_83 = [-3.24],
  epsilon_minus_mu_84 = [-1.17],
  epsilon_minus_mu_85 = [-3.78],
  epsilon_minus_mu_86 = [-2.39],
  epsilon_minus_mu_87 = [-1.49],
  epsilon_minus_mu_88 = [-2.47],
  epsilon_minus_mu_89 = [-1.41],
  epsilon_minus_mu_810 = [-2.93],
  epsilon_minus_mu_91 = [-3.11],
  epsilon_minus_mu_92 = [-3.63],
  epsilon_minus_mu_93 = [-3.25],
  epsilon_minus_mu_94 = [-1.75],
  epsilon_minus_mu_95 = [-1.23],
  epsilon_minus_mu_96 = [-3.09],
  epsilon_minus_mu_97 = [-3.17],
  epsilon_minus_mu_98 = [-0.93],
  epsilon_minus_mu_99 = [-2.45],
  epsilon_minus_mu_910 = [-1.74],
  epsilon_minus_mu_101 = [-3.87],
  epsilon_minus_mu_102 = [-1.07],
  epsilon_minus_mu_103 = [-3.37],
  epsilon_minus_mu_104 = [-3.59],
  epsilon_minus_mu_105 = [-2.62],
  epsilon_minus_mu_106 = [-1.23],
  epsilon_minus_mu_107 = [-2.34],
  epsilon_minus_mu_108 = [-3.60],
  epsilon_minus_mu_109 = [-1.68],
  epsilon_minus_mu_1010 = [-3.50],
  epsilon_minus_mu_111 = [-3.16],
  epsilon_minus_mu_112 = [-3.96],
  epsilon_minus_mu_113 = [-2.21],
  epsilon_minus_mu_114 = [-4.07],
  epsilon_minus_mu_115 = [-2.11],
  epsilon_minus_mu_116 = [-3.85],
  epsilon_minus_mu_117 = [-1.46],
  epsilon_minus_mu_118 = [-2.35],
  epsilon_minus_mu_119 = [-2.50],
  epsilon_minus_mu_1110 = [-2.19],
  epsilon_minus_mu_121 = [-4.10],
  epsilon_minus_mu_122 = [-1.99],
  epsilon_minus_mu_123 = [-2.65],
  epsilon_minus_mu_124 = [-3.92],
  epsilon_minus_mu_125 = [-2.63],
  epsilon_minus_mu_126 = [-3.89],
  epsilon_minus_mu_127 = [-1.49],
  epsilon_minus_mu_128 = [-3.87],
  epsilon_minus_mu_129 = [-3.14],
  epsilon_minus_mu_1210 = [-2.33],
  epsilon_minus_mu_131 = [-2.64],
  epsilon_minus_mu_132 = [-1.76],
  epsilon_minus_mu_133 = [-3.09],
  epsilon_minus_mu_134 = [-2.75],
  epsilon_minus_mu_135 = [-4.13],
  epsilon_minus_mu_136 = [-1.59],
  epsilon_minus_mu_137 = [-4.00],
  epsilon_minus_mu_138 = [-3.71],
  epsilon_minus_mu_139 = [-2.91],
  epsilon_minus_mu_1310 = [-4.73],
  epsilon_minus_mu_141 = [-2.94],
  epsilon_minus_mu_142 = [-2.71],
  epsilon_minus_mu_143 = [-1.76],
  epsilon_minus_mu_144 = [-2.32],
  epsilon_minus_mu_145 = [-1.62],
  epsilon_minus_mu_146 = [-2.43],
  epsilon_minus_mu_147 = [-5.18],
  epsilon_minus_mu_148 = [-3.09],
  epsilon_minus_mu_149 = [-4.74],
  epsilon_minus_mu_1410 = [-2.21],
  epsilon_minus_mu_151 = [-2.75],
  epsilon_minus_mu_152 = [-3.62],
  epsilon_minus_mu_153 = [-2.77],
  epsilon_minus_mu_154 = [-1.78],
  epsilon_minus_mu_155 = [-1.21],
  epsilon_minus_mu_156 = [-1.82],
  epsilon_minus_mu_157 = [-4.79],
  epsilon_minus_mu_158 = [-2.05],
  epsilon_minus_mu_159 = [-1.32],
  epsilon_minus_mu_1510 = [-1.27],
  epsilon_minus_mu_161 = [-2.89],
  epsilon_minus_mu_162 = [-2.00],
  epsilon_minus_mu_163 = [-1.52],
  epsilon_minus_mu_164 = [-1.80],
  epsilon_minus_mu_165 = [-4.46],
  epsilon_minus_mu_166 = [-1.56],
  epsilon_minus_mu_167 = [-2.87],
  epsilon_minus_mu_168 = [-1.96],
  epsilon_minus_mu_169 = [-0.99],
  epsilon_minus_mu_1610 = [-2.74],
  epsilon_minus_mu_171 = [-3.67],
  epsilon_minus_mu_172 = [-2.13],
  epsilon_minus_mu_173 = [-2.03],
  epsilon_minus_mu_174 = [-3.78],
  epsilon_minus_mu_175 = [-2.48],
  epsilon_minus_mu_176 = [-2.82],
  epsilon_minus_mu_177 = [-1.51],
  epsilon_minus_mu_178 = [-1.79],
  epsilon_minus_mu_179 = [-1.33],
  epsilon_minus_mu_1710 = [-3.27],
  epsilon_minus_mu_181 = [-2.88],
  epsilon_minus_mu_182 = [-1.83],
  epsilon_minus_mu_183 = [-4.17],
  epsilon_minus_mu_184 = [-3.73],
  epsilon_minus_mu_185 = [-3.05],
  epsilon_minus_mu_186 = [-1.18],
  epsilon_minus_mu_187 = [-2.36],
  epsilon_minus_mu_188 = [-3.32],
  epsilon_minus_mu_189 = [-1.75],
  epsilon_minus_mu_1810 = [-0.52],
  epsilon_minus_mu_191 = [-1.30],
  epsilon_minus_mu_192 = [-1.37],
  epsilon_minus_mu_193 = [-2.47],
  epsilon_minus_mu_194 = [-2.12],
  epsilon_minus_mu_195 = [-3.34],
  epsilon_minus_mu_196 = [-4.09],
  epsilon_minus_mu_197 = [-3.82],
  epsilon_minus_mu_198 = [-3.39],
  epsilon_minus_mu_199 = [-2.77],
  epsilon_minus_mu_1910 = [-1.56],
  epsilon_minus_mu_201 = [-2.33],
  epsilon_minus_mu_202 = [-4.45],
  epsilon_minus_mu_203 = [-3.53],
  epsilon_minus_mu_204 = [-3.75],
  epsilon_minus_mu_205 = [-4.16],
  epsilon_minus_mu_206 = [-0.86],
  epsilon_minus_mu_207 = [-3.15],
  epsilon_minus_mu_208 = [-2.26],
  epsilon_minus_mu_209 = [-3.97],
  epsilon_minus_mu_2010 = [-3.53],
  epsilon_minus_mu_211 = [-3.35],
  epsilon_minus_mu_212 = [-4.21],
  epsilon_minus_mu_213 = [-3.12],
  epsilon_minus_mu_214 = [-4.71],
  epsilon_minus_mu_215 = [-0.89],
  epsilon_minus_mu_216 = [-2.86],
  epsilon_minus_mu_217 = [-2.50],
  epsilon_minus_mu_218 = [-3.52],
  epsilon_minus_mu_219 = [-0.97],
  epsilon_minus_mu_2110 = [-2.62],
  epsilon_minus_mu_221 = [-1.81],
  epsilon_minus_mu_222 = [-2.09],
  epsilon_minus_mu_223 = [-3.24],
  epsilon_minus_mu_224 = [-2.85],
  epsilon_minus_mu_225 = [-3.81],
  epsilon_minus_mu_226 = [-1.36],
  epsilon_minus_mu_227 = [-3.78],
  epsilon_minus_mu_228 = [-3.77],
  epsilon_minus_mu_229 = [-2.41],
  epsilon_minus_mu_2210 = [-3.63],
  epsilon_minus_mu_231 = [-2.56],
  epsilon_minus_mu_232 = [-1.46],
  epsilon_minus_mu_233 = [-4.28],
  epsilon_minus_mu_234 = [-3.41],
  epsilon_minus_mu_235 = [-2.19],
  epsilon_minus_mu_236 = [-1.53],
  epsilon_minus_mu_237 = [-1.26],
  epsilon_minus_mu_238 = [-2.08],
  epsilon_minus_mu_239 = [-4.30],
  epsilon_minus_mu_2310 = [-3.61],
  epsilon_minus_mu_241 = [-3.25],
  epsilon_minus_mu_242 = [-2.08],
  epsilon_minus_mu_243 = [-3.98],
  epsilon_minus_mu_244 = [-1.28],
  epsilon_minus_mu_245 = [-1.81],
  epsilon_minus_mu_246 = [-2.98],
  epsilon_minus_mu_247 = [-4.83],
  epsilon_minus_mu_248 = [-4.18],
  epsilon_minus_mu_249 = [-3.49],
  epsilon_minus_mu_2410 = [-3.14],
  epsilon_minus_mu_251 = [-3.03],
  epsilon_minus_mu_252 = [-2.23],
  epsilon_minus_mu_253 = [-2.35],
  epsilon_minus_mu_254 = [-2.57],
  epsilon_minus_mu_255 = [-2.39],
  epsilon_minus_mu_256 = [-3.19],
  epsilon_minus_mu_257 = [-1.53],
  epsilon_minus_mu_258 = [-3.07],
  epsilon_minus_mu_259 = [-1.91],
  epsilon_minus_mu_2510 = [-2.46],
  epsilon_minus_mu_261 = [-3.16],
  epsilon_minus_mu_262 = [-2.64],
  epsilon_minus_mu_263 = [-3.72],
  epsilon_minus_mu_264 = [-3.34],
  epsilon_minus_mu_265 = [-3.00],
  epsilon_minus_mu_266 = [-1.24],
  epsilon_minus_mu_267 = [-4.01],
  epsilon_minus_mu_268 = [-2.65],
  epsilon_minus_mu_269 = [-1.78],
  epsilon_minus_mu_2610 = [-2.90],
  epsilon_minus_mu_271 = [-2.13],
  epsilon_minus_mu_272 = [-1.50],
  epsilon_minus_mu_273 = [-3.39],
  epsilon_minus_mu_274 = [-3.80],
  epsilon_minus_mu_275 = [-2.08],
  epsilon_minus_mu_276 = [-1.15],
  epsilon_minus_mu_277 = [-2.30],
  epsilon_minus_mu_278 = [-1.98],
  epsilon_minus_mu_279 = [-3.31],
  epsilon_minus_mu_2710 = [-4.01],
  epsilon_minus_mu_281 = [-4.84],
  epsilon_minus_mu_282 = [-3.38],
  epsilon_minus_mu_283 = [-3.26],
  epsilon_minus_mu_284 = [-3.14],
  epsilon_minus_mu_285 = [-3.97],
  epsilon_minus_mu_286 = [-4.06],
  epsilon_minus_mu_287 = [-3.89],
  epsilon_minus_mu_288 = [-1.55],
  epsilon_minus_mu_289 = [-2.65],
  epsilon_minus_mu_2810 = [-2.72],
  epsilon_minus_mu_291 = [-1.55],
  epsilon_minus_mu_292 = [-1.49],
  epsilon_minus_mu_293 = [-2.50],
  epsilon_minus_mu_294 = [-2.28],
  epsilon_minus_mu_295 = [-1.09],
  epsilon_minus_mu_296 = [-3.57],
  epsilon_minus_mu_297 = [-2.57],
  epsilon_minus_mu_298 = [-3.00],
  epsilon_minus_mu_299 = [-2.26],
  epsilon_minus_mu_2910 = [-3.98],
  epsilon_minus_mu_301 = [-1.84],
  epsilon_minus_mu_302 = [-3.35],
  epsilon_minus_mu_303 = [-1.83],
  epsilon_minus_mu_304 = [-2.58],
  epsilon_minus_mu_305 = [-2.28],
  epsilon_minus_mu_306 = [-2.22],
  epsilon_minus_mu_307 = [-2.27],
  epsilon_minus_mu_308 = [-1.83],
  epsilon_minus_mu_309 = [-2.75],
  epsilon_minus_mu_3010 = [-2.64],
  epsilon_minus_mu_311 = [-1.15],
  epsilon_minus_mu_312 = [-3.61],
  epsilon_minus_mu_313 = [-1.70],
  epsilon_minus_mu_314 = [-1.50],
  epsilon_minus_mu_315 = [-4.31],
  epsilon_minus_mu_316 = [-1.76],
  epsilon_minus_mu_317 = [-3.41],
  epsilon_minus_mu_318 = [-3.01],
  epsilon_minus_mu_319 = [-2.22],
  epsilon_minus_mu_3110 = [-4.57],
  epsilon_minus_mu_321 = [-4.11],
  epsilon_minus_mu_322 = [-1.28],
  epsilon_minus_mu_323 = [-1.86],
  epsilon_minus_mu_324 = [-1.36],
  epsilon_minus_mu_325 = [-2.42],
  epsilon_minus_mu_326 = [-1.60],
  epsilon_minus_mu_327 = [-1.43],
  epsilon_minus_mu_328 = [-1.79],
  epsilon_minus_mu_329 = [-3.20],
  epsilon_minus_mu_3210 = [-3.32],
  epsilon_minus_mu_331 = [-0.54],
  epsilon_minus_mu_332 = [-1.60],
  epsilon_minus_mu_333 = [-2.73],
  epsilon_minus_mu_334 = [-2.98],
  epsilon_minus_mu_335 = [-4.76],
  epsilon_minus_mu_336 = [-1.69],
  epsilon_minus_mu_337 = [-3.68],
  epsilon_minus_mu_338 = [-4.50],
  epsilon_minus_mu_339 = [-3.90],
  epsilon_minus_mu_3310 = [-4.55],
  epsilon_minus_mu_341 = [-2.74],
  epsilon_minus_mu_342 = [-3.57],
  epsilon_minus_mu_343 = [-2.36],
  epsilon_minus_mu_344 = [-2.34],
  epsilon_minus_mu_345 = [-3.11],
  epsilon_minus_mu_346 = [-3.21],
  epsilon_minus_mu_347 = [-3.59],
  epsilon_minus_mu_348 = [-1.28],
  epsilon_minus_mu_349 = [-1.80],
  epsilon_minus_mu_3410 = [-1.66],
  epsilon_minus_mu_351 = [-1.81],
  epsilon_minus_mu_352 = [-2.32],
  epsilon_minus_mu_353 = [-4.11],
  epsilon_minus_mu_354 = [-1.93],
  epsilon_minus_mu_355 = [-3.37],
  epsilon_minus_mu_356 = [-2.79],
  epsilon_minus_mu_357 = [-2.75],
  epsilon_minus_mu_358 = [-3.16],
  epsilon_minus_mu_359 = [-2.93],
  epsilon_minus_mu_3510 = [-2.23],
  epsilon_minus_mu_361 = [-4.27],
  epsilon_minus_mu_362 = [-4.89],
  epsilon_minus_mu_363 = [-3.37],
  epsilon_minus_mu_364 = [-2.73],
  epsilon_minus_mu_365 = [-2.60],
  epsilon_minus_mu_366 = [-1.75],
  epsilon_minus_mu_367 = [-3.42],
  epsilon_minus_mu_368 = [-2.03],
  epsilon_minus_mu_369 = [-3.30],
  epsilon_minus_mu_3610 = [-4.21],
  epsilon_minus_mu_371 = [-4.18],
  epsilon_minus_mu_372 = [-1.56],
  epsilon_minus_mu_373 = [-2.21],
  epsilon_minus_mu_374 = [-2.83],
  epsilon_minus_mu_375 = [-2.72],
  epsilon_minus_mu_376 = [-2.58],
  epsilon_minus_mu_377 = [-4.34],
  epsilon_minus_mu_378 = [-2.51],
  epsilon_minus_mu_379 = [-4.25],
  epsilon_minus_mu_3710 = [-2.80],
  epsilon_minus_mu_381 = [-2.79],
  epsilon_minus_mu_382 = [-3.17],
  epsilon_minus_mu_383 = [-0.93],
  epsilon_minus_mu_384 = [-3.18],
  epsilon_minus_mu_385 = [-2.00],
  epsilon_minus_mu_386 = [-2.61],
  epsilon_minus_mu_387 = [-0.96],
  epsilon_minus_mu_388 = [-3.83],
  epsilon_minus_mu_389 = [-2.89],
  epsilon_minus_mu_3810 = [-1.70],
  epsilon_minus_mu_391 = [-0.94],
  epsilon_minus_mu_392 = [-1.76],
  epsilon_minus_mu_393 = [-3.25],
  epsilon_minus_mu_394 = [-1.28],
  epsilon_minus_mu_395 = [-3.67],
  epsilon_minus_mu_396 = [-3.40],
  epsilon_minus_mu_397 = [-4.14],
  epsilon_minus_mu_398 = [-2.98],
  epsilon_minus_mu_399 = [-1.76],
  epsilon_minus_mu_3910 = [-2.75],
  epsilon_minus_mu_401 = [-2.02],
  epsilon_minus_mu_402 = [-2.88],
  epsilon_minus_mu_403 = [-2.48],
  epsilon_minus_mu_404 = [-2.01],
  epsilon_minus_mu_405 = [-2.30],
  epsilon_minus_mu_406 = [-3.39],
  epsilon_minus_mu_407 = [-2.72],
  epsilon_minus_mu_408 = [-3.44],
  epsilon_minus_mu_409 = [-3.40],
  epsilon_minus_mu_4010 = [-1.10],
]

Sigma + ¦Ó_{jk} = [
  sigma_plus_tau_11 = [2.94],
  sigma_plus_tau_12 = [1.51],
  sigma_plus_tau_13 = [3.66],
  sigma_plus_tau_14 = [2.64],
  sigma_plus_tau_15 = [2.24],
  sigma_plus_tau_16 = [5.88],
  sigma_plus_tau_17 = [6.97],
  sigma_plus_tau_18 = [3.29],
  sigma_plus_tau_19 = [3.25],
  sigma_plus_tau_110 = [5.91],
  sigma_plus_tau_21 = [3.72],
  sigma_plus_tau_22 = [6.60],
  sigma_plus_tau_23 = [4.68],
  sigma_plus_tau_24 = [6.15],
  sigma_plus_tau_25 = [5.09],
  sigma_plus_tau_26 = [6.61],
  sigma_plus_tau_27 = [3.96],
  sigma_plus_tau_28 = [3.27],
  sigma_plus_tau_29 = [3.18],
  sigma_plus_tau_210 = [3.79],
  sigma_plus_tau_31 = [2.32],
  sigma_plus_tau_32 = [6.39],
  sigma_plus_tau_33 = [4.68],
  sigma_plus_tau_34 = [2.72],
  sigma_plus_tau_35 = [6.45],
  sigma_plus_tau_36 = [7.58],
  sigma_plus_tau_37 = [3.29],
  sigma_plus_tau_38 = [4.07],
  sigma_plus_tau_39 = [3.09],
  sigma_plus_tau_310 = [5.87],
  sigma_plus_tau_41 = [1.47],
  sigma_plus_tau_42 = [3.85],
  sigma_plus_tau_43 = [2.28],
  sigma_plus_tau_44 = [6.50],
  sigma_plus_tau_45 = [4.00],
  sigma_plus_tau_46 = [2.00],
  sigma_plus_tau_47 = [3.85],
  sigma_plus_tau_48 = [2.81],
  sigma_plus_tau_49 = [6.06],
  sigma_plus_tau_410 = [3.31],
  sigma_plus_tau_51 = [3.94],
  sigma_plus_tau_52 = [4.61],
  sigma_plus_tau_53 = [4.29],
  sigma_plus_tau_54 = [5.42],
  sigma_plus_tau_55 = [4.45],
  sigma_plus_tau_56 = [4.43],
  sigma_plus_tau_57 = [3.31],
  sigma_plus_tau_58 = [5.73],
  sigma_plus_tau_59 = [7.29],
  sigma_plus_tau_510 = [2.78],
  sigma_plus_tau_61 = [2.94],
  sigma_plus_tau_62 = [4.39],
  sigma_plus_tau_63 = [5.69],
  sigma_plus_tau_64 = [5.08],
  sigma_plus_tau_65 = [5.48],
  sigma_plus_tau_66 = [4.19],
  sigma_plus_tau_67 = [2.60],
  sigma_plus_tau_68 = [1.95],
  sigma_plus_tau_69 = [6.29],
  sigma_plus_tau_610 = [5.67],
  sigma_plus_tau_71 = [3.56],
  sigma_plus_tau_72 = [5.48],
  sigma_plus_tau_73 = [5.96],
  sigma_plus_tau_74 = [2.54],
  sigma_plus_tau_75 = [5.30],
  sigma_plus_tau_76 = [2.51],
  sigma_plus_tau_77 = [1.80],
  sigma_plus_tau_78 = [5.93],
  sigma_plus_tau_79 = [3.05],
  sigma_plus_tau_710 = [2.84],
  sigma_plus_tau_81 = [6.85],
  sigma_plus_tau_82 = [4.71],
  sigma_plus_tau_83 = [1.49],
  sigma_plus_tau_84 = [7.00],
  sigma_plus_tau_85 = [1.90],
  sigma_plus_tau_86 = [3.13],
  sigma_plus_tau_87 = [6.11],
  sigma_plus_tau_88 = [4.71],
  sigma_plus_tau_89 = [2.71],
  sigma_plus_tau_810 = [7.31],
  sigma_plus_tau_91 = [4.85],
  sigma_plus_tau_92 = [4.88],
  sigma_plus_tau_93 = [4.70],
  sigma_plus_tau_94 = [3.34],
  sigma_plus_tau_95 = [4.69],
  sigma_plus_tau_96 = [5.13],
  sigma_plus_tau_97 = [2.87],
  sigma_plus_tau_98 = [7.09],
  sigma_plus_tau_99 = [5.65],
  sigma_plus_tau_910 = [5.13],
  sigma_plus_tau_101 = [5.81],
  sigma_plus_tau_102 = [5.66],
  sigma_plus_tau_103 = [4.87],
  sigma_plus_tau_104 = [4.05],
  sigma_plus_tau_105 = [1.66],
  sigma_plus_tau_106 = [3.12],
  sigma_plus_tau_107 = [1.98],
  sigma_plus_tau_108 = [6.59],
  sigma_plus_tau_109 = [2.49],
  sigma_plus_tau_1010 = [5.86],
  sigma_plus_tau_111 = [4.89],
  sigma_plus_tau_112 = [4.15],
  sigma_plus_tau_113 = [3.71],
  sigma_plus_tau_114 = [4.58],
  sigma_plus_tau_115 = [4.83],
  sigma_plus_tau_116 = [3.88],
  sigma_plus_tau_117 = [4.47],
  sigma_plus_tau_118 = [6.94],
  sigma_plus_tau_119 = [3.50],
  sigma_plus_tau_1110 = [6.02],
  sigma_plus_tau_121 = [2.36],
  sigma_plus_tau_122 = [3.57],
  sigma_plus_tau_123 = [3.67],
  sigma_plus_tau_124 = [3.44],
  sigma_plus_tau_125 = [3.66],
  sigma_plus_tau_126 = [3.75],
  sigma_plus_tau_127 = [4.45],
  sigma_plus_tau_128 = [5.34],
  sigma_plus_tau_129 = [7.16],
  sigma_plus_tau_1210 = [6.92],
  sigma_plus_tau_131 = [4.96],
  sigma_plus_tau_132 = [2.43],
  sigma_plus_tau_133 = [6.04],
  sigma_plus_tau_134 = [5.74],
  sigma_plus_tau_135 = [2.51],
  sigma_plus_tau_136 = [3.25],
  sigma_plus_tau_137 = [3.73],
  sigma_plus_tau_138 = [4.34],
  sigma_plus_tau_139 = [2.36],
  sigma_plus_tau_1310 = [7.25],
  sigma_plus_tau_141 = [5.52],
  sigma_plus_tau_142 = [4.98],
  sigma_plus_tau_143 = [2.19],
  sigma_plus_tau_144 = [5.94],
  sigma_plus_tau_145 = [2.10],
  sigma_plus_tau_146 = [1.79],
  sigma_plus_tau_147 = [4.10],
  sigma_plus_tau_148 = [5.48],
  sigma_plus_tau_149 = [3.23],
  sigma_plus_tau_1410 = [2.53],
  sigma_plus_tau_151 = [4.37],
  sigma_plus_tau_152 = [6.76],
  sigma_plus_tau_153 = [1.52],
  sigma_plus_tau_154 = [4.07],
  sigma_plus_tau_155 = [3.11],
  sigma_plus_tau_156 = [6.45],
  sigma_plus_tau_157 = [6.71],
  sigma_plus_tau_158 = [5.24],
  sigma_plus_tau_159 = [1.89],
  sigma_plus_tau_1510 = [3.28],
  sigma_plus_tau_161 = [7.21],
  sigma_plus_tau_162 = [6.68],
  sigma_plus_tau_163 = [3.98],
  sigma_plus_tau_164 = [2.04],
  sigma_plus_tau_165 = [4.53],
  sigma_plus_tau_166 = [3.96],
  sigma_plus_tau_167 = [3.14],
  sigma_plus_tau_168 = [6.56],
  sigma_plus_tau_169 = [7.18],
  sigma_plus_tau_1610 = [6.71],
  sigma_plus_tau_171 = [3.12],
  sigma_plus_tau_172 = [4.14],
  sigma_plus_tau_173 = [1.97],
  sigma_plus_tau_174 = [6.80],
  sigma_plus_tau_175 = [4.27],
  sigma_plus_tau_176 = [6.15],
  sigma_plus_tau_177 = [5.65],
  sigma_plus_tau_178 = [6.01],
  sigma_plus_tau_179 = [3.07],
  sigma_plus_tau_1710 = [3.35],
  sigma_plus_tau_181 = [4.55],
  sigma_plus_tau_182 = [1.49],
  sigma_plus_tau_183 = [3.21],
  sigma_plus_tau_184 = [5.76],
  sigma_plus_tau_185 = [4.70],
  sigma_plus_tau_186 = [4.86],
  sigma_plus_tau_187 = [2.26],
  sigma_plus_tau_188 = [3.53],
  sigma_plus_tau_189 = [2.24],
  sigma_plus_tau_1810 = [7.29],
  sigma_plus_tau_191 = [2.38],
  sigma_plus_tau_192 = [5.16],
  sigma_plus_tau_193 = [2.07],
  sigma_plus_tau_194 = [4.14],
  sigma_plus_tau_195 = [6.19],
  sigma_plus_tau_196 = [3.14],
  sigma_plus_tau_197 = [3.06],
  sigma_plus_tau_198 = [5.47],
  sigma_plus_tau_199 = [4.11],
  sigma_plus_tau_1910 = [4.81],
  sigma_plus_tau_201 = [6.85],
  sigma_plus_tau_202 = [5.84],
  sigma_plus_tau_203 = [5.31],
  sigma_plus_tau_204 = [4.77],
  sigma_plus_tau_205 = [4.22],
  sigma_plus_tau_206 = [3.15],
  sigma_plus_tau_207 = [3.89],
  sigma_plus_tau_208 = [4.93],
  sigma_plus_tau_209 = [6.20],
  sigma_plus_tau_2010 = [3.79],
  sigma_plus_tau_211 = [4.53],
  sigma_plus_tau_212 = [5.19],
  sigma_plus_tau_213 = [3.29],
  sigma_plus_tau_214 = [3.55],
  sigma_plus_tau_215 = [3.50],
  sigma_plus_tau_216 = [7.30],
  sigma_plus_tau_217 = [7.18],
  sigma_plus_tau_218 = [2.55],
  sigma_plus_tau_219 = [3.16],
  sigma_plus_tau_2110 = [2.94],
  sigma_plus_tau_221 = [3.14],
  sigma_plus_tau_222 = [4.92],
  sigma_plus_tau_223 = [3.47],
  sigma_plus_tau_224 = [3.66],
  sigma_plus_tau_225 = [3.26],
  sigma_plus_tau_226 = [3.18],
  sigma_plus_tau_227 = [3.59],
  sigma_plus_tau_228 = [3.41],
  sigma_plus_tau_229 = [5.18],
  sigma_plus_tau_2210 = [5.01],
  sigma_plus_tau_231 = [6.09],
  sigma_plus_tau_232 = [3.86],
  sigma_plus_tau_233 = [6.20],
  sigma_plus_tau_234 = [5.70],
  sigma_plus_tau_235 = [2.90],
  sigma_plus_tau_236 = [6.79],
  sigma_plus_tau_237 = [5.65],
  sigma_plus_tau_238 = [5.15],
  sigma_plus_tau_239 = [6.72],
  sigma_plus_tau_2310 = [6.83],
  sigma_plus_tau_241 = [4.32],
  sigma_plus_tau_242 = [6.24],
  sigma_plus_tau_243 = [6.25],
  sigma_plus_tau_244 = [2.66],
  sigma_plus_tau_245 = [3.51],
  sigma_plus_tau_246 = [6.90],
  sigma_plus_tau_247 = [5.60],
  sigma_plus_tau_248 = [1.96],
  sigma_plus_tau_249 = [5.83],
  sigma_plus_tau_2410 = [6.54],
  sigma_plus_tau_251 = [6.02],
  sigma_plus_tau_252 = [5.87],
  sigma_plus_tau_253 = [5.63],
  sigma_plus_tau_254 = [3.15],
  sigma_plus_tau_255 = [7.12],
  sigma_plus_tau_256 = [5.64],
  sigma_plus_tau_257 = [4.62],
  sigma_plus_tau_258 = [3.26],
  sigma_plus_tau_259 = [5.31],
  sigma_plus_tau_2510 = [2.27],
  sigma_plus_tau_261 = [7.11],
  sigma_plus_tau_262 = [5.75],
  sigma_plus_tau_263 = [7.10],
  sigma_plus_tau_264 = [4.22],
  sigma_plus_tau_265 = [4.81],
  sigma_plus_tau_266 = [5.25],
  sigma_plus_tau_267 = [4.71],
  sigma_plus_tau_268 = [3.34],
  sigma_plus_tau_269 = [1.80],
  sigma_plus_tau_2610 = [4.24],
  sigma_plus_tau_271 = [4.96],
  sigma_plus_tau_272 = [4.36],
  sigma_plus_tau_273 = [3.03],
  sigma_plus_tau_274 = [4.66],
  sigma_plus_tau_275 = [5.77],
  sigma_plus_tau_276 = [5.26],
  sigma_plus_tau_277 = [4.00],
  sigma_plus_tau_278 = [1.50],
  sigma_plus_tau_279 = [2.02],
  sigma_plus_tau_2710 = [5.26],
  sigma_plus_tau_281 = [3.01],
  sigma_plus_tau_282 = [5.65],
  sigma_plus_tau_283 = [4.40],
  sigma_plus_tau_284 = [4.14],
  sigma_plus_tau_285 = [5.31],
  sigma_plus_tau_286 = [3.53],
  sigma_plus_tau_287 = [4.78],
  sigma_plus_tau_288 = [2.46],
  sigma_plus_tau_289 = [6.77],
  sigma_plus_tau_2810 = [6.41],
  sigma_plus_tau_291 = [6.30],
  sigma_plus_tau_292 = [7.10],
  sigma_plus_tau_293 = [3.69],
  sigma_plus_tau_294 = [3.67],
  sigma_plus_tau_295 = [4.43],
  sigma_plus_tau_296 = [5.91],
  sigma_plus_tau_297 = [4.83],
  sigma_plus_tau_298 = [2.64],
  sigma_plus_tau_299 = [4.11],
  sigma_plus_tau_2910 = [5.45],
  sigma_plus_tau_301 = [3.11],
  sigma_plus_tau_302 = [2.91],
  sigma_plus_tau_303 = [3.15],
  sigma_plus_tau_304 = [5.20],
  sigma_plus_tau_305 = [7.69],
  sigma_plus_tau_306 = [6.95],
  sigma_plus_tau_307 = [3.16],
  sigma_plus_tau_308 = [6.18],
  sigma_plus_tau_309 = [7.18],
  sigma_plus_tau_3010 = [4.77],
  sigma_plus_tau_311 = [4.18],
  sigma_plus_tau_312 = [5.52],
  sigma_plus_tau_313 = [3.00],
  sigma_plus_tau_314 = [4.80],
  sigma_plus_tau_315 = [3.21],
  sigma_plus_tau_316 = [2.87],
  sigma_plus_tau_317 = [3.40],
  sigma_plus_tau_318 = [4.62],
  sigma_plus_tau_319 = [6.92],
  sigma_plus_tau_3110 = [6.90],
  sigma_plus_tau_321 = [6.00],
  sigma_plus_tau_322 = [6.54],
  sigma_plus_tau_323 = [3.33],
  sigma_plus_tau_324 = [5.90],
  sigma_plus_tau_325 = [5.95],
  sigma_plus_tau_326 = [7.29],
  sigma_plus_tau_327 = [7.45],
  sigma_plus_tau_328 = [2.41],
  sigma_plus_tau_329 = [2.81],
  sigma_plus_tau_3210 = [3.41],
  sigma_plus_tau_331 = [5.23],
  sigma_plus_tau_332 = [4.71],
  sigma_plus_tau_333 = [3.42],
  sigma_plus_tau_334 = [3.32],
  sigma_plus_tau_335 = [2.76],
  sigma_plus_tau_336 = [4.47],
  sigma_plus_tau_337 = [5.36],
  sigma_plus_tau_338 = [2.22],
  sigma_plus_tau_339 = [1.51],
  sigma_plus_tau_3310 = [6.49],
  sigma_plus_tau_341 = [3.08],
  sigma_plus_tau_342 = [5.59],
  sigma_plus_tau_343 = [4.57],
  sigma_plus_tau_344 = [4.84],
  sigma_plus_tau_345 = [2.58],
  sigma_plus_tau_346 = [5.81],
  sigma_plus_tau_347 = [4.99],
  sigma_plus_tau_348 = [4.81],
  sigma_plus_tau_349 = [3.01],
  sigma_plus_tau_3410 = [2.96],
  sigma_plus_tau_351 = [5.73],
  sigma_plus_tau_352 = [3.83],
  sigma_plus_tau_353 = [4.00],
  sigma_plus_tau_354 = [1.68],
  sigma_plus_tau_355 = [6.92],
  sigma_plus_tau_356 = [2.01],
  sigma_plus_tau_357 = [4.97],
  sigma_plus_tau_358 = [4.17],
  sigma_plus_tau_359 = [3.39],
  sigma_plus_tau_3510 = [4.27],
  sigma_plus_tau_361 = [7.09],
  sigma_plus_tau_362 = [6.69],
  sigma_plus_tau_363 = [2.34],
  sigma_plus_tau_364 = [6.78],
  sigma_plus_tau_365 = [3.87],
  sigma_plus_tau_366 = [2.81],
  sigma_plus_tau_367 = [4.73],
  sigma_plus_tau_368 = [4.11],
  sigma_plus_tau_369 = [4.45],
  sigma_plus_tau_3610 = [4.47],
  sigma_plus_tau_371 = [4.51],
  sigma_plus_tau_372 = [2.38],
  sigma_plus_tau_373 = [6.97],
  sigma_plus_tau_374 = [7.07],
  sigma_plus_tau_375 = [5.35],
  sigma_plus_tau_376 = [6.29],
  sigma_plus_tau_377 = [6.12],
  sigma_plus_tau_378 = [5.62],
  sigma_plus_tau_379 = [4.65],
  sigma_plus_tau_3710 = [2.91],
  sigma_plus_tau_381 = [2.37],
  sigma_plus_tau_382 = [6.56],
  sigma_plus_tau_383 = [6.17],
  sigma_plus_tau_384 = [3.60],
  sigma_plus_tau_385 = [3.12],
  sigma_plus_tau_386 = [4.95],
  sigma_plus_tau_387 = [6.80],
  sigma_plus_tau_388 = [5.19],
  sigma_plus_tau_389 = [2.79],
  sigma_plus_tau_3810 = [2.72],
  sigma_plus_tau_391 = [4.94],
  sigma_plus_tau_392 = [2.38],
  sigma_plus_tau_393 = [6.66],
  sigma_plus_tau_394 = [3.33],
  sigma_plus_tau_395 = [5.36],
  sigma_plus_tau_396 = [5.31],
  sigma_plus_tau_397 = [5.30],
  sigma_plus_tau_398 = [6.11],
  sigma_plus_tau_399 = [4.77],
  sigma_plus_tau_3910 = [4.49],
  sigma_plus_tau_401 = [4.23],
  sigma_plus_tau_402 = [1.65],
  sigma_plus_tau_403 = [2.93],
  sigma_plus_tau_404 = [2.56],
  sigma_plus_tau_405 = [6.03],
  sigma_plus_tau_406 = [4.30],
  sigma_plus_tau_407 = [2.17],
  sigma_plus_tau_408 = [5.15],
  sigma_plus_tau_409 = [4.17],
  sigma_plus_tau_4010 = [3.03],
]

Sigma - ¦Ó_{jk} = [
  sigma_minus_tau_11 = [-0.98],
  sigma_minus_tau_12 = [-0.50],
  sigma_minus_tau_13 = [-1.22],
  sigma_minus_tau_14 = [-0.88],
  sigma_minus_tau_15 = [-0.75],
  sigma_minus_tau_16 = [-1.96],
  sigma_minus_tau_17 = [-2.32],
  sigma_minus_tau_18 = [-1.10],
  sigma_minus_tau_19 = [-1.08],
  sigma_minus_tau_110 = [-1.97],
  sigma_minus_tau_21 = [-1.24],
  sigma_minus_tau_22 = [-2.20],
  sigma_minus_tau_23 = [-1.56],
  sigma_minus_tau_24 = [-2.05],
  sigma_minus_tau_25 = [-1.70],
  sigma_minus_tau_26 = [-2.20],
  sigma_minus_tau_27 = [-1.32],
  sigma_minus_tau_28 = [-1.09],
  sigma_minus_tau_29 = [-1.06],
  sigma_minus_tau_210 = [-1.26],
  sigma_minus_tau_31 = [-0.77],
  sigma_minus_tau_32 = [-2.13],
  sigma_minus_tau_33 = [-1.56],
  sigma_minus_tau_34 = [-0.91],
  sigma_minus_tau_35 = [-2.15],
  sigma_minus_tau_36 = [-2.53],
  sigma_minus_tau_37 = [-1.10],
  sigma_minus_tau_38 = [-1.36],
  sigma_minus_tau_39 = [-1.03],
  sigma_minus_tau_310 = [-1.96],
  sigma_minus_tau_41 = [-0.49],
  sigma_minus_tau_42 = [-1.28],
  sigma_minus_tau_43 = [-0.76],
  sigma_minus_tau_44 = [-2.17],
  sigma_minus_tau_45 = [-1.33],
  sigma_minus_tau_46 = [-0.67],
  sigma_minus_tau_47 = [-1.28],
  sigma_minus_tau_48 = [-0.94],
  sigma_minus_tau_49 = [-2.02],
  sigma_minus_tau_410 = [-1.10],
  sigma_minus_tau_51 = [-1.31],
  sigma_minus_tau_52 = [-1.54],
  sigma_minus_tau_53 = [-1.43],
  sigma_minus_tau_54 = [-1.81],
  sigma_minus_tau_55 = [-1.48],
  sigma_minus_tau_56 = [-1.48],
  sigma_minus_tau_57 = [-1.10],
  sigma_minus_tau_58 = [-1.91],
  sigma_minus_tau_59 = [-2.43],
  sigma_minus_tau_510 = [-0.93],
  sigma_minus_tau_61 = [-0.98],
  sigma_minus_tau_62 = [-1.46],
  sigma_minus_tau_63 = [-1.90],
  sigma_minus_tau_64 = [-1.69],
  sigma_minus_tau_65 = [-1.83],
  sigma_minus_tau_66 = [-1.40],
  sigma_minus_tau_67 = [-0.87],
  sigma_minus_tau_68 = [-0.65],
  sigma_minus_tau_69 = [-2.10],
  sigma_minus_tau_610 = [-1.89],
  sigma_minus_tau_71 = [-1.19],
  sigma_minus_tau_72 = [-1.83],
  sigma_minus_tau_73 = [-1.99],
  sigma_minus_tau_74 = [-0.85],
  sigma_minus_tau_75 = [-1.77],
  sigma_minus_tau_76 = [-0.84],
  sigma_minus_tau_77 = [-0.60],
  sigma_minus_tau_78 = [-1.98],
  sigma_minus_tau_79 = [-1.02],
  sigma_minus_tau_710 = [-0.95],
  sigma_minus_tau_81 = [-2.28],
  sigma_minus_tau_82 = [-1.57],
  sigma_minus_tau_83 = [-0.50],
  sigma_minus_tau_84 = [-2.33],
  sigma_minus_tau_85 = [-0.63],
  sigma_minus_tau_86 = [-1.04],
  sigma_minus_tau_87 = [-2.04],
  sigma_minus_tau_88 = [-1.57],
  sigma_minus_tau_89 = [-0.90],
  sigma_minus_tau_810 = [-2.44],
  sigma_minus_tau_91 = [-1.62],
  sigma_minus_tau_92 = [-1.63],
  sigma_minus_tau_93 = [-1.57],
  sigma_minus_tau_94 = [-1.11],
  sigma_minus_tau_95 = [-1.56],
  sigma_minus_tau_96 = [-1.71],
  sigma_minus_tau_97 = [-0.96],
  sigma_minus_tau_98 = [-2.36],
  sigma_minus_tau_99 = [-1.88],
  sigma_minus_tau_910 = [-1.71],
  sigma_minus_tau_101 = [-1.94],
  sigma_minus_tau_102 = [-1.89],
  sigma_minus_tau_103 = [-1.62],
  sigma_minus_tau_104 = [-1.35],
  sigma_minus_tau_105 = [-0.55],
  sigma_minus_tau_106 = [-1.04],
  sigma_minus_tau_107 = [-0.66],
  sigma_minus_tau_108 = [-2.20],
  sigma_minus_tau_109 = [-0.83],
  sigma_minus_tau_1010 = [-1.95],
  sigma_minus_tau_111 = [-1.63],
  sigma_minus_tau_112 = [-1.38],
  sigma_minus_tau_113 = [-1.24],
  sigma_minus_tau_114 = [-1.53],
  sigma_minus_tau_115 = [-1.61],
  sigma_minus_tau_116 = [-1.29],
  sigma_minus_tau_117 = [-1.49],
  sigma_minus_tau_118 = [-2.31],
  sigma_minus_tau_119 = [-1.17],
  sigma_minus_tau_1110 = [-2.01],
  sigma_minus_tau_121 = [-0.79],
  sigma_minus_tau_122 = [-1.19],
  sigma_minus_tau_123 = [-1.22],
  sigma_minus_tau_124 = [-1.15],
  sigma_minus_tau_125 = [-1.22],
  sigma_minus_tau_126 = [-1.25],
  sigma_minus_tau_127 = [-1.48],
  sigma_minus_tau_128 = [-1.78],
  sigma_minus_tau_129 = [-2.39],
  sigma_minus_tau_1210 = [-2.31],
  sigma_minus_tau_131 = [-1.65],
  sigma_minus_tau_132 = [-0.81],
  sigma_minus_tau_133 = [-2.01],
  sigma_minus_tau_134 = [-1.91],
  sigma_minus_tau_135 = [-0.84],
  sigma_minus_tau_136 = [-1.08],
  sigma_minus_tau_137 = [-1.24],
  sigma_minus_tau_138 = [-1.45],
  sigma_minus_tau_139 = [-0.79],
  sigma_minus_tau_1310 = [-2.42],
  sigma_minus_tau_141 = [-1.84],
  sigma_minus_tau_142 = [-1.66],
  sigma_minus_tau_143 = [-0.73],
  sigma_minus_tau_144 = [-1.98],
  sigma_minus_tau_145 = [-0.70],
  sigma_minus_tau_146 = [-0.60],
  sigma_minus_tau_147 = [-1.37],
  sigma_minus_tau_148 = [-1.83],
  sigma_minus_tau_149 = [-1.08],
  sigma_minus_tau_1410 = [-0.84],
  sigma_minus_tau_151 = [-1.46],
  sigma_minus_tau_152 = [-2.25],
  sigma_minus_tau_153 = [-0.51],
  sigma_minus_tau_154 = [-1.36],
  sigma_minus_tau_155 = [-1.04],
  sigma_minus_tau_156 = [-2.15],
  sigma_minus_tau_157 = [-2.24],
  sigma_minus_tau_158 = [-1.75],
  sigma_minus_tau_159 = [-0.63],
  sigma_minus_tau_1510 = [-1.09],
  sigma_minus_tau_161 = [-2.40],
  sigma_minus_tau_162 = [-2.23],
  sigma_minus_tau_163 = [-1.33],
  sigma_minus_tau_164 = [-0.68],
  sigma_minus_tau_165 = [-1.51],
  sigma_minus_tau_166 = [-1.32],
  sigma_minus_tau_167 = [-1.05],
  sigma_minus_tau_168 = [-2.19],
  sigma_minus_tau_169 = [-2.39],
  sigma_minus_tau_1610 = [-2.24],
  sigma_minus_tau_171 = [-1.04],
  sigma_minus_tau_172 = [-1.38],
  sigma_minus_tau_173 = [-0.66],
  sigma_minus_tau_174 = [-2.27],
  sigma_minus_tau_175 = [-1.42],
  sigma_minus_tau_176 = [-2.05],
  sigma_minus_tau_177 = [-1.88],
  sigma_minus_tau_178 = [-2.00],
  sigma_minus_tau_179 = [-1.02],
  sigma_minus_tau_1710 = [-1.12],
  sigma_minus_tau_181 = [-1.52],
  sigma_minus_tau_182 = [-0.50],
  sigma_minus_tau_183 = [-1.07],
  sigma_minus_tau_184 = [-1.92],
  sigma_minus_tau_185 = [-1.57],
  sigma_minus_tau_186 = [-1.62],
  sigma_minus_tau_187 = [-0.75],
  sigma_minus_tau_188 = [-1.18],
  sigma_minus_tau_189 = [-0.75],
  sigma_minus_tau_1810 = [-2.43],
  sigma_minus_tau_191 = [-0.79],
  sigma_minus_tau_192 = [-1.72],
  sigma_minus_tau_193 = [-0.69],
  sigma_minus_tau_194 = [-1.38],
  sigma_minus_tau_195 = [-2.06],
  sigma_minus_tau_196 = [-1.05],
  sigma_minus_tau_197 = [-1.02],
  sigma_minus_tau_198 = [-1.82],
  sigma_minus_tau_199 = [-1.37],
  sigma_minus_tau_1910 = [-1.60],
  sigma_minus_tau_201 = [-2.28],
  sigma_minus_tau_202 = [-1.95],
  sigma_minus_tau_203 = [-1.77],
  sigma_minus_tau_204 = [-1.59],
  sigma_minus_tau_205 = [-1.41],
  sigma_minus_tau_206 = [-1.05],
  sigma_minus_tau_207 = [-1.30],
  sigma_minus_tau_208 = [-1.64],
  sigma_minus_tau_209 = [-2.07],
  sigma_minus_tau_2010 = [-1.26],
  sigma_minus_tau_211 = [-1.51],
  sigma_minus_tau_212 = [-1.73],
  sigma_minus_tau_213 = [-1.10],
  sigma_minus_tau_214 = [-1.18],
  sigma_minus_tau_215 = [-1.17],
  sigma_minus_tau_216 = [-2.43],
  sigma_minus_tau_217 = [-2.39],
  sigma_minus_tau_218 = [-0.85],
  sigma_minus_tau_219 = [-1.05],
  sigma_minus_tau_2110 = [-0.98],
  sigma_minus_tau_221 = [-1.05],
  sigma_minus_tau_222 = [-1.64],
  sigma_minus_tau_223 = [-1.16],
  sigma_minus_tau_224 = [-1.22],
  sigma_minus_tau_225 = [-1.09],
  sigma_minus_tau_226 = [-1.06],
  sigma_minus_tau_227 = [-1.20],
  sigma_minus_tau_228 = [-1.14],
  sigma_minus_tau_229 = [-1.73],
  sigma_minus_tau_2210 = [-1.67],
  sigma_minus_tau_231 = [-2.03],
  sigma_minus_tau_232 = [-1.29],
  sigma_minus_tau_233 = [-2.07],
  sigma_minus_tau_234 = [-1.90],
  sigma_minus_tau_235 = [-0.97],
  sigma_minus_tau_236 = [-2.26],
  sigma_minus_tau_237 = [-1.88],
  sigma_minus_tau_238 = [-1.72],
  sigma_minus_tau_239 = [-2.24],
  sigma_minus_tau_2310 = [-2.28],
  sigma_minus_tau_241 = [-1.44],
  sigma_minus_tau_242 = [-2.08],
  sigma_minus_tau_243 = [-2.08],
  sigma_minus_tau_244 = [-0.89],
  sigma_minus_tau_245 = [-1.17],
  sigma_minus_tau_246 = [-2.30],
  sigma_minus_tau_247 = [-1.87],
  sigma_minus_tau_248 = [-0.65],
  sigma_minus_tau_249 = [-1.94],
  sigma_minus_tau_2410 = [-2.18],
  sigma_minus_tau_251 = [-2.01],
  sigma_minus_tau_252 = [-1.96],
  sigma_minus_tau_253 = [-1.88],
  sigma_minus_tau_254 = [-1.05],
  sigma_minus_tau_255 = [-2.37],
  sigma_minus_tau_256 = [-1.88],
  sigma_minus_tau_257 = [-1.54],
  sigma_minus_tau_258 = [-1.09],
  sigma_minus_tau_259 = [-1.77],
  sigma_minus_tau_2510 = [-0.76],
  sigma_minus_tau_261 = [-2.37],
  sigma_minus_tau_262 = [-1.92],
  sigma_minus_tau_263 = [-2.37],
  sigma_minus_tau_264 = [-1.41],
  sigma_minus_tau_265 = [-1.60],
  sigma_minus_tau_266 = [-1.75],
  sigma_minus_tau_267 = [-1.57],
  sigma_minus_tau_268 = [-1.11],
  sigma_minus_tau_269 = [-0.60],
  sigma_minus_tau_2610 = [-1.41],
  sigma_minus_tau_271 = [-1.65],
  sigma_minus_tau_272 = [-1.45],
  sigma_minus_tau_273 = [-1.01],
  sigma_minus_tau_274 = [-1.55],
  sigma_minus_tau_275 = [-1.92],
  sigma_minus_tau_276 = [-1.75],
  sigma_minus_tau_277 = [-1.33],
  sigma_minus_tau_278 = [-0.50],
  sigma_minus_tau_279 = [-0.67],
  sigma_minus_tau_2710 = [-1.75],
  sigma_minus_tau_281 = [-1.00],
  sigma_minus_tau_282 = [-1.88],
  sigma_minus_tau_283 = [-1.47],
  sigma_minus_tau_284 = [-1.38],
  sigma_minus_tau_285 = [-1.77],
  sigma_minus_tau_286 = [-1.18],
  sigma_minus_tau_287 = [-1.59],
  sigma_minus_tau_288 = [-0.82],
  sigma_minus_tau_289 = [-2.26],
  sigma_minus_tau_2810 = [-2.14],
  sigma_minus_tau_291 = [-2.10],
  sigma_minus_tau_292 = [-2.37],
  sigma_minus_tau_293 = [-1.23],
  sigma_minus_tau_294 = [-1.22],
  sigma_minus_tau_295 = [-1.48],
  sigma_minus_tau_296 = [-1.97],
  sigma_minus_tau_297 = [-1.61],
  sigma_minus_tau_298 = [-0.88],
  sigma_minus_tau_299 = [-1.37],
  sigma_minus_tau_2910 = [-1.82],
  sigma_minus_tau_301 = [-1.04],
  sigma_minus_tau_302 = [-0.97],
  sigma_minus_tau_303 = [-1.05],
  sigma_minus_tau_304 = [-1.73],
  sigma_minus_tau_305 = [-2.56],
  sigma_minus_tau_306 = [-2.32],
  sigma_minus_tau_307 = [-1.05],
  sigma_minus_tau_308 = [-2.06],
  sigma_minus_tau_309 = [-2.39],
  sigma_minus_tau_3010 = [-1.59],
  sigma_minus_tau_311 = [-1.39],
  sigma_minus_tau_312 = [-1.84],
  sigma_minus_tau_313 = [-1.00],
  sigma_minus_tau_314 = [-1.60],
  sigma_minus_tau_315 = [-1.07],
  sigma_minus_tau_316 = [-0.96],
  sigma_minus_tau_317 = [-1.13],
  sigma_minus_tau_318 = [-1.54],
  sigma_minus_tau_319 = [-2.31],
  sigma_minus_tau_3110 = [-2.30],
  sigma_minus_tau_321 = [-2.00],
  sigma_minus_tau_322 = [-2.18],
  sigma_minus_tau_323 = [-1.11],
  sigma_minus_tau_324 = [-1.97],
  sigma_minus_tau_325 = [-1.98],
  sigma_minus_tau_326 = [-2.43],
  sigma_minus_tau_327 = [-2.48],
  sigma_minus_tau_328 = [-0.80],
  sigma_minus_tau_329 = [-0.94],
  sigma_minus_tau_3210 = [-1.14],
  sigma_minus_tau_331 = [-1.74],
  sigma_minus_tau_332 = [-1.57],
  sigma_minus_tau_333 = [-1.14],
  sigma_minus_tau_334 = [-1.11],
  sigma_minus_tau_335 = [-0.92],
  sigma_minus_tau_336 = [-1.49],
  sigma_minus_tau_337 = [-1.79],
  sigma_minus_tau_338 = [-0.74],
  sigma_minus_tau_339 = [-0.50],
  sigma_minus_tau_3310 = [-2.16],
  sigma_minus_tau_341 = [-1.03],
  sigma_minus_tau_342 = [-1.86],
  sigma_minus_tau_343 = [-1.52],
  sigma_minus_tau_344 = [-1.61],
  sigma_minus_tau_345 = [-0.86],
  sigma_minus_tau_346 = [-1.94],
  sigma_minus_tau_347 = [-1.66],
  sigma_minus_tau_348 = [-1.60],
  sigma_minus_tau_349 = [-1.00],
  sigma_minus_tau_3410 = [-0.99],
  sigma_minus_tau_351 = [-1.91],
  sigma_minus_tau_352 = [-1.28],
  sigma_minus_tau_353 = [-1.33],
  sigma_minus_tau_354 = [-0.56],
  sigma_minus_tau_355 = [-2.31],
  sigma_minus_tau_356 = [-0.67],
  sigma_minus_tau_357 = [-1.66],
  sigma_minus_tau_358 = [-1.39],
  sigma_minus_tau_359 = [-1.13],
  sigma_minus_tau_3510 = [-1.42],
  sigma_minus_tau_361 = [-2.36],
  sigma_minus_tau_362 = [-2.23],
  sigma_minus_tau_363 = [-0.78],
  sigma_minus_tau_364 = [-2.26],
  sigma_minus_tau_365 = [-1.29],
  sigma_minus_tau_366 = [-0.94],
  sigma_minus_tau_367 = [-1.58],
  sigma_minus_tau_368 = [-1.37],
  sigma_minus_tau_369 = [-1.48],
  sigma_minus_tau_3610 = [-1.49],
  sigma_minus_tau_371 = [-1.50],
  sigma_minus_tau_372 = [-0.79],
  sigma_minus_tau_373 = [-2.32],
  sigma_minus_tau_374 = [-2.36],
  sigma_minus_tau_375 = [-1.78],
  sigma_minus_tau_376 = [-2.10],
  sigma_minus_tau_377 = [-2.04],
  sigma_minus_tau_378 = [-1.87],
  sigma_minus_tau_379 = [-1.55],
  sigma_minus_tau_3710 = [-0.97],
  sigma_minus_tau_381 = [-0.79],
  sigma_minus_tau_382 = [-2.19],
  sigma_minus_tau_383 = [-2.06],
  sigma_minus_tau_384 = [-1.20],
  sigma_minus_tau_385 = [-1.04],
  sigma_minus_tau_386 = [-1.65],
  sigma_minus_tau_387 = [-2.27],
  sigma_minus_tau_388 = [-1.73],
  sigma_minus_tau_389 = [-0.93],
  sigma_minus_tau_3810 = [-0.91],
  sigma_minus_tau_391 = [-1.65],
  sigma_minus_tau_392 = [-0.79],
  sigma_minus_tau_393 = [-2.22],
  sigma_minus_tau_394 = [-1.11],
  sigma_minus_tau_395 = [-1.79],
  sigma_minus_tau_396 = [-1.77],
  sigma_minus_tau_397 = [-1.77],
  sigma_minus_tau_398 = [-2.04],
  sigma_minus_tau_399 = [-1.59],
  sigma_minus_tau_3910 = [-1.50],
  sigma_minus_tau_401 = [-1.41],
  sigma_minus_tau_402 = [-0.55],
  sigma_minus_tau_403 = [-0.98],
  sigma_minus_tau_404 = [-0.85],
  sigma_minus_tau_405 = [-2.01],
  sigma_minus_tau_406 = [-1.43],
  sigma_minus_tau_407 = [-0.72],
  sigma_minus_tau_408 = [-1.72],
  sigma_minus_tau_409 = [-1.39],
  sigma_minus_tau_4010 = [-1.01],
]

Probabilities (p_s) = [
0.10, 0.10, 0.10, 0.10, 0.10, 0.10, 0.10, 0.10, 0.10, 0.10
]

c_bar = 5.54
