Jobs = 60
Machines = 20
Scenarios = 50

Ready Times (rj) = [
0.00, 0.00, 0.00, 0.00, 0.00, 0.00, 0.00, 0.00, 0.00, 0.00, 0.00, 0.00, 0.00, 0.00, 0.00, 0.00, 0.00, 0.00, 0.00, 0.00, 0.00, 0.00, 0.00, 0.00, 0.00, 0.00, 0.00, 0.00, 0.00, 0.00, 0.00, 0.00, 0.00, 0.00, 0.00, 0.00, 0.00, 0.00, 0.00, 0.00, 0.00, 0.00, 0.00, 0.00, 0.00, 0.00, 0.00, 0.00, 0.00, 0.00, 0.00, 0.00, 0.00, 0.00, 0.00, 0.00, 0.00, 0.00, 0.00, 0.00
]

Transportation Times (tjk^s) = [
  tjk_11 = [4.87, 5.34, 3.94, 5.69, 5.42, 1.08, 3.56, 2.00, 4.23, 4.30, 1.87, 5.58, 1.32, 5.22, 5.31, 4.88, 4.45, 5.18, 5.27, 4.26, 3.73, 5.50, 5.66, 5.02, 2.89, 5.83, 4.90, 4.49, 2.77, 4.51, 2.14, 5.07, 2.10, 4.53, 5.23, 4.77, 3.96, 4.30, 5.60, 3.55, 5.46, 5.39, 4.78, 5.08, 5.27, 4.97, 4.36, 5.31, 5.33, 4.58],
  tjk_12 = [4.43, 4.62, 2.95, 6.03, 3.77, 1.20, 4.91, 5.42, 4.88, 5.03, 4.60, 5.20, 5.85, 4.97, 4.80, 5.10, 4.62, 1.13, 4.81, 4.87, 4.90, 5.32, 4.66, 4.67, 4.59, 1.34, 2.28, 4.29, 3.13, 4.57, 3.96, 2.38, 4.21, 5.02, 5.42, 5.00, 5.23, 4.27, 4.93, 2.28, 2.09, 4.84, 5.29, 5.16, 4.77, 5.27, 3.73, 4.65, 4.98, 3.12],
  tjk_13 = [4.23, 3.28, 4.88, 3.80, 3.69, 4.49, 4.51, 3.20, 4.04, 4.03, 4.01, 3.76, 4.33, 3.09, 4.20, 4.92, 4.03, 2.51, 4.23, 4.61, 4.51, 3.90, 3.23, 4.44, 3.78, 3.75, 3.29, 4.66, 3.67, 1.94, 3.37, 3.64, 3.71, 3.84, 4.44, 2.78, 3.63, 3.71, 4.14, 4.00, 3.38, 4.39, 3.75, 4.53, 4.12, 4.57, 4.22, 3.19, 1.45, 4.82],
  tjk_14 = [4.47, 4.85, 4.51, 4.98, 4.38, 4.78, 4.38, 5.28, 4.56, 4.66, 1.50, 3.51, 5.33, 4.29, 5.94, 3.81, 5.45, 3.98, 4.35, 5.11, 5.27, 2.12, 4.68, 4.35, 4.43, 5.18, 4.32, 1.26, 5.57, 4.79, 4.68, 5.51, 2.75, 4.61, 4.70, 3.24, 3.45, 4.95, 4.53, 4.95, 4.54, 4.84, 4.33, 1.36, 5.58, 3.98, 4.54, 4.26, 5.22, 4.61],
  tjk_15 = [3.79, 3.87, 1.07, 3.30, 4.28, 3.73, 3.38, 4.37, 5.29, 4.15, 3.19, 3.69, 4.81, 4.20, 4.06, 3.93, 4.13, 3.36, 3.96, 3.10, 4.29, 2.43, 1.14, 1.63, 2.46, 3.53, 3.54, 4.72, 4.10, 3.89, 2.75, 3.96, 3.44, 3.58, 4.38, 3.97, 3.72, 1.74, 4.04, 1.04, 3.12, 2.57, 4.04, 3.60, 2.71, 4.16, 3.18, 4.63, 2.73, 3.99],
  tjk_16 = [3.45, 1.61, 2.06, 1.99, 1.64, 2.05, 1.65, 1.86, 2.38, 1.97, 4.07, 1.79, 1.90, 1.26, 2.17, 2.25, 2.04, 1.87, 2.01, 2.51, 2.20, 2.18, 4.12, 1.81, 2.03, 2.40, 1.81, 2.26, 1.32, 2.05, 3.86, 4.64, 1.86, 3.82, 2.61, 2.32, 3.71, 1.97, 4.87, 2.05, 4.07, 2.26, 1.90, 1.80, 2.29, 1.81, 2.42, 1.78, 1.91, 1.99],
  tjk_17 = [3.37, 2.95, 2.98, 2.96, 4.49, 3.41, 3.08, 2.93, 2.98, 3.11, 3.07, 2.62, 2.85, 4.02, 3.29, 3.82, 2.81, 3.36, 2.86, 1.56, 2.81, 3.03, 3.16, 3.15, 2.83, 2.46, 3.62, 3.31, 3.08, 3.15, 3.56, 2.79, 2.75, 4.18, 2.86, 2.72, 3.08, 3.09, 2.83, 1.31, 2.36, 3.25, 2.78, 3.14, 3.87, 3.22, 3.23, 2.99, 3.18, 4.36],
  tjk_18 = [4.92, 4.94, 5.15, 2.23, 4.88, 5.56, 5.16, 4.38, 2.10, 4.75, 4.18, 2.10, 5.64, 4.86, 1.90, 5.73, 5.43, 1.73, 4.92, 4.69, 5.57, 4.58, 5.20, 4.50, 5.56, 1.99, 5.68, 3.93, 3.35, 4.60, 4.68, 3.03, 2.10, 5.47, 4.57, 5.88, 5.97, 5.09, 4.85, 4.77, 5.63, 4.72, 3.88, 4.88, 5.45, 4.97, 1.22, 3.75, 4.72, 4.97],
  tjk_19 = [0.87, 0.96, 4.11, 1.05, 3.78, 1.42, 1.02, 0.96, 0.90, 0.82, 1.04, 1.08, 0.96, 1.95, 2.79, 1.04, 3.88, 1.34, 1.21, 4.88, 0.79, 1.04, 3.06, 0.94, 1.37, 1.22, 1.06, 1.72, 0.93, 1.06, 3.36, 0.94, 0.98, 0.89, 0.97, 1.17, 1.06, 4.14, 1.91, 3.96, 4.07, 1.13, 1.06, 1.70, 4.31, 1.04, 1.05, 1.02, 1.04, 0.92],
  tjk_110 = [5.74, 4.04, 5.68, 6.25, 4.76, 4.83, 4.46, 5.19, 5.25, 5.11, 3.97, 3.29, 5.25, 2.95, 5.19, 5.42, 5.04, 1.70, 4.55, 5.20, 2.75, 2.17, 2.96, 2.79, 4.01, 4.76, 5.28, 4.94, 4.29, 5.35, 5.49, 3.92, 5.08, 4.98, 2.46, 5.73, 4.22, 3.12, 5.10, 5.30, 5.54, 6.38, 5.83, 2.06, 4.78, 5.50, 5.13, 4.20, 2.08, 4.78],
  tjk_111 = [2.85, 3.83, 3.98, 4.67, 4.32, 4.16, 3.77, 3.40, 4.52, 3.73, 2.85, 2.82, 3.61, 1.39, 3.48, 3.60, 5.16, 3.33, 3.90, 4.48, 1.27, 3.92, 2.40, 3.60, 3.87, 4.44, 2.39, 3.76, 3.00, 3.92, 2.85, 3.64, 4.90, 2.33, 4.34, 3.18, 4.41, 3.82, 4.63, 3.60, 4.43, 3.78, 2.71, 3.87, 4.36, 3.74, 4.25, 4.32, 3.67, 4.06],
  tjk_112 = [0.97, 0.99, 0.98, 0.94, 1.11, 4.82, 0.81, 1.62, 0.94, 1.06, 3.89, 1.00, 1.01, 1.00, 1.06, 0.88, 1.84, 4.73, 0.88, 0.87, 1.99, 4.95, 1.00, 0.97, 1.16, 0.94, 0.84, 0.85, 2.16, 1.01, 3.03, 1.01, 0.98, 0.99, 1.13, 1.11, 1.09, 3.99, 2.96, 0.87, 1.10, 1.03, 0.96, 1.15, 0.97, 0.84, 1.57, 1.09, 0.89, 0.96],
  tjk_113 = [1.04, 0.93, 3.80, 1.04, 1.06, 3.68, 0.99, 1.99, 1.00, 1.86, 4.78, 0.92, 2.33, 2.71, 0.99, 0.89, 1.03, 0.98, 1.03, 2.99, 1.50, 1.00, 2.27, 1.16, 1.18, 1.09, 0.99, 0.89, 1.30, 0.87, 3.69, 1.03, 1.56, 0.96, 2.83, 0.99, 0.80, 1.15, 0.83, 1.00, 2.78, 1.18, 0.80, 1.02, 0.77, 1.00, 2.84, 3.22, 1.17, 1.03],
  tjk_114 = [1.06, 1.03, 1.89, 0.90, 0.96, 0.93, 0.96, 0.89, 0.90, 1.14, 1.03, 0.86, 1.10, 0.91, 3.52, 0.92, 4.27, 2.06, 0.97, 1.85, 2.93, 1.23, 0.98, 0.90, 0.89, 1.16, 1.04, 1.08, 2.62, 3.79, 3.64, 1.03, 1.00, 4.99, 4.93, 1.09, 0.73, 4.90, 0.98, 0.80, 0.79, 0.88, 1.01, 4.40, 2.84, 0.84, 1.87, 1.02, 0.87, 0.84],
  tjk_115 = [1.04, 4.66, 1.01, 0.99, 0.98, 3.75, 1.02, 0.97, 1.02, 3.49, 0.96, 3.50, 3.39, 4.76, 2.40, 1.18, 2.38, 0.93, 0.85, 1.04, 1.03, 0.94, 0.94, 0.98, 1.24, 0.92, 0.92, 0.93, 1.02, 0.88, 4.87, 1.03, 0.99, 3.05, 1.03, 4.32, 1.04, 0.90, 3.65, 1.11, 1.01, 0.93, 0.95, 0.82, 3.00, 1.05, 0.91, 4.80, 0.89, 0.89],
  tjk_116 = [0.94, 1.01, 1.10, 1.02, 1.03, 1.51, 0.96, 3.65, 0.85, 0.95, 1.18, 1.02, 1.03, 4.24, 1.02, 0.91, 1.40, 1.05, 4.31, 2.65, 4.82, 1.01, 0.95, 1.07, 0.96, 1.00, 1.05, 1.04, 1.03, 0.90, 1.13, 0.98, 3.90, 2.52, 1.13, 1.05, 1.04, 1.04, 1.06, 1.06, 1.56, 4.09, 0.89, 4.94, 1.18, 1.06, 0.98, 0.95, 0.84, 0.99],
  tjk_117 = [5.93, 5.00, 5.81, 5.02, 4.06, 5.66, 3.70, 1.74, 5.68, 4.88, 5.54, 3.76, 4.19, 1.27, 4.12, 5.61, 4.67, 4.53, 4.09, 4.69, 4.67, 4.17, 4.02, 4.85, 2.29, 5.05, 4.64, 4.74, 5.27, 4.44, 5.80, 1.70, 5.03, 1.63, 1.74, 2.38, 5.15, 5.29, 2.75, 5.68, 5.11, 4.55, 4.92, 3.57, 4.90, 4.63, 5.14, 5.19, 2.49, 4.83],
  tjk_118 = [2.61, 2.78, 3.36, 3.04, 4.99, 2.57, 3.02, 3.10, 2.72, 2.70, 3.70, 3.05, 3.02, 3.12, 2.00, 2.87, 3.04, 3.10, 3.47, 3.22, 4.75, 1.87, 3.44, 3.44, 2.69, 3.16, 3.24, 3.43, 4.48, 2.78, 1.99, 2.80, 2.92, 3.39, 2.86, 2.85, 2.78, 2.55, 2.57, 2.59, 4.47, 2.67, 3.37, 2.71, 3.23, 3.22, 3.06, 4.55, 3.72, 4.82],
  tjk_119 = [1.07, 1.11, 2.70, 1.49, 0.91, 0.91, 3.45, 1.21, 1.03, 1.14, 0.88, 3.76, 0.87, 0.89, 0.98, 1.20, 0.94, 0.97, 1.19, 4.06, 0.96, 1.00, 2.40, 0.86, 1.02, 1.00, 4.38, 1.04, 1.20, 1.05, 0.99, 1.50, 0.99, 2.53, 0.96, 1.11, 0.90, 1.05, 0.97, 4.33, 1.07, 2.26, 0.97, 1.25, 2.64, 1.11, 1.10, 1.02, 2.68, 0.91],
  tjk_120 = [2.44, 1.22, 1.13, 1.00, 1.10, 2.86, 0.89, 0.96, 1.45, 1.81, 0.93, 4.15, 1.15, 3.19, 0.88, 1.02, 0.99, 0.83, 1.17, 1.02, 1.01, 0.95, 3.28, 2.04, 4.86, 1.13, 4.40, 3.28, 0.90, 0.93, 0.83, 1.02, 1.04, 0.92, 1.13, 0.98, 0.97, 0.86, 1.81, 1.08, 4.03, 1.03, 1.17, 3.91, 4.62, 3.42, 0.99, 1.20, 0.97, 1.14],
  tjk_21 = [1.80, 2.95, 1.88, 3.58, 2.74, 4.49, 1.84, 1.96, 2.15, 2.21, 3.42, 2.98, 1.90, 3.95, 1.98, 1.79, 1.80, 2.32, 1.76, 1.91, 1.87, 1.93, 1.93, 3.68, 1.74, 2.25, 4.16, 2.06, 2.04, 4.68, 1.77, 1.76, 4.46, 1.81, 1.10, 1.79, 2.18, 3.47, 1.97, 1.99, 4.01, 3.54, 2.27, 2.95, 1.09, 1.71, 2.18, 2.06, 1.95, 4.12],
  tjk_22 = [3.75, 3.75, 1.37, 4.09, 4.13, 1.51, 3.53, 3.76, 1.58, 3.72, 4.06, 4.06, 3.18, 4.78, 4.07, 3.75, 3.70, 4.84, 1.54, 3.68, 3.89, 4.57, 4.70, 4.15, 4.01, 2.89, 2.49, 4.01, 4.07, 3.39, 4.37, 4.27, 3.52, 3.87, 1.51, 3.87, 5.07, 4.13, 5.24, 4.38, 3.98, 4.57, 1.46, 2.98, 4.01, 2.24, 4.03, 4.05, 4.18, 3.69],
  tjk_23 = [2.23, 2.85, 1.33, 1.74, 4.17, 2.04, 2.37, 4.42, 2.27, 2.01, 1.92, 2.13, 2.24, 2.24, 1.88, 2.26, 2.34, 4.02, 1.80, 3.63, 1.35, 2.80, 2.29, 1.92, 2.11, 2.61, 2.04, 1.98, 1.75, 4.96, 4.71, 2.66, 2.00, 2.31, 1.23, 2.32, 2.30, 2.48, 2.08, 4.21, 3.20, 4.10, 2.80, 3.60, 1.72, 4.58, 1.81, 2.13, 1.92, 2.49],
  tjk_24 = [0.94, 4.08, 1.05, 1.07, 2.17, 1.13, 1.03, 0.91, 1.18, 3.53, 0.91, 1.08, 1.39, 4.96, 0.88, 0.92, 0.98, 0.75, 1.24, 3.33, 1.05, 1.50, 1.01, 4.82, 1.02, 0.86, 3.17, 1.02, 2.11, 1.73, 1.81, 1.43, 1.03, 0.93, 0.84, 1.00, 0.95, 1.17, 0.95, 1.21, 0.93, 0.78, 0.83, 1.07, 1.41, 0.98, 3.38, 0.84, 1.07, 0.98],
  tjk_25 = [0.76, 0.98, 1.02, 0.96, 0.93, 4.31, 1.23, 0.92, 3.39, 1.12, 1.20, 1.01, 0.96, 1.04, 0.98, 0.85, 2.52, 1.18, 2.71, 3.10, 1.15, 0.98, 4.14, 1.07, 0.95, 0.97, 0.94, 4.15, 3.16, 3.63, 0.92, 0.97, 1.40, 4.37, 0.96, 2.03, 0.67, 0.95, 1.00, 1.24, 0.92, 2.03, 0.97, 0.91, 4.69, 1.01, 4.99, 2.40, 1.05, 1.14],
  tjk_26 = [2.87, 3.22, 2.76, 4.36, 2.99, 4.90, 2.56, 4.94, 2.65, 2.61, 2.89, 1.90, 1.21, 3.15, 3.86, 2.96, 2.35, 2.82, 4.08, 1.35, 3.15, 3.04, 2.76, 4.71, 2.89, 1.11, 2.99, 3.13, 2.74, 3.24, 2.93, 2.18, 3.05, 3.78, 3.22, 2.90, 3.47, 2.79, 2.79, 2.99, 2.73, 3.20, 2.61, 2.94, 2.56, 1.90, 4.47, 2.64, 2.91, 3.19],
  tjk_27 = [4.55, 4.58, 4.81, 4.95, 5.73, 4.00, 4.65, 5.66, 4.95, 3.41, 4.94, 2.02, 5.40, 3.60, 3.09, 4.64, 5.28, 5.05, 5.12, 4.62, 5.55, 5.80, 3.01, 4.99, 4.70, 4.94, 5.57, 3.67, 5.68, 5.05, 5.25, 6.76, 4.77, 5.33, 4.99, 4.21, 3.30, 1.94, 4.65, 4.74, 4.19, 5.53, 2.67, 5.37, 3.65, 4.96, 3.65, 5.18, 5.24, 5.42],
  tjk_28 = [0.93, 0.84, 0.95, 0.98, 1.13, 1.20, 1.04, 0.73, 1.01, 1.02, 2.16, 0.91, 0.95, 3.74, 1.11, 1.02, 0.85, 1.50, 1.14, 1.19, 1.09, 1.20, 1.11, 0.89, 2.31, 1.00, 1.04, 3.44, 4.98, 4.76, 0.97, 0.94, 2.94, 1.01, 0.99, 2.34, 3.28, 1.17, 0.80, 4.45, 4.59, 1.29, 0.75, 1.03, 0.95, 0.98, 0.88, 0.87, 0.92, 1.04],
  tjk_29 = [1.84, 1.87, 1.71, 1.81, 4.79, 4.56, 1.82, 1.65, 2.33, 1.80, 1.87, 2.00, 2.42, 2.58, 3.58, 1.65, 2.02, 2.37, 2.38, 1.77, 1.97, 2.07, 1.94, 2.14, 1.81, 1.79, 1.34, 1.90, 2.07, 1.90, 2.09, 2.20, 2.43, 1.77, 3.35, 2.27, 2.27, 1.69, 3.43, 4.29, 2.09, 1.70, 1.09, 1.82, 2.32, 1.71, 1.66, 1.79, 1.71, 2.35],
  tjk_210 = [3.84, 1.05, 0.84, 1.01, 4.77, 1.01, 1.03, 1.10, 1.07, 0.96, 0.95, 4.72, 1.09, 4.46, 1.35, 0.95, 0.93, 1.01, 0.80, 1.02, 1.04, 1.01, 3.21, 1.17, 1.03, 0.97, 0.74, 1.03, 1.13, 2.95, 2.71, 1.15, 1.03, 1.04, 0.83, 1.06, 0.94, 1.08, 1.15, 1.09, 1.04, 1.01, 0.84, 3.57, 4.32, 4.88, 1.07, 1.02, 1.06, 0.97],
  tjk_211 = [4.73, 3.00, 3.10, 2.03, 3.38, 1.01, 3.21, 1.17, 2.84, 3.31, 2.96, 2.40, 2.99, 2.99, 3.22, 3.10, 3.33, 2.95, 3.04, 2.42, 4.29, 3.14, 2.90, 4.55, 3.08, 3.25, 2.54, 2.59, 3.17, 2.63, 2.77, 2.80, 2.26, 2.51, 2.93, 3.10, 3.06, 2.74, 2.83, 3.25, 2.58, 4.55, 3.21, 3.62, 3.21, 2.60, 3.45, 2.56, 1.53, 3.93],
  tjk_212 = [5.39, 4.50, 4.67, 4.79, 5.00, 1.78, 5.63, 4.65, 5.36, 2.30, 4.57, 4.12, 5.20, 4.65, 1.65, 4.99, 3.20, 4.46, 4.83, 3.41, 5.01, 5.04, 4.65, 5.24, 5.54, 5.38, 6.07, 4.57, 5.14, 5.12, 4.76, 1.27, 5.30, 4.41, 5.68, 4.71, 4.96, 5.06, 5.56, 2.55, 4.99, 4.37, 5.45, 4.95, 4.67, 4.90, 4.49, 5.29, 5.45, 4.77],
  tjk_213 = [4.53, 2.09, 1.21, 2.77, 2.82, 1.96, 5.07, 4.41, 5.70, 5.72, 4.68, 5.11, 4.86, 4.99, 4.95, 5.03, 4.90, 3.20, 4.62, 5.50, 5.84, 1.67, 2.23, 4.97, 5.19, 4.01, 4.27, 1.40, 4.94, 4.36, 4.73, 2.68, 4.33, 4.47, 4.69, 4.57, 5.79, 4.79, 4.79, 4.94, 5.13, 5.55, 5.25, 4.55, 2.45, 4.63, 2.02, 5.79, 4.93, 3.41],
  tjk_214 = [5.42, 4.57, 4.71, 3.12, 4.49, 4.42, 5.32, 5.50, 2.77, 4.25, 4.69, 2.50, 5.60, 3.66, 5.38, 2.93, 3.81, 5.99, 4.48, 4.55, 3.23, 1.37, 2.49, 4.71, 4.68, 5.04, 4.87, 2.16, 5.20, 4.93, 5.31, 4.34, 4.19, 5.43, 4.57, 4.56, 5.26, 4.26, 5.40, 4.83, 4.41, 1.98, 4.73, 4.37, 5.21, 4.77, 3.11, 5.46, 4.58, 5.59],
  tjk_215 = [3.61, 4.09, 2.00, 3.29, 4.51, 4.32, 4.74, 3.80, 3.92, 4.14, 4.06, 3.02, 3.87, 1.36, 3.18, 4.22, 4.20, 3.86, 3.49, 4.67, 4.97, 4.33, 3.32, 2.12, 1.81, 4.41, 4.10, 3.68, 3.62, 2.17, 3.98, 4.00, 4.71, 3.06, 3.63, 3.43, 5.05, 3.71, 3.02, 4.06, 1.12, 3.47, 3.22, 4.37, 3.55, 4.07, 4.48, 1.68, 3.76, 4.78],
  tjk_216 = [2.81, 6.22, 5.56, 4.60, 4.31, 2.81, 4.78, 4.03, 2.30, 4.30, 2.29, 4.93, 5.78, 5.21, 5.43, 5.54, 5.40, 5.13, 5.57, 4.46, 5.32, 2.88, 4.87, 6.21, 4.64, 3.38, 2.91, 5.03, 5.17, 4.98, 4.34, 3.96, 5.45, 1.89, 5.28, 5.04, 5.15, 4.86, 4.53, 5.31, 4.95, 4.49, 3.45, 4.78, 6.03, 3.23, 2.96, 5.10, 4.37, 4.89],
  tjk_217 = [4.84, 3.66, 4.27, 1.19, 4.25, 3.42, 4.84, 4.07, 3.10, 3.90, 3.40, 3.86, 4.16, 3.52, 3.42, 4.25, 4.10, 3.41, 3.65, 4.36, 2.56, 1.50, 4.78, 4.16, 1.92, 4.77, 4.14, 3.71, 2.55, 3.88, 2.59, 3.99, 4.58, 4.00, 4.02, 3.91, 4.26, 3.76, 3.11, 3.57, 4.35, 3.51, 3.97, 4.06, 3.82, 3.70, 4.07, 3.66, 4.19, 4.14],
  tjk_218 = [0.90, 2.86, 1.08, 0.97, 0.96, 4.49, 4.35, 3.29, 1.04, 2.26, 1.11, 2.09, 0.87, 1.07, 4.00, 0.99, 1.02, 1.03, 4.47, 0.95, 0.90, 0.88, 1.03, 2.95, 1.99, 2.27, 4.83, 1.97, 1.17, 0.95, 0.93, 1.14, 0.98, 1.03, 0.98, 3.28, 0.85, 0.95, 0.94, 0.98, 1.37, 4.19, 1.06, 1.45, 4.51, 1.07, 0.98, 0.94, 2.43, 1.13],
  tjk_219 = [2.52, 2.00, 2.05, 2.00, 2.99, 2.10, 2.19, 1.87, 3.09, 1.92, 2.28, 2.09, 1.41, 3.67, 4.35, 2.27, 1.80, 2.00, 2.07, 2.19, 2.33, 3.34, 1.05, 3.84, 1.98, 1.85, 2.07, 1.65, 2.12, 2.06, 2.06, 2.06, 1.95, 1.96, 2.34, 2.10, 1.16, 1.87, 1.63, 2.07, 1.91, 1.59, 1.61, 4.63, 3.18, 2.02, 1.99, 1.96, 2.13, 1.92],
  tjk_220 = [1.93, 2.04, 1.74, 1.85, 2.87, 2.27, 2.53, 2.19, 2.11, 3.48, 1.91, 1.83, 3.10, 2.23, 2.02, 4.21, 2.23, 1.73, 3.97, 2.09, 2.44, 2.33, 3.82, 1.69, 1.30, 4.79, 1.87, 2.25, 1.67, 1.70, 2.09, 1.95, 1.90, 1.84, 2.01, 1.97, 2.20, 2.11, 1.81, 1.89, 1.98, 2.22, 1.95, 4.61, 2.00, 1.82, 4.43, 3.57, 1.87, 1.95],
  tjk_31 = [3.04, 1.55, 4.38, 2.74, 2.34, 3.97, 3.05, 2.81, 3.07, 2.57, 2.82, 3.26, 2.88, 2.77, 2.82, 2.78, 3.43, 3.09, 2.87, 3.05, 3.58, 1.23, 2.32, 3.51, 3.40, 3.05, 2.56, 2.73, 3.51, 1.37, 1.10, 2.19, 3.12, 3.00, 3.15, 2.96, 4.45, 3.04, 2.95, 3.70, 3.75, 2.89, 3.37, 2.53, 2.79, 2.96, 1.25, 2.77, 3.82, 4.98],
  tjk_32 = [2.05, 3.07, 3.01, 2.94, 2.53, 2.84, 3.26, 2.92, 2.99, 2.93, 2.03, 3.28, 3.09, 4.39, 2.90, 2.52, 4.07, 3.28, 2.86, 3.23, 2.78, 1.14, 4.05, 1.38, 2.79, 2.36, 3.07, 3.50, 4.72, 3.18, 2.71, 2.08, 2.78, 3.70, 2.68, 3.21, 1.28, 3.37, 2.57, 3.14, 3.04, 2.30, 2.70, 3.11, 2.73, 3.75, 2.66, 3.45, 3.17, 2.11],
  tjk_33 = [3.49, 2.86, 3.07, 3.01, 2.39, 2.74, 2.69, 3.51, 3.84, 2.63, 3.34, 4.52, 2.58, 4.45, 2.98, 3.35, 3.50, 2.89, 2.88, 3.91, 3.18, 2.88, 2.59, 3.61, 3.16, 3.30, 3.10, 3.28, 3.21, 3.23, 2.58, 4.40, 2.47, 4.32, 3.20, 2.71, 3.13, 3.34, 3.02, 2.15, 2.57, 1.67, 3.46, 2.93, 3.12, 2.92, 1.25, 3.04, 2.86, 3.00],
  tjk_34 = [4.98, 4.99, 5.10, 4.51, 1.52, 4.85, 4.59, 2.64, 4.05, 4.83, 5.63, 4.19, 5.11, 1.20, 1.53, 3.97, 4.72, 5.41, 3.16, 4.18, 4.50, 4.36, 5.18, 4.81, 6.15, 5.66, 4.79, 3.65, 4.99, 4.43, 5.06, 4.20, 4.52, 4.92, 4.78, 5.33, 2.57, 5.44, 4.97, 2.39, 3.28, 3.67, 5.87, 4.87, 5.22, 3.19, 3.45, 4.31, 4.59, 4.84],
  tjk_35 = [2.05, 1.78, 2.34, 1.63, 1.92, 1.06, 1.79, 2.10, 1.81, 1.48, 2.76, 4.27, 1.28, 1.86, 2.43, 2.13, 2.01, 3.51, 4.33, 2.20, 1.14, 4.20, 1.81, 2.02, 1.79, 1.75, 2.53, 1.81, 1.98, 1.95, 2.04, 2.44, 1.74, 3.11, 1.93, 2.08, 2.20, 2.73, 2.97, 1.60, 2.08, 2.04, 1.86, 2.01, 1.15, 4.07, 2.71, 1.66, 2.23, 1.22],
  tjk_36 = [2.13, 2.03, 1.92, 2.33, 1.95, 2.14, 1.88, 2.77, 2.31, 1.74, 1.81, 2.30, 2.06, 4.56, 3.21, 2.27, 2.01, 1.65, 3.04, 2.05, 1.80, 1.79, 3.26, 2.18, 1.69, 1.84, 2.96, 2.21, 1.79, 1.96, 2.18, 2.10, 1.86, 2.01, 2.49, 3.49, 2.15, 2.48, 2.40, 4.35, 2.19, 2.56, 2.46, 3.12, 1.95, 1.72, 1.62, 4.09, 2.35, 1.95],
  tjk_37 = [1.48, 0.87, 2.52, 3.69, 0.84, 4.51, 3.10, 3.32, 1.00, 3.80, 0.97, 1.18, 2.47, 0.92, 1.16, 0.96, 4.71, 0.97, 2.06, 1.15, 0.91, 1.01, 4.87, 0.93, 0.91, 1.28, 1.19, 1.02, 1.11, 0.96, 4.91, 1.32, 1.20, 2.98, 0.90, 1.29, 0.87, 4.92, 1.02, 1.00, 2.58, 2.64, 1.09, 0.88, 0.94, 1.64, 4.87, 1.08, 3.73, 1.95],
  tjk_38 = [3.11, 3.66, 1.68, 2.75, 1.67, 3.85, 2.53, 2.07, 3.12, 2.99, 2.96, 2.75, 2.49, 2.74, 3.17, 2.78, 2.54, 2.88, 2.91, 2.96, 2.92, 4.97, 3.23, 2.99, 2.91, 2.96, 3.18, 1.60, 3.82, 2.49, 4.36, 1.52, 2.94, 3.94, 2.26, 2.61, 3.68, 2.99, 3.84, 3.12, 2.47, 3.21, 2.87, 3.30, 3.13, 3.28, 4.52, 3.22, 3.19, 2.24],
  tjk_39 = [3.69, 4.58, 5.07, 3.89, 3.58, 1.53, 4.47, 4.33, 3.54, 4.33, 3.55, 3.63, 4.32, 1.40, 3.42, 3.79, 3.67, 4.78, 4.11, 3.77, 3.89, 3.70, 1.18, 3.66, 2.50, 4.50, 1.76, 4.81, 3.57, 4.19, 4.53, 3.88, 3.89, 4.14, 3.80, 3.71, 3.88, 4.01, 4.09, 4.47, 1.85, 3.83, 3.94, 3.97, 3.90, 3.52, 4.19, 3.60, 4.22, 3.60],
  tjk_310 = [4.45, 3.86, 4.32, 3.87, 3.63, 3.44, 3.86, 4.11, 1.49, 1.88, 3.70, 4.60, 4.15, 1.76, 3.54, 2.95, 3.25, 3.89, 3.54, 4.78, 3.61, 3.27, 3.76, 3.80, 3.66, 3.91, 1.21, 4.57, 4.22, 4.07, 3.30, 4.21, 3.99, 1.01, 4.64, 4.25, 5.31, 3.66, 4.31, 4.31, 4.31, 3.86, 3.94, 1.42, 3.33, 4.09, 4.03, 4.42, 3.20, 4.50],
  tjk_311 = [4.95, 1.03, 2.18, 1.17, 0.99, 0.94, 0.91, 2.24, 3.14, 0.94, 1.10, 0.78, 1.01, 4.05, 1.06, 1.06, 1.06, 2.72, 0.80, 4.11, 0.97, 0.94, 0.81, 1.20, 1.03, 2.37, 1.12, 2.97, 1.00, 0.99, 1.04, 3.12, 4.83, 3.26, 2.14, 1.47, 4.82, 2.18, 0.93, 4.48, 0.97, 1.82, 1.18, 0.92, 0.79, 1.04, 1.35, 0.95, 1.10, 1.18],
  tjk_312 = [3.75, 4.40, 3.84, 4.06, 4.05, 4.14, 1.17, 4.44, 3.96, 2.61, 4.06, 4.42, 4.67, 3.70, 4.61, 1.60, 2.04, 4.25, 3.94, 1.37, 3.88, 2.64, 4.36, 2.47, 4.72, 2.69, 2.25, 3.74, 1.68, 4.24, 3.44, 4.01, 4.09, 4.39, 4.88, 3.34, 3.73, 1.87, 3.58, 3.86, 4.21, 3.74, 3.78, 4.22, 4.48, 4.19, 3.05, 4.24, 2.39, 3.67],
  tjk_313 = [1.02, 3.57, 0.94, 0.92, 1.75, 0.95, 0.87, 2.63, 1.13, 1.03, 1.36, 0.83, 1.17, 3.22, 1.11, 1.04, 1.02, 1.05, 4.88, 0.88, 1.11, 1.18, 4.87, 4.76, 0.93, 1.05, 1.00, 2.07, 0.92, 0.97, 4.88, 0.98, 3.03, 1.15, 1.06, 0.90, 1.16, 0.98, 0.96, 3.11, 1.03, 1.35, 1.17, 1.02, 4.31, 4.25, 1.21, 4.90, 0.87, 0.95],
  tjk_314 = [2.67, 2.97, 4.01, 4.48, 5.62, 1.27, 5.10, 4.61, 2.17, 1.10, 4.26, 4.94, 4.68, 4.93, 5.56, 1.14, 4.06, 4.66, 4.19, 5.36, 5.72, 6.28, 4.63, 1.39, 5.40, 5.06, 5.12, 5.34, 5.35, 4.94, 3.93, 5.77, 4.84, 4.94, 5.13, 5.51, 2.38, 4.95, 4.78, 4.23, 5.14, 3.34, 1.88, 5.51, 5.18, 3.51, 5.63, 4.28, 1.50, 4.66],
  tjk_315 = [2.87, 3.59, 2.92, 1.47, 2.71, 3.12, 4.94, 4.97, 3.01, 3.13, 3.37, 2.79, 2.83, 1.51, 3.08, 3.14, 2.96, 2.53, 3.42, 4.06, 2.84, 3.89, 2.81, 3.26, 3.23, 3.86, 4.76, 2.97, 3.21, 3.35, 2.76, 2.64, 3.23, 2.46, 3.12, 4.97, 1.36, 2.74, 3.14, 3.01, 3.19, 2.21, 2.48, 3.31, 2.89, 3.42, 3.77, 2.95, 4.39, 2.94],
  tjk_316 = [4.46, 5.57, 2.38, 3.31, 1.38, 1.70, 4.61, 4.21, 4.77, 5.28, 3.89, 3.09, 5.01, 5.58, 3.82, 4.60, 5.47, 3.02, 5.46, 5.07, 4.83, 3.79, 4.72, 5.34, 4.81, 4.85, 4.69, 4.76, 4.18, 4.58, 5.33, 1.43, 2.10, 3.77, 2.90, 5.06, 5.08, 2.72, 4.92, 5.36, 5.88, 3.16, 1.81, 3.28, 2.52, 5.07, 3.54, 5.06, 5.84, 4.47],
  tjk_317 = [2.59, 2.78, 3.07, 3.12, 3.45, 4.61, 3.10, 2.99, 2.79, 2.76, 4.50, 2.42, 2.84, 3.01, 2.81, 2.88, 3.17, 4.42, 2.99, 4.36, 3.02, 3.09, 2.76, 1.10, 2.80, 3.46, 3.23, 2.73, 3.11, 2.86, 2.74, 3.01, 2.64, 2.72, 3.08, 3.05, 3.07, 3.02, 3.12, 3.14, 2.95, 3.89, 3.86, 4.71, 3.69, 2.72, 2.96, 4.26, 2.77, 2.77],
  tjk_318 = [3.27, 3.14, 2.91, 2.82, 2.97, 1.11, 3.09, 3.32, 3.32, 3.29, 3.23, 2.70, 3.00, 2.49, 3.15, 2.51, 3.33, 2.76, 2.90, 3.10, 3.24, 3.16, 2.47, 2.83, 4.57, 2.82, 2.98, 3.20, 3.33, 2.88, 3.05, 4.99, 2.84, 1.31, 2.54, 3.36, 2.98, 2.56, 2.69, 3.10, 3.47, 2.72, 2.92, 2.90, 2.87, 2.61, 3.48, 2.96, 3.35, 4.65],
  tjk_319 = [3.10, 2.95, 1.23, 4.50, 2.94, 2.97, 3.49, 3.25, 2.80, 2.19, 3.91, 2.61, 2.39, 3.24, 3.04, 3.02, 3.53, 1.02, 2.99, 2.29, 3.07, 2.79, 3.30, 1.13, 2.69, 2.96, 2.40, 2.89, 2.46, 2.71, 3.35, 2.75, 2.77, 2.87, 2.77, 3.01, 2.64, 3.24, 2.91, 4.84, 3.06, 3.32, 3.44, 3.06, 4.39, 1.34, 2.94, 2.95, 4.37, 3.55],
  tjk_320 = [2.01, 2.11, 2.32, 2.20, 4.20, 4.36, 1.99, 1.93, 2.20, 2.37, 1.91, 4.40, 2.31, 4.21, 1.91, 2.14, 2.12, 2.19, 1.58, 1.93, 1.92, 1.99, 4.44, 1.91, 2.54, 1.98, 3.47, 1.64, 2.29, 1.79, 3.65, 2.06, 4.85, 1.84, 2.05, 2.09, 1.98, 1.81, 2.21, 2.39, 1.96, 2.24, 3.42, 1.07, 2.55, 2.12, 1.76, 2.16, 1.89, 1.81],
  tjk_41 = [1.78, 2.88, 4.70, 1.56, 4.86, 5.28, 4.70, 1.84, 5.08, 4.07, 1.76, 5.98, 4.97, 5.21, 5.64, 5.53, 1.09, 4.86, 4.95, 5.77, 3.98, 4.73, 4.45, 1.81, 2.59, 1.82, 4.69, 1.95, 5.29, 5.30, 4.92, 4.88, 4.93, 4.22, 5.69, 5.02, 3.01, 4.37, 4.36, 2.30, 4.98, 1.02, 5.44, 5.24, 4.88, 5.14, 6.03, 5.22, 4.18, 4.39],
  tjk_42 = [4.59, 3.52, 0.95, 0.99, 2.44, 1.10, 1.06, 1.65, 0.92, 4.62, 0.93, 1.01, 1.13, 1.10, 1.38, 4.88, 1.16, 1.06, 0.82, 0.99, 4.33, 3.90, 3.27, 0.83, 4.89, 3.27, 0.87, 4.93, 0.89, 0.87, 1.09, 1.05, 0.99, 1.18, 0.97, 1.05, 1.18, 4.71, 1.12, 0.99, 1.02, 0.91, 1.74, 0.93, 0.85, 1.10, 3.36, 0.97, 0.96, 4.87],
  tjk_43 = [1.99, 1.65, 1.58, 1.88, 4.58, 1.14, 1.59, 2.02, 1.28, 1.85, 2.21, 3.55, 1.85, 2.38, 2.29, 3.55, 4.96, 2.08, 1.89, 1.64, 1.86, 2.04, 2.07, 2.39, 1.84, 1.85, 3.34, 2.28, 1.78, 4.78, 2.20, 2.12, 1.75, 3.89, 1.89, 2.60, 2.17, 1.87, 1.83, 2.96, 2.24, 1.25, 2.10, 2.11, 2.62, 1.84, 2.04, 2.23, 4.98, 1.61],
  tjk_44 = [1.35, 2.14, 4.41, 4.11, 4.45, 4.06, 2.01, 3.35, 3.86, 3.94, 3.50, 1.70, 3.59, 4.06, 3.76, 3.75, 3.04, 3.54, 3.39, 3.93, 3.89, 4.30, 4.47, 4.85, 3.45, 3.58, 3.79, 2.11, 4.07, 4.36, 4.21, 3.03, 4.02, 3.94, 3.65, 3.52, 4.21, 3.34, 1.12, 4.37, 4.55, 2.96, 3.58, 4.22, 3.65, 4.03, 4.08, 1.60, 3.83, 4.16],
  tjk_45 = [5.38, 4.65, 3.11, 5.24, 4.58, 4.33, 4.82, 1.43, 2.34, 3.55, 4.99, 4.53, 5.88, 1.44, 5.48, 4.35, 6.31, 2.56, 5.05, 4.03, 5.63, 2.94, 1.89, 3.12, 5.52, 5.35, 4.42, 5.16, 5.97, 3.58, 5.37, 5.30, 3.82, 4.83, 4.74, 5.09, 5.41, 4.91, 4.69, 4.81, 2.57, 3.00, 5.29, 4.23, 1.78, 4.52, 5.37, 1.08, 3.68, 4.89],
  tjk_46 = [3.23, 2.15, 3.27, 2.86, 2.59, 2.92, 3.54, 2.93, 2.70, 2.82, 3.07, 3.08, 2.70, 1.58, 2.54, 2.83, 3.08, 2.83, 3.76, 2.72, 2.77, 3.54, 2.46, 2.41, 1.78, 2.92, 2.99, 3.38, 3.07, 3.59, 3.38, 2.88, 2.61, 2.92, 1.84, 3.17, 3.25, 2.82, 2.73, 3.31, 3.38, 3.08, 3.92, 2.97, 3.44, 2.76, 2.64, 2.93, 3.16, 2.72],
  tjk_47 = [1.72, 1.86, 1.86, 1.60, 2.25, 1.84, 1.87, 1.71, 2.15, 3.90, 2.54, 2.16, 2.28, 1.96, 3.76, 1.69, 1.13, 2.49, 1.83, 1.90, 1.95, 2.11, 1.81, 4.62, 1.81, 3.30, 1.71, 4.87, 1.38, 1.88, 1.80, 1.06, 2.23, 1.20, 3.13, 3.83, 2.01, 1.85, 2.05, 3.89, 1.90, 1.55, 1.72, 2.01, 1.94, 4.28, 2.18, 1.83, 2.37, 2.76],
  tjk_48 = [2.79, 2.52, 3.01, 1.22, 3.04, 2.24, 2.89, 2.64, 2.54, 2.71, 2.92, 2.84, 2.94, 3.48, 1.37, 3.13, 2.29, 3.99, 3.21, 2.07, 2.70, 2.33, 3.20, 3.33, 3.16, 4.00, 1.38, 3.71, 3.45, 3.43, 3.15, 3.18, 3.08, 2.87, 3.30, 3.05, 3.10, 2.92, 2.86, 3.06, 3.38, 3.15, 2.69, 2.02, 3.01, 1.82, 3.14, 2.38, 2.53, 2.97],
  tjk_49 = [3.68, 3.50, 1.85, 3.00, 3.63, 2.96, 3.04, 2.06, 3.47, 2.44, 2.84, 1.71, 3.22, 3.45, 2.95, 1.73, 2.78, 2.72, 3.09, 2.95, 3.10, 3.15, 2.20, 2.94, 3.08, 3.16, 2.98, 2.90, 2.76, 2.87, 3.07, 3.11, 2.99, 1.06, 2.61, 2.41, 1.75, 2.95, 2.89, 3.25, 3.19, 2.61, 1.98, 3.37, 3.12, 3.71, 1.67, 3.41, 3.15, 2.89],
  tjk_410 = [3.65, 3.80, 3.86, 3.91, 4.51, 4.78, 4.61, 4.09, 3.84, 1.20, 2.33, 2.02, 3.96, 3.83, 3.86, 4.26, 3.73, 4.01, 4.03, 4.13, 4.52, 3.56, 2.69, 3.13, 3.96, 4.33, 2.20, 4.70, 5.40, 4.62, 4.26, 3.52, 4.13, 3.80, 3.88, 3.44, 3.99, 4.95, 3.73, 4.06, 3.88, 2.87, 3.79, 3.85, 3.41, 1.64, 4.30, 1.35, 2.02, 4.65],
  tjk_411 = [3.76, 5.41, 5.38, 4.72, 4.35, 5.07, 1.36, 4.66, 3.11, 4.68, 4.69, 4.81, 2.42, 1.66, 3.58, 4.16, 4.29, 4.97, 4.74, 4.54, 4.64, 2.09, 2.33, 5.52, 5.31, 1.35, 5.64, 4.77, 5.30, 5.07, 4.67, 3.44, 4.99, 4.75, 3.51, 4.66, 1.75, 5.00, 4.28, 5.75, 4.99, 4.66, 5.92, 5.61, 5.17, 2.53, 4.71, 6.30, 5.45, 5.16],
  tjk_412 = [1.03, 2.93, 1.24, 0.93, 1.10, 1.02, 3.97, 2.53, 1.00, 0.88, 1.11, 1.74, 0.97, 4.02, 0.99, 1.02, 0.94, 0.99, 0.99, 0.95, 1.14, 2.86, 1.00, 0.83, 0.94, 1.15, 3.20, 1.02, 1.25, 3.10, 0.98, 0.74, 1.17, 3.00, 2.68, 4.78, 1.01, 1.08, 2.92, 1.23, 1.89, 3.23, 0.93, 2.33, 0.96, 1.72, 0.93, 0.89, 2.88, 0.87],
  tjk_413 = [0.92, 0.99, 0.92, 0.92, 1.35, 0.96, 0.77, 0.90, 2.85, 3.98, 1.44, 0.91, 1.20, 1.06, 0.92, 0.93, 0.91, 0.94, 2.30, 1.67, 1.24, 0.97, 1.19, 1.04, 0.87, 4.31, 1.20, 0.98, 1.07, 0.87, 0.85, 0.83, 1.06, 0.91, 0.94, 3.10, 0.93, 1.83, 1.09, 4.08, 1.08, 2.63, 1.11, 1.13, 4.07, 1.18, 0.89, 1.00, 1.07, 0.78],
  tjk_414 = [4.38, 2.12, 4.53, 5.51, 5.16, 2.56, 3.76, 5.21, 5.34, 4.35, 4.74, 4.53, 4.91, 4.47, 5.37, 2.60, 4.55, 4.86, 4.42, 5.22, 2.16, 5.64, 3.76, 5.09, 1.47, 1.77, 5.90, 5.17, 4.46, 4.70, 4.67, 3.91, 4.54, 2.77, 1.46, 5.11, 2.06, 5.09, 5.83, 4.48, 5.58, 1.87, 1.65, 4.72, 5.43, 5.08, 5.03, 4.75, 5.71, 1.12],
  tjk_415 = [4.50, 4.52, 4.57, 5.20, 4.46, 1.46, 4.96, 4.09, 4.38, 5.40, 4.94, 5.35, 5.49, 2.77, 4.38, 5.05, 4.27, 4.99, 4.97, 2.65, 4.73, 5.04, 4.76, 5.62, 4.43, 3.84, 5.39, 1.34, 4.85, 4.33, 5.49, 4.57, 4.65, 4.65, 2.39, 4.59, 5.08, 3.17, 4.52, 5.30, 5.61, 5.88, 1.80, 1.70, 4.48, 4.20, 3.30, 5.24, 5.07, 4.49],
  tjk_416 = [3.21, 3.19, 3.28, 2.80, 2.35, 4.64, 3.14, 3.37, 3.31, 1.02, 3.35, 2.98, 3.06, 1.05, 3.03, 1.79, 2.65, 2.55, 3.01, 2.46, 4.59, 3.01, 1.34, 2.60, 3.54, 2.76, 3.52, 2.94, 3.23, 4.16, 4.32, 2.96, 3.26, 3.06, 2.87, 2.60, 2.97, 2.46, 3.35, 2.05, 2.37, 2.24, 3.25, 3.32, 2.93, 3.64, 2.94, 2.95, 3.15, 4.53],
  tjk_417 = [3.57, 4.26, 3.69, 3.46, 4.07, 3.79, 3.58, 4.11, 3.46, 3.59, 2.12, 3.15, 4.66, 4.74, 2.24, 2.81, 4.22, 4.64, 3.73, 4.14, 3.47, 3.40, 3.92, 4.43, 4.12, 3.83, 4.23, 4.31, 4.15, 4.88, 1.26, 3.85, 4.05, 3.99, 1.91, 2.00, 3.19, 3.76, 1.64, 1.30, 4.46, 3.56, 3.95, 3.23, 2.89, 1.54, 4.10, 3.73, 3.77, 2.60],
  tjk_418 = [5.09, 4.77, 5.62, 5.09, 4.96, 4.42, 4.70, 5.62, 6.12, 5.16, 1.83, 5.66, 4.84, 3.83, 4.35, 5.02, 5.79, 4.39, 5.29, 5.17, 4.66, 5.48, 4.96, 4.71, 4.96, 5.06, 5.99, 4.49, 5.69, 5.49, 3.72, 5.32, 4.75, 3.21, 5.27, 3.71, 4.74, 1.24, 5.07, 5.07, 1.56, 4.94, 5.27, 3.38, 4.29, 4.86, 1.27, 5.37, 4.50, 5.17],
  tjk_419 = [3.97, 4.43, 3.62, 3.93, 4.66, 4.30, 3.52, 4.05, 4.58, 2.92, 3.60, 3.99, 3.20, 1.44, 4.20, 2.05, 3.73, 3.15, 3.40, 4.45, 1.80, 1.31, 3.71, 3.54, 4.03, 4.00, 3.12, 3.73, 4.65, 3.25, 3.55, 4.18, 3.48, 4.15, 4.08, 2.14, 2.66, 3.72, 1.84, 3.45, 4.70, 1.37, 1.18, 2.46, 4.04, 1.27, 3.95, 3.31, 4.41, 3.98],
  tjk_420 = [0.99, 1.11, 1.15, 0.81, 3.99, 0.98, 1.02, 1.03, 3.02, 0.92, 3.70, 1.23, 1.10, 1.77, 0.82, 0.95, 2.98, 3.59, 1.05, 2.62, 4.43, 1.06, 1.13, 0.97, 0.99, 3.18, 0.97, 0.95, 1.03, 1.33, 1.07, 1.15, 4.08, 0.89, 1.09, 1.07, 0.97, 1.27, 0.90, 0.98, 2.46, 3.18, 0.98, 4.66, 1.24, 0.99, 3.84, 1.06, 4.81, 1.05],
  tjk_51 = [1.08, 1.03, 1.16, 0.89, 0.85, 1.87, 1.05, 1.01, 4.38, 0.88, 1.04, 0.97, 1.57, 0.91, 1.01, 1.09, 4.06, 0.89, 1.01, 1.14, 1.05, 1.03, 4.11, 1.12, 4.50, 3.82, 4.99, 1.00, 0.83, 0.81, 0.91, 0.97, 2.21, 2.48, 4.42, 0.94, 1.12, 0.86, 0.77, 2.02, 1.16, 1.12, 2.01, 0.85, 1.09, 0.98, 1.01, 0.91, 0.83, 1.00],
  tjk_52 = [1.93, 2.01, 3.84, 1.98, 2.07, 2.31, 2.09, 4.94, 4.88, 1.97, 3.28, 2.08, 1.88, 2.38, 2.40, 2.17, 3.85, 2.01, 3.86, 1.02, 2.20, 2.36, 1.77, 1.94, 2.70, 1.86, 2.30, 1.89, 1.15, 2.42, 3.15, 1.74, 2.15, 1.91, 2.22, 2.00, 2.31, 1.08, 1.75, 1.82, 1.75, 1.91, 4.50, 3.99, 2.96, 1.85, 4.57, 2.10, 2.25, 1.89],
  tjk_53 = [1.86, 2.02, 1.35, 3.37, 2.02, 1.78, 2.10, 2.10, 2.06, 2.16, 2.83, 1.92, 1.06, 2.11, 2.33, 1.95, 1.94, 1.58, 1.79, 2.16, 1.96, 1.94, 3.93, 1.95, 1.81, 2.13, 1.72, 1.92, 1.60, 1.87, 1.97, 1.82, 1.83, 3.87, 2.05, 1.90, 2.09, 4.44, 1.62, 3.33, 2.46, 1.96, 1.92, 4.45, 2.12, 1.89, 1.95, 2.22, 2.12, 3.35],
  tjk_54 = [4.84, 4.22, 1.10, 4.91, 4.95, 1.00, 4.69, 3.04, 5.30, 5.34, 4.45, 4.44, 4.48, 4.23, 5.23, 1.11, 2.71, 4.89, 5.37, 3.39, 5.15, 4.70, 4.89, 4.37, 4.21, 1.46, 5.82, 5.06, 4.92, 2.04, 1.86, 2.71, 5.24, 4.92, 5.87, 5.73, 4.80, 1.35, 4.53, 2.10, 4.91, 5.60, 2.53, 5.36, 4.83, 4.89, 5.17, 5.30, 2.03, 1.98],
  tjk_55 = [4.74, 4.93, 5.25, 4.86, 4.64, 4.59, 5.32, 4.15, 4.02, 3.31, 6.23, 2.62, 5.07, 5.86, 4.58, 5.96, 4.67, 4.34, 5.41, 4.74, 2.76, 5.03, 4.76, 5.25, 4.79, 5.41, 4.50, 1.11, 5.42, 3.78, 5.98, 5.50, 5.74, 4.98, 5.07, 5.63, 4.64, 3.17, 4.46, 5.59, 1.36, 4.79, 3.92, 4.16, 5.00, 5.36, 5.58, 3.14, 2.86, 3.88],
  tjk_56 = [5.41, 4.21, 3.68, 4.73, 5.09, 5.76, 4.87, 3.59, 1.22, 3.76, 4.45, 5.27, 1.36, 5.45, 5.10, 1.29, 4.95, 4.89, 4.45, 4.63, 3.64, 4.91, 5.20, 4.32, 4.39, 2.80, 1.58, 4.69, 1.55, 4.30, 5.08, 4.18, 4.85, 2.08, 4.84, 2.80, 1.00, 4.69, 5.41, 4.94, 5.34, 4.45, 3.72, 3.98, 5.04, 5.24, 4.82, 5.29, 4.25, 4.46],
  tjk_57 = [1.89, 4.60, 0.81, 0.97, 2.86, 2.74, 1.06, 2.88, 3.75, 3.56, 2.78, 2.53, 4.82, 2.02, 0.90, 0.88, 3.58, 1.09, 0.96, 0.87, 0.90, 1.14, 1.39, 1.04, 4.90, 3.75, 0.96, 1.04, 1.09, 0.94, 1.10, 1.17, 1.17, 1.87, 1.02, 0.89, 2.96, 0.94, 1.04, 2.60, 1.13, 0.97, 1.00, 2.14, 4.51, 3.46, 4.64, 1.04, 1.15, 0.92],
  tjk_58 = [5.50, 4.56, 5.95, 3.86, 5.26, 4.55, 4.28, 5.18, 5.27, 1.58, 5.02, 1.12, 4.13, 5.23, 4.74, 5.85, 3.00, 3.07, 4.75, 4.43, 5.23, 2.24, 1.50, 4.44, 5.36, 4.86, 2.79, 4.57, 4.78, 6.49, 3.72, 4.93, 2.98, 3.91, 5.32, 3.97, 4.80, 4.81, 3.05, 5.26, 5.52, 1.27, 4.37, 1.50, 5.51, 1.53, 5.20, 1.79, 3.09, 6.04],
  tjk_59 = [0.85, 3.18, 1.17, 0.92, 0.97, 1.26, 1.41, 1.70, 1.00, 0.88, 2.34, 3.97, 1.14, 2.01, 0.97, 1.95, 0.93, 1.01, 3.26, 4.65, 0.86, 4.92, 1.08, 1.01, 1.33, 3.93, 1.06, 2.26, 1.10, 0.97, 4.93, 4.78, 3.42, 3.16, 1.64, 1.61, 0.80, 1.03, 1.15, 1.03, 1.14, 1.09, 0.97, 1.10, 0.98, 0.99, 1.02, 1.29, 1.03, 1.13],
  tjk_510 = [3.06, 4.20, 3.23, 4.62, 4.24, 4.50, 3.79, 3.65, 1.59, 4.62, 1.75, 3.88, 3.87, 4.06, 4.10, 3.69, 3.98, 4.38, 3.61, 4.30, 4.13, 4.28, 3.39, 3.17, 4.46, 4.27, 4.20, 4.00, 4.00, 3.90, 4.43, 4.06, 5.03, 2.29, 4.45, 3.58, 3.98, 4.58, 4.42, 3.84, 4.40, 4.59, 4.24, 4.36, 3.77, 3.56, 2.68, 3.68, 3.87, 1.53],
  tjk_511 = [3.09, 4.69, 2.16, 3.22, 3.18, 2.96, 4.51, 4.28, 2.81, 4.85, 3.42, 3.06, 3.23, 2.53, 2.46, 3.51, 2.92, 2.40, 3.30, 3.48, 3.55, 2.73, 3.14, 2.83, 3.33, 1.93, 2.70, 2.85, 2.72, 2.85, 2.99, 2.89, 3.23, 2.81, 4.09, 2.33, 3.36, 2.95, 3.25, 3.24, 1.79, 3.04, 2.94, 3.40, 2.39, 3.15, 1.98, 2.81, 3.08, 1.06],
  tjk_512 = [5.00, 1.05, 4.17, 4.84, 5.46, 4.49, 5.25, 4.77, 4.97, 5.55, 2.25, 4.57, 5.01, 4.10, 5.44, 5.27, 5.05, 6.46, 5.12, 5.01, 3.99, 1.23, 2.77, 5.32, 5.37, 4.82, 5.38, 3.38, 4.80, 5.41, 4.18, 4.36, 5.50, 4.57, 5.31, 5.47, 5.82, 4.26, 1.37, 1.26, 3.73, 2.20, 4.76, 4.67, 4.77, 5.27, 1.11, 4.57, 2.71, 4.21],
  tjk_513 = [2.61, 4.05, 1.00, 3.97, 4.32, 4.00, 3.04, 3.82, 3.73, 1.38, 4.15, 4.40, 3.43, 3.47, 3.69, 1.05, 4.53, 3.61, 3.71, 3.44, 4.09, 3.03, 3.54, 4.50, 4.22, 3.97, 3.23, 2.01, 3.66, 4.02, 4.93, 4.74, 4.01, 4.01, 1.55, 2.69, 4.55, 1.21, 4.66, 4.04, 3.25, 3.67, 3.54, 3.82, 4.19, 3.83, 4.09, 4.20, 3.19, 1.47],
  tjk_514 = [3.40, 1.36, 4.18, 2.01, 1.27, 3.69, 4.52, 4.05, 1.24, 2.11, 4.45, 4.10, 3.62, 3.91, 3.75, 1.46, 4.33, 4.94, 4.11, 3.70, 4.59, 1.42, 3.93, 3.89, 2.24, 3.99, 3.44, 2.78, 4.53, 3.61, 4.27, 3.00, 4.15, 3.59, 4.09, 4.38, 3.39, 4.06, 1.11, 3.90, 2.58, 1.01, 4.20, 3.51, 4.92, 4.29, 2.31, 3.01, 3.60, 5.21],
  tjk_515 = [1.01, 1.04, 3.13, 1.04, 2.95, 1.11, 3.63, 1.45, 3.80, 3.20, 0.92, 0.95, 2.23, 0.93, 0.98, 1.12, 1.55, 0.85, 1.02, 1.01, 0.88, 2.73, 4.16, 0.86, 3.38, 0.89, 0.91, 1.15, 1.02, 1.12, 4.81, 4.64, 0.98, 0.91, 0.91, 0.98, 0.97, 1.13, 0.99, 0.99, 1.08, 1.07, 1.02, 0.86, 1.14, 1.10, 2.88, 1.10, 0.92, 1.02],
  tjk_516 = [0.99, 0.94, 1.75, 0.79, 1.03, 1.04, 1.01, 1.00, 1.06, 3.95, 0.92, 1.28, 4.90, 0.94, 1.14, 1.00, 0.98, 2.46, 1.10, 0.93, 1.06, 1.10, 3.51, 0.96, 1.66, 0.97, 1.03, 1.03, 4.72, 2.54, 1.04, 1.02, 0.90, 1.09, 1.05, 3.27, 3.54, 1.00, 1.06, 1.16, 1.11, 0.86, 0.99, 1.01, 1.01, 3.53, 0.96, 0.82, 1.19, 0.93],
  tjk_517 = [0.93, 1.19, 1.18, 1.03, 1.01, 1.09, 1.08, 4.42, 1.14, 3.17, 1.05, 0.88, 1.12, 0.90, 0.88, 1.18, 0.97, 1.02, 1.16, 2.03, 0.90, 1.49, 0.92, 1.26, 1.05, 3.39, 1.06, 1.47, 1.03, 4.70, 1.23, 1.26, 0.79, 1.01, 0.99, 0.93, 1.05, 1.09, 1.02, 4.24, 1.28, 0.87, 3.50, 1.15, 3.21, 1.10, 0.94, 0.85, 0.92, 0.99],
  tjk_518 = [3.41, 3.79, 4.05, 3.06, 3.46, 4.08, 3.35, 1.37, 4.74, 4.61, 4.79, 2.10, 3.54, 4.22, 1.38, 3.83, 3.45, 4.03, 1.16, 4.22, 4.21, 3.27, 4.30, 4.18, 1.96, 4.13, 4.40, 4.30, 3.32, 4.03, 3.78, 3.37, 2.51, 3.65, 2.98, 3.81, 4.52, 1.17, 3.80, 3.92, 4.06, 3.85, 4.38, 4.46, 3.54, 4.27, 4.31, 4.39, 4.85, 1.08],
  tjk_519 = [3.47, 4.40, 4.18, 4.46, 3.72, 3.80, 4.59, 4.14, 2.11, 3.35, 2.63, 1.64, 3.82, 4.55, 1.03, 4.28, 2.48, 4.00, 1.90, 3.61, 4.83, 4.32, 3.72, 4.62, 4.01, 4.00, 4.46, 4.47, 3.83, 4.66, 3.88, 3.90, 2.59, 4.61, 3.64, 3.85, 4.43, 3.30, 3.66, 3.99, 3.30, 4.50, 5.04, 4.12, 3.83, 4.24, 3.78, 4.04, 4.23, 4.49],
  tjk_520 = [2.78, 3.14, 2.87, 2.28, 4.75, 2.83, 1.80, 2.97, 3.23, 2.89, 3.71, 2.15, 2.93, 4.69, 2.86, 3.25, 2.42, 1.65, 1.72, 3.12, 2.62, 2.95, 2.85, 3.81, 2.52, 2.76, 2.73, 1.52, 2.66, 3.22, 2.83, 3.17, 2.67, 1.34, 2.54, 3.88, 3.42, 2.80, 1.71, 3.19, 1.42, 2.94, 3.07, 2.85, 2.93, 1.96, 3.48, 2.81, 2.91, 1.55],
  tjk_61 = [4.56, 5.13, 6.06, 4.67, 5.81, 1.17, 2.85, 5.04, 1.76, 5.27, 4.95, 4.83, 4.83, 2.31, 1.54, 5.27, 4.80, 3.36, 3.58, 3.22, 5.46, 4.20, 5.11, 4.71, 4.71, 4.12, 4.78, 2.49, 4.35, 2.59, 4.70, 5.00, 5.31, 5.98, 5.68, 5.38, 4.20, 4.95, 5.28, 4.97, 3.16, 4.64, 4.74, 4.75, 5.05, 4.89, 5.43, 4.99, 5.18, 4.72],
  tjk_62 = [5.21, 4.47, 5.91, 1.84, 5.36, 5.40, 5.09, 5.28, 4.09, 5.04, 4.40, 5.58, 4.90, 4.43, 5.62, 5.50, 5.33, 5.41, 5.13, 4.79, 1.17, 3.91, 1.90, 1.94, 3.93, 4.54, 3.51, 5.31, 2.68, 5.25, 4.11, 5.35, 3.23, 3.25, 5.21, 5.12, 4.28, 4.80, 4.80, 4.76, 4.52, 4.72, 4.92, 5.02, 5.04, 1.95, 1.55, 5.02, 5.55, 5.00],
  tjk_63 = [0.98, 1.99, 1.01, 4.63, 0.86, 0.96, 3.68, 1.11, 1.10, 1.06, 0.95, 0.95, 3.29, 1.16, 0.96, 0.89, 1.93, 1.01, 3.08, 4.45, 0.90, 1.37, 0.99, 0.90, 0.99, 4.35, 1.03, 0.93, 0.86, 3.95, 3.57, 2.09, 4.59, 1.05, 1.28, 0.97, 2.76, 0.92, 0.90, 1.06, 0.91, 1.10, 4.95, 1.09, 3.28, 0.79, 0.94, 1.32, 2.27, 1.00],
  tjk_64 = [2.89, 3.03, 3.48, 4.48, 2.78, 2.93, 2.67, 2.90, 3.07, 2.81, 2.81, 1.36, 2.82, 3.27, 2.01, 1.50, 2.67, 2.48, 4.84, 3.62, 3.26, 3.10, 2.49, 2.42, 2.25, 3.00, 1.19, 2.58, 2.93, 2.99, 3.30, 3.49, 2.76, 2.97, 2.52, 3.83, 3.19, 2.16, 2.46, 2.84, 1.02, 3.05, 3.13, 3.05, 3.54, 2.96, 2.87, 3.59, 3.22, 2.86],
  tjk_65 = [4.16, 3.67, 1.48, 4.24, 4.03, 3.51, 2.63, 3.99, 4.81, 4.65, 3.89, 4.04, 3.43, 4.05, 4.08, 3.22, 4.67, 3.71, 3.43, 4.67, 4.00, 4.17, 4.32, 4.50, 2.58, 2.53, 3.67, 4.26, 3.96, 4.22, 4.58, 4.10, 4.49, 3.51, 3.45, 3.71, 4.08, 4.35, 1.77, 4.13, 3.49, 4.49, 4.16, 3.37, 3.77, 3.15, 2.40, 3.46, 1.54, 3.90],
  tjk_66 = [4.92, 4.85, 5.11, 4.63, 4.35, 4.73, 5.11, 5.20, 2.17, 4.46, 4.67, 4.72, 3.11, 4.60, 4.40, 3.99, 3.78, 5.23, 2.89, 4.92, 4.08, 4.43, 5.34, 4.67, 2.01, 4.57, 5.04, 5.74, 4.22, 5.49, 4.88, 1.78, 3.31, 5.07, 4.63, 4.65, 1.03, 4.84, 2.55, 4.70, 3.19, 4.43, 5.38, 4.99, 4.86, 1.30, 5.13, 4.50, 2.02, 2.03],
  tjk_67 = [2.00, 2.09, 1.82, 1.62, 1.59, 1.78, 1.87, 1.86, 2.29, 4.72, 4.52, 2.03, 2.14, 1.54, 2.52, 1.96, 1.87, 2.06, 3.12, 2.00, 1.82, 1.83, 2.13, 1.21, 2.58, 1.73, 2.06, 4.32, 2.10, 2.30, 4.30, 2.07, 2.23, 1.84, 2.18, 2.39, 1.75, 2.09, 1.90, 1.99, 2.28, 2.53, 2.27, 2.17, 2.20, 2.05, 2.19, 2.17, 2.22, 1.72],
  tjk_68 = [2.79, 2.32, 1.69, 1.83, 4.36, 2.10, 2.52, 1.59, 1.03, 1.36, 1.98, 3.09, 2.16, 1.80, 1.19, 4.45, 2.79, 1.99, 1.88, 2.54, 2.29, 2.01, 3.43, 2.10, 1.85, 1.60, 2.23, 3.52, 1.88, 2.15, 2.37, 1.42, 2.18, 2.19, 1.89, 1.86, 2.21, 1.87, 2.18, 1.90, 2.37, 2.27, 1.75, 3.56, 1.74, 2.38, 1.51, 2.05, 2.08, 2.14],
  tjk_69 = [5.24, 3.04, 4.37, 4.83, 2.50, 5.86, 2.95, 4.77, 3.52, 4.70, 4.73, 3.45, 4.66, 1.69, 2.70, 5.00, 5.07, 4.50, 6.15, 2.14, 4.65, 3.39, 5.82, 4.13, 5.44, 2.74, 1.63, 4.86, 4.60, 3.79, 4.35, 4.31, 5.52, 2.32, 5.99, 5.27, 4.53, 5.14, 5.18, 4.81, 5.15, 1.88, 4.99, 2.41, 4.67, 5.11, 4.78, 5.43, 4.65, 4.92],
  tjk_610 = [1.20, 3.30, 2.29, 0.99, 0.86, 1.04, 0.78, 2.59, 1.94, 1.00, 0.97, 1.13, 1.33, 1.14, 1.08, 3.09, 0.96, 1.08, 2.26, 1.14, 1.01, 1.10, 0.96, 0.96, 2.97, 3.63, 0.92, 2.75, 0.94, 1.02, 1.03, 1.03, 0.85, 1.01, 0.93, 1.10, 1.82, 4.96, 0.82, 1.14, 1.89, 0.95, 1.01, 4.55, 0.90, 1.50, 1.22, 0.96, 1.06, 1.01],
  tjk_611 = [2.49, 2.16, 2.07, 1.98, 1.69, 2.13, 1.44, 1.74, 2.23, 1.80, 1.68, 2.12, 1.42, 1.83, 1.86, 2.44, 2.14, 1.63, 3.28, 1.53, 1.91, 2.07, 2.00, 4.06, 1.79, 1.97, 1.32, 2.72, 1.79, 1.71, 1.93, 2.13, 2.03, 1.69, 3.22, 2.01, 3.21, 1.84, 2.38, 2.23, 1.86, 4.51, 1.73, 1.85, 4.39, 3.62, 1.80, 1.92, 1.58, 1.60],
  tjk_612 = [1.09, 1.10, 1.07, 3.10, 2.04, 1.08, 0.82, 2.97, 3.83, 2.48, 1.08, 0.94, 1.28, 3.59, 1.01, 4.29, 2.85, 1.12, 0.92, 1.71, 2.14, 0.89, 1.00, 1.80, 1.27, 1.11, 1.38, 0.93, 1.04, 4.38, 0.98, 0.91, 1.08, 2.19, 0.87, 0.89, 3.26, 0.85, 1.04, 1.91, 1.10, 1.02, 1.21, 0.88, 0.91, 1.19, 0.91, 0.96, 1.21, 3.54],
  tjk_613 = [4.17, 1.10, 2.01, 2.18, 2.00, 1.94, 1.94, 2.05, 2.02, 4.70, 1.92, 3.04, 1.96, 3.32, 4.24, 2.32, 1.85, 2.35, 3.24, 1.77, 1.75, 2.38, 1.77, 1.96, 1.98, 3.13, 3.14, 2.26, 1.70, 2.02, 1.91, 2.47, 1.71, 2.00, 4.39, 1.90, 2.10, 3.49, 2.18, 2.13, 2.05, 3.83, 1.82, 2.13, 1.40, 3.95, 4.63, 3.62, 1.84, 1.90],
  tjk_614 = [1.05, 1.07, 0.91, 1.04, 4.60, 1.02, 3.78, 1.94, 1.04, 1.05, 4.33, 1.01, 1.01, 4.99, 2.06, 3.91, 1.06, 1.19, 0.85, 1.06, 0.95, 1.12, 1.11, 1.88, 4.54, 1.00, 0.96, 0.94, 1.91, 1.04, 1.64, 1.03, 1.03, 1.12, 1.14, 1.31, 2.16, 1.00, 0.96, 3.94, 0.97, 1.16, 1.66, 1.05, 0.96, 3.04, 4.63, 1.04, 1.15, 1.06],
  tjk_615 = [1.02, 1.04, 1.06, 3.45, 0.84, 1.07, 1.04, 1.12, 4.61, 0.82, 1.00, 0.87, 1.07, 2.87, 1.03, 3.54, 0.97, 3.03, 4.49, 0.97, 1.03, 1.06, 0.95, 2.24, 1.01, 2.15, 1.14, 1.00, 1.09, 0.94, 4.25, 1.05, 0.84, 1.13, 4.00, 2.74, 1.08, 3.33, 1.35, 0.88, 0.99, 3.22, 0.77, 0.91, 4.40, 2.72, 1.06, 0.96, 4.93, 1.17],
  tjk_616 = [3.68, 2.55, 2.08, 4.45, 4.31, 4.24, 4.49, 4.29, 3.87, 4.09, 4.12, 4.42, 4.01, 3.80, 3.44, 4.36, 3.66, 3.58, 4.32, 1.51, 4.10, 3.83, 4.56, 1.96, 3.47, 1.34, 4.18, 4.60, 4.22, 3.52, 3.44, 2.76, 3.42, 2.68, 4.05, 4.17, 4.04, 4.38, 3.49, 4.02, 3.87, 4.06, 3.95, 4.35, 2.50, 3.44, 3.38, 3.87, 4.66, 4.05],
  tjk_617 = [1.07, 2.97, 1.57, 1.64, 4.57, 2.55, 2.55, 3.54, 3.41, 3.02, 3.31, 1.11, 2.92, 3.09, 3.33, 1.07, 2.86, 2.99, 3.28, 3.06, 2.71, 2.86, 2.89, 3.06, 3.20, 3.06, 3.09, 1.25, 2.25, 3.13, 2.87, 4.15, 3.59, 2.89, 3.39, 2.28, 3.27, 2.92, 3.28, 3.05, 3.30, 2.90, 1.39, 2.85, 1.47, 3.49, 2.95, 2.64, 2.95, 3.24],
  tjk_618 = [2.90, 2.37, 2.83, 2.98, 3.40, 3.06, 3.34, 2.18, 4.72, 3.37, 3.17, 2.93, 3.22, 2.91, 2.98, 3.09, 3.53, 3.33, 3.00, 3.30, 3.22, 3.06, 1.74, 3.21, 4.81, 2.84, 2.70, 2.68, 3.29, 1.55, 1.91, 4.52, 3.37, 3.17, 3.88, 2.82, 2.97, 2.76, 2.95, 2.73, 1.59, 2.63, 3.16, 3.13, 2.94, 2.71, 2.72, 2.33, 3.90, 2.86],
  tjk_619 = [2.07, 2.06, 2.06, 2.12, 2.11, 1.84, 1.74, 3.76, 2.07, 1.92, 1.64, 2.27, 4.51, 1.96, 1.86, 2.17, 1.92, 4.02, 1.75, 2.15, 1.94, 1.70, 1.90, 2.19, 1.78, 2.30, 4.12, 2.05, 2.12, 1.58, 2.04, 1.68, 1.92, 2.04, 2.13, 2.08, 2.21, 2.07, 2.14, 1.79, 1.74, 2.03, 1.99, 1.66, 1.95, 1.80, 2.56, 1.90, 2.80, 2.18],
  tjk_620 = [1.74, 2.21, 2.08, 3.29, 2.07, 1.61, 2.02, 4.26, 1.40, 2.04, 1.89, 3.45, 3.95, 1.64, 1.89, 1.91, 3.13, 4.30, 1.98, 1.71, 2.30, 4.36, 1.29, 1.38, 2.83, 1.35, 1.74, 2.33, 1.76, 1.82, 2.86, 2.18, 2.13, 2.74, 1.96, 2.18, 3.09, 4.61, 3.69, 4.46, 1.32, 2.10, 1.79, 1.59, 2.08, 2.04, 1.88, 2.01, 4.39, 2.00],
  tjk_71 = [5.14, 5.26, 4.00, 5.08, 4.91, 4.97, 5.57, 2.86, 5.39, 4.60, 4.64, 4.99, 4.72, 5.10, 5.67, 4.78, 4.79, 5.69, 5.96, 4.45, 5.04, 5.15, 5.20, 2.99, 1.57, 1.65, 3.98, 5.10, 5.39, 3.33, 4.75, 2.57, 3.93, 4.41, 1.21, 3.29, 4.69, 4.79, 5.35, 3.14, 2.28, 5.02, 2.70, 2.11, 5.84, 1.16, 4.70, 4.89, 4.62, 2.89],
  tjk_72 = [1.69, 4.99, 3.78, 5.97, 2.44, 4.93, 4.60, 3.05, 4.56, 5.39, 4.83, 5.57, 5.15, 4.92, 4.63, 1.67, 1.07, 2.56, 1.13, 4.35, 5.32, 5.29, 4.86, 4.50, 5.15, 4.79, 1.21, 4.54, 5.57, 4.98, 4.60, 3.48, 5.18, 5.10, 5.82, 4.58, 4.74, 4.65, 5.41, 3.34, 4.19, 5.37, 5.59, 5.61, 4.60, 4.80, 1.14, 4.50, 5.39, 4.57],
  tjk_73 = [4.63, 0.96, 1.07, 2.47, 1.08, 1.07, 0.81, 1.13, 1.10, 1.01, 1.03, 0.97, 3.99, 2.05, 0.91, 2.52, 1.07, 0.99, 0.96, 3.26, 4.91, 0.90, 1.88, 1.21, 2.74, 1.01, 4.94, 1.02, 4.71, 2.52, 2.48, 0.99, 1.26, 3.19, 0.95, 1.13, 1.03, 0.94, 0.76, 1.14, 1.03, 0.98, 0.84, 1.01, 1.09, 3.66, 2.33, 0.98, 1.05, 0.94],
  tjk_74 = [3.01, 0.92, 0.82, 1.98, 1.15, 0.98, 0.94, 1.08, 0.94, 1.08, 1.02, 1.08, 3.02, 1.68, 0.97, 0.84, 4.68, 0.88, 1.05, 0.99, 0.86, 1.78, 1.25, 0.81, 1.18, 1.06, 0.99, 4.98, 0.84, 0.84, 0.94, 1.07, 1.00, 1.12, 0.85, 1.59, 0.91, 0.91, 3.73, 2.81, 0.81, 1.01, 3.70, 2.95, 0.93, 3.94, 3.72, 4.80, 2.39, 1.05],
  tjk_75 = [1.53, 0.95, 0.89, 3.06, 0.93, 1.17, 1.14, 1.03, 1.06, 3.93, 1.16, 1.04, 3.76, 0.87, 2.28, 0.88, 1.08, 3.21, 1.98, 0.97, 2.69, 1.04, 1.04, 1.07, 1.09, 2.31, 1.19, 0.93, 0.91, 4.39, 0.97, 1.11, 0.93, 2.30, 2.43, 0.95, 4.95, 0.94, 1.00, 0.88, 3.98, 1.01, 0.86, 2.49, 2.20, 0.88, 1.01, 1.49, 0.96, 0.98],
  tjk_76 = [4.44, 4.55, 5.36, 5.10, 3.19, 5.10, 5.07, 5.04, 5.18, 2.14, 1.10, 5.37, 5.32, 4.97, 4.89, 5.19, 4.95, 4.51, 5.13, 4.29, 3.72, 2.96, 5.07, 4.82, 4.10, 5.03, 4.85, 1.93, 1.73, 4.96, 4.13, 4.98, 4.86, 4.18, 2.91, 1.81, 4.43, 5.12, 4.22, 2.61, 1.26, 4.89, 4.81, 5.61, 2.01, 5.08, 3.65, 5.91, 5.32, 3.92],
  tjk_77 = [3.02, 3.48, 3.72, 4.36, 4.32, 4.56, 4.54, 4.45, 3.97, 3.95, 4.71, 4.36, 3.86, 4.73, 3.74, 3.40, 3.13, 3.61, 3.70, 4.60, 4.34, 4.15, 3.72, 1.19, 3.37, 1.62, 3.55, 4.12, 3.69, 4.07, 3.83, 1.11, 3.94, 4.28, 4.91, 3.23, 4.37, 2.69, 1.97, 2.86, 3.02, 2.24, 3.33, 3.89, 1.63, 1.66, 4.02, 4.12, 3.42, 3.88],
  tjk_78 = [2.66, 3.15, 3.38, 3.00, 1.84, 4.53, 4.39, 2.95, 2.75, 3.61, 2.89, 4.71, 2.64, 3.30, 2.93, 2.49, 3.03, 4.43, 3.26, 3.15, 3.08, 3.55, 3.16, 3.28, 3.89, 2.95, 3.30, 3.59, 1.62, 3.28, 2.98, 2.98, 2.73, 2.67, 1.23, 2.98, 3.91, 2.21, 2.85, 3.17, 2.77, 4.37, 2.48, 2.68, 2.71, 2.97, 3.24, 3.20, 3.13, 3.14],
  tjk_79 = [3.72, 1.78, 4.88, 2.97, 2.86, 2.59, 2.80, 3.08, 4.62, 2.64, 2.83, 1.68, 3.36, 2.94, 3.33, 2.46, 2.56, 2.25, 3.25, 2.72, 2.96, 3.12, 2.99, 3.68, 2.81, 2.44, 3.37, 2.56, 2.90, 3.11, 3.02, 3.20, 4.76, 3.10, 3.22, 2.90, 3.08, 4.74, 2.93, 3.76, 2.89, 1.67, 3.39, 1.21, 2.92, 2.68, 3.25, 2.82, 3.08, 3.76],
  tjk_710 = [2.26, 2.06, 2.68, 2.43, 4.97, 2.15, 1.85, 2.24, 2.29, 1.84, 1.71, 1.85, 2.82, 1.68, 4.30, 2.22, 1.27, 1.13, 1.70, 2.37, 4.63, 1.81, 1.29, 2.17, 4.30, 1.68, 2.05, 2.19, 1.79, 2.21, 3.48, 1.91, 2.13, 2.18, 1.85, 2.17, 3.06, 2.31, 2.77, 2.11, 2.19, 2.03, 1.71, 1.74, 1.95, 1.86, 2.13, 3.53, 2.01, 1.91],
  tjk_711 = [2.52, 5.21, 5.17, 5.12, 5.10, 5.10, 5.51, 4.16, 4.99, 4.39, 3.24, 4.86, 4.90, 3.11, 3.74, 4.93, 5.29, 4.55, 4.37, 3.70, 2.11, 4.63, 5.91, 6.11, 2.81, 4.20, 5.42, 5.64, 2.75, 5.29, 6.12, 5.22, 6.44, 4.95, 4.41, 4.70, 5.93, 4.36, 2.52, 4.23, 2.52, 5.41, 4.80, 3.72, 1.08, 1.49, 4.04, 5.82, 4.49, 5.47],
  tjk_712 = [4.83, 4.65, 2.10, 5.55, 6.45, 4.83, 5.17, 5.55, 4.06, 3.87, 4.69, 4.03, 2.68, 4.62, 4.64, 4.17, 5.78, 5.07, 4.90, 1.17, 5.18, 3.80, 4.91, 5.32, 1.73, 6.05, 4.44, 5.20, 1.18, 5.68, 5.84, 5.40, 1.64, 4.87, 5.17, 4.75, 4.91, 5.89, 5.61, 5.27, 3.56, 5.32, 4.48, 5.61, 3.71, 2.02, 4.34, 2.42, 4.99, 5.16],
  tjk_713 = [3.66, 4.12, 4.16, 4.31, 4.26, 4.06, 3.72, 3.95, 3.30, 4.42, 3.80, 3.39, 4.33, 4.76, 4.98, 3.72, 3.77, 1.09, 4.24, 4.23, 3.57, 3.30, 4.20, 4.35, 3.97, 4.23, 4.21, 4.33, 4.25, 2.31, 3.87, 2.69, 4.25, 3.95, 2.69, 1.37, 3.78, 3.91, 3.66, 3.94, 4.55, 4.12, 3.93, 4.08, 4.03, 3.23, 3.51, 3.40, 3.55, 3.97],
  tjk_714 = [3.08, 2.68, 3.23, 4.22, 2.17, 2.64, 4.94, 3.35, 2.43, 3.49, 3.11, 2.71, 2.90, 2.95, 3.11, 3.08, 2.83, 3.55, 1.02, 2.57, 2.12, 1.69, 2.96, 3.43, 2.63, 2.79, 1.22, 3.13, 2.67, 2.77, 4.25, 3.60, 2.87, 2.67, 2.79, 2.91, 1.97, 2.74, 2.79, 3.19, 3.23, 2.81, 2.75, 4.35, 4.47, 4.12, 3.04, 3.84, 2.82, 3.40],
  tjk_715 = [4.85, 0.91, 1.18, 0.93, 1.13, 1.21, 2.66, 0.95, 1.15, 0.88, 4.80, 0.94, 4.57, 1.12, 4.85, 1.52, 2.48, 1.01, 0.99, 1.29, 0.97, 1.07, 1.07, 0.80, 0.92, 4.77, 2.46, 4.51, 0.95, 0.94, 3.56, 0.93, 3.12, 4.67, 1.11, 2.29, 1.13, 1.23, 0.85, 1.25, 2.43, 1.00, 2.22, 0.98, 3.94, 4.59, 0.89, 3.16, 1.13, 0.98],
  tjk_716 = [4.28, 6.28, 2.24, 5.30, 5.39, 5.49, 5.11, 4.61, 5.55, 4.51, 2.45, 4.67, 4.23, 4.78, 2.53, 4.62, 2.03, 4.61, 5.00, 5.13, 2.13, 3.78, 5.25, 4.53, 3.23, 1.37, 5.83, 2.75, 4.14, 5.52, 5.54, 2.48, 5.29, 5.41, 4.66, 4.56, 4.73, 5.19, 4.88, 5.40, 4.75, 5.32, 4.81, 4.60, 1.76, 5.04, 5.41, 3.80, 1.31, 5.19],
  tjk_717 = [2.07, 1.51, 2.13, 2.38, 1.98, 2.24, 2.20, 2.75, 1.95, 2.43, 1.97, 1.79, 1.85, 1.97, 2.09, 1.58, 2.20, 1.78, 3.99, 3.65, 2.08, 4.57, 1.93, 2.46, 1.77, 2.13, 1.93, 1.96, 2.11, 3.09, 1.98, 1.70, 4.91, 2.10, 2.21, 3.75, 1.93, 1.88, 1.68, 4.45, 2.03, 1.71, 2.12, 2.17, 2.20, 1.77, 1.69, 3.97, 2.08, 2.28],
  tjk_718 = [1.88, 1.98, 1.99, 2.46, 2.20, 1.99, 1.96, 2.58, 1.85, 2.19, 2.17, 3.84, 2.03, 2.63, 2.12, 2.22, 2.29, 1.89, 4.26, 1.45, 1.96, 2.00, 4.86, 1.83, 2.27, 4.23, 1.98, 2.11, 2.52, 4.83, 1.96, 1.46, 1.41, 3.14, 2.05, 2.23, 2.29, 2.33, 4.09, 2.23, 2.08, 3.92, 3.84, 1.96, 1.82, 4.67, 2.10, 2.35, 3.23, 1.85],
  tjk_719 = [2.69, 2.25, 2.04, 1.97, 1.89, 2.52, 1.91, 1.89, 1.57, 2.51, 3.42, 1.85, 1.85, 4.09, 1.17, 1.72, 2.22, 2.02, 4.71, 1.75, 3.13, 1.82, 1.71, 2.45, 1.91, 2.27, 1.73, 4.79, 2.09, 2.25, 2.35, 1.09, 2.25, 2.19, 1.81, 2.13, 2.01, 1.79, 3.80, 2.34, 3.20, 1.62, 2.01, 2.03, 1.29, 2.02, 4.05, 4.06, 2.10, 2.27],
  tjk_720 = [4.09, 3.73, 4.11, 2.22, 3.84, 4.43, 4.60, 3.88, 4.18, 4.22, 3.98, 4.05, 4.04, 3.57, 4.69, 3.87, 4.52, 3.61, 3.93, 3.66, 3.59, 4.11, 4.64, 3.12, 3.62, 4.33, 2.10, 1.89, 4.02, 4.57, 3.51, 4.19, 1.81, 4.16, 4.40, 3.50, 4.18, 3.59, 4.50, 3.76, 3.79, 4.34, 4.06, 3.74, 3.39, 4.17, 3.53, 4.05, 3.08, 4.62],
  tjk_81 = [0.91, 1.64, 3.91, 0.99, 2.97, 0.89, 1.03, 1.13, 1.01, 0.92, 1.18, 1.01, 4.71, 0.96, 0.93, 1.88, 1.24, 1.78, 0.88, 0.73, 4.79, 1.89, 3.17, 0.82, 1.09, 0.93, 1.16, 4.57, 1.94, 0.93, 0.89, 3.35, 2.97, 3.78, 0.97, 1.00, 0.87, 0.86, 1.07, 1.00, 2.46, 2.54, 1.06, 1.09, 1.05, 1.33, 0.97, 0.97, 1.97, 1.13],
  tjk_82 = [3.19, 1.10, 0.99, 0.96, 0.88, 0.97, 1.01, 0.87, 1.22, 0.92, 1.17, 4.36, 1.11, 1.03, 0.97, 1.09, 2.88, 0.86, 0.96, 3.28, 1.23, 0.93, 2.37, 1.98, 0.85, 3.88, 1.16, 1.15, 0.99, 4.52, 1.03, 0.97, 2.32, 0.88, 0.95, 2.21, 1.03, 3.10, 1.02, 4.42, 0.94, 0.91, 1.20, 1.15, 4.29, 2.38, 4.34, 1.10, 1.12, 2.41],
  tjk_83 = [4.46, 5.06, 5.01, 5.69, 5.36, 4.61, 4.56, 4.75, 1.67, 4.90, 4.29, 5.30, 4.96, 4.29, 2.66, 4.31, 4.92, 2.68, 3.86, 4.51, 3.65, 4.91, 4.60, 5.49, 4.01, 4.58, 4.84, 4.14, 5.37, 4.81, 3.14, 2.80, 1.44, 1.72, 5.62, 1.30, 3.10, 4.84, 5.29, 4.23, 5.39, 5.61, 2.61, 2.11, 5.87, 5.69, 2.48, 4.68, 4.73, 4.87],
  tjk_84 = [4.30, 5.16, 5.54, 4.57, 4.10, 6.02, 3.56, 4.69, 4.61, 3.37, 4.75, 3.05, 4.75, 4.96, 5.11, 3.59, 5.34, 4.07, 4.02, 3.01, 4.52, 2.32, 5.35, 4.99, 2.77, 5.06, 5.68, 1.19, 5.00, 1.10, 4.77, 5.51, 4.37, 4.90, 5.42, 4.97, 2.94, 4.55, 4.01, 1.05, 1.67, 5.03, 5.72, 1.24, 4.89, 5.84, 5.09, 5.02, 4.85, 4.88],
  tjk_85 = [3.88, 3.99, 3.73, 2.95, 4.59, 3.68, 2.91, 3.88, 3.65, 3.79, 3.73, 2.23, 4.54, 4.34, 3.42, 1.03, 3.89, 4.15, 3.54, 3.69, 3.61, 1.71, 4.38, 4.16, 3.93, 3.79, 4.51, 3.20, 3.76, 2.03, 4.14, 3.37, 3.98, 4.40, 2.18, 4.59, 3.63, 3.79, 1.40, 4.55, 3.95, 4.15, 4.33, 3.69, 3.89, 3.71, 4.31, 4.61, 3.27, 4.71],
  tjk_86 = [4.86, 1.91, 1.97, 1.67, 1.77, 1.90, 2.35, 1.36, 2.10, 4.65, 1.73, 2.22, 1.70, 2.12, 1.86, 1.79, 2.11, 3.40, 1.75, 1.94, 2.89, 1.93, 1.90, 1.92, 1.96, 2.26, 1.22, 1.81, 1.97, 2.12, 1.93, 1.92, 4.41, 2.15, 1.68, 1.95, 1.90, 1.96, 2.01, 2.10, 1.94, 1.88, 2.91, 1.64, 2.15, 1.24, 2.12, 2.60, 3.15, 2.06],
  tjk_87 = [1.90, 4.72, 4.09, 1.47, 3.34, 4.99, 2.07, 1.70, 2.07, 2.40, 1.69, 3.77, 1.98, 2.02, 1.82, 2.05, 2.11, 1.83, 2.06, 2.05, 2.69, 3.50, 4.21, 2.05, 1.39, 3.89, 2.14, 2.11, 4.14, 1.74, 1.88, 1.97, 2.13, 3.99, 2.72, 2.24, 2.43, 2.08, 2.14, 1.78, 2.12, 2.25, 1.95, 1.98, 2.53, 2.10, 2.05, 4.21, 2.14, 1.79],
  tjk_88 = [3.92, 3.27, 3.79, 3.77, 2.94, 4.16, 4.71, 4.71, 4.57, 3.47, 3.39, 3.88, 3.97, 4.15, 4.24, 4.46, 1.73, 3.46, 3.98, 3.38, 3.62, 4.17, 3.44, 3.97, 1.20, 4.42, 4.52, 4.06, 1.60, 4.29, 3.81, 4.15, 4.13, 3.71, 4.63, 3.28, 4.05, 3.06, 3.24, 4.45, 4.32, 3.63, 2.71, 3.53, 3.93, 2.76, 4.82, 4.16, 4.27, 2.06],
  tjk_89 = [4.51, 4.69, 4.91, 4.55, 4.49, 4.74, 4.60, 4.71, 5.68, 5.14, 6.38, 4.29, 5.73, 2.23, 5.06, 5.38, 5.83, 2.75, 4.67, 4.90, 4.74, 5.65, 1.65, 4.93, 1.41, 2.96, 4.43, 2.87, 5.02, 4.79, 4.69, 5.37, 5.59, 3.83, 4.45, 4.42, 4.79, 4.81, 5.41, 5.23, 5.03, 4.96, 4.09, 4.80, 4.69, 4.94, 2.02, 1.91, 5.31, 4.79],
  tjk_810 = [2.81, 3.12, 3.08, 4.56, 2.65, 1.58, 2.46, 3.05, 3.47, 2.83, 3.13, 3.02, 3.19, 2.79, 2.79, 4.39, 3.50, 2.86, 3.09, 2.68, 3.29, 2.52, 3.16, 3.31, 3.09, 1.40, 4.60, 2.74, 3.16, 4.09, 3.46, 2.34, 3.71, 2.67, 2.90, 3.38, 3.07, 3.16, 4.01, 3.06, 3.80, 3.86, 1.16, 2.04, 2.30, 4.93, 2.53, 3.08, 3.13, 2.55],
  tjk_811 = [4.16, 1.09, 4.10, 3.96, 4.78, 2.03, 3.38, 3.86, 4.50, 4.13, 1.87, 4.11, 3.81, 4.00, 3.64, 3.57, 2.38, 4.15, 4.18, 3.83, 4.14, 5.13, 4.24, 4.35, 2.93, 4.84, 4.44, 4.06, 2.20, 4.13, 4.38, 3.89, 4.36, 2.39, 4.30, 3.48, 4.23, 4.38, 3.89, 4.03, 3.73, 4.68, 4.14, 3.99, 4.00, 3.59, 3.61, 4.11, 2.49, 4.11],
  tjk_812 = [5.64, 1.83, 4.91, 4.64, 5.61, 3.19, 4.32, 4.48, 6.11, 4.16, 4.81, 4.53, 5.86, 5.06, 4.72, 5.42, 6.56, 4.61, 5.02, 3.65, 4.91, 1.93, 4.18, 4.75, 4.56, 4.82, 4.27, 1.73, 4.50, 4.68, 4.17, 4.57, 5.04, 4.99, 5.43, 4.06, 5.16, 4.87, 4.87, 4.40, 1.02, 4.15, 5.32, 4.70, 5.25, 5.72, 1.49, 5.61, 4.81, 5.36],
  tjk_813 = [2.35, 2.15, 2.40, 2.06, 1.92, 4.00, 2.05, 1.92, 3.81, 1.86, 3.23, 3.76, 2.01, 2.96, 1.56, 1.78, 1.88, 2.23, 1.88, 4.93, 2.13, 1.70, 1.95, 1.64, 1.96, 2.34, 3.21, 2.10, 1.91, 1.60, 2.85, 2.16, 1.86, 1.79, 1.95, 1.25, 2.13, 2.18, 2.07, 2.26, 1.64, 1.58, 2.02, 2.13, 1.59, 1.11, 1.87, 2.02, 2.27, 4.57],
  tjk_814 = [1.07, 2.16, 2.86, 0.97, 2.85, 0.95, 4.20, 0.94, 1.78, 2.03, 0.95, 1.25, 1.04, 1.66, 1.02, 0.94, 0.93, 2.57, 2.02, 1.05, 3.98, 1.14, 0.98, 3.79, 0.96, 1.26, 2.47, 4.91, 0.83, 1.01, 1.01, 0.92, 0.85, 2.45, 3.59, 0.88, 1.04, 0.88, 4.90, 2.33, 1.01, 1.10, 0.90, 4.53, 0.93, 2.03, 0.98, 1.02, 1.02, 2.04],
  tjk_815 = [0.91, 0.91, 1.00, 2.02, 1.11, 0.90, 1.04, 4.29, 0.96, 3.10, 1.09, 1.25, 1.09, 2.88, 0.95, 1.09, 1.07, 0.86, 0.94, 1.04, 2.77, 4.74, 0.98, 1.01, 1.04, 1.14, 0.90, 1.20, 1.00, 1.11, 1.85, 3.28, 0.98, 1.15, 4.38, 2.37, 0.95, 0.98, 0.89, 2.21, 3.98, 1.12, 1.05, 3.46, 1.08, 0.98, 2.12, 1.31, 2.68, 0.94],
  tjk_816 = [3.21, 2.78, 2.99, 3.03, 2.83, 2.51, 2.81, 2.86, 1.82, 3.10, 1.02, 4.33, 1.86, 3.40, 3.26, 2.88, 3.12, 3.22, 3.19, 2.45, 1.64, 3.20, 4.78, 3.05, 2.94, 3.09, 3.99, 2.52, 1.05, 3.35, 1.46, 2.54, 3.48, 3.11, 3.06, 3.05, 3.29, 1.23, 3.07, 3.06, 4.95, 2.81, 2.81, 1.66, 2.68, 2.58, 4.06, 3.12, 3.10, 2.45],
  tjk_817 = [5.00, 5.58, 5.12, 4.71, 4.23, 3.92, 4.29, 3.29, 5.13, 4.64, 5.29, 5.06, 5.27, 4.34, 2.26, 1.75, 5.60, 5.11, 5.17, 4.88, 5.06, 4.66, 5.66, 1.73, 4.85, 5.42, 2.13, 5.52, 5.41, 4.55, 5.45, 4.50, 4.44, 2.45, 1.18, 5.24, 1.28, 4.51, 3.61, 4.25, 4.49, 1.07, 4.69, 4.82, 5.46, 5.39, 5.28, 5.36, 5.68, 5.51],
  tjk_818 = [0.95, 0.88, 0.90, 3.93, 0.84, 0.98, 4.84, 1.04, 2.26, 1.07, 0.99, 1.68, 4.80, 0.86, 1.06, 3.02, 1.06, 1.00, 4.55, 0.99, 3.72, 1.06, 1.18, 0.96, 0.87, 1.10, 3.63, 1.02, 1.04, 4.60, 1.11, 1.08, 0.77, 2.24, 1.20, 4.69, 2.46, 4.77, 3.44, 0.72, 2.75, 0.87, 0.92, 1.07, 2.52, 1.09, 2.87, 3.91, 3.55, 1.09],
  tjk_819 = [5.24, 5.17, 4.28, 3.46, 4.45, 5.10, 3.69, 5.14, 4.47, 3.35, 4.73, 4.42, 4.89, 4.86, 1.46, 5.31, 2.67, 5.30, 3.46, 1.38, 4.98, 4.98, 5.10, 4.89, 5.45, 4.32, 1.88, 5.28, 3.04, 5.38, 5.12, 5.16, 1.31, 4.39, 5.94, 2.67, 4.96, 4.78, 5.11, 4.93, 5.19, 3.70, 5.74, 3.19, 4.37, 4.03, 3.39, 4.76, 5.44, 2.08],
  tjk_820 = [4.68, 4.23, 1.00, 4.90, 1.08, 3.51, 1.11, 1.01, 3.57, 2.25, 1.13, 0.93, 1.56, 0.98, 1.40, 0.90, 1.11, 0.95, 1.03, 3.54, 1.02, 1.21, 1.06, 0.84, 1.02, 3.65, 1.06, 2.50, 2.69, 1.01, 0.99, 2.25, 0.80, 1.08, 1.00, 1.08, 1.65, 0.96, 1.01, 0.97, 3.52, 0.90, 0.93, 0.95, 4.60, 1.16, 2.38, 1.44, 3.28, 0.96],
  tjk_91 = [5.04, 4.51, 6.39, 3.00, 4.73, 4.64, 2.34, 3.64, 3.63, 4.55, 4.66, 4.61, 5.37, 5.21, 4.92, 3.88, 4.75, 5.04, 5.19, 4.85, 4.53, 4.58, 4.14, 1.96, 5.39, 4.60, 4.63, 4.60, 1.71, 5.09, 3.99, 4.63, 1.74, 5.43, 4.82, 4.90, 4.34, 4.77, 4.42, 4.89, 4.79, 5.45, 5.43, 4.63, 4.03, 1.34, 3.15, 2.02, 1.91, 5.37],
  tjk_92 = [1.26, 3.87, 4.40, 2.96, 1.17, 3.55, 3.51, 2.46, 2.88, 1.35, 4.45, 2.83, 2.58, 2.45, 1.52, 2.82, 1.78, 2.79, 2.95, 3.40, 3.22, 3.17, 2.95, 2.74, 1.17, 2.79, 2.66, 3.12, 3.53, 2.84, 2.87, 2.51, 3.64, 2.92, 1.88, 2.69, 3.04, 2.79, 3.30, 2.89, 3.67, 2.93, 2.26, 1.11, 3.39, 3.31, 2.68, 2.99, 4.00, 3.22],
  tjk_93 = [4.40, 1.80, 1.72, 1.79, 1.90, 1.95, 2.40, 3.11, 2.06, 2.17, 1.98, 1.92, 1.92, 4.28, 4.58, 1.93, 2.03, 1.66, 4.94, 4.67, 2.06, 2.02, 4.58, 2.64, 2.17, 3.28, 1.94, 3.52, 1.79, 1.01, 1.70, 1.99, 4.23, 2.83, 2.24, 3.60, 2.16, 4.90, 2.09, 2.12, 1.46, 2.12, 2.13, 2.03, 2.11, 1.79, 2.97, 1.35, 2.07, 1.83],
  tjk_94 = [5.44, 4.92, 5.52, 4.31, 4.62, 5.40, 5.34, 4.22, 3.51, 2.26, 4.85, 1.26, 2.53, 5.78, 5.65, 4.68, 4.28, 4.91, 6.00, 1.56, 5.02, 5.12, 5.24, 5.10, 4.87, 4.74, 2.59, 4.94, 4.69, 5.16, 1.52, 5.55, 5.42, 5.11, 4.74, 4.77, 4.49, 5.19, 3.79, 4.81, 5.13, 4.69, 5.13, 4.80, 4.47, 4.85, 1.19, 5.21, 2.72, 4.32],
  tjk_95 = [1.91, 2.18, 2.07, 1.95, 2.16, 2.08, 2.70, 1.80, 4.12, 1.28, 2.25, 2.21, 1.94, 2.04, 2.22, 2.01, 2.27, 3.51, 1.53, 2.00, 2.21, 1.12, 1.60, 3.93, 2.19, 3.59, 3.39, 2.84, 2.22, 2.06, 1.85, 2.84, 1.93, 4.28, 2.03, 1.71, 2.37, 2.06, 2.10, 2.64, 2.02, 1.65, 1.98, 4.79, 1.75, 4.60, 1.95, 1.82, 4.75, 3.06],
  tjk_96 = [3.24, 4.13, 3.76, 3.04, 3.55, 4.63, 3.62, 3.84, 1.34, 4.77, 1.80, 4.21, 4.19, 4.46, 1.34, 3.07, 4.20, 4.32, 3.17, 1.15, 3.64, 4.47, 3.92, 4.05, 3.31, 4.54, 3.41, 4.47, 4.58, 4.88, 2.13, 4.12, 4.13, 2.25, 2.05, 4.26, 3.83, 4.33, 3.75, 4.34, 3.87, 3.63, 1.04, 4.45, 2.16, 4.51, 2.75, 4.18, 4.23, 3.47],
  tjk_97 = [2.02, 1.76, 1.67, 2.09, 1.93, 2.09, 1.91, 3.36, 1.93, 2.29, 2.36, 2.02, 1.66, 2.21, 1.26, 2.25, 1.99, 4.79, 2.21, 2.50, 3.16, 2.34, 1.96, 2.03, 2.41, 2.23, 4.09, 4.52, 1.19, 1.20, 1.67, 2.21, 2.05, 1.91, 4.78, 1.77, 2.75, 1.82, 1.96, 1.88, 2.15, 2.37, 1.66, 2.12, 2.23, 1.97, 1.91, 1.99, 2.08, 1.82],
  tjk_98 = [4.54, 3.72, 4.53, 4.61, 4.49, 4.86, 3.06, 3.73, 4.19, 1.84, 4.29, 3.60, 4.37, 3.44, 3.77, 4.68, 4.42, 2.21, 3.55, 3.47, 2.27, 4.15, 2.41, 4.08, 1.95, 3.40, 3.66, 1.89, 3.61, 3.92, 3.69, 4.13, 3.52, 3.92, 3.84, 3.81, 3.64, 3.98, 2.13, 4.11, 4.18, 3.72, 4.48, 4.42, 3.43, 3.75, 4.06, 4.18, 4.03, 1.68],
  tjk_99 = [1.91, 1.86, 1.61, 4.88, 1.67, 1.72, 1.05, 1.87, 2.03, 1.88, 2.40, 1.68, 4.21, 2.11, 1.97, 1.98, 1.80, 1.74, 2.02, 2.02, 1.79, 2.42, 2.01, 2.40, 3.06, 1.45, 4.72, 1.99, 1.72, 1.87, 2.04, 2.13, 2.19, 2.04, 1.99, 2.43, 4.75, 2.24, 1.91, 1.99, 2.21, 1.65, 1.79, 1.59, 4.27, 2.16, 2.37, 2.09, 3.24, 2.10],
  tjk_910 = [5.04, 4.98, 3.26, 2.87, 5.12, 2.02, 4.29, 1.21, 5.31, 4.49, 5.19, 4.94, 5.19, 3.25, 5.18, 4.20, 5.46, 5.29, 5.07, 5.22, 5.08, 4.51, 1.01, 5.30, 5.31, 4.70, 1.20, 5.50, 4.85, 3.49, 5.64, 4.68, 4.58, 4.78, 2.12, 1.33, 5.41, 2.95, 5.00, 5.67, 5.04, 4.30, 4.25, 3.65, 5.30, 5.03, 4.96, 4.21, 4.89, 1.74],
  tjk_911 = [4.19, 3.50, 3.54, 1.92, 2.84, 5.12, 4.53, 3.53, 3.72, 4.23, 3.54, 4.17, 1.16, 4.53, 3.73, 3.52, 3.91, 4.09, 4.06, 1.01, 3.68, 3.62, 4.15, 4.23, 3.97, 3.46, 3.46, 4.53, 3.78, 4.10, 2.29, 3.50, 2.76, 2.86, 3.21, 3.87, 4.13, 3.62, 2.07, 2.39, 2.01, 3.90, 3.78, 4.04, 2.59, 4.21, 4.59, 2.75, 4.88, 3.46],
  tjk_912 = [3.69, 3.77, 3.75, 3.65, 3.70, 3.40, 3.16, 3.56, 2.84, 4.08, 1.79, 4.09, 4.28, 2.79, 2.27, 3.97, 4.35, 2.72, 3.10, 4.38, 1.63, 3.90, 4.02, 4.46, 3.89, 1.23, 3.68, 4.33, 3.62, 3.88, 3.95, 3.08, 2.27, 4.02, 1.70, 3.69, 3.90, 3.95, 5.12, 3.40, 3.74, 2.43, 3.52, 2.18, 3.70, 4.26, 4.22, 3.39, 3.80, 4.52],
  tjk_913 = [5.14, 4.96, 5.11, 4.90, 5.13, 4.99, 4.70, 3.94, 4.79, 1.14, 4.83, 1.28, 3.86, 4.79, 3.24, 4.78, 5.71, 4.33, 6.64, 4.36, 5.08, 4.11, 2.70, 5.03, 5.61, 4.00, 4.89, 4.84, 1.72, 4.79, 5.20, 4.98, 5.89, 4.11, 5.45, 1.61, 1.63, 4.79, 5.32, 4.97, 5.11, 4.61, 4.99, 4.97, 5.09, 5.09, 5.19, 5.55, 4.70, 4.34],
  tjk_914 = [4.90, 4.64, 4.62, 4.21, 1.92, 5.94, 2.52, 4.43, 2.40, 3.80, 4.46, 3.19, 4.86, 6.28, 2.41, 5.02, 4.52, 4.58, 5.02, 5.71, 5.56, 5.30, 4.40, 1.28, 4.45, 2.45, 3.62, 2.26, 4.99, 3.07, 4.92, 1.45, 3.65, 5.15, 5.05, 3.52, 5.22, 5.77, 5.62, 4.58, 4.43, 3.10, 5.35, 2.93, 3.76, 3.67, 4.44, 4.49, 4.29, 5.19],
  tjk_915 = [4.59, 3.17, 1.58, 4.38, 1.29, 4.34, 4.35, 1.08, 3.81, 3.64, 3.77, 4.53, 3.49, 1.37, 4.66, 3.47, 3.14, 4.83, 3.82, 4.30, 1.06, 3.00, 4.32, 3.71, 2.31, 1.07, 3.69, 4.34, 4.81, 2.15, 3.06, 4.41, 3.67, 3.33, 3.37, 3.42, 1.80, 3.85, 3.55, 3.96, 2.46, 4.45, 4.25, 2.63, 1.18, 3.28, 4.40, 3.26, 4.79, 1.12],
  tjk_916 = [1.01, 4.94, 0.91, 0.93, 0.94, 0.93, 1.08, 1.06, 1.40, 1.13, 0.93, 3.38, 0.92, 4.14, 2.29, 2.76, 2.47, 3.81, 0.98, 2.26, 0.98, 1.04, 0.96, 4.20, 2.05, 0.91, 0.99, 0.92, 0.89, 0.91, 1.04, 0.92, 1.00, 1.05, 0.99, 1.04, 1.06, 1.05, 0.93, 0.87, 2.40, 1.03, 3.47, 1.02, 0.93, 0.85, 0.96, 3.94, 2.16, 1.94],
  tjk_917 = [0.93, 1.46, 1.05, 0.87, 1.00, 0.88, 1.37, 4.79, 1.15, 4.34, 1.19, 1.16, 0.96, 3.17, 1.10, 4.31, 1.05, 4.98, 1.06, 1.10, 1.55, 1.13, 0.91, 1.13, 2.75, 0.89, 1.03, 1.05, 1.00, 1.10, 0.84, 1.16, 0.88, 1.02, 0.97, 0.93, 0.92, 0.98, 2.97, 1.21, 0.83, 4.71, 4.71, 4.73, 4.64, 0.98, 1.12, 0.90, 3.23, 1.00],
  tjk_918 = [1.06, 1.02, 0.92, 1.05, 1.08, 0.93, 1.10, 0.93, 1.10, 4.95, 1.03, 1.20, 0.87, 0.92, 0.97, 4.13, 1.07, 1.12, 4.92, 0.80, 1.06, 4.46, 2.76, 1.06, 1.03, 3.52, 1.07, 4.73, 1.80, 0.95, 3.09, 3.97, 2.50, 4.93, 4.83, 3.44, 1.00, 3.21, 1.09, 3.20, 1.25, 0.89, 2.76, 2.93, 4.64, 1.19, 0.94, 0.86, 2.33, 1.12],
  tjk_919 = [0.82, 1.08, 2.74, 0.93, 2.13, 1.36, 1.15, 0.86, 0.98, 0.88, 3.01, 4.21, 1.11, 3.78, 1.08, 3.99, 1.02, 0.94, 0.98, 1.04, 1.07, 4.56, 1.13, 0.90, 1.06, 0.92, 0.96, 1.11, 0.95, 1.09, 0.96, 1.15, 1.03, 1.00, 3.06, 4.51, 1.00, 1.03, 1.06, 2.09, 1.11, 0.93, 0.95, 3.37, 1.08, 2.60, 1.10, 1.57, 0.99, 0.97],
  tjk_920 = [2.89, 2.05, 2.91, 2.08, 2.25, 1.88, 2.09, 2.02, 1.95, 2.28, 1.20, 2.25, 2.02, 3.77, 1.10, 1.86, 1.12, 1.90, 1.98, 4.93, 4.48, 1.93, 2.14, 1.99, 1.97, 2.21, 4.73, 2.93, 1.80, 2.56, 1.80, 1.37, 1.90, 4.63, 2.38, 2.15, 2.63, 1.97, 2.31, 1.86, 2.37, 2.41, 1.87, 2.20, 1.94, 1.90, 1.69, 3.84, 1.99, 1.94],
  tjk_101 = [3.90, 3.23, 1.90, 3.81, 2.53, 4.51, 4.59, 3.94, 3.83, 3.63, 4.11, 4.76, 2.22, 4.97, 4.77, 4.04, 4.74, 3.94, 4.02, 3.66, 4.02, 4.45, 2.09, 4.12, 4.29, 4.28, 4.72, 4.28, 4.94, 3.78, 3.88, 4.46, 4.02, 3.48, 4.49, 4.12, 3.62, 4.08, 2.99, 4.27, 3.75, 3.71, 4.33, 4.03, 3.96, 3.84, 3.80, 1.35, 1.03, 4.26],
  tjk_102 = [4.55, 1.85, 2.27, 2.30, 2.02, 1.70, 1.85, 1.92, 3.76, 2.06, 2.27, 3.24, 4.99, 1.56, 1.83, 2.64, 1.86, 2.01, 1.76, 1.76, 2.01, 1.90, 1.69, 1.99, 1.19, 1.47, 4.76, 1.66, 1.77, 2.15, 2.18, 1.89, 1.75, 2.06, 4.76, 2.10, 1.85, 3.51, 1.90, 2.06, 1.09, 1.99, 2.30, 1.80, 2.45, 1.35, 2.02, 1.89, 2.60, 4.37],
  tjk_103 = [1.69, 3.98, 4.26, 3.55, 4.21, 3.58, 4.17, 3.88, 4.10, 1.69, 3.59, 4.30, 4.47, 4.18, 3.98, 4.24, 4.60, 4.37, 3.80, 4.34, 3.95, 3.05, 4.50, 4.57, 3.33, 3.21, 3.87, 4.78, 3.71, 3.47, 3.68, 4.02, 4.76, 3.96, 3.94, 3.85, 3.06, 3.07, 4.58, 2.13, 4.21, 4.37, 3.98, 4.68, 4.47, 3.76, 4.22, 3.57, 3.59, 1.16],
  tjk_104 = [0.95, 1.10, 0.94, 1.34, 1.19, 0.98, 0.87, 3.11, 0.80, 3.98, 0.82, 1.21, 2.97, 1.07, 1.09, 3.27, 4.73, 0.88, 2.58, 4.08, 0.93, 0.82, 1.18, 1.95, 1.06, 3.56, 1.07, 0.93, 1.71, 4.48, 4.58, 1.15, 0.84, 2.70, 1.10, 1.14, 3.79, 1.70, 0.80, 1.07, 1.03, 2.62, 2.57, 2.70, 0.95, 2.86, 0.92, 2.38, 1.03, 1.05],
  tjk_105 = [2.09, 2.02, 1.74, 1.50, 3.41, 1.97, 1.87, 2.03, 1.48, 1.76, 1.86, 1.86, 4.97, 1.86, 1.98, 4.18, 1.98, 1.81, 2.25, 2.46, 2.01, 2.00, 3.85, 1.87, 4.10, 2.83, 2.12, 1.96, 1.84, 2.20, 1.94, 1.97, 2.10, 1.74, 1.35, 2.91, 2.69, 2.58, 1.99, 1.82, 2.17, 2.01, 1.87, 4.55, 1.67, 1.71, 1.97, 1.95, 1.95, 2.10],
  tjk_106 = [2.03, 4.29, 2.29, 2.20, 2.03, 2.02, 2.32, 2.13, 1.75, 3.34, 2.05, 1.83, 3.60, 2.07, 1.82, 1.94, 4.18, 1.78, 1.68, 1.81, 2.13, 2.25, 1.88, 1.99, 1.86, 2.54, 2.96, 1.24, 3.15, 1.56, 2.16, 4.73, 1.99, 2.90, 2.11, 2.03, 2.31, 2.43, 1.99, 2.21, 1.29, 4.92, 2.27, 1.99, 1.95, 2.40, 2.14, 1.89, 2.17, 2.57],
  tjk_107 = [3.61, 3.47, 4.30, 4.31, 3.51, 3.62, 4.03, 3.97, 4.11, 3.02, 4.76, 3.88, 4.07, 5.05, 4.81, 4.37, 1.45, 3.49, 3.30, 3.33, 3.20, 3.19, 3.75, 3.73, 4.26, 4.21, 4.90, 3.73, 4.10, 3.35, 1.91, 4.38, 4.35, 2.47, 4.28, 3.14, 3.95, 4.26, 4.03, 2.54, 4.19, 3.96, 3.61, 4.18, 3.09, 1.65, 3.58, 4.55, 3.61, 3.94],
  tjk_108 = [4.15, 3.55, 2.39, 3.56, 4.31, 2.68, 3.44, 4.39, 3.16, 3.72, 3.95, 2.81, 1.97, 4.14, 3.87, 4.07, 4.29, 4.32, 3.65, 3.15, 3.66, 1.59, 4.06, 4.08, 2.97, 4.00, 3.64, 3.95, 3.66, 1.33, 4.92, 4.09, 4.23, 2.84, 4.40, 4.14, 4.17, 3.34, 4.03, 2.99, 4.87, 3.67, 4.59, 3.84, 4.87, 3.99, 2.00, 4.50, 4.24, 4.34],
  tjk_109 = [4.02, 1.41, 4.80, 3.87, 3.81, 4.04, 3.17, 4.18, 4.47, 4.43, 3.89, 1.68, 4.47, 1.05, 4.24, 4.16, 4.30, 4.58, 3.85, 3.17, 4.74, 2.83, 3.68, 3.65, 4.42, 4.16, 4.45, 2.62, 4.90, 1.49, 3.71, 3.75, 4.31, 3.81, 1.43, 3.90, 3.02, 2.57, 4.72, 2.52, 4.26, 3.55, 1.07, 3.84, 4.16, 1.93, 3.27, 4.23, 3.32, 4.29],
  tjk_1010 = [2.89, 3.85, 4.91, 4.19, 4.18, 3.59, 3.69, 3.09, 3.47, 3.48, 4.95, 1.16, 4.72, 2.08, 4.89, 4.17, 4.33, 1.70, 1.68, 4.13, 3.82, 4.27, 3.76, 4.24, 3.33, 4.22, 5.09, 1.05, 3.96, 4.12, 4.30, 4.16, 3.94, 4.09, 4.05, 3.47, 4.62, 4.31, 1.31, 4.23, 2.54, 4.08, 4.02, 4.12, 3.96, 3.70, 3.38, 3.99, 3.20, 4.13],
  tjk_1011 = [2.42, 2.26, 1.37, 2.94, 2.09, 2.03, 3.72, 2.26, 1.98, 2.61, 3.99, 1.86, 2.36, 1.68, 1.98, 2.01, 1.87, 1.84, 1.65, 2.06, 1.98, 1.99, 1.47, 1.24, 2.02, 1.90, 1.81, 3.39, 2.11, 2.02, 4.69, 2.18, 2.44, 1.88, 2.18, 1.97, 3.17, 2.52, 1.84, 2.30, 2.41, 1.97, 1.78, 4.10, 2.03, 2.25, 1.64, 1.70, 2.32, 4.97],
  tjk_1012 = [4.28, 4.28, 3.64, 4.91, 4.39, 4.63, 3.56, 1.14, 3.89, 3.78, 3.92, 4.30, 4.79, 3.95, 3.95, 2.33, 4.15, 4.27, 3.82, 2.12, 3.72, 4.11, 4.04, 4.05, 4.20, 4.38, 4.20, 3.53, 4.31, 3.94, 4.40, 4.11, 3.99, 3.60, 4.78, 4.46, 3.69, 4.57, 3.07, 3.56, 3.99, 3.64, 3.69, 4.14, 4.03, 1.76, 3.69, 4.35, 4.25, 3.66],
  tjk_1013 = [2.06, 3.49, 3.91, 4.82, 0.99, 4.83, 3.72, 3.97, 1.07, 0.92, 3.67, 2.07, 1.03, 0.93, 4.69, 2.90, 1.07, 0.91, 0.95, 0.97, 3.06, 2.19, 1.09, 1.40, 2.40, 0.98, 0.98, 1.08, 1.12, 0.97, 1.00, 1.09, 3.39, 1.03, 1.06, 4.26, 1.07, 0.88, 0.93, 0.94, 1.01, 1.14, 1.06, 0.98, 2.77, 0.88, 3.15, 0.99, 4.77, 4.08],
  tjk_1014 = [2.44, 2.21, 3.21, 3.07, 2.89, 4.58, 3.87, 3.56, 3.35, 3.24, 2.91, 1.02, 1.48, 2.89, 3.07, 3.27, 3.20, 2.88, 4.95, 2.03, 3.29, 3.17, 2.83, 1.32, 2.68, 1.94, 1.11, 2.40, 4.52, 3.26, 3.10, 3.60, 2.48, 2.61, 3.17, 4.94, 1.88, 3.43, 3.78, 2.74, 1.65, 3.12, 3.10, 3.19, 3.43, 2.94, 2.74, 2.82, 2.73, 3.09],
  tjk_1015 = [1.55, 2.80, 0.96, 2.07, 1.46, 1.12, 0.93, 0.88, 4.96, 0.95, 1.01, 1.02, 1.08, 0.93, 3.47, 1.01, 1.51, 1.58, 2.15, 1.05, 1.00, 1.20, 4.13, 0.94, 0.96, 2.31, 0.91, 3.26, 2.12, 0.93, 0.91, 0.86, 4.61, 1.11, 1.15, 3.97, 1.01, 3.52, 0.91, 0.83, 1.13, 2.21, 0.83, 0.90, 0.98, 1.08, 0.99, 1.03, 0.89, 0.96],
  tjk_1016 = [1.84, 2.64, 4.96, 2.17, 1.96, 3.47, 1.77, 1.88, 4.83, 1.94, 2.18, 1.81, 2.00, 1.95, 1.83, 2.54, 2.05, 1.88, 1.99, 1.77, 1.90, 1.88, 4.66, 1.58, 1.91, 3.16, 2.27, 1.73, 1.79, 1.78, 1.91, 1.58, 3.29, 1.74, 1.71, 4.66, 1.66, 1.00, 1.59, 3.26, 2.05, 4.55, 3.56, 2.32, 4.39, 2.01, 1.92, 3.79, 2.09, 1.93],
  tjk_1017 = [1.81, 2.00, 1.29, 3.79, 1.81, 2.07, 3.21, 2.29, 2.25, 2.05, 2.10, 2.12, 1.98, 1.95, 2.05, 2.09, 1.33, 2.08, 1.97, 1.97, 1.96, 2.13, 1.63, 2.36, 1.96, 1.83, 1.81, 1.69, 2.81, 1.84, 2.06, 1.80, 4.21, 1.80, 2.13, 2.09, 1.86, 4.42, 2.29, 4.99, 2.57, 3.45, 3.92, 2.52, 2.32, 4.06, 4.54, 1.63, 1.70, 2.03],
  tjk_1018 = [4.24, 4.92, 4.07, 3.71, 3.12, 3.62, 5.28, 1.16, 3.92, 2.37, 4.02, 3.49, 4.17, 3.37, 1.69, 4.65, 3.80, 3.86, 4.04, 3.81, 3.16, 2.10, 2.90, 3.96, 4.35, 3.99, 3.98, 4.86, 3.62, 2.32, 2.80, 2.38, 4.34, 3.58, 4.14, 3.59, 3.54, 2.78, 4.26, 4.13, 4.10, 4.24, 4.13, 4.19, 4.00, 4.75, 2.00, 4.92, 4.41, 4.90],
  tjk_1019 = [3.42, 3.90, 3.86, 3.73, 4.00, 1.15, 4.11, 4.52, 3.72, 3.58, 3.70, 3.96, 2.25, 3.27, 3.49, 4.50, 4.06, 1.94, 2.23, 3.43, 4.31, 1.02, 4.90, 3.42, 3.72, 3.64, 4.04, 3.20, 4.69, 3.57, 4.07, 3.84, 4.26, 2.11, 3.96, 3.90, 4.03, 4.13, 3.38, 4.12, 4.38, 1.94, 3.78, 3.79, 2.46, 4.29, 3.36, 4.03, 4.14, 1.61],
  tjk_1020 = [2.09, 1.08, 3.87, 4.23, 2.91, 3.14, 1.17, 0.83, 2.23, 1.03, 3.96, 1.02, 1.95, 3.56, 0.92, 0.96, 1.18, 3.35, 0.94, 0.89, 1.18, 1.08, 0.89, 1.89, 2.53, 1.12, 2.08, 1.12, 4.06, 3.36, 0.93, 1.17, 0.97, 3.89, 2.83, 4.44, 2.87, 0.95, 1.04, 3.94, 2.99, 1.11, 1.76, 1.13, 0.96, 0.91, 0.96, 0.95, 1.05, 4.44],
  tjk_111 = [3.84, 2.03, 4.20, 4.21, 3.63, 1.92, 3.48, 1.98, 3.89, 4.29, 4.43, 4.04, 3.72, 2.81, 2.73, 3.25, 3.67, 1.92, 4.22, 4.13, 1.31, 3.92, 4.41, 3.82, 4.50, 3.51, 1.63, 4.44, 4.83, 3.50, 3.87, 2.60, 4.32, 2.19, 3.72, 3.80, 4.33, 3.88, 3.78, 4.47, 4.21, 3.69, 4.55, 3.83, 4.21, 1.84, 1.61, 3.83, 3.90, 2.24],
  tjk_112 = [3.82, 2.21, 2.82, 2.63, 2.94, 3.07, 3.06, 2.71, 2.64, 3.50, 2.95, 2.65, 4.21, 3.64, 2.32, 4.30, 2.92, 3.21, 2.75, 3.45, 2.86, 3.85, 3.17, 2.64, 2.76, 2.50, 3.08, 3.15, 3.35, 2.79, 3.30, 4.58, 2.71, 3.10, 3.28, 4.86, 2.99, 2.59, 3.31, 3.12, 3.11, 3.51, 4.48, 1.49, 4.32, 2.58, 3.10, 3.39, 1.19, 2.94],
  tjk_113 = [5.63, 4.90, 3.87, 5.14, 5.44, 5.59, 2.62, 4.74, 5.37, 4.74, 4.05, 5.07, 4.61, 5.05, 4.88, 4.28, 4.09, 4.55, 5.42, 3.91, 4.86, 1.66, 2.78, 5.87, 5.05, 6.16, 3.36, 1.88, 1.53, 2.78, 5.51, 4.57, 1.50, 4.89, 1.92, 4.90, 4.85, 5.70, 3.39, 4.51, 4.38, 5.75, 4.95, 4.74, 4.41, 4.45, 4.72, 3.35, 4.65, 4.92],
  tjk_114 = [3.09, 4.97, 2.94, 1.77, 2.92, 3.38, 3.35, 4.62, 3.41, 3.50, 2.43, 3.27, 2.75, 2.80, 2.90, 1.64, 3.86, 4.47, 3.11, 3.63, 2.98, 3.07, 1.77, 1.33, 3.63, 2.72, 3.21, 2.74, 3.07, 2.86, 3.10, 3.16, 3.17, 3.04, 3.94, 2.69, 3.13, 2.44, 2.94, 3.29, 2.23, 2.54, 3.30, 2.69, 2.68, 4.46, 3.14, 2.31, 1.74, 3.20],
  tjk_115 = [1.86, 5.06, 5.17, 2.60, 1.06, 4.70, 3.55, 1.23, 2.26, 4.09, 4.17, 4.03, 5.88, 2.09, 3.71, 5.70, 1.85, 4.41, 5.02, 4.81, 5.18, 4.53, 5.05, 5.34, 4.05, 2.68, 4.89, 1.70, 5.28, 4.92, 4.75, 3.16, 6.11, 3.12, 4.97, 4.93, 5.51, 4.60, 3.85, 4.73, 5.24, 3.82, 5.33, 5.16, 4.73, 5.40, 4.84, 4.56, 5.09, 5.43],
  tjk_116 = [2.50, 4.18, 4.36, 4.04, 4.51, 4.37, 3.62, 3.82, 4.18, 4.27, 3.67, 1.29, 4.55, 3.76, 3.99, 3.73, 1.73, 3.25, 4.12, 2.66, 3.47, 2.28, 4.01, 4.58, 2.81, 2.82, 4.71, 3.57, 3.74, 3.66, 2.78, 1.44, 4.50, 3.58, 1.88, 4.75, 3.84, 4.10, 4.48, 2.22, 3.53, 4.13, 4.28, 3.79, 2.36, 4.15, 4.09, 2.85, 4.27, 3.61],
  tjk_117 = [5.12, 3.93, 4.59, 4.85, 5.46, 4.79, 1.64, 5.99, 4.39, 5.30, 5.16, 4.21, 5.42, 4.86, 4.59, 4.81, 4.97, 5.21, 5.62, 4.88, 4.76, 4.62, 4.25, 2.11, 4.42, 5.05, 4.58, 3.12, 3.60, 5.17, 4.12, 4.72, 5.40, 5.23, 5.59, 4.87, 3.94, 4.96, 3.43, 4.85, 4.52, 4.17, 1.26, 1.27, 5.53, 1.99, 4.95, 5.75, 5.40, 2.57],
  tjk_118 = [2.62, 1.08, 0.90, 1.07, 1.02, 4.87, 3.03, 0.81, 0.93, 0.91, 0.94, 2.59, 1.09, 1.00, 1.11, 1.02, 1.01, 0.84, 0.98, 0.95, 0.92, 2.25, 0.93, 0.88, 3.28, 1.11, 0.93, 4.62, 0.92, 1.12, 1.00, 0.89, 1.13, 1.94, 1.06, 1.13, 1.10, 1.44, 0.83, 1.02, 1.06, 3.65, 1.03, 1.03, 1.04, 0.98, 1.70, 1.18, 1.40, 0.81],
  tjk_119 = [2.88, 1.10, 0.91, 2.79, 0.94, 1.04, 0.87, 1.06, 0.95, 1.15, 0.87, 0.92, 2.99, 1.08, 0.93, 0.87, 0.98, 0.90, 4.78, 3.74, 1.00, 1.10, 3.60, 1.06, 3.36, 1.09, 3.92, 1.00, 4.01, 0.80, 3.92, 1.06, 1.08, 0.98, 4.51, 0.98, 1.14, 1.05, 0.87, 4.30, 0.89, 0.90, 0.86, 3.04, 0.92, 1.04, 1.07, 0.92, 3.29, 0.86],
  tjk_1110 = [3.61, 3.21, 1.07, 1.16, 0.89, 1.99, 1.20, 1.96, 1.02, 1.95, 2.60, 1.78, 0.99, 1.05, 1.02, 1.03, 0.95, 0.92, 1.40, 1.21, 1.05, 3.41, 0.90, 1.46, 3.61, 1.03, 1.18, 1.02, 1.09, 0.98, 4.57, 4.74, 4.37, 1.66, 1.13, 0.93, 0.94, 0.89, 2.42, 2.30, 1.23, 1.03, 4.53, 1.06, 0.80, 3.84, 2.53, 1.11, 1.06, 1.01],
  tjk_1111 = [5.18, 5.28, 5.24, 4.38, 4.46, 2.72, 3.20, 6.38, 1.40, 1.95, 5.16, 5.35, 5.48, 6.29, 5.22, 4.86, 2.27, 5.40, 1.57, 5.23, 4.31, 5.03, 1.80, 5.55, 3.70, 4.63, 4.52, 5.06, 4.12, 5.77, 3.89, 4.62, 4.25, 4.68, 2.15, 5.32, 5.19, 4.66, 5.09, 2.53, 1.04, 5.83, 4.86, 2.08, 5.29, 4.20, 4.71, 5.61, 3.27, 4.88],
  tjk_1112 = [3.44, 2.02, 3.77, 1.09, 3.86, 4.59, 4.08, 4.55, 4.00, 4.06, 4.06, 4.52, 4.40, 4.19, 3.39, 3.44, 4.43, 4.32, 1.05, 4.07, 2.42, 3.80, 1.86, 3.93, 2.43, 5.29, 2.65, 4.84, 4.42, 2.86, 1.08, 4.54, 3.95, 4.08, 3.91, 2.05, 3.65, 4.21, 3.83, 4.12, 3.58, 4.35, 3.02, 3.74, 3.65, 2.81, 3.91, 4.03, 3.87, 4.12],
  tjk_1113 = [5.42, 3.44, 2.78, 3.02, 4.66, 6.63, 5.91, 6.34, 3.37, 2.75, 4.98, 1.35, 5.71, 2.45, 4.95, 5.04, 5.14, 5.64, 5.87, 3.17, 4.89, 4.40, 4.31, 4.65, 1.62, 2.15, 5.35, 2.01, 3.15, 5.24, 4.93, 4.45, 4.57, 4.58, 1.91, 5.08, 5.40, 4.81, 4.08, 4.82, 2.35, 4.32, 4.98, 3.87, 4.61, 4.61, 1.99, 4.88, 5.69, 5.53],
  tjk_1114 = [0.90, 0.99, 0.89, 1.26, 1.73, 3.15, 0.84, 0.93, 3.89, 1.12, 1.76, 0.84, 0.97, 0.85, 1.06, 0.92, 1.01, 1.77, 0.90, 0.82, 4.03, 1.00, 0.95, 0.98, 0.98, 1.25, 2.54, 1.05, 1.06, 4.71, 1.10, 1.03, 2.50, 1.06, 1.01, 1.01, 0.99, 4.89, 1.10, 1.36, 1.06, 4.45, 0.99, 1.02, 0.93, 0.88, 0.95, 0.97, 0.91, 2.16],
  tjk_1115 = [1.08, 1.50, 3.80, 0.97, 0.97, 1.00, 0.93, 0.96, 0.93, 0.99, 0.88, 1.14, 4.63, 0.92, 3.51, 2.28, 1.11, 1.07, 0.95, 1.08, 0.98, 1.07, 3.87, 1.02, 2.38, 1.04, 1.00, 0.95, 1.17, 3.93, 1.07, 1.27, 1.09, 0.87, 0.95, 1.00, 1.33, 1.09, 0.89, 1.13, 1.28, 1.04, 0.97, 1.26, 1.06, 1.15, 2.22, 1.15, 3.32, 0.95],
  tjk_1116 = [2.01, 3.52, 1.86, 2.26, 1.74, 2.22, 1.77, 2.10, 2.73, 1.91, 3.73, 1.78, 1.97, 2.07, 2.21, 2.12, 1.83, 1.96, 1.81, 1.98, 1.85, 1.69, 3.72, 4.26, 1.90, 1.72, 1.97, 2.17, 1.81, 4.02, 2.13, 1.14, 3.50, 3.54, 1.77, 4.08, 1.58, 1.94, 2.23, 1.88, 1.79, 2.25, 1.87, 3.15, 2.22, 1.87, 3.35, 3.25, 2.29, 2.14],
  tjk_1117 = [5.12, 4.14, 4.60, 4.79, 5.00, 3.66, 5.07, 3.88, 3.39, 4.22, 4.70, 5.58, 5.10, 5.22, 5.30, 5.80, 5.29, 1.72, 4.37, 3.79, 4.42, 5.34, 4.32, 2.52, 5.10, 1.28, 4.96, 5.00, 4.82, 4.78, 5.00, 4.88, 4.66, 3.80, 5.31, 4.48, 4.97, 2.31, 5.06, 1.92, 3.28, 4.35, 4.76, 4.33, 3.64, 4.70, 4.91, 3.70, 4.60, 3.29],
  tjk_1118 = [3.04, 3.37, 4.79, 2.23, 2.68, 2.47, 3.34, 2.62, 3.17, 3.19, 2.79, 2.89, 3.66, 4.64, 2.98, 1.30, 3.02, 2.62, 3.00, 2.19, 2.75, 3.17, 2.88, 3.63, 3.40, 2.98, 3.19, 2.94, 1.07, 3.48, 3.48, 3.11, 3.27, 3.42, 3.24, 2.61, 2.80, 1.16, 3.09, 1.23, 3.77, 1.88, 2.79, 2.44, 3.26, 1.93, 3.05, 2.89, 3.26, 2.58],
  tjk_1119 = [3.65, 4.18, 3.88, 4.65, 4.60, 4.31, 4.10, 3.35, 1.61, 4.17, 4.03, 4.39, 3.83, 1.45, 4.11, 3.96, 1.69, 4.27, 4.32, 4.33, 4.43, 3.64, 3.66, 3.64, 3.31, 3.54, 2.21, 3.87, 3.53, 4.41, 3.76, 3.95, 3.56, 3.80, 4.12, 3.83, 2.22, 4.00, 2.31, 4.19, 4.84, 4.17, 4.34, 4.17, 4.64, 3.51, 5.11, 3.28, 3.73, 2.88],
  tjk_1120 = [1.92, 3.97, 0.98, 1.14, 0.98, 0.91, 0.95, 1.56, 0.91, 1.11, 0.87, 3.61, 1.05, 1.01, 1.08, 1.05, 4.01, 1.00, 1.17, 3.61, 0.83, 2.56, 0.96, 0.97, 1.00, 4.19, 1.64, 1.15, 1.11, 1.14, 1.11, 2.08, 2.52, 1.25, 0.91, 1.08, 1.30, 4.01, 0.94, 0.96, 0.92, 2.14, 3.34, 0.96, 4.27, 4.24, 0.99, 1.06, 1.14, 0.97],
  tjk_121 = [2.28, 1.15, 2.03, 1.92, 1.84, 1.98, 1.83, 1.97, 2.45, 1.95, 2.24, 2.13, 3.16, 1.75, 3.87, 1.87, 2.24, 1.62, 3.00, 4.47, 1.98, 2.04, 4.94, 2.08, 2.36, 1.52, 1.70, 1.69, 1.54, 3.50, 2.10, 2.03, 1.23, 1.99, 1.79, 1.88, 1.97, 2.05, 1.74, 1.56, 1.44, 1.84, 2.16, 1.84, 1.84, 2.17, 2.16, 1.82, 2.18, 1.86],
  tjk_122 = [3.13, 3.16, 2.84, 2.99, 3.56, 2.54, 2.91, 3.28, 3.07, 2.48, 2.60, 4.13, 3.80, 3.42, 2.97, 3.08, 1.25, 3.13, 2.61, 3.00, 2.69, 2.04, 3.12, 3.56, 2.98, 1.64, 2.99, 3.17, 3.91, 3.59, 4.58, 1.34, 2.82, 2.74, 2.92, 2.57, 2.81, 2.56, 3.28, 4.29, 2.73, 2.55, 3.23, 3.37, 3.33, 2.74, 4.48, 2.72, 4.75, 2.53],
  tjk_123 = [1.76, 0.99, 0.95, 0.99, 0.98, 3.74, 3.00, 2.53, 1.14, 0.94, 1.77, 4.33, 4.95, 0.94, 0.93, 1.58, 0.96, 1.04, 1.10, 2.64, 3.23, 4.88, 1.03, 1.05, 1.19, 3.71, 0.96, 0.94, 1.23, 1.28, 1.11, 1.23, 0.93, 0.97, 0.84, 0.93, 0.96, 0.93, 2.06, 0.87, 1.02, 1.04, 3.34, 0.98, 1.04, 3.65, 0.99, 3.78, 1.51, 0.91],
  tjk_124 = [2.45, 5.66, 5.16, 4.55, 4.80, 4.87, 5.49, 4.24, 5.40, 4.94, 4.58, 4.62, 3.79, 1.15, 4.51, 5.22, 2.76, 4.40, 5.10, 5.08, 5.20, 4.72, 4.16, 4.98, 3.94, 1.16, 4.80, 5.89, 1.34, 1.58, 2.31, 4.93, 4.74, 5.71, 4.68, 4.31, 4.30, 5.80, 4.80, 4.40, 4.57, 5.15, 5.02, 4.14, 5.25, 2.23, 5.05, 5.01, 1.93, 5.55],
  tjk_125 = [2.33, 3.06, 3.35, 2.98, 2.90, 2.90, 1.25, 3.34, 2.95, 2.70, 2.80, 3.24, 2.89, 4.20, 2.92, 2.47, 2.92, 2.38, 3.42, 3.46, 2.68, 1.47, 2.59, 3.27, 2.90, 3.01, 2.79, 2.69, 3.36, 2.72, 4.96, 3.21, 1.34, 3.47, 2.88, 2.84, 3.18, 1.06, 2.92, 3.57, 3.61, 3.24, 1.21, 2.46, 3.28, 2.33, 1.99, 4.84, 3.36, 3.11],
  tjk_126 = [1.10, 0.97, 1.08, 1.06, 3.72, 1.00, 1.00, 2.38, 1.16, 4.48, 1.18, 1.02, 0.94, 2.93, 0.98, 4.65, 2.03, 0.88, 0.96, 1.76, 4.39, 1.14, 1.15, 2.74, 1.03, 3.84, 1.28, 1.09, 1.00, 2.68, 3.93, 0.97, 1.05, 1.09, 4.91, 0.93, 1.66, 1.09, 0.85, 0.92, 0.93, 1.70, 1.01, 1.03, 3.24, 0.92, 1.03, 1.01, 1.24, 4.69],
  tjk_127 = [3.54, 2.44, 3.18, 2.88, 2.85, 3.71, 3.14, 2.10, 3.35, 3.00, 3.26, 3.25, 2.89, 2.29, 2.75, 3.02, 3.05, 2.92, 2.81, 2.35, 3.90, 4.74, 2.52, 2.62, 2.81, 3.03, 3.13, 3.32, 4.16, 3.39, 4.70, 1.43, 3.01, 2.68, 3.37, 2.17, 2.88, 4.02, 3.08, 3.35, 2.70, 3.41, 3.49, 3.56, 1.92, 4.78, 2.86, 2.59, 2.89, 4.78],
  tjk_128 = [2.11, 1.50, 1.08, 3.92, 1.16, 1.93, 2.23, 1.98, 1.90, 2.19, 2.38, 2.01, 1.29, 1.92, 1.99, 2.10, 4.59, 1.94, 2.31, 1.84, 3.14, 2.39, 2.25, 1.65, 2.13, 4.89, 1.97, 2.89, 4.23, 2.05, 1.73, 1.78, 1.68, 1.99, 1.98, 4.03, 1.83, 1.99, 1.86, 1.65, 2.17, 2.21, 3.86, 2.10, 2.09, 3.36, 3.90, 1.93, 2.34, 1.91],
  tjk_129 = [5.21, 4.75, 5.13, 1.61, 5.21, 4.92, 4.88, 4.93, 1.30, 1.59, 1.52, 4.68, 2.59, 1.39, 3.45, 4.71, 5.34, 4.96, 4.44, 2.01, 5.23, 2.31, 1.11, 4.06, 1.83, 4.29, 4.55, 4.69, 5.24, 4.90, 5.45, 1.50, 1.59, 5.26, 4.28, 4.69, 1.72, 5.13, 5.14, 4.36, 5.53, 5.03, 4.57, 4.43, 5.02, 4.35, 6.11, 5.79, 2.53, 2.31],
  tjk_1210 = [2.38, 1.85, 3.70, 3.18, 2.77, 2.41, 4.02, 3.27, 3.08, 2.67, 2.99, 2.93, 2.68, 3.57, 4.02, 3.42, 3.48, 2.19, 4.09, 2.90, 2.41, 2.56, 2.15, 2.88, 2.48, 4.88, 2.65, 3.47, 3.08, 3.24, 3.07, 4.26, 2.86, 2.72, 2.50, 2.80, 1.25, 3.23, 2.98, 2.73, 1.28, 3.17, 2.09, 3.00, 3.94, 4.15, 2.84, 3.41, 3.53, 2.94],
  tjk_1211 = [2.55, 1.48, 3.41, 2.57, 2.81, 2.68, 4.97, 3.72, 3.20, 4.23, 3.09, 2.88, 2.73, 2.92, 2.33, 3.87, 3.15, 3.32, 4.41, 1.19, 4.44, 3.36, 3.22, 2.90, 3.14, 2.04, 3.16, 3.34, 3.08, 2.93, 3.44, 2.84, 3.14, 3.37, 3.04, 2.87, 3.38, 3.05, 3.04, 3.37, 3.35, 2.67, 3.02, 3.21, 2.52, 4.79, 2.65, 2.70, 2.31, 3.86],
  tjk_1212 = [1.88, 2.08, 4.74, 2.27, 2.26, 2.32, 2.59, 4.17, 1.75, 2.05, 1.82, 1.55, 2.50, 2.01, 2.42, 1.76, 1.88, 2.10, 4.53, 2.69, 2.00, 3.99, 2.25, 2.20, 2.06, 2.00, 3.61, 1.89, 3.18, 2.10, 2.04, 1.81, 2.95, 1.90, 3.36, 1.88, 1.64, 1.95, 2.40, 1.82, 1.89, 1.99, 1.77, 2.14, 4.50, 4.54, 1.85, 4.63, 2.13, 2.99],
  tjk_1213 = [3.36, 2.55, 3.03, 2.86, 3.01, 3.36, 2.51, 2.70, 3.94, 3.11, 2.69, 2.42, 2.65, 3.05, 3.49, 1.05, 3.22, 1.81, 3.25, 2.86, 3.15, 2.90, 1.77, 2.92, 3.00, 2.78, 2.76, 2.71, 1.56, 3.07, 3.24, 2.87, 2.49, 3.30, 2.98, 2.66, 4.42, 4.38, 3.10, 1.61, 4.21, 1.30, 2.96, 4.30, 2.98, 3.43, 3.03, 3.15, 2.97, 2.84],
  tjk_1214 = [2.73, 4.82, 2.25, 4.03, 3.93, 3.08, 4.51, 4.39, 3.83, 3.50, 3.84, 4.10, 3.81, 3.56, 3.81, 3.73, 3.31, 3.42, 4.30, 1.89, 3.30, 4.31, 4.34, 3.91, 3.00, 4.10, 1.68, 3.59, 3.84, 3.67, 4.43, 3.28, 3.88, 3.89, 1.68, 4.57, 4.12, 3.00, 4.42, 4.08, 4.28, 1.61, 3.50, 3.63, 4.26, 4.56, 4.01, 3.84, 4.41, 3.80],
  tjk_1215 = [3.32, 5.27, 6.22, 4.49, 3.71, 4.16, 2.75, 5.76, 3.65, 4.55, 3.79, 4.23, 4.24, 4.72, 4.10, 5.69, 5.73, 1.94, 4.66, 4.99, 1.32, 4.81, 1.48, 2.69, 4.94, 5.09, 3.77, 4.42, 5.66, 3.29, 4.05, 1.21, 5.81, 5.22, 5.63, 5.07, 5.03, 5.11, 5.55, 3.70, 5.42, 5.38, 5.52, 5.57, 1.06, 5.92, 5.26, 4.77, 4.46, 5.03],
  tjk_1216 = [4.29, 0.91, 0.96, 0.81, 1.10, 2.84, 1.15, 0.92, 1.05, 1.07, 0.98, 1.14, 1.17, 0.96, 1.05, 4.92, 0.92, 0.79, 1.12, 0.92, 0.84, 3.73, 0.92, 0.73, 1.11, 0.98, 0.89, 1.64, 4.48, 1.01, 0.90, 0.95, 1.26, 0.99, 1.05, 1.08, 0.81, 0.91, 1.03, 1.08, 4.43, 1.10, 1.05, 1.34, 1.05, 1.02, 1.04, 1.13, 2.21, 1.25],
  tjk_1217 = [3.94, 4.05, 4.36, 3.39, 2.64, 3.66, 3.14, 4.44, 3.73, 3.47, 1.83, 3.38, 3.88, 4.04, 2.97, 1.14, 4.03, 3.87, 4.22, 3.85, 4.56, 2.68, 2.81, 3.90, 4.73, 3.79, 4.10, 3.44, 4.03, 1.07, 4.41, 3.61, 3.96, 2.43, 4.47, 3.88, 3.65, 4.23, 3.69, 3.70, 3.63, 3.54, 4.02, 1.40, 3.96, 1.60, 4.71, 4.77, 3.27, 3.94],
  tjk_1218 = [3.84, 3.36, 3.99, 2.58, 4.24, 3.90, 1.27, 4.59, 4.32, 3.82, 3.18, 3.80, 4.53, 4.37, 1.83, 3.47, 3.54, 4.24, 4.19, 3.94, 4.42, 4.05, 3.29, 4.22, 3.96, 3.75, 4.00, 3.72, 4.15, 3.93, 1.12, 4.18, 3.72, 3.85, 4.22, 3.45, 4.64, 3.69, 3.66, 3.42, 3.90, 3.76, 2.76, 3.58, 4.52, 2.31, 4.31, 3.65, 4.38, 4.28],
  tjk_1219 = [2.90, 2.65, 3.36, 2.79, 4.15, 3.33, 2.87, 3.12, 2.99, 3.43, 3.43, 2.73, 3.59, 3.33, 4.05, 4.78, 2.57, 2.63, 3.01, 3.13, 2.68, 2.94, 2.86, 3.11, 2.98, 3.79, 3.04, 3.12, 2.46, 3.20, 3.23, 3.17, 3.52, 2.79, 2.85, 2.91, 2.81, 4.40, 1.92, 2.58, 3.16, 2.67, 2.69, 1.25, 3.42, 3.40, 2.97, 3.39, 3.52, 3.05],
  tjk_1220 = [1.04, 1.13, 3.16, 4.26, 2.82, 2.93, 4.91, 1.41, 3.73, 3.26, 2.77, 3.76, 3.64, 2.62, 2.74, 3.25, 4.65, 1.53, 2.96, 3.04, 2.61, 3.17, 2.89, 3.45, 2.57, 2.98, 2.84, 2.95, 1.38, 3.12, 2.55, 2.40, 4.39, 4.87, 1.78, 1.99, 3.24, 2.92, 2.60, 2.53, 2.73, 2.34, 3.36, 2.88, 3.23, 3.11, 2.98, 4.08, 2.98, 1.85],
  tjk_131 = [0.90, 0.89, 4.46, 0.99, 0.96, 0.93, 2.28, 0.90, 1.17, 1.04, 0.96, 1.04, 1.07, 1.60, 1.17, 0.87, 3.33, 2.01, 0.98, 0.95, 1.06, 1.11, 1.03, 1.14, 3.33, 1.04, 1.22, 3.88, 4.03, 0.92, 0.85, 1.02, 1.08, 1.30, 2.72, 0.99, 1.14, 1.37, 2.66, 0.91, 1.01, 0.97, 4.54, 1.01, 0.83, 0.90, 0.96, 1.04, 1.17, 2.13],
  tjk_132 = [1.96, 2.34, 1.98, 2.00, 1.64, 2.66, 1.84, 4.65, 1.86, 1.93, 2.10, 4.59, 2.03, 3.73, 1.98, 1.74, 1.80, 1.69, 2.04, 4.48, 1.83, 2.16, 2.53, 2.11, 1.86, 2.20, 1.95, 2.08, 2.13, 2.08, 1.72, 1.99, 1.88, 4.57, 2.18, 1.97, 1.97, 2.13, 1.80, 1.61, 1.86, 1.89, 1.76, 1.10, 3.57, 1.29, 1.84, 3.95, 1.88, 5.00],
  tjk_133 = [3.90, 2.48, 2.95, 2.61, 3.08, 3.36, 3.59, 1.17, 4.33, 3.24, 3.40, 2.34, 2.39, 2.75, 2.91, 3.05, 1.86, 1.93, 3.44, 1.42, 1.18, 2.99, 2.95, 1.94, 3.13, 4.00, 2.85, 2.73, 4.50, 2.37, 3.19, 2.71, 4.88, 3.38, 2.78, 2.81, 2.96, 1.49, 3.54, 3.09, 1.28, 2.46, 2.75, 2.82, 2.73, 3.35, 3.41, 2.62, 2.64, 3.33],
  tjk_134 = [3.06, 3.06, 3.74, 3.05, 3.14, 2.82, 4.36, 2.23, 3.13, 3.02, 3.08, 2.91, 3.22, 2.43, 3.07, 2.74, 3.02, 3.26, 2.66, 4.68, 3.05, 2.44, 2.54, 2.88, 3.09, 2.26, 1.29, 3.18, 2.88, 3.79, 3.02, 2.68, 3.20, 2.76, 3.31, 2.48, 1.72, 1.38, 1.89, 2.35, 3.35, 2.57, 3.26, 2.74, 3.05, 3.17, 2.60, 2.91, 4.59, 4.33],
  tjk_135 = [2.75, 4.59, 4.32, 4.93, 2.56, 2.89, 3.60, 3.12, 1.59, 3.48, 1.74, 1.30, 2.67, 2.88, 3.38, 3.86, 2.68, 2.92, 3.29, 3.49, 2.55, 3.04, 2.24, 3.05, 3.03, 1.97, 2.30, 4.77, 2.77, 3.84, 2.64, 3.85, 2.94, 3.34, 2.90, 3.21, 2.89, 3.04, 3.06, 3.95, 3.47, 3.04, 2.93, 2.53, 1.32, 3.31, 2.07, 3.20, 2.90, 3.17],
  tjk_136 = [2.90, 3.12, 4.35, 2.70, 1.61, 2.61, 3.17, 3.39, 2.97, 4.29, 3.30, 3.12, 2.94, 3.00, 3.03, 2.65, 3.83, 2.68, 3.30, 4.80, 3.90, 3.47, 3.45, 2.84, 2.58, 2.56, 3.33, 3.48, 3.02, 3.03, 2.78, 3.06, 3.07, 2.51, 2.87, 2.74, 3.52, 2.36, 2.43, 2.39, 3.07, 3.15, 2.95, 2.79, 3.44, 2.84, 3.23, 3.07, 4.31, 3.02],
  tjk_137 = [4.38, 3.81, 5.45, 5.52, 5.01, 4.07, 1.13, 4.08, 4.31, 2.07, 4.58, 4.10, 5.03, 2.11, 4.19, 3.15, 4.14, 3.41, 5.18, 4.19, 3.06, 5.02, 4.18, 5.32, 2.76, 4.23, 3.41, 4.30, 5.40, 2.47, 5.29, 1.17, 4.36, 1.68, 4.87, 5.28, 4.92, 4.93, 4.68, 5.31, 6.02, 4.65, 4.82, 4.49, 2.89, 4.77, 5.11, 4.70, 1.91, 5.88],
  tjk_138 = [3.90, 3.47, 4.12, 3.93, 3.12, 1.94, 4.61, 3.60, 3.81, 3.84, 3.67, 3.46, 3.39, 3.62, 3.97, 3.85, 4.54, 3.89, 3.97, 4.01, 2.39, 4.43, 1.90, 3.27, 4.31, 3.20, 3.50, 3.87, 3.63, 3.81, 3.87, 3.99, 4.13, 3.63, 1.89, 3.47, 2.66, 4.00, 3.84, 3.86, 3.07, 3.89, 4.48, 3.89, 3.89, 3.89, 2.63, 4.22, 2.15, 3.99],
  tjk_139 = [2.91, 2.83, 1.72, 3.45, 3.17, 3.13, 4.18, 4.76, 1.55, 2.01, 3.27, 3.02, 3.60, 3.32, 3.45, 3.29, 3.11, 3.51, 1.76, 2.97, 3.39, 2.46, 2.98, 3.33, 2.41, 2.93, 2.72, 3.45, 2.87, 3.36, 4.36, 3.23, 1.21, 3.24, 2.57, 2.75, 3.39, 2.63, 3.13, 3.22, 2.92, 2.22, 1.65, 3.17, 3.39, 3.35, 2.81, 3.05, 2.96, 2.85],
  tjk_1310 = [4.79, 4.65, 4.86, 5.16, 1.57, 5.38, 4.78, 4.76, 4.22, 5.77, 5.26, 4.97, 4.76, 3.01, 3.17, 4.76, 4.75, 1.91, 2.68, 5.25, 2.73, 3.09, 1.94, 5.14, 4.74, 3.89, 5.48, 5.50, 4.32, 4.56, 5.26, 4.42, 2.49, 5.16, 3.36, 4.88, 3.21, 5.40, 2.30, 4.96, 1.71, 2.19, 5.15, 4.57, 1.24, 5.50, 5.10, 1.60, 4.44, 4.85],
  tjk_1311 = [4.21, 5.18, 4.94, 4.94, 5.15, 4.61, 4.88, 5.19, 1.49, 4.78, 5.13, 5.58, 4.18, 4.65, 4.71, 3.54, 4.52, 1.44, 5.04, 1.98, 5.54, 4.36, 4.35, 5.34, 5.06, 3.97, 5.65, 5.19, 5.76, 5.44, 6.05, 1.23, 4.90, 5.03, 4.96, 5.17, 5.17, 4.42, 4.99, 5.12, 5.38, 4.90, 5.96, 3.67, 5.46, 4.75, 4.62, 5.41, 1.07, 4.75],
  tjk_1312 = [3.83, 1.68, 4.30, 2.08, 1.89, 4.01, 1.95, 3.91, 4.29, 1.27, 4.08, 3.99, 3.54, 2.43, 1.95, 1.82, 1.77, 1.77, 1.90, 3.34, 1.40, 4.81, 1.91, 2.18, 4.59, 2.13, 3.22, 2.39, 1.80, 1.86, 4.87, 1.67, 1.93, 2.96, 1.71, 2.06, 2.15, 2.95, 1.94, 1.55, 2.61, 1.64, 2.91, 3.06, 1.72, 4.76, 2.04, 1.88, 2.44, 3.95],
  tjk_1313 = [5.01, 3.69, 4.50, 5.10, 5.30, 5.54, 4.00, 5.52, 4.64, 1.69, 5.51, 5.36, 4.31, 4.58, 4.35, 3.10, 6.41, 5.02, 5.74, 5.15, 5.39, 4.23, 3.60, 2.14, 1.07, 3.97, 4.63, 5.30, 3.00, 4.74, 4.12, 5.39, 5.44, 5.81, 5.52, 4.55, 2.64, 4.50, 4.86, 5.49, 4.92, 4.27, 5.46, 5.11, 4.45, 5.25, 4.92, 5.42, 1.21, 4.56],
  tjk_1314 = [0.96, 4.96, 0.89, 1.01, 0.85, 0.94, 3.58, 3.12, 0.93, 1.24, 2.60, 2.39, 1.10, 4.82, 2.30, 3.84, 1.18, 0.99, 0.91, 1.35, 4.81, 1.15, 1.03, 4.77, 1.90, 1.06, 2.99, 1.16, 3.67, 2.14, 0.96, 4.58, 3.17, 1.03, 1.14, 1.03, 3.76, 1.13, 1.06, 0.87, 0.96, 1.64, 4.96, 0.98, 1.05, 4.73, 1.04, 0.89, 2.01, 5.00],
  tjk_1315 = [5.04, 2.83, 4.34, 4.70, 5.07, 5.08, 5.04, 1.96, 3.97, 5.93, 5.04, 4.76, 4.73, 5.38, 5.81, 3.80, 4.36, 5.10, 5.26, 4.26, 4.77, 5.05, 3.52, 5.34, 4.98, 2.30, 1.14, 2.26, 3.53, 3.66, 5.05, 2.81, 5.14, 3.27, 6.02, 3.99, 3.94, 3.63, 5.48, 4.95, 5.19, 4.69, 5.17, 5.21, 2.99, 4.47, 4.62, 4.75, 4.96, 5.02],
  tjk_1316 = [4.83, 4.65, 2.08, 3.84, 3.54, 3.94, 4.52, 3.59, 4.73, 4.24, 4.70, 4.41, 3.62, 3.79, 3.60, 3.86, 3.73, 4.41, 3.88, 4.40, 4.43, 4.29, 4.12, 4.29, 4.30, 3.30, 3.20, 3.58, 4.33, 4.52, 4.36, 3.51, 1.08, 4.41, 4.48, 4.18, 2.51, 4.61, 3.19, 4.57, 3.24, 1.25, 3.78, 4.35, 3.57, 4.05, 4.91, 3.93, 3.62, 4.05],
  tjk_1317 = [4.60, 5.05, 4.54, 4.48, 1.32, 5.07, 5.23, 4.22, 5.12, 1.18, 4.51, 4.42, 4.21, 5.44, 4.01, 4.34, 5.82, 5.18, 2.91, 4.44, 2.47, 4.76, 1.60, 5.74, 2.76, 5.08, 4.66, 3.94, 5.19, 4.84, 5.27, 3.34, 5.36, 3.77, 5.71, 4.16, 4.54, 4.49, 2.13, 4.41, 5.47, 3.37, 5.43, 4.90, 4.17, 5.57, 5.28, 5.54, 2.66, 5.55],
  tjk_1318 = [1.92, 4.32, 1.95, 3.40, 2.26, 1.90, 4.08, 1.05, 1.57, 2.18, 1.63, 1.99, 4.77, 2.38, 1.95, 2.05, 1.94, 4.89, 2.42, 4.02, 2.00, 1.59, 1.87, 4.64, 2.14, 3.96, 1.87, 2.07, 1.24, 1.12, 2.05, 1.67, 3.63, 3.49, 1.99, 1.96, 1.82, 2.16, 4.51, 1.50, 1.85, 2.02, 1.98, 4.31, 1.93, 1.93, 2.13, 1.77, 2.07, 4.58],
  tjk_1319 = [3.60, 1.87, 2.27, 2.02, 1.88, 3.69, 2.12, 3.02, 2.35, 2.05, 1.69, 3.76, 2.32, 4.59, 2.13, 1.95, 2.06, 1.59, 1.70, 1.47, 4.49, 2.11, 2.08, 4.32, 1.03, 2.24, 2.95, 2.28, 2.21, 2.48, 2.06, 4.67, 1.95, 1.58, 2.10, 1.82, 2.20, 1.08, 2.41, 2.23, 1.82, 2.77, 2.07, 1.97, 1.90, 1.87, 2.09, 1.89, 1.90, 2.02],
  tjk_1320 = [2.94, 1.75, 2.32, 5.65, 4.83, 2.41, 4.81, 4.99, 3.52, 5.05, 2.85, 2.51, 2.42, 4.65, 4.02, 2.41, 4.66, 5.50, 5.45, 5.80, 2.29, 4.16, 5.48, 5.08, 5.66, 4.14, 1.23, 4.76, 5.30, 1.54, 5.41, 4.56, 5.03, 5.90, 5.77, 4.87, 5.20, 2.03, 5.18, 4.85, 5.69, 5.19, 5.72, 4.89, 3.84, 3.06, 4.42, 4.93, 5.19, 5.24],
  tjk_141 = [3.62, 4.16, 3.78, 4.50, 2.33, 3.76, 4.07, 3.77, 4.04, 4.45, 4.24, 4.42, 4.03, 3.92, 3.81, 3.64, 4.28, 4.10, 3.57, 4.33, 4.19, 4.86, 5.01, 5.04, 2.01, 3.05, 3.83, 3.54, 4.21, 3.48, 4.16, 3.88, 4.25, 1.33, 3.65, 1.23, 4.60, 3.49, 3.49, 4.44, 4.20, 3.83, 4.65, 4.27, 1.36, 3.47, 3.59, 4.10, 3.97, 4.50],
  tjk_142 = [4.71, 3.91, 3.51, 3.92, 3.90, 1.07, 4.05, 3.97, 4.04, 1.69, 4.35, 4.45, 3.06, 3.41, 1.65, 4.60, 3.34, 4.03, 3.80, 2.20, 4.35, 4.03, 4.30, 4.23, 3.21, 1.15, 4.26, 4.92, 4.43, 3.77, 4.07, 4.74, 4.91, 4.15, 1.96, 3.82, 4.68, 4.29, 4.39, 2.28, 3.74, 3.56, 4.15, 4.24, 3.16, 4.41, 4.62, 3.80, 4.35, 2.37],
  tjk_143 = [1.93, 4.62, 1.75, 1.78, 1.91, 1.93, 1.12, 2.06, 2.01, 1.70, 1.65, 1.72, 2.00, 2.26, 2.33, 2.01, 1.06, 1.84, 1.89, 4.94, 1.79, 1.94, 1.69, 1.97, 2.30, 2.12, 1.56, 1.62, 1.78, 1.83, 2.50, 2.03, 2.18, 1.72, 2.07, 1.93, 2.08, 1.80, 1.89, 4.30, 2.17, 1.89, 2.57, 1.98, 1.84, 4.27, 2.30, 2.20, 1.48, 1.64],
  tjk_144 = [4.71, 3.62, 4.87, 1.95, 3.59, 1.32, 3.94, 4.82, 4.17, 2.79, 3.72, 4.47, 4.06, 1.82, 3.77, 1.83, 3.82, 3.77, 1.09, 2.97, 3.72, 4.37, 3.68, 3.43, 4.11, 4.24, 4.31, 3.45, 4.22, 5.08, 2.61, 2.99, 3.35, 3.83, 2.02, 4.58, 3.65, 4.20, 3.74, 4.17, 4.45, 4.72, 3.85, 3.21, 4.05, 3.76, 1.94, 4.60, 4.81, 3.68],
  tjk_145 = [4.95, 5.58, 4.36, 4.48, 6.23, 1.91, 2.35, 5.55, 5.59, 5.25, 5.26, 5.36, 5.63, 5.07, 5.33, 5.49, 3.81, 4.34, 5.10, 1.40, 2.22, 4.74, 5.71, 1.32, 4.82, 3.02, 1.80, 4.78, 1.20, 2.50, 5.22, 4.95, 5.22, 5.90, 4.70, 4.54, 4.82, 4.77, 4.77, 4.77, 2.35, 4.30, 5.54, 5.37, 5.01, 2.59, 5.65, 3.41, 4.43, 1.58],
  tjk_146 = [1.07, 0.91, 2.81, 1.02, 2.68, 1.03, 0.97, 0.85, 2.64, 1.00, 1.15, 1.01, 1.10, 1.09, 0.97, 1.13, 1.04, 0.84, 1.45, 0.92, 1.03, 1.09, 1.19, 1.77, 1.15, 0.92, 0.91, 2.96, 1.12, 1.26, 1.78, 1.06, 1.00, 0.93, 1.04, 0.90, 1.16, 1.02, 2.38, 1.01, 3.98, 3.67, 1.04, 1.17, 0.83, 1.07, 1.01, 0.95, 1.15, 0.94],
  tjk_147 = [1.79, 4.91, 2.24, 1.95, 1.52, 4.39, 2.21, 2.39, 2.08, 2.34, 2.00, 1.93, 1.87, 4.83, 1.00, 1.94, 3.76, 2.10, 3.84, 1.73, 1.91, 2.03, 4.97, 3.61, 1.94, 1.71, 2.13, 2.16, 1.72, 2.30, 1.40, 1.82, 1.87, 1.98, 3.97, 3.13, 4.53, 1.61, 2.00, 2.04, 2.24, 2.10, 1.02, 1.94, 1.58, 1.89, 2.30, 2.07, 2.14, 2.06],
  tjk_148 = [3.02, 4.90, 3.89, 3.60, 3.90, 3.86, 4.00, 3.97, 3.59, 2.80, 3.44, 4.23, 3.87, 4.23, 3.94, 4.40, 4.02, 3.30, 1.99, 4.78, 2.47, 2.22, 4.02, 4.36, 4.10, 3.39, 3.94, 4.12, 3.83, 1.12, 3.88, 3.70, 3.81, 3.23, 4.08, 4.87, 3.78, 4.35, 4.31, 4.17, 4.31, 3.63, 4.88, 4.24, 1.33, 4.07, 4.16, 4.19, 4.07, 3.95],
  tjk_149 = [1.88, 2.14, 2.18, 4.75, 2.23, 2.71, 4.38, 2.21, 4.74, 1.72, 2.13, 1.98, 1.96, 2.57, 3.86, 2.25, 2.18, 1.78, 2.18, 2.36, 1.70, 4.56, 2.16, 2.01, 3.41, 1.74, 2.31, 1.87, 2.82, 2.20, 2.08, 2.41, 2.02, 2.35, 2.16, 1.95, 1.84, 2.07, 2.29, 4.14, 2.03, 2.05, 1.97, 2.11, 2.10, 1.74, 2.22, 1.97, 1.95, 1.88],
  tjk_1410 = [4.37, 3.20, 3.83, 3.32, 2.80, 3.26, 1.54, 3.25, 3.13, 3.45, 3.48, 2.75, 2.18, 1.48, 2.95, 3.67, 4.31, 3.10, 3.31, 3.05, 2.26, 2.27, 2.87, 2.22, 3.26, 1.13, 2.90, 2.77, 3.63, 3.14, 3.83, 4.61, 3.10, 3.95, 2.79, 2.64, 2.31, 2.04, 2.61, 4.92, 2.89, 3.02, 3.15, 3.43, 2.99, 3.05, 3.09, 3.26, 3.53, 1.04],
  tjk_1411 = [4.38, 2.69, 4.75, 4.31, 4.76, 2.62, 5.29, 5.89, 1.18, 5.74, 5.52, 2.75, 3.77, 4.03, 4.92, 4.64, 5.28, 3.01, 4.89, 3.46, 6.22, 4.49, 5.35, 5.79, 1.25, 4.90, 3.67, 4.58, 5.40, 2.52, 4.94, 3.84, 3.82, 3.85, 4.96, 5.03, 4.88, 4.37, 5.50, 5.76, 2.14, 4.93, 4.55, 4.89, 5.60, 1.69, 2.76, 4.79, 5.47, 3.03],
  tjk_1412 = [5.21, 5.61, 3.41, 5.12, 4.59, 3.60, 5.64, 4.66, 4.36, 5.17, 6.01, 4.60, 5.63, 5.54, 5.38, 2.49, 4.91, 4.58, 5.25, 4.78, 6.44, 3.56, 4.68, 1.27, 3.67, 5.70, 5.11, 5.11, 5.87, 4.57, 5.80, 4.91, 4.36, 4.82, 5.60, 2.58, 2.92, 6.44, 2.76, 5.10, 5.60, 5.25, 5.21, 4.61, 4.12, 4.97, 3.53, 4.58, 4.15, 5.06],
  tjk_1413 = [0.98, 0.81, 0.99, 0.90, 0.90, 0.97, 1.07, 1.04, 0.93, 2.24, 0.97, 0.86, 0.98, 3.41, 2.58, 0.87, 1.05, 1.14, 4.17, 0.80, 3.33, 1.02, 1.02, 3.72, 0.94, 1.43, 1.12, 1.06, 1.15, 0.81, 4.59, 1.21, 1.16, 1.54, 1.10, 1.04, 1.45, 0.86, 1.02, 1.19, 0.85, 0.90, 0.92, 4.62, 1.03, 1.57, 2.12, 0.88, 0.98, 1.04],
  tjk_1414 = [1.13, 4.26, 1.05, 3.28, 4.65, 1.05, 0.94, 1.00, 1.06, 0.99, 1.07, 0.99, 0.96, 4.37, 1.11, 0.96, 0.98, 1.08, 1.16, 1.10, 0.92, 1.04, 0.96, 1.31, 2.48, 3.61, 0.84, 2.98, 0.86, 1.07, 0.98, 3.59, 0.95, 0.96, 0.99, 2.00, 1.17, 4.79, 0.80, 4.53, 4.27, 3.85, 1.03, 0.94, 1.00, 0.99, 1.58, 0.86, 0.94, 0.90],
  tjk_1415 = [3.46, 4.52, 4.45, 4.77, 3.63, 3.16, 4.59, 5.22, 5.15, 4.84, 4.95, 4.45, 1.33, 4.62, 4.50, 4.20, 1.50, 5.36, 5.14, 3.80, 4.42, 4.56, 2.80, 5.33, 4.32, 4.71, 5.10, 4.85, 5.49, 5.95, 2.76, 4.87, 2.65, 4.99, 3.92, 4.83, 1.31, 1.03, 5.67, 1.16, 5.34, 4.38, 4.01, 5.48, 5.40, 5.26, 5.47, 4.77, 4.83, 4.88],
  tjk_1416 = [2.04, 1.99, 2.83, 1.81, 4.99, 1.86, 1.84, 2.16, 1.62, 2.40, 2.04, 1.84, 3.79, 2.44, 2.72, 2.38, 2.00, 2.11, 2.10, 4.72, 2.33, 2.07, 2.03, 3.55, 1.48, 1.84, 2.25, 1.80, 1.89, 1.90, 2.46, 1.91, 1.34, 1.47, 1.72, 2.30, 2.05, 2.24, 2.34, 2.11, 1.89, 2.50, 1.63, 2.08, 2.68, 2.06, 3.37, 2.20, 1.90, 2.08],
  tjk_1417 = [3.95, 2.77, 3.17, 4.78, 2.84, 3.07, 1.60, 4.96, 1.79, 3.24, 3.70, 1.00, 2.42, 4.58, 2.22, 3.09, 2.27, 1.70, 3.03, 4.88, 3.49, 3.10, 3.07, 3.00, 2.84, 2.67, 2.89, 3.13, 2.60, 2.99, 2.14, 3.50, 2.93, 1.69, 3.72, 3.35, 4.92, 3.13, 4.06, 2.54, 3.54, 2.98, 2.61, 4.12, 2.67, 3.64, 3.30, 2.91, 3.60, 2.06],
  tjk_1418 = [4.18, 4.45, 3.77, 1.35, 3.26, 4.05, 3.49, 3.89, 3.74, 2.36, 3.76, 3.41, 4.13, 1.77, 3.86, 1.06, 3.67, 3.37, 3.81, 1.45, 4.14, 2.11, 4.06, 3.89, 3.78, 4.09, 3.55, 3.66, 3.37, 4.05, 4.03, 4.45, 3.93, 3.54, 3.91, 4.42, 2.91, 4.36, 4.33, 2.36, 4.05, 4.34, 4.32, 3.81, 1.22, 4.97, 2.06, 2.96, 3.74, 2.37],
  tjk_1419 = [2.13, 2.10, 4.12, 2.17, 1.96, 1.90, 2.25, 1.76, 2.42, 2.19, 2.24, 3.97, 1.84, 2.10, 2.00, 3.05, 1.22, 3.91, 3.01, 2.06, 4.07, 4.62, 2.10, 2.29, 3.43, 1.68, 2.14, 1.11, 1.68, 1.87, 2.89, 1.83, 4.89, 2.57, 1.94, 1.90, 2.53, 2.02, 3.68, 2.02, 1.94, 2.20, 1.71, 1.93, 1.87, 2.02, 2.11, 4.77, 1.83, 2.08],
  tjk_1420 = [4.59, 5.53, 4.95, 4.69, 3.37, 3.55, 5.00, 4.91, 3.18, 4.10, 4.91, 4.85, 3.32, 4.88, 5.49, 4.21, 1.97, 5.06, 4.48, 5.34, 1.26, 4.60, 3.46, 3.82, 4.46, 2.34, 4.33, 2.26, 4.75, 5.06, 5.60, 5.75, 4.12, 4.51, 5.08, 2.71, 4.99, 5.44, 1.16, 5.13, 4.75, 4.54, 4.37, 4.14, 1.62, 4.04, 4.78, 4.95, 1.13, 4.70],
  tjk_151 = [4.69, 5.66, 5.08, 2.22, 4.53, 4.69, 6.05, 2.16, 5.72, 4.88, 2.86, 5.42, 4.84, 4.46, 5.27, 5.39, 2.07, 1.77, 4.88, 1.42, 4.71, 4.05, 4.63, 4.00, 5.05, 4.69, 5.16, 3.99, 5.75, 5.04, 5.76, 1.08, 4.81, 1.48, 1.72, 2.97, 4.65, 2.47, 5.26, 3.24, 4.67, 5.11, 5.26, 5.47, 1.60, 3.30, 3.61, 4.43, 3.74, 4.28],
  tjk_152 = [2.63, 4.52, 3.75, 1.82, 4.22, 2.28, 3.96, 2.13, 4.09, 3.48, 4.10, 4.00, 2.16, 4.62, 4.45, 4.41, 1.23, 3.91, 3.81, 4.61, 3.63, 4.87, 4.00, 3.60, 3.98, 3.48, 2.30, 2.55, 4.30, 2.50, 3.93, 2.14, 3.97, 4.02, 4.17, 4.31, 3.23, 3.89, 4.16, 4.88, 4.38, 2.70, 4.26, 3.71, 4.32, 4.18, 1.17, 4.71, 4.14, 1.69],
  tjk_153 = [4.00, 3.48, 2.87, 0.91, 2.33, 1.03, 1.00, 0.90, 1.24, 3.04, 4.11, 0.86, 2.93, 1.03, 1.18, 3.91, 4.83, 0.99, 1.10, 0.85, 1.38, 1.03, 0.94, 1.90, 1.46, 1.08, 4.54, 1.48, 4.49, 0.93, 4.53, 0.69, 0.98, 1.05, 1.01, 1.18, 1.24, 0.91, 4.91, 2.02, 1.05, 0.98, 1.09, 1.94, 1.03, 3.53, 2.88, 0.95, 1.11, 1.01],
  tjk_154 = [3.12, 2.80, 2.88, 3.35, 1.44, 2.94, 3.25, 1.39, 2.76, 3.09, 3.07, 2.52, 3.53, 3.00, 3.16, 3.13, 2.89, 2.94, 3.00, 3.41, 2.91, 4.61, 2.27, 2.63, 3.25, 2.69, 3.11, 2.54, 2.92, 2.88, 3.09, 1.51, 3.34, 2.75, 2.92, 2.57, 1.94, 2.84, 4.47, 1.63, 3.21, 3.25, 3.11, 3.69, 1.51, 4.97, 2.96, 3.19, 3.02, 1.02],
  tjk_155 = [4.00, 2.61, 3.61, 1.99, 4.95, 2.86, 1.77, 1.96, 3.00, 2.05, 2.35, 2.21, 2.07, 2.07, 2.52, 1.81, 2.00, 1.95, 1.90, 1.88, 1.91, 3.58, 3.55, 1.25, 2.09, 2.13, 1.70, 1.89, 2.41, 2.08, 1.87, 1.82, 1.91, 1.03, 2.04, 1.75, 1.93, 1.96, 1.94, 4.68, 2.14, 1.93, 2.24, 2.53, 1.14, 2.54, 2.21, 2.05, 3.48, 2.15],
  tjk_156 = [4.46, 4.94, 3.27, 4.17, 3.73, 5.04, 5.22, 5.93, 1.52, 4.82, 4.47, 4.71, 4.54, 6.16, 4.98, 5.98, 5.63, 2.40, 4.44, 4.62, 4.82, 2.41, 4.70, 4.25, 4.16, 4.32, 4.73, 4.80, 5.08, 5.23, 5.25, 5.26, 1.03, 4.78, 5.21, 4.61, 4.95, 4.75, 5.35, 4.47, 5.06, 4.76, 5.27, 3.98, 5.49, 2.89, 5.00, 4.27, 4.63, 5.34],
  tjk_157 = [2.12, 1.66, 1.74, 2.21, 1.99, 2.06, 2.07, 2.18, 2.66, 2.03, 1.64, 3.18, 2.35, 1.87, 2.68, 2.24, 1.65, 1.92, 1.89, 2.20, 3.75, 2.30, 1.84, 1.91, 2.36, 2.00, 2.27, 1.83, 4.07, 1.91, 1.14, 1.77, 1.82, 2.00, 1.35, 3.51, 2.13, 1.12, 2.94, 1.66, 4.63, 2.09, 2.18, 3.30, 2.28, 1.99, 1.87, 2.14, 3.19, 1.72],
  tjk_158 = [3.05, 3.52, 3.26, 3.10, 2.68, 2.91, 1.17, 1.05, 3.00, 2.89, 1.39, 2.58, 2.81, 4.49, 4.65, 2.81, 2.44, 3.01, 3.27, 3.34, 3.65, 2.94, 2.61, 3.56, 2.90, 2.56, 2.38, 2.89, 3.23, 3.24, 3.09, 2.85, 2.97, 3.28, 1.86, 3.28, 4.60, 2.81, 1.22, 2.88, 3.73, 2.63, 3.62, 2.57, 3.53, 3.16, 2.73, 1.70, 3.14, 2.56],
  tjk_159 = [3.52, 1.37, 4.04, 3.63, 4.19, 4.02, 4.10, 4.67, 3.07, 3.36, 4.83, 4.01, 4.49, 1.77, 4.03, 3.89, 3.64, 1.54, 3.87, 4.83, 4.39, 4.34, 3.98, 3.89, 3.09, 4.40, 2.67, 1.75, 4.42, 4.37, 3.80, 4.02, 4.45, 3.92, 4.86, 4.09, 2.64, 4.04, 3.65, 4.20, 1.47, 3.95, 3.42, 3.98, 4.18, 2.49, 3.69, 3.29, 3.16, 3.70],
  tjk_1510 = [3.08, 2.89, 3.10, 2.82, 3.31, 2.78, 3.47, 3.30, 3.07, 3.34, 3.15, 3.21, 2.90, 3.18, 3.25, 2.73, 2.84, 2.99, 1.32, 2.09, 3.08, 3.36, 2.87, 3.18, 2.78, 1.72, 3.28, 3.25, 2.63, 2.97, 2.78, 2.60, 3.03, 2.64, 3.29, 1.09, 3.25, 2.69, 2.69, 2.97, 3.24, 3.04, 1.02, 4.55, 1.01, 2.92, 3.26, 2.79, 3.06, 2.53],
  tjk_1511 = [4.97, 1.06, 5.03, 4.73, 5.49, 6.02, 4.74, 2.90, 2.76, 4.74, 3.15, 3.61, 4.92, 1.25, 4.62, 4.83, 4.88, 5.16, 5.53, 3.46, 4.53, 5.12, 4.92, 4.27, 4.89, 5.98, 4.75, 5.32, 5.00, 4.94, 5.92, 4.99, 5.53, 5.12, 4.93, 5.06, 4.41, 2.53, 5.03, 6.00, 3.53, 3.95, 5.15, 1.38, 4.13, 4.33, 2.45, 2.99, 4.72, 4.80],
  tjk_1512 = [4.19, 5.93, 4.57, 4.70, 5.56, 5.46, 5.35, 5.27, 5.06, 4.77, 5.18, 3.39, 4.78, 1.34, 3.80, 4.55, 3.84, 3.74, 3.14, 3.05, 4.47, 4.69, 5.07, 3.73, 4.90, 2.02, 4.43, 4.44, 4.92, 1.50, 4.84, 5.23, 4.77, 5.42, 5.14, 4.84, 3.09, 1.92, 4.67, 4.36, 4.58, 6.12, 4.91, 5.08, 5.59, 2.92, 1.38, 4.96, 4.47, 4.90],
  tjk_1513 = [3.65, 1.82, 2.92, 2.05, 2.45, 2.30, 2.02, 2.17, 2.82, 1.77, 3.72, 2.19, 2.12, 2.07, 1.64, 1.89, 1.85, 2.12, 2.41, 2.14, 4.97, 2.12, 1.32, 1.73, 1.63, 1.88, 1.89, 2.15, 2.05, 3.65, 2.20, 4.93, 2.36, 1.84, 1.78, 1.35, 3.77, 1.82, 2.06, 2.07, 1.97, 2.19, 3.40, 4.05, 1.86, 4.92, 1.97, 1.96, 1.69, 1.31],
  tjk_1514 = [5.07, 5.50, 4.72, 4.18, 2.19, 2.23, 4.26, 1.78, 5.02, 4.46, 4.20, 4.34, 5.46, 4.89, 3.16, 1.00, 3.67, 5.50, 1.92, 2.07, 3.88, 2.34, 3.76, 3.19, 5.28, 4.96, 5.92, 4.65, 4.63, 4.86, 4.50, 5.19, 4.81, 1.47, 4.19, 4.59, 2.94, 1.01, 3.19, 4.91, 4.43, 5.03, 1.44, 4.88, 2.45, 2.45, 5.13, 4.84, 4.94, 4.76],
  tjk_1515 = [0.86, 1.04, 0.94, 1.00, 0.92, 4.54, 1.55, 1.02, 0.94, 1.21, 1.02, 1.00, 0.96, 1.10, 0.98, 2.05, 0.98, 1.08, 1.16, 2.32, 0.95, 3.60, 1.29, 3.92, 0.83, 0.85, 0.91, 4.73, 0.87, 1.11, 3.62, 1.01, 1.09, 3.76, 2.68, 1.12, 0.93, 0.89, 1.14, 1.03, 2.46, 3.91, 0.93, 1.12, 0.94, 1.14, 1.12, 0.99, 0.99, 0.98],
  tjk_1516 = [1.88, 5.21, 3.32, 4.88, 1.08, 4.53, 4.85, 5.11, 4.31, 4.60, 4.19, 5.34, 4.64, 2.78, 4.00, 4.91, 1.23, 4.78, 5.40, 1.29, 4.91, 5.36, 4.85, 4.71, 5.06, 5.55, 5.57, 4.68, 5.94, 3.54, 5.12, 5.21, 1.41, 4.72, 5.00, 1.20, 1.70, 5.16, 4.94, 4.73, 4.30, 4.64, 5.17, 1.81, 4.31, 5.51, 2.65, 5.21, 5.50, 5.13],
  tjk_1517 = [1.69, 1.12, 2.96, 2.76, 2.53, 3.74, 2.82, 2.65, 3.30, 3.33, 2.73, 3.38, 1.16, 2.36, 3.81, 3.07, 2.72, 3.73, 3.01, 2.91, 3.52, 2.66, 2.23, 2.82, 2.87, 2.79, 2.82, 3.58, 4.64, 3.21, 3.03, 3.30, 3.64, 3.05, 2.77, 3.80, 3.37, 3.15, 3.51, 2.80, 2.94, 3.00, 3.26, 3.80, 3.57, 3.23, 2.89, 4.52, 2.85, 3.52],
  tjk_1518 = [2.63, 5.87, 5.45, 2.72, 4.89, 4.65, 4.84, 4.91, 4.70, 5.69, 5.30, 4.89, 3.34, 5.87, 4.96, 4.88, 2.39, 5.13, 5.12, 4.91, 5.79, 4.72, 4.27, 5.12, 4.24, 4.78, 1.07, 4.51, 4.29, 4.61, 4.32, 4.86, 4.77, 5.54, 1.66, 5.07, 3.60, 4.82, 4.02, 4.68, 5.48, 2.13, 4.56, 4.74, 4.34, 1.92, 5.19, 2.79, 4.18, 5.77],
  tjk_1519 = [3.75, 3.79, 3.91, 3.86, 3.41, 3.55, 3.91, 4.51, 3.96, 2.04, 2.60, 3.41, 2.05, 4.25, 4.39, 3.38, 4.14, 3.85, 4.43, 3.72, 4.19, 4.50, 3.76, 4.74, 3.24, 2.05, 3.46, 3.45, 1.85, 4.56, 3.31, 4.25, 2.45, 4.43, 3.76, 4.29, 4.15, 4.09, 4.45, 3.13, 4.21, 3.72, 3.90, 4.56, 2.23, 4.01, 2.50, 4.01, 3.96, 3.70],
  tjk_1520 = [5.14, 1.10, 4.22, 5.31, 4.45, 4.67, 5.34, 3.70, 5.72, 5.89, 4.67, 4.93, 5.10, 4.11, 4.61, 5.21, 4.63, 4.33, 4.89, 4.74, 5.30, 3.79, 5.10, 3.47, 5.58, 4.60, 5.24, 5.68, 4.45, 5.19, 4.96, 3.16, 4.80, 4.70, 1.21, 4.97, 1.61, 5.78, 4.84, 2.56, 4.41, 5.19, 4.31, 4.56, 4.72, 2.86, 5.73, 2.69, 4.55, 5.23],
  tjk_161 = [2.20, 4.25, 4.71, 4.10, 2.77, 3.81, 3.40, 4.99, 6.45, 4.69, 5.30, 5.25, 5.27, 5.53, 4.43, 4.58, 2.11, 4.63, 5.30, 5.30, 4.64, 5.51, 5.02, 3.06, 4.77, 4.13, 5.27, 4.09, 2.32, 5.25, 2.24, 5.15, 1.74, 5.12, 5.17, 4.59, 4.94, 5.28, 5.58, 5.48, 4.22, 4.51, 5.11, 5.73, 4.58, 2.59, 5.39, 4.58, 5.68, 2.19],
  tjk_162 = [4.15, 3.42, 3.80, 4.62, 4.78, 1.78, 1.77, 4.30, 3.50, 3.43, 3.97, 2.62, 3.69, 3.42, 1.96, 4.23, 4.07, 3.90, 4.00, 3.51, 1.99, 2.13, 3.93, 4.79, 4.14, 4.21, 3.74, 4.66, 4.45, 3.64, 4.15, 3.78, 3.63, 3.34, 3.83, 4.07, 4.71, 3.91, 3.85, 4.01, 3.63, 4.81, 3.91, 1.76, 3.88, 3.94, 2.40, 4.75, 3.25, 3.87],
  tjk_163 = [3.17, 3.06, 2.53, 4.06, 3.14, 3.12, 3.20, 2.62, 2.26, 2.88, 4.57, 2.74, 3.35, 3.53, 3.61, 2.87, 3.19, 2.82, 3.48, 3.09, 2.68, 2.80, 2.77, 2.90, 3.24, 3.09, 1.09, 2.34, 2.91, 2.94, 3.02, 3.06, 3.31, 2.80, 3.20, 2.88, 2.14, 1.03, 4.87, 2.88, 2.36, 4.29, 1.74, 1.19, 4.34, 2.80, 4.59, 2.26, 3.45, 1.87],
  tjk_164 = [5.91, 2.23, 5.18, 2.84, 4.39, 3.94, 4.38, 1.52, 5.79, 5.23, 4.79, 5.19, 4.51, 1.59, 5.47, 4.95, 5.75, 4.67, 3.70, 4.86, 3.94, 4.92, 4.50, 5.42, 3.89, 4.68, 5.64, 5.57, 2.21, 5.94, 1.04, 4.17, 2.33, 3.93, 5.29, 5.01, 5.35, 4.46, 5.03, 4.57, 5.23, 4.18, 6.23, 5.00, 4.71, 4.16, 5.37, 4.66, 4.25, 2.90],
  tjk_165 = [0.95, 0.95, 0.94, 4.49, 1.23, 1.09, 3.06, 1.02, 0.92, 1.02, 0.88, 0.96, 1.02, 4.89, 1.01, 0.95, 1.06, 3.68, 1.19, 0.97, 1.06, 0.96, 1.06, 0.97, 2.91, 2.68, 2.97, 1.19, 1.10, 4.10, 1.03, 0.95, 1.06, 1.02, 4.11, 1.36, 0.97, 0.84, 0.95, 3.62, 2.83, 0.97, 1.04, 0.86, 2.07, 2.80, 0.95, 0.88, 1.88, 4.06],
  tjk_166 = [0.99, 2.55, 4.51, 0.79, 1.04, 2.63, 1.04, 0.95, 3.67, 0.95, 0.98, 1.02, 0.93, 1.13, 1.90, 0.92, 1.65, 1.01, 3.12, 1.07, 0.85, 3.25, 1.04, 1.16, 1.05, 0.84, 1.95, 1.10, 1.06, 0.90, 0.96, 1.20, 2.04, 4.61, 1.20, 0.96, 1.01, 1.03, 3.46, 1.06, 2.56, 3.30, 0.98, 2.33, 1.10, 3.90, 4.98, 4.54, 1.02, 1.16],
  tjk_167 = [4.38, 2.91, 2.98, 4.96, 2.97, 2.79, 3.02, 2.96, 2.94, 2.34, 2.75, 2.52, 2.78, 3.01, 2.84, 1.34, 3.69, 3.02, 3.07, 2.98, 3.34, 3.57, 2.76, 2.69, 3.02, 2.77, 3.12, 3.13, 3.72, 1.53, 2.32, 3.32, 4.47, 3.22, 2.82, 2.30, 3.18, 2.20, 4.80, 1.53, 4.46, 4.53, 2.25, 3.13, 3.20, 3.41, 3.13, 2.65, 3.07, 3.04],
  tjk_168 = [4.31, 2.86, 3.35, 3.86, 3.42, 3.24, 2.70, 2.60, 2.89, 3.32, 3.06, 4.59, 3.07, 2.39, 2.32, 3.20, 2.68, 3.09, 2.49, 2.68, 3.16, 4.70, 4.96, 3.04, 2.96, 3.19, 2.97, 3.07, 3.04, 3.02, 4.20, 4.35, 3.37, 2.91, 2.95, 1.18, 2.36, 2.41, 3.27, 1.38, 3.25, 3.11, 4.66, 2.99, 3.54, 2.66, 4.24, 2.86, 3.57, 2.81],
  tjk_169 = [1.92, 1.85, 1.76, 2.15, 3.12, 2.18, 3.19, 1.76, 1.98, 1.89, 1.81, 2.44, 1.96, 2.33, 2.35, 2.09, 1.46, 1.69, 1.90, 2.20, 4.69, 1.78, 1.85, 1.84, 4.06, 2.18, 1.95, 4.22, 2.20, 2.12, 1.48, 1.66, 3.65, 1.58, 3.98, 1.37, 1.94, 1.66, 3.77, 3.92, 1.82, 2.03, 1.82, 4.26, 2.12, 1.95, 1.87, 1.97, 2.12, 1.85],
  tjk_1610 = [1.01, 4.00, 2.59, 2.16, 0.93, 0.95, 4.49, 1.11, 3.04, 1.00, 1.07, 0.92, 4.86, 1.02, 1.68, 0.97, 0.97, 1.15, 1.01, 0.98, 0.97, 1.62, 0.96, 0.87, 1.81, 1.82, 4.17, 0.99, 0.88, 2.31, 0.90, 3.15, 1.07, 1.06, 1.12, 3.81, 1.21, 1.07, 1.10, 3.02, 3.79, 1.02, 1.05, 0.84, 1.07, 4.55, 1.04, 0.94, 1.02, 1.03],
  tjk_1611 = [3.18, 4.28, 3.94, 2.70, 4.38, 3.65, 1.58, 1.50, 3.81, 4.26, 4.10, 4.32, 2.31, 2.48, 4.42, 3.72, 4.05, 3.70, 4.66, 3.98, 4.35, 3.32, 3.63, 4.76, 3.63, 3.47, 4.38, 4.24, 3.22, 3.45, 4.21, 4.01, 1.07, 3.14, 3.70, 1.77, 3.39, 4.44, 4.03, 4.08, 4.05, 1.69, 2.55, 1.27, 3.47, 3.76, 4.45, 4.14, 4.25, 4.32],
  tjk_1612 = [4.95, 4.57, 4.79, 4.07, 5.20, 4.82, 4.74, 4.21, 5.05, 5.86, 4.91, 4.85, 4.74, 4.79, 2.19, 4.38, 1.66, 1.32, 4.88, 5.35, 5.51, 5.09, 4.99, 2.99, 3.22, 4.79, 3.68, 5.18, 5.44, 2.48, 5.11, 4.68, 5.76, 5.22, 4.37, 1.38, 4.95, 5.84, 3.84, 4.07, 3.73, 4.58, 1.94, 5.00, 3.68, 4.89, 5.60, 2.78, 3.81, 4.87],
  tjk_1613 = [2.17, 2.21, 2.24, 2.23, 2.00, 4.62, 2.09, 2.05, 1.70, 1.93, 4.79, 2.18, 4.95, 2.23, 2.17, 3.95, 1.80, 2.07, 1.98, 1.96, 2.24, 2.04, 2.36, 2.01, 2.06, 3.98, 4.34, 3.09, 2.02, 2.17, 1.81, 2.34, 1.86, 4.06, 1.74, 2.69, 2.12, 1.85, 2.04, 3.26, 3.12, 2.02, 2.91, 2.29, 2.80, 1.85, 2.17, 2.08, 4.33, 3.28],
  tjk_1614 = [4.75, 5.16, 3.45, 5.56, 5.36, 4.86, 5.63, 4.92, 1.73, 3.31, 4.72, 4.69, 1.73, 5.83, 4.97, 1.73, 4.71, 1.78, 4.70, 4.73, 4.61, 5.69, 3.56, 4.53, 4.74, 4.92, 5.06, 5.22, 4.27, 4.60, 5.18, 4.99, 5.70, 6.23, 4.84, 5.77, 4.02, 4.38, 5.52, 5.31, 5.21, 4.76, 3.54, 5.08, 3.84, 4.21, 4.95, 5.31, 4.28, 4.46],
  tjk_1615 = [1.10, 4.38, 1.61, 2.20, 1.02, 0.92, 0.90, 4.04, 1.86, 0.97, 4.35, 1.92, 0.98, 0.96, 1.23, 1.04, 3.29, 0.75, 0.95, 3.86, 3.10, 0.78, 1.25, 1.06, 4.99, 0.84, 1.02, 1.00, 4.69, 1.09, 1.14, 0.95, 1.04, 4.72, 2.94, 4.49, 3.30, 1.10, 4.05, 2.61, 0.99, 1.02, 1.08, 1.01, 0.98, 1.02, 1.00, 1.06, 0.89, 1.07],
  tjk_1616 = [0.99, 0.95, 3.40, 1.06, 3.87, 1.01, 1.02, 1.02, 3.91, 1.02, 1.18, 1.18, 0.91, 1.02, 1.03, 1.33, 2.09, 3.53, 1.08, 2.20, 3.29, 1.35, 2.49, 1.03, 0.91, 0.90, 1.13, 3.41, 2.24, 1.14, 0.96, 3.09, 1.13, 0.99, 3.01, 3.15, 0.81, 0.97, 1.06, 1.17, 1.34, 1.10, 1.08, 1.09, 0.96, 4.45, 0.92, 3.86, 0.91, 0.95],
  tjk_1617 = [2.68, 3.28, 2.18, 3.07, 3.19, 2.65, 1.36, 3.21, 3.44, 3.19, 3.15, 3.06, 3.08, 4.41, 2.70, 2.74, 2.73, 4.26, 3.22, 2.57, 3.06, 3.73, 2.97, 3.05, 2.68, 3.36, 2.91, 2.95, 3.11, 2.63, 3.07, 2.79, 2.49, 1.80, 1.32, 2.90, 3.85, 2.48, 4.15, 3.29, 3.85, 1.28, 4.20, 3.27, 3.30, 1.60, 3.34, 3.06, 4.85, 3.38],
  tjk_1618 = [4.64, 2.99, 4.51, 5.31, 4.61, 2.41, 3.81, 4.45, 1.14, 4.54, 1.39, 4.76, 2.47, 4.66, 4.87, 4.90, 4.10, 4.66, 1.39, 5.54, 1.25, 4.94, 5.40, 4.94, 3.94, 4.38, 5.04, 5.27, 5.60, 4.73, 5.71, 4.94, 4.87, 2.72, 5.07, 3.83, 5.98, 4.64, 3.36, 4.89, 4.49, 5.82, 4.56, 6.48, 5.02, 5.92, 5.31, 3.62, 3.80, 5.19],
  tjk_1619 = [0.94, 1.04, 2.59, 0.87, 0.99, 3.86, 1.27, 4.74, 1.05, 2.78, 1.00, 1.08, 3.63, 0.90, 1.03, 1.07, 2.56, 0.94, 1.06, 1.04, 1.19, 1.04, 0.98, 1.14, 1.40, 3.73, 0.87, 0.93, 3.32, 0.86, 0.89, 1.01, 1.05, 0.98, 0.95, 4.99, 1.00, 1.10, 0.87, 1.17, 1.73, 0.80, 0.94, 1.01, 0.96, 2.20, 1.20, 1.08, 4.37, 1.19],
  tjk_1620 = [3.54, 2.83, 2.55, 2.46, 3.47, 2.92, 2.93, 3.20, 3.22, 4.92, 4.07, 4.15, 2.91, 2.56, 3.52, 3.90, 1.58, 2.83, 2.69, 3.54, 2.57, 4.10, 2.74, 3.14, 3.54, 3.09, 3.53, 2.46, 1.01, 2.72, 2.18, 3.25, 4.42, 2.83, 4.85, 3.22, 3.13, 3.21, 2.33, 3.39, 3.19, 1.52, 3.05, 4.80, 2.53, 3.46, 2.81, 3.98, 2.96, 1.83],
  tjk_171 = [4.76, 3.76, 4.98, 4.93, 3.60, 3.17, 3.97, 2.15, 2.97, 4.39, 3.82, 3.41, 3.86, 3.46, 4.65, 3.29, 3.88, 4.11, 4.81, 4.38, 2.08, 3.65, 4.15, 1.94, 2.99, 3.30, 3.79, 3.25, 3.44, 4.04, 3.88, 1.68, 4.33, 4.15, 2.03, 4.07, 3.77, 2.89, 3.86, 1.29, 3.97, 4.67, 4.98, 3.77, 1.35, 2.22, 3.61, 4.58, 3.85, 4.02],
  tjk_172 = [2.12, 1.63, 1.92, 2.11, 1.73, 2.19, 3.61, 2.06, 1.80, 3.90, 1.73, 1.75, 1.49, 1.91, 2.08, 2.20, 2.22, 2.04, 1.63, 2.22, 2.05, 1.98, 2.10, 3.19, 1.79, 2.29, 1.90, 3.11, 1.87, 2.15, 1.90, 1.65, 2.08, 1.97, 1.82, 2.14, 1.94, 1.95, 2.17, 4.63, 1.58, 2.16, 1.51, 1.95, 1.85, 2.59, 1.61, 3.34, 1.93, 2.24],
  tjk_173 = [2.62, 0.88, 2.71, 1.02, 1.04, 1.16, 4.92, 0.99, 0.91, 3.81, 0.91, 1.07, 0.79, 1.02, 1.80, 1.04, 1.36, 1.15, 0.97, 0.98, 2.88, 1.00, 3.67, 4.01, 3.91, 1.11, 0.97, 1.22, 0.95, 1.16, 1.08, 0.75, 1.20, 1.18, 0.93, 1.00, 4.03, 4.71, 1.02, 0.81, 0.97, 0.91, 0.96, 0.94, 4.72, 0.86, 0.94, 3.90, 2.19, 4.86],
  tjk_174 = [2.05, 2.07, 2.65, 2.11, 2.03, 1.95, 4.93, 2.02, 1.80, 2.00, 1.81, 1.83, 2.40, 2.05, 1.64, 4.60, 2.11, 2.13, 2.20, 2.62, 4.79, 1.92, 2.44, 1.86, 2.10, 2.13, 1.69, 3.82, 2.18, 1.20, 1.81, 1.86, 3.06, 2.09, 3.81, 4.62, 2.70, 2.02, 3.47, 3.36, 3.23, 3.67, 2.25, 2.21, 1.90, 4.39, 2.18, 4.95, 2.29, 2.01],
  tjk_175 = [5.22, 6.21, 1.90, 5.21, 5.19, 1.26, 5.20, 5.46, 5.11, 4.95, 5.25, 2.46, 4.16, 3.10, 4.34, 2.20, 2.30, 5.44, 1.16, 4.88, 5.18, 4.58, 4.23, 4.79, 5.34, 5.43, 4.85, 4.51, 4.22, 4.82, 4.83, 1.11, 4.67, 4.72, 5.09, 4.61, 5.54, 5.12, 5.10, 5.52, 1.37, 2.47, 3.57, 4.91, 3.67, 1.68, 4.55, 2.84, 5.24, 4.95],
  tjk_176 = [2.66, 3.13, 2.97, 2.61, 2.91, 2.92, 3.58, 1.12, 2.70, 3.43, 3.09, 4.52, 2.87, 3.79, 2.48, 3.19, 4.16, 3.87, 2.53, 2.63, 4.37, 2.58, 3.28, 2.94, 2.57, 2.43, 2.94, 2.92, 1.65, 2.92, 2.54, 3.03, 2.68, 2.62, 3.49, 2.88, 3.52, 2.85, 1.60, 2.79, 4.55, 3.78, 3.02, 2.68, 2.56, 2.84, 2.83, 2.93, 4.96, 3.05],
  tjk_177 = [0.94, 1.75, 1.12, 1.19, 1.09, 0.93, 1.15, 1.01, 1.12, 0.90, 0.98, 0.98, 0.92, 0.99, 0.83, 1.07, 4.69, 4.81, 1.08, 1.14, 1.13, 1.11, 4.57, 1.02, 0.93, 2.50, 1.12, 3.99, 0.91, 0.86, 2.78, 0.94, 0.86, 1.04, 1.14, 4.87, 1.01, 1.13, 1.00, 3.79, 1.51, 0.98, 2.50, 1.00, 3.59, 1.23, 0.98, 4.23, 3.91, 0.90],
  tjk_178 = [1.05, 3.68, 1.01, 1.18, 0.91, 2.70, 0.99, 0.96, 0.95, 1.47, 1.06, 2.83, 2.29, 1.92, 1.52, 0.87, 1.11, 0.98, 4.97, 0.95, 1.07, 1.16, 0.82, 1.06, 0.95, 1.13, 2.44, 0.95, 0.94, 1.28, 4.38, 3.75, 0.96, 0.96, 1.28, 1.27, 0.87, 4.76, 0.92, 0.98, 0.96, 1.05, 1.04, 0.78, 1.54, 1.07, 1.03, 1.06, 0.98, 0.99],
  tjk_179 = [4.75, 3.03, 3.09, 2.92, 3.32, 2.92, 2.98, 2.99, 1.86, 2.95, 1.77, 2.95, 2.97, 3.32, 2.57, 3.12, 2.92, 3.39, 4.01, 2.37, 1.09, 2.89, 1.18, 2.99, 3.89, 2.83, 3.14, 2.81, 2.88, 4.05, 3.50, 2.84, 3.16, 2.92, 3.27, 4.67, 2.71, 2.92, 3.24, 1.21, 1.75, 3.04, 1.95, 2.99, 1.66, 4.54, 3.89, 3.27, 2.83, 2.84],
  tjk_1710 = [3.10, 2.73, 2.78, 3.24, 2.83, 2.71, 3.92, 2.77, 2.78, 3.44, 2.91, 3.54, 2.63, 2.95, 3.17, 2.45, 3.13, 4.00, 2.76, 4.14, 2.40, 3.10, 2.94, 3.16, 2.39, 2.66, 2.89, 2.80, 2.82, 2.42, 4.88, 1.92, 2.69, 3.02, 3.04, 2.86, 3.54, 3.30, 3.33, 1.86, 3.54, 1.92, 2.35, 2.66, 2.85, 4.18, 2.74, 3.01, 2.85, 2.08],
  tjk_1711 = [2.84, 2.69, 3.96, 2.68, 3.04, 3.16, 2.97, 2.00, 3.24, 2.85, 1.77, 2.89, 3.24, 3.25, 3.28, 1.29, 3.06, 2.90, 3.52, 2.98, 3.50, 2.91, 2.36, 2.82, 2.81, 1.98, 2.52, 2.50, 4.27, 1.84, 2.37, 3.03, 2.73, 2.34, 4.07, 3.59, 3.05, 3.40, 2.80, 1.44, 4.00, 3.17, 2.61, 2.98, 3.02, 3.00, 3.49, 2.95, 3.01, 3.97],
  tjk_1712 = [2.57, 2.80, 3.05, 3.69, 2.81, 1.10, 3.19, 2.78, 3.41, 2.74, 3.07, 3.22, 2.15, 2.97, 2.97, 3.13, 2.91, 3.12, 2.89, 3.26, 3.22, 2.69, 3.35, 2.69, 2.79, 1.77, 3.26, 2.12, 2.99, 3.50, 3.20, 2.88, 3.75, 3.31, 3.03, 3.29, 3.36, 2.77, 1.93, 2.23, 3.45, 2.52, 1.50, 2.71, 3.12, 2.97, 1.81, 3.23, 3.06, 3.43],
  tjk_1713 = [3.15, 2.80, 2.31, 3.20, 3.45, 2.93, 3.27, 3.43, 3.31, 2.72, 3.28, 3.15, 2.93, 1.90, 2.54, 3.07, 3.00, 3.41, 2.68, 2.00, 2.98, 1.27, 1.40, 3.42, 2.49, 2.92, 2.89, 3.16, 1.54, 3.08, 2.51, 3.14, 2.77, 3.28, 4.62, 3.32, 2.66, 4.78, 4.34, 3.18, 1.30, 2.64, 1.71, 2.61, 2.87, 2.82, 2.94, 3.76, 3.65, 1.59],
  tjk_1714 = [0.92, 0.94, 1.17, 3.67, 4.68, 3.13, 1.15, 1.85, 0.93, 0.90, 2.21, 1.00, 1.04, 1.13, 4.90, 1.00, 2.08, 3.53, 1.03, 1.50, 4.57, 1.01, 1.12, 4.69, 1.04, 1.14, 1.14, 4.63, 1.01, 0.87, 0.93, 1.82, 3.52, 4.60, 0.97, 0.94, 1.01, 1.04, 3.39, 1.60, 1.07, 1.06, 4.09, 1.60, 0.97, 1.01, 0.99, 1.11, 1.63, 1.04],
  tjk_1715 = [4.28, 2.52, 4.66, 2.59, 3.49, 2.45, 6.10, 4.49, 4.97, 4.80, 4.77, 4.87, 2.72, 6.08, 4.39, 4.49, 5.05, 3.89, 1.60, 4.96, 4.59, 5.17, 5.59, 4.23, 5.26, 4.28, 2.92, 5.01, 4.95, 4.92, 5.25, 5.50, 4.96, 4.76, 4.78, 1.53, 3.10, 4.79, 5.52, 3.94, 5.55, 5.34, 4.97, 3.63, 5.50, 5.16, 4.96, 1.30, 2.37, 2.62],
  tjk_1716 = [3.28, 3.80, 4.21, 4.03, 4.80, 4.06, 4.27, 4.84, 3.74, 4.48, 2.76, 4.27, 4.01, 3.16, 3.55, 4.36, 2.85, 4.43, 4.26, 3.67, 2.06, 2.76, 3.91, 4.45, 4.00, 3.52, 4.58, 3.55, 1.33, 3.15, 1.07, 4.06, 3.98, 3.88, 4.13, 4.06, 4.29, 3.83, 1.63, 1.23, 3.53, 4.59, 4.07, 4.26, 4.37, 3.66, 1.67, 1.16, 3.50, 3.95],
  tjk_1717 = [1.77, 1.09, 1.22, 0.95, 1.02, 1.11, 1.03, 1.09, 3.68, 0.93, 4.19, 4.82, 0.97, 0.93, 1.18, 0.87, 3.08, 0.90, 1.94, 4.16, 1.13, 1.81, 1.00, 1.25, 1.00, 1.16, 1.12, 0.94, 0.78, 0.74, 4.24, 0.86, 0.91, 0.88, 1.09, 4.31, 0.93, 0.94, 2.40, 1.08, 1.78, 1.17, 1.09, 4.63, 1.15, 2.89, 0.88, 1.14, 1.56, 1.00],
  tjk_1718 = [2.37, 0.84, 0.97, 3.48, 1.19, 0.95, 0.99, 1.05, 4.08, 0.98, 0.94, 0.74, 0.91, 1.39, 1.05, 1.17, 3.74, 0.97, 1.14, 0.97, 0.90, 1.09, 4.50, 4.53, 1.17, 1.03, 0.93, 0.99, 4.74, 1.34, 0.96, 0.99, 1.06, 1.05, 1.00, 0.90, 1.30, 1.11, 0.90, 1.15, 0.87, 1.57, 2.75, 1.07, 0.96, 3.24, 4.67, 1.98, 1.26, 0.98],
  tjk_1719 = [3.34, 3.92, 3.57, 1.76, 4.06, 2.20, 3.41, 3.53, 4.51, 3.86, 4.01, 4.66, 1.95, 4.20, 3.50, 3.55, 4.33, 2.02, 4.73, 3.99, 3.43, 4.15, 4.20, 3.83, 3.74, 3.83, 4.12, 3.43, 4.51, 2.97, 3.93, 2.90, 3.99, 3.71, 4.40, 2.79, 4.88, 3.41, 1.65, 3.61, 3.60, 1.50, 2.61, 4.84, 4.57, 4.09, 3.79, 3.65, 3.55, 4.21],
  tjk_1720 = [2.82, 3.26, 2.74, 3.37, 3.32, 4.13, 3.06, 3.61, 4.42, 3.25, 4.52, 2.13, 3.21, 3.51, 3.28, 2.57, 1.85, 3.00, 4.50, 2.98, 2.84, 2.95, 3.18, 3.41, 3.25, 3.41, 3.28, 3.27, 2.86, 2.90, 3.01, 1.45, 3.53, 3.52, 3.15, 3.02, 3.00, 4.61, 3.05, 3.66, 3.21, 2.71, 3.16, 2.62, 2.85, 2.89, 1.84, 2.68, 4.46, 3.18],
  tjk_181 = [1.94, 2.18, 2.39, 1.67, 2.24, 2.14, 4.42, 2.31, 2.63, 1.22, 2.29, 3.53, 1.84, 2.37, 1.89, 4.34, 2.86, 1.78, 4.17, 2.24, 2.83, 1.79, 3.69, 2.33, 1.45, 1.86, 2.07, 1.79, 1.79, 1.78, 3.10, 1.65, 4.06, 1.14, 1.76, 1.87, 2.29, 1.99, 1.90, 1.91, 1.59, 1.84, 2.10, 2.84, 2.91, 2.93, 2.13, 3.69, 1.73, 1.62],
  tjk_182 = [2.54, 3.25, 2.87, 1.25, 3.42, 1.65, 3.24, 2.86, 2.47, 2.98, 2.96, 3.08, 1.39, 2.90, 2.94, 2.55, 3.56, 2.18, 3.76, 2.87, 2.62, 2.94, 3.40, 4.22, 3.16, 2.77, 2.96, 3.62, 3.35, 4.92, 2.41, 2.91, 2.55, 3.20, 3.15, 3.13, 3.69, 2.80, 3.22, 2.63, 2.99, 4.36, 2.65, 2.75, 3.24, 3.06, 2.74, 4.75, 3.38, 4.77],
  tjk_183 = [2.69, 1.89, 0.97, 0.86, 1.12, 1.85, 3.81, 0.99, 1.14, 4.38, 0.87, 1.14, 1.02, 0.94, 3.92, 1.49, 1.00, 1.02, 2.13, 1.06, 1.00, 0.96, 3.12, 0.97, 0.93, 3.06, 1.03, 0.95, 4.27, 0.85, 2.58, 4.46, 2.04, 1.07, 0.99, 2.46, 0.95, 0.92, 2.95, 0.88, 2.08, 1.02, 0.97, 0.95, 1.08, 1.05, 4.53, 1.22, 2.86, 2.42],
  tjk_184 = [4.34, 3.94, 1.54, 3.92, 4.49, 4.64, 4.22, 4.61, 3.89, 4.52, 1.40, 3.54, 3.46, 4.04, 4.34, 2.93, 4.73, 3.46, 4.04, 3.24, 3.41, 3.89, 1.77, 3.90, 3.84, 4.14, 4.57, 3.85, 3.76, 2.01, 1.53, 3.64, 4.35, 5.12, 4.16, 2.50, 3.83, 2.24, 4.02, 1.42, 4.38, 3.78, 4.09, 3.34, 2.87, 4.11, 3.85, 2.78, 1.98, 4.14],
  tjk_185 = [3.41, 3.01, 2.72, 2.83, 3.34, 2.96, 3.49, 2.26, 1.74, 3.01, 2.27, 2.95, 2.82, 4.85, 2.30, 3.29, 2.81, 2.84, 3.08, 2.70, 2.88, 3.18, 2.60, 2.47, 3.16, 3.03, 3.13, 3.12, 2.98, 3.61, 3.25, 3.46, 3.35, 3.31, 1.77, 3.27, 3.35, 3.28, 4.00, 3.06, 1.27, 2.86, 4.54, 2.63, 2.97, 3.61, 2.47, 2.64, 2.95, 3.23],
  tjk_186 = [2.18, 2.08, 2.39, 2.05, 1.70, 2.05, 2.12, 2.09, 2.24, 2.30, 3.59, 2.98, 1.87, 1.60, 1.52, 2.87, 3.68, 1.94, 2.11, 2.28, 2.40, 2.03, 2.28, 4.02, 2.06, 1.97, 2.35, 1.61, 1.76, 1.83, 1.87, 1.76, 2.03, 2.00, 2.04, 2.02, 2.01, 2.29, 1.91, 2.54, 1.84, 2.07, 4.17, 2.12, 1.80, 2.32, 1.95, 2.00, 1.98, 1.66],
  tjk_187 = [3.42, 4.83, 3.94, 5.61, 4.71, 5.39, 5.28, 4.88, 5.24, 4.60, 4.43, 4.79, 3.75, 5.47, 5.52, 4.72, 1.92, 4.03, 4.40, 4.91, 5.08, 4.80, 1.35, 5.33, 4.97, 4.90, 5.26, 5.92, 1.43, 2.81, 4.81, 3.97, 4.31, 5.77, 5.65, 4.93, 3.75, 5.07, 4.55, 4.74, 2.24, 5.05, 4.35, 4.95, 5.45, 5.23, 5.15, 1.91, 2.30, 3.93],
  tjk_188 = [3.03, 3.03, 2.86, 2.90, 2.73, 3.15, 1.81, 3.20, 3.25, 2.51, 3.26, 3.88, 3.03, 4.56, 2.90, 3.12, 2.76, 2.68, 3.06, 3.38, 3.13, 3.59, 3.09, 3.04, 1.19, 4.70, 2.53, 2.81, 2.89, 3.17, 3.37, 2.35, 3.31, 3.86, 3.31, 4.48, 4.38, 3.17, 3.26, 2.87, 4.95, 3.30, 3.79, 2.78, 3.02, 3.09, 2.87, 3.12, 3.18, 2.48],
  tjk_189 = [2.45, 3.36, 3.04, 2.97, 2.68, 2.74, 2.72, 2.84, 4.43, 3.40, 2.23, 2.97, 2.91, 3.03, 2.99, 2.44, 4.09, 3.03, 2.98, 3.28, 1.67, 3.09, 2.39, 2.86, 3.23, 2.96, 2.72, 4.63, 2.65, 3.30, 2.89, 2.99, 3.74, 2.56, 3.15, 4.15, 2.73, 2.61, 2.95, 3.68, 2.86, 3.21, 3.29, 3.19, 2.99, 3.13, 3.49, 2.80, 4.11, 2.95],
  tjk_1810 = [3.80, 3.69, 2.62, 4.32, 2.21, 3.96, 4.62, 4.36, 4.15, 3.32, 4.60, 3.36, 3.90, 1.45, 3.89, 4.18, 3.85, 3.59, 4.03, 3.76, 3.81, 4.29, 4.74, 4.59, 3.82, 1.73, 3.18, 3.43, 2.58, 4.82, 4.08, 4.47, 3.91, 4.34, 4.18, 4.32, 4.09, 3.81, 2.39, 4.77, 4.12, 2.21, 4.68, 3.99, 4.00, 3.80, 3.92, 1.75, 4.27, 4.97],
  tjk_1811 = [4.12, 3.01, 3.99, 4.23, 3.97, 3.08, 4.53, 4.20, 3.91, 3.85, 1.93, 3.51, 4.30, 3.94, 3.83, 4.00, 4.99, 1.45, 1.78, 3.95, 4.28, 3.74, 3.94, 3.33, 2.17, 3.48, 4.08, 4.15, 3.56, 4.38, 4.11, 4.25, 3.59, 3.34, 3.82, 3.71, 4.29, 4.29, 4.04, 3.15, 3.63, 1.11, 3.39, 2.31, 3.75, 4.45, 4.19, 2.20, 3.60, 3.41],
  tjk_1812 = [3.26, 0.96, 1.02, 3.60, 1.00, 0.97, 1.09, 1.05, 1.10, 1.07, 2.46, 1.08, 1.06, 0.91, 3.58, 2.34, 1.00, 3.76, 1.00, 1.26, 1.10, 3.27, 0.85, 0.88, 1.12, 0.96, 0.87, 1.15, 0.82, 1.11, 0.99, 1.71, 0.98, 1.10, 1.17, 0.99, 0.96, 2.26, 1.10, 1.33, 2.24, 0.89, 4.59, 3.69, 2.31, 0.96, 0.94, 0.84, 1.02, 0.95],
  tjk_1813 = [3.69, 3.24, 5.53, 5.47, 5.56, 2.50, 5.11, 4.93, 4.22, 2.56, 1.95, 4.12, 4.35, 4.08, 2.05, 3.06, 4.30, 4.33, 4.23, 5.88, 5.50, 4.61, 4.15, 3.44, 4.46, 4.60, 5.39, 2.65, 4.18, 2.14, 4.20, 5.51, 4.99, 4.91, 4.52, 5.23, 3.06, 5.20, 4.48, 4.78, 5.01, 5.31, 5.15, 4.67, 4.67, 6.30, 3.83, 4.44, 4.99, 4.60],
  tjk_1814 = [1.08, 1.67, 1.04, 2.33, 0.90, 0.85, 0.97, 1.00, 4.03, 3.53, 3.31, 0.92, 1.49, 2.34, 2.65, 1.08, 1.01, 2.68, 1.00, 1.08, 1.02, 0.90, 2.81, 1.04, 4.46, 0.89, 4.69, 0.95, 2.21, 1.84, 3.78, 0.96, 1.02, 1.42, 0.81, 4.91, 2.47, 0.98, 2.04, 0.93, 3.16, 0.99, 1.00, 1.03, 0.90, 4.47, 0.91, 4.53, 1.11, 0.99],
  tjk_1815 = [2.49, 4.47, 1.44, 2.21, 2.97, 2.84, 3.08, 1.71, 3.00, 2.84, 2.85, 3.52, 3.07, 4.70, 1.67, 1.80, 3.31, 1.07, 1.77, 2.50, 4.45, 3.08, 3.39, 1.23, 2.95, 2.76, 2.71, 3.02, 3.06, 3.87, 3.10, 2.83, 3.30, 3.87, 2.91, 4.90, 1.03, 3.40, 3.06, 4.37, 2.67, 3.25, 3.32, 1.64, 3.02, 3.50, 2.81, 1.47, 3.35, 1.29],
  tjk_1816 = [4.19, 4.19, 4.77, 1.60, 5.97, 4.82, 1.30, 4.32, 5.79, 3.53, 5.32, 4.31, 2.52, 5.17, 4.89, 5.25, 5.11, 5.30, 6.13, 1.30, 3.57, 4.47, 4.88, 4.32, 1.49, 5.06, 3.84, 2.89, 2.27, 4.83, 5.19, 4.93, 2.45, 1.04, 5.28, 2.21, 4.53, 1.82, 4.80, 3.64, 3.45, 4.65, 2.17, 5.43, 4.73, 4.77, 1.86, 4.76, 4.82, 5.89],
  tjk_1817 = [4.09, 4.40, 4.02, 3.32, 1.26, 4.31, 4.89, 3.57, 3.86, 4.10, 4.45, 4.68, 4.16, 1.01, 4.13, 2.06, 4.10, 2.26, 3.85, 3.85, 3.59, 3.99, 3.50, 4.05, 4.01, 3.81, 3.69, 3.55, 4.65, 4.76, 2.39, 3.30, 4.51, 3.92, 4.03, 3.50, 3.58, 3.59, 3.52, 4.16, 4.34, 3.99, 4.09, 1.86, 2.51, 3.81, 4.63, 3.97, 3.69, 4.40],
  tjk_1818 = [4.05, 5.04, 4.81, 5.22, 4.28, 4.55, 6.27, 5.75, 4.89, 4.61, 3.95, 5.42, 4.49, 5.69, 4.38, 3.11, 4.76, 5.52, 5.21, 5.12, 4.81, 4.97, 5.19, 2.73, 3.16, 5.47, 2.31, 4.81, 5.01, 4.64, 5.00, 4.46, 5.03, 4.88, 6.07, 4.71, 4.54, 2.40, 5.58, 4.69, 5.27, 5.04, 5.67, 1.41, 5.40, 5.32, 5.92, 5.88, 5.01, 4.94],
  tjk_1819 = [2.60, 3.19, 1.84, 4.30, 2.77, 4.09, 2.99, 3.28, 2.34, 2.97, 3.66, 2.52, 2.88, 2.70, 3.04, 1.48, 2.73, 3.08, 3.11, 4.02, 3.36, 3.46, 2.88, 2.93, 2.63, 3.41, 2.94, 2.97, 2.87, 3.36, 4.62, 3.38, 2.96, 3.37, 4.38, 2.58, 4.43, 3.04, 3.16, 3.34, 3.10, 2.44, 4.82, 3.69, 2.79, 3.16, 2.79, 3.02, 2.20, 3.38],
  tjk_1820 = [4.25, 3.96, 4.12, 4.08, 3.29, 4.44, 1.96, 1.37, 2.11, 3.93, 4.49, 4.59, 2.03, 3.71, 3.80, 2.85, 4.04, 3.81, 1.67, 2.82, 3.87, 3.68, 4.78, 3.78, 3.47, 4.42, 4.31, 1.09, 4.66, 4.02, 4.86, 4.26, 2.92, 2.04, 3.78, 3.93, 4.08, 4.25, 4.00, 4.29, 3.90, 4.17, 3.25, 4.29, 1.37, 4.47, 3.59, 3.90, 4.91, 3.65],
  tjk_191 = [1.95, 3.95, 1.97, 1.91, 2.42, 2.30, 2.19, 1.74, 2.40, 2.02, 2.09, 1.79, 2.02, 3.42, 1.83, 2.05, 1.90, 1.93, 1.27, 3.95, 2.14, 2.08, 2.10, 4.06, 1.87, 1.93, 2.82, 1.83, 4.78, 2.73, 2.15, 2.07, 1.89, 3.68, 4.41, 2.07, 1.72, 1.95, 2.95, 2.68, 1.99, 1.92, 4.28, 2.12, 3.85, 3.36, 2.08, 2.24, 4.84, 1.96],
  tjk_192 = [1.64, 2.47, 3.25, 3.87, 1.92, 1.94, 1.97, 1.17, 1.92, 2.01, 2.11, 4.30, 2.01, 1.53, 2.04, 2.10, 2.02, 2.57, 3.07, 1.89, 1.98, 1.83, 4.43, 1.74, 1.66, 2.27, 2.46, 1.84, 2.20, 2.10, 2.94, 2.04, 1.79, 1.77, 2.63, 2.19, 2.16, 3.89, 3.24, 2.22, 2.35, 4.45, 1.96, 2.25, 4.64, 2.03, 2.30, 2.31, 1.96, 1.97],
  tjk_193 = [1.87, 2.16, 2.34, 1.94, 3.43, 2.15, 1.98, 2.52, 2.52, 1.87, 3.24, 1.65, 2.86, 2.04, 1.80, 2.08, 1.97, 3.56, 1.84, 1.89, 3.36, 3.11, 1.85, 3.76, 1.80, 2.16, 4.15, 1.82, 4.33, 2.05, 2.03, 1.57, 2.35, 1.66, 1.95, 1.86, 3.67, 4.31, 1.99, 1.72, 2.01, 2.97, 1.92, 2.20, 3.63, 2.13, 1.74, 1.81, 4.50, 2.07],
  tjk_194 = [1.24, 1.07, 2.02, 1.01, 0.89, 1.02, 1.02, 5.00, 1.94, 1.02, 1.08, 0.92, 0.78, 1.06, 1.10, 2.17, 4.20, 0.99, 1.08, 3.52, 1.03, 1.06, 0.93, 0.94, 1.07, 0.95, 0.90, 0.95, 2.80, 1.36, 0.98, 3.64, 0.93, 2.83, 2.96, 1.20, 0.99, 1.14, 0.92, 4.08, 0.98, 2.21, 4.65, 0.93, 1.49, 1.01, 1.01, 1.04, 1.03, 1.11],
  tjk_195 = [3.44, 4.21, 4.99, 5.02, 2.94, 4.95, 4.62, 4.71, 4.89, 3.67, 1.27, 5.05, 4.18, 5.87, 4.54, 5.55, 6.08, 4.90, 5.19, 3.38, 4.81, 5.63, 4.67, 4.54, 1.48, 5.61, 5.34, 5.16, 5.33, 5.42, 4.49, 4.80, 5.44, 4.88, 2.96, 3.16, 4.92, 5.39, 4.64, 3.31, 2.27, 5.06, 6.10, 1.35, 2.19, 4.69, 4.88, 4.74, 1.89, 5.54],
  tjk_196 = [5.45, 2.15, 5.65, 4.86, 5.72, 4.70, 4.95, 4.73, 3.93, 4.08, 4.84, 3.45, 3.32, 5.18, 5.11, 1.87, 5.64, 4.30, 3.43, 4.78, 5.35, 5.11, 5.52, 5.49, 4.80, 5.49, 4.96, 2.35, 5.30, 4.16, 5.68, 2.24, 5.01, 4.29, 4.79, 3.32, 4.72, 4.96, 4.47, 2.58, 5.48, 5.66, 2.47, 5.05, 2.03, 4.61, 5.43, 4.94, 4.65, 5.41],
  tjk_197 = [2.68, 2.08, 3.01, 2.84, 2.68, 2.87, 2.94, 3.23, 3.17, 4.47, 3.36, 2.39, 3.35, 2.69, 4.38, 3.07, 3.70, 3.38, 2.91, 3.47, 3.18, 3.29, 3.15, 3.45, 3.47, 2.88, 2.44, 2.56, 3.33, 4.95, 3.43, 3.37, 3.85, 2.76, 3.06, 2.92, 3.10, 3.16, 2.53, 3.27, 2.30, 3.12, 3.37, 2.34, 2.78, 1.24, 3.26, 3.39, 4.23, 1.29],
  tjk_198 = [1.19, 1.75, 3.08, 1.16, 3.23, 3.30, 3.39, 3.10, 2.87, 3.06, 3.25, 3.10, 3.42, 3.02, 2.85, 2.81, 2.79, 3.60, 3.79, 3.37, 1.99, 2.77, 2.83, 2.71, 2.75, 2.61, 4.45, 3.07, 2.53, 2.22, 4.58, 3.64, 3.48, 2.52, 2.88, 3.04, 3.45, 2.93, 2.76, 2.94, 4.16, 2.99, 2.74, 2.69, 3.03, 2.86, 3.21, 2.51, 2.91, 2.44],
  tjk_199 = [4.82, 4.71, 4.05, 3.37, 3.78, 3.46, 3.94, 4.20, 3.83, 1.13, 4.74, 4.48, 3.66, 4.10, 4.52, 4.41, 1.12, 4.49, 4.63, 4.12, 2.27, 4.76, 3.96, 5.58, 4.13, 2.62, 2.57, 4.85, 3.61, 4.26, 4.87, 3.34, 4.57, 3.36, 3.77, 3.46, 3.56, 3.62, 3.78, 3.95, 4.25, 4.04, 3.31, 3.05, 4.64, 3.76, 2.58, 3.96, 3.89, 3.82],
  tjk_1910 = [2.62, 4.33, 4.04, 3.95, 3.76, 4.40, 4.10, 4.08, 4.07, 3.78, 1.69, 4.17, 3.63, 3.58, 2.95, 1.05, 4.38, 1.15, 2.02, 4.01, 1.63, 4.63, 3.87, 4.08, 3.39, 2.30, 4.75, 3.95, 3.77, 1.69, 2.47, 3.01, 4.60, 3.98, 4.33, 3.85, 4.79, 4.46, 1.54, 4.61, 4.12, 4.48, 1.92, 1.97, 4.87, 2.72, 2.86, 3.90, 4.24, 3.98],
  tjk_1911 = [3.80, 3.81, 3.41, 4.08, 3.42, 3.87, 3.88, 3.78, 4.53, 4.73, 4.44, 3.80, 3.82, 3.13, 1.03, 4.07, 4.77, 4.17, 1.47, 3.87, 3.88, 4.19, 1.85, 3.33, 4.93, 3.44, 4.96, 3.77, 3.49, 4.85, 3.77, 4.84, 4.69, 2.71, 3.74, 4.69, 4.27, 4.56, 3.72, 3.10, 4.49, 1.87, 3.45, 3.82, 4.64, 4.57, 4.81, 4.19, 3.91, 4.56],
  tjk_1912 = [1.19, 2.81, 2.44, 0.90, 1.06, 0.95, 1.14, 4.69, 1.15, 0.98, 2.47, 2.12, 0.77, 1.11, 0.83, 1.50, 1.06, 0.81, 3.83, 0.97, 1.04, 1.05, 1.11, 1.01, 1.14, 0.82, 1.17, 1.38, 1.08, 1.03, 1.04, 1.03, 1.08, 1.80, 0.97, 0.97, 1.01, 4.34, 0.91, 1.00, 1.04, 1.13, 1.01, 3.48, 0.93, 0.98, 0.93, 4.79, 1.02, 1.04],
  tjk_1913 = [0.93, 0.80, 0.98, 2.41, 0.91, 3.55, 0.93, 1.08, 0.97, 1.02, 1.03, 0.97, 1.16, 4.11, 1.13, 1.03, 3.89, 4.61, 1.11, 1.10, 1.03, 0.88, 1.20, 0.91, 0.90, 2.00, 3.42, 0.88, 1.21, 1.19, 0.92, 1.68, 0.99, 1.06, 3.25, 0.93, 4.15, 1.05, 1.03, 3.34, 0.87, 0.93, 0.85, 1.03, 0.94, 2.33, 1.01, 0.88, 1.17, 0.90],
  tjk_1914 = [4.25, 1.23, 2.87, 0.95, 1.05, 0.94, 0.96, 2.83, 4.46, 2.71, 0.98, 1.05, 0.88, 4.29, 1.01, 0.95, 2.38, 0.82, 0.98, 0.97, 0.92, 4.89, 0.91, 3.90, 2.44, 0.97, 1.20, 3.97, 1.10, 0.85, 4.06, 4.24, 3.34, 2.85, 1.92, 4.74, 1.03, 0.93, 1.01, 1.25, 0.90, 0.98, 3.08, 0.91, 1.13, 1.10, 1.04, 0.96, 0.94, 0.97],
  tjk_1915 = [1.89, 2.22, 4.91, 2.36, 1.81, 2.09, 1.57, 2.00, 1.90, 2.12, 1.72, 1.96, 2.39, 2.19, 2.77, 2.11, 1.81, 1.99, 4.32, 3.27, 2.70, 1.84, 1.79, 2.08, 2.05, 1.24, 2.23, 4.89, 2.15, 2.06, 1.49, 1.17, 1.85, 2.24, 2.06, 1.86, 2.18, 1.66, 1.87, 1.92, 4.22, 2.18, 2.00, 3.87, 1.75, 2.12, 2.26, 2.18, 3.48, 4.04],
  tjk_1916 = [1.27, 0.94, 1.08, 0.94, 4.04, 2.99, 5.00, 4.32, 2.09, 2.54, 0.96, 0.76, 0.82, 0.87, 1.07, 1.01, 0.89, 1.01, 1.08, 4.34, 4.57, 0.95, 0.72, 0.93, 1.10, 1.05, 0.92, 0.97, 1.03, 4.29, 0.98, 2.21, 1.99, 1.04, 1.08, 1.05, 2.53, 3.59, 0.98, 1.02, 4.43, 2.67, 1.10, 1.07, 1.01, 0.90, 1.17, 2.48, 0.97, 0.88],
  tjk_1917 = [2.30, 1.46, 2.99, 3.82, 3.86, 3.78, 4.06, 4.29, 2.94, 2.86, 4.26, 3.77, 4.26, 3.82, 3.95, 3.70, 4.60, 3.32, 3.30, 4.23, 4.22, 4.11, 4.32, 2.31, 3.99, 3.75, 4.00, 4.37, 4.34, 4.44, 3.89, 3.98, 4.17, 3.66, 1.14, 4.01, 3.93, 4.58, 3.90, 4.64, 4.23, 3.45, 3.82, 2.69, 4.01, 1.60, 3.79, 4.73, 3.64, 3.37],
  tjk_1918 = [1.00, 1.13, 2.30, 0.87, 0.95, 1.05, 1.01, 1.09, 0.87, 1.15, 4.70, 0.90, 1.00, 4.70, 1.34, 0.80, 2.85, 1.03, 1.01, 0.99, 0.99, 1.09, 0.96, 1.12, 0.96, 4.37, 2.87, 2.84, 0.97, 0.97, 0.82, 1.04, 0.93, 1.14, 2.92, 1.16, 1.02, 1.49, 1.22, 4.39, 0.90, 0.99, 1.09, 0.94, 2.72, 1.02, 2.01, 1.04, 0.92, 0.97],
  tjk_1919 = [1.77, 1.97, 1.42, 3.24, 2.03, 1.02, 2.21, 1.96, 2.28, 4.48, 3.67, 2.86, 1.94, 2.06, 1.96, 1.91, 2.23, 2.17, 4.61, 1.94, 1.94, 1.74, 2.12, 2.85, 2.27, 3.14, 3.75, 1.83, 1.96, 4.14, 2.47, 1.97, 1.88, 4.28, 2.15, 2.35, 1.27, 4.76, 2.10, 1.85, 2.13, 2.17, 2.00, 2.01, 2.19, 1.91, 1.95, 4.56, 1.90, 2.17],
  tjk_1920 = [4.47, 1.96, 2.96, 1.59, 1.44, 2.23, 2.01, 2.17, 2.18, 2.40, 2.27, 4.26, 2.06, 1.78, 2.11, 1.78, 1.65, 2.10, 2.00, 1.84, 2.03, 1.97, 2.00, 2.51, 2.48, 1.95, 2.10, 1.83, 1.86, 2.32, 2.20, 2.14, 2.26, 1.94, 1.66, 2.11, 2.04, 1.87, 2.00, 2.09, 1.80, 1.86, 2.12, 2.10, 1.65, 1.69, 4.06, 4.19, 2.35, 2.13],
  tjk_201 = [2.80, 2.12, 2.39, 1.85, 2.23, 2.24, 1.91, 2.09, 2.28, 1.65, 2.32, 2.01, 1.54, 1.83, 2.87, 1.11, 1.84, 2.15, 2.26, 2.37, 2.20, 4.10, 2.08, 2.04, 2.16, 2.24, 2.14, 1.96, 3.88, 1.70, 1.97, 3.75, 2.10, 2.12, 1.61, 1.88, 2.42, 3.23, 1.76, 1.74, 1.87, 1.66, 2.51, 1.96, 2.03, 3.26, 2.35, 2.06, 2.14, 2.24],
  tjk_202 = [1.07, 0.80, 1.04, 1.00, 1.03, 1.03, 0.95, 0.81, 1.13, 0.82, 1.03, 0.87, 0.91, 0.79, 0.96, 1.98, 1.16, 1.01, 0.99, 0.94, 1.04, 1.13, 4.95, 1.08, 1.02, 3.11, 1.03, 0.97, 0.88, 0.94, 1.12, 1.01, 1.02, 0.94, 0.89, 1.09, 2.80, 0.82, 4.21, 2.62, 1.43, 0.85, 2.27, 2.37, 0.98, 1.04, 4.68, 1.01, 3.76, 1.02],
  tjk_203 = [2.39, 1.84, 2.61, 2.69, 2.75, 3.12, 3.53, 2.92, 2.61, 2.99, 3.25, 3.14, 2.94, 2.17, 2.75, 3.29, 2.26, 3.07, 2.98, 3.01, 1.50, 2.20, 3.00, 2.94, 2.91, 3.40, 1.06, 3.03, 1.65, 1.19, 2.60, 2.97, 3.11, 2.81, 3.32, 2.56, 2.93, 4.82, 3.31, 2.25, 3.59, 2.69, 3.45, 3.38, 1.38, 2.61, 2.92, 1.22, 4.10, 1.86],
  tjk_204 = [0.89, 0.92, 1.04, 0.96, 1.01, 3.54, 1.11, 0.97, 0.99, 0.91, 1.04, 0.80, 1.08, 1.10, 1.06, 0.97, 2.64, 1.01, 1.13, 3.41, 0.87, 0.89, 0.79, 0.94, 0.93, 1.10, 1.16, 3.76, 0.91, 3.48, 3.94, 1.10, 0.90, 0.93, 0.94, 0.95, 1.47, 3.47, 1.04, 1.04, 3.54, 0.95, 1.04, 1.10, 0.99, 1.03, 1.02, 1.03, 1.61, 1.19],
  tjk_205 = [1.97, 3.41, 4.05, 2.75, 3.55, 3.84, 4.31, 3.44, 1.49, 3.72, 3.62, 4.99, 3.94, 3.10, 4.34, 3.96, 4.56, 4.91, 4.06, 4.19, 3.76, 3.74, 4.81, 3.84, 3.77, 2.96, 3.68, 4.14, 3.71, 3.07, 3.82, 3.99, 4.03, 4.03, 3.82, 3.75, 1.37, 3.99, 4.71, 4.17, 4.25, 3.28, 4.22, 4.56, 3.90, 1.31, 3.61, 2.97, 4.13, 4.23],
  tjk_206 = [5.12, 4.20, 4.94, 3.41, 4.85, 5.50, 5.42, 4.92, 4.86, 5.14, 5.07, 4.87, 5.10, 2.28, 5.00, 4.94, 4.10, 4.95, 4.66, 4.75, 4.26, 1.01, 4.68, 1.74, 1.59, 4.53, 1.36, 3.65, 1.99, 3.62, 1.76, 2.18, 4.31, 5.66, 4.08, 4.99, 4.76, 3.79, 3.02, 4.91, 1.77, 4.96, 4.41, 4.91, 5.08, 4.81, 5.34, 5.97, 3.81, 5.15],
  tjk_207 = [1.10, 1.45, 2.85, 2.67, 3.12, 2.70, 2.88, 2.86, 2.98, 2.82, 3.83, 3.20, 4.30, 2.78, 2.95, 2.49, 3.20, 3.17, 2.69, 2.58, 1.16, 2.37, 1.82, 3.40, 2.98, 4.17, 3.14, 2.67, 2.98, 3.06, 1.44, 3.49, 3.53, 2.67, 3.71, 2.58, 3.00, 2.77, 3.38, 3.20, 3.31, 2.81, 2.58, 3.20, 3.15, 3.42, 4.07, 2.84, 3.01, 2.58],
  tjk_208 = [4.05, 3.96, 4.73, 4.65, 4.23, 2.92, 1.33, 4.24, 3.82, 1.08, 4.23, 4.10, 4.23, 4.25, 4.32, 2.40, 3.96, 4.35, 4.72, 3.14, 4.23, 3.73, 4.20, 3.09, 4.19, 4.38, 1.16, 4.55, 3.49, 1.69, 2.31, 4.74, 3.82, 4.10, 3.85, 4.19, 2.57, 4.11, 4.62, 3.90, 4.64, 3.82, 3.24, 3.49, 4.19, 3.36, 4.68, 4.68, 3.31, 2.75],
  tjk_209 = [4.21, 3.99, 4.14, 4.09, 4.60, 3.62, 3.69, 3.61, 3.71, 3.97, 4.93, 4.22, 3.39, 4.23, 4.17, 4.09, 3.16, 4.26, 3.48, 3.42, 3.08, 3.56, 3.58, 3.37, 4.90, 3.67, 4.57, 4.29, 1.57, 4.07, 1.06, 3.33, 4.74, 3.74, 4.17, 3.53, 1.33, 4.07, 4.12, 1.80, 4.07, 4.74, 3.89, 2.00, 3.58, 4.12, 3.10, 3.55, 4.33, 3.43],
  tjk_2010 = [3.05, 2.01, 2.23, 2.09, 1.75, 4.98, 1.83, 2.25, 2.31, 2.36, 1.69, 1.83, 2.21, 1.67, 1.81, 2.21, 2.01, 1.86, 4.72, 3.06, 2.33, 1.76, 2.41, 3.89, 1.83, 3.92, 2.20, 1.98, 3.47, 2.13, 3.39, 2.04, 2.69, 1.85, 1.79, 1.78, 2.01, 1.11, 2.06, 4.82, 2.32, 1.98, 1.89, 1.94, 3.45, 2.24, 1.99, 1.41, 2.20, 4.09],
  tjk_2011 = [5.50, 4.24, 5.98, 2.30, 1.48, 3.04, 1.59, 3.66, 3.97, 3.23, 5.32, 4.12, 3.19, 2.72, 4.88, 4.34, 2.87, 5.40, 4.64, 4.65, 5.22, 5.16, 4.42, 4.50, 5.15, 3.52, 2.00, 4.14, 5.38, 4.00, 4.66, 2.24, 3.57, 3.26, 2.06, 4.99, 4.27, 4.65, 4.66, 5.14, 4.07, 5.09, 4.55, 5.96, 5.18, 5.66, 2.44, 4.70, 5.69, 1.07],
  tjk_2012 = [1.14, 3.12, 4.11, 2.50, 2.40, 2.87, 2.81, 2.72, 3.51, 2.40, 2.87, 1.40, 2.99, 3.04, 2.97, 2.96, 3.14, 2.84, 4.17, 2.86, 3.01, 2.61, 4.42, 4.61, 2.80, 4.51, 2.78, 2.57, 3.92, 3.01, 2.89, 1.23, 3.53, 3.89, 2.62, 1.35, 3.03, 4.01, 3.55, 3.43, 3.25, 2.90, 3.37, 4.55, 3.03, 3.19, 3.95, 3.18, 3.16, 2.71],
  tjk_2013 = [2.71, 3.79, 3.12, 3.20, 2.44, 3.52, 1.53, 2.86, 2.44, 3.13, 2.98, 4.29, 2.87, 3.49, 1.49, 3.01, 4.03, 2.08, 3.18, 3.23, 3.18, 2.72, 3.05, 1.90, 3.42, 3.26, 3.26, 3.16, 2.98, 4.75, 3.35, 2.02, 2.97, 3.08, 2.94, 2.18, 2.78, 3.26, 2.61, 1.21, 3.13, 2.99, 4.92, 1.42, 3.38, 3.43, 1.32, 2.54, 2.86, 2.73],
  tjk_2014 = [1.10, 1.13, 1.04, 0.96, 1.05, 0.90, 1.12, 1.13, 0.83, 0.96, 1.00, 0.94, 2.30, 3.19, 1.09, 3.88, 1.61, 1.00, 1.01, 1.20, 1.12, 0.87, 0.92, 3.54, 0.87, 1.04, 0.93, 1.08, 0.83, 1.02, 0.94, 3.26, 3.90, 4.40, 4.31, 1.34, 1.05, 3.77, 1.52, 1.68, 4.84, 2.91, 1.12, 0.94, 0.90, 1.03, 1.02, 0.88, 3.40, 0.83],
  tjk_2015 = [4.44, 2.55, 4.07, 1.76, 4.44, 2.00, 3.08, 4.20, 4.50, 3.89, 4.42, 4.06, 3.43, 3.94, 3.32, 4.22, 4.78, 4.72, 3.62, 4.91, 3.54, 3.72, 3.58, 3.45, 4.25, 2.99, 1.64, 3.76, 3.01, 4.71, 4.12, 3.66, 3.38, 3.92, 4.14, 4.42, 4.10, 4.60, 4.19, 2.19, 4.82, 1.74, 3.68, 4.52, 3.40, 1.15, 3.81, 2.38, 3.87, 3.15],
  tjk_2016 = [4.24, 4.15, 3.53, 4.34, 3.27, 4.33, 2.93, 2.67, 1.97, 5.26, 3.88, 2.38, 3.20, 3.30, 3.70, 3.92, 3.43, 4.51, 4.04, 4.00, 3.28, 3.49, 4.12, 4.84, 5.10, 4.52, 4.53, 3.32, 3.82, 3.60, 4.22, 3.46, 4.48, 3.36, 1.43, 4.39, 4.35, 3.88, 4.04, 2.57, 2.93, 4.24, 1.37, 3.54, 3.97, 4.16, 3.40, 3.79, 3.85, 3.67],
  tjk_2017 = [2.45, 3.94, 4.81, 3.66, 3.47, 1.73, 4.30, 3.94, 3.39, 3.92, 4.50, 3.87, 4.27, 4.64, 3.80, 4.72, 3.72, 3.30, 4.42, 3.83, 4.23, 4.34, 3.49, 1.40, 2.24, 3.77, 1.56, 3.30, 3.66, 4.33, 3.76, 4.65, 2.93, 3.74, 4.44, 4.10, 1.34, 1.28, 4.07, 3.85, 3.48, 3.96, 3.36, 3.88, 4.53, 3.63, 2.42, 3.51, 4.16, 4.15],
  tjk_2018 = [3.55, 2.94, 2.95, 2.45, 3.52, 2.70, 3.21, 3.23, 2.99, 1.72, 2.80, 3.27, 2.70, 3.35, 2.98, 2.89, 3.30, 2.88, 2.31, 4.66, 2.85, 4.95, 2.69, 2.75, 4.00, 2.74, 1.51, 2.62, 4.52, 3.07, 3.24, 2.78, 3.29, 3.55, 2.78, 4.49, 2.95, 3.18, 3.20, 3.87, 2.71, 2.67, 1.61, 2.86, 2.75, 4.47, 3.27, 3.27, 2.10, 3.29],
  tjk_2019 = [0.88, 0.86, 0.92, 0.95, 4.72, 1.58, 0.98, 0.89, 3.00, 1.03, 1.06, 1.02, 1.21, 1.12, 3.24, 1.01, 0.96, 1.02, 2.04, 1.11, 0.97, 1.10, 1.23, 1.81, 2.34, 0.99, 1.03, 3.79, 0.81, 1.02, 0.92, 0.96, 2.74, 0.97, 1.13, 0.91, 0.99, 2.00, 0.95, 0.85, 1.02, 0.94, 1.55, 0.94, 0.79, 3.05, 1.07, 1.74, 0.99, 1.11],
  tjk_2020 = [3.65, 2.34, 1.74, 4.31, 3.91, 3.85, 4.51, 3.92, 4.05, 3.39, 3.74, 3.88, 3.69, 3.94, 2.67, 3.22, 4.43, 4.42, 4.23, 4.83, 4.24, 4.34, 4.22, 4.45, 3.84, 4.02, 3.99, 2.26, 3.61, 3.99, 4.39, 2.79, 3.96, 4.76, 4.67, 3.62, 3.84, 1.60, 4.19, 3.64, 4.47, 2.33, 3.38, 4.14, 1.97, 4.08, 3.88, 4.42, 1.72, 4.76],
  tjk_211 = [2.23, 4.79, 5.25, 4.52, 5.10, 3.81, 1.22, 5.49, 2.53, 4.97, 2.49, 5.57, 4.53, 3.66, 5.97, 5.00, 2.19, 4.97, 5.22, 4.87, 1.99, 2.17, 6.04, 1.29, 4.58, 5.01, 5.44, 5.43, 4.75, 5.00, 4.74, 4.77, 4.51, 5.60, 4.56, 2.22, 2.85, 5.35, 4.12, 4.12, 2.75, 5.30, 4.06, 3.84, 6.10, 3.17, 4.55, 2.27, 3.03, 5.17],
  tjk_212 = [3.58, 2.61, 2.90, 3.18, 4.89, 2.80, 2.44, 3.83, 2.26, 3.13, 1.76, 3.07, 2.76, 3.72, 2.47, 2.51, 2.92, 3.02, 3.30, 3.22, 2.73, 2.96, 2.20, 2.10, 2.51, 2.86, 2.77, 4.16, 3.25, 3.07, 3.97, 2.99, 2.88, 1.84, 2.90, 2.94, 1.03, 3.50, 3.09, 3.32, 2.22, 2.60, 2.98, 3.43, 4.90, 3.04, 3.94, 2.25, 2.74, 1.25],
  tjk_213 = [2.82, 3.33, 5.05, 4.81, 2.43, 5.12, 4.69, 1.46, 2.42, 1.89, 5.18, 4.73, 3.40, 4.95, 4.67, 5.03, 4.83, 4.54, 4.88, 2.01, 4.53, 4.55, 2.05, 4.88, 1.36, 5.04, 1.11, 5.50, 3.40, 5.48, 4.71, 4.29, 2.67, 4.59, 4.48, 4.71, 5.10, 3.60, 5.64, 5.21, 4.70, 3.30, 4.21, 4.38, 3.25, 4.26, 5.75, 4.81, 4.66, 2.90],
  tjk_214 = [2.56, 1.13, 3.37, 1.01, 0.97, 1.16, 1.01, 4.90, 1.02, 1.16, 1.04, 1.02, 1.12, 3.06, 1.40, 1.05, 1.45, 0.93, 0.96, 2.09, 1.08, 1.05, 0.80, 1.10, 4.17, 1.13, 1.00, 1.20, 1.01, 3.05, 1.13, 1.05, 0.95, 1.15, 0.97, 0.87, 2.78, 1.03, 3.46, 3.60, 4.68, 2.51, 0.94, 1.17, 3.49, 1.00, 0.95, 1.13, 1.17, 3.79],
  tjk_215 = [1.77, 2.96, 3.01, 3.37, 3.05, 1.73, 2.89, 2.88, 2.76, 1.84, 3.18, 3.01, 2.99, 3.65, 3.00, 3.29, 4.39, 2.71, 2.09, 3.09, 4.56, 2.37, 2.80, 2.95, 3.85, 3.31, 3.38, 3.89, 3.32, 3.53, 2.64, 2.84, 3.25, 3.44, 2.97, 3.40, 2.68, 3.20, 3.21, 4.63, 2.09, 4.04, 3.98, 2.72, 3.82, 1.08, 3.42, 3.05, 3.01, 2.78],
  tjk_216 = [4.44, 4.68, 4.78, 1.06, 4.14, 5.43, 4.92, 5.64, 5.34, 5.14, 4.09, 2.31, 5.59, 5.28, 5.32, 1.61, 2.11, 5.31, 2.61, 3.17, 5.31, 5.19, 4.25, 4.41, 4.31, 5.73, 5.56, 3.49, 5.18, 2.05, 4.92, 3.98, 4.90, 4.60, 5.21, 5.76, 4.20, 3.43, 5.05, 1.41, 4.94, 4.99, 5.09, 4.38, 5.05, 5.55, 4.71, 5.31, 5.51, 5.30],
  tjk_217 = [2.08, 1.80, 1.70, 2.03, 1.94, 4.58, 1.98, 2.59, 2.28, 1.10, 2.00, 2.27, 1.98, 2.24, 2.12, 3.46, 1.90, 1.97, 2.05, 4.53, 2.34, 2.14, 1.97, 3.10, 1.56, 2.59, 2.16, 4.41, 1.74, 2.16, 2.00, 2.74, 2.18, 1.68, 2.20, 4.72, 3.30, 1.78, 1.66, 1.96, 3.09, 2.01, 3.76, 2.01, 1.19, 1.40, 2.40, 2.12, 2.11, 1.81],
  tjk_218 = [1.04, 0.82, 4.21, 1.13, 1.08, 0.95, 0.99, 0.94, 4.84, 4.87, 0.90, 1.09, 1.01, 1.15, 1.07, 1.02, 4.02, 1.02, 0.96, 1.03, 1.61, 0.96, 1.05, 0.88, 1.15, 1.21, 1.29, 1.07, 0.91, 3.16, 1.17, 2.28, 1.11, 1.00, 3.02, 1.01, 1.04, 1.05, 0.86, 1.29, 0.87, 1.94, 2.24, 1.01, 0.86, 0.97, 4.03, 0.91, 0.99, 1.03],
  tjk_219 = [1.84, 1.04, 0.86, 3.44, 1.04, 1.11, 1.07, 1.04, 0.90, 1.09, 0.86, 1.08, 0.97, 0.99, 0.94, 1.17, 3.80, 0.86, 1.38, 1.08, 1.01, 0.92, 4.44, 4.32, 1.03, 2.54, 1.04, 0.93, 1.01, 1.08, 1.02, 2.05, 0.91, 2.78, 0.96, 1.02, 1.05, 0.92, 0.98, 1.07, 1.04, 3.00, 2.98, 0.93, 1.01, 0.98, 1.00, 2.05, 0.87, 2.80],
  tjk_2110 = [1.16, 3.30, 1.01, 1.09, 0.79, 0.99, 1.82, 0.95, 0.77, 1.84, 4.55, 0.96, 1.20, 1.33, 1.08, 0.91, 0.88, 4.59, 1.05, 0.82, 0.99, 3.74, 0.95, 3.45, 0.83, 1.10, 2.36, 2.54, 3.08, 1.10, 0.83, 1.26, 1.09, 4.35, 1.05, 1.04, 1.08, 1.02, 1.07, 1.38, 4.92, 0.96, 0.82, 2.52, 2.79, 1.04, 3.33, 1.03, 0.96, 1.03],
  tjk_2111 = [3.34, 2.98, 3.23, 1.73, 2.28, 2.97, 2.78, 2.78, 2.43, 3.19, 2.91, 3.02, 3.21, 2.91, 2.82, 2.58, 3.21, 2.88, 3.53, 3.11, 3.01, 3.55, 3.40, 3.02, 3.59, 1.71, 2.52, 2.83, 2.95, 2.58, 2.87, 3.26, 3.87, 3.17, 4.26, 2.87, 3.16, 2.49, 2.63, 2.90, 2.91, 1.98, 2.89, 4.47, 1.18, 2.90, 2.69, 3.89, 3.40, 3.30],
  tjk_2112 = [3.62, 4.65, 5.23, 5.39, 1.19, 3.93, 5.03, 5.56, 5.32, 4.06, 4.94, 3.23, 5.13, 1.63, 4.97, 5.61, 4.88, 5.76, 4.39, 4.48, 5.70, 5.04, 5.12, 1.63, 5.55, 4.81, 4.55, 3.05, 4.96, 4.82, 4.24, 4.96, 4.16, 5.42, 4.54, 5.55, 4.90, 5.33, 5.46, 4.87, 5.27, 4.80, 4.89, 4.83, 5.33, 5.44, 5.08, 5.60, 5.81, 5.23],
  tjk_2113 = [2.04, 1.95, 1.70, 2.26, 4.52, 2.13, 1.86, 4.06, 1.98, 2.11, 4.67, 1.86, 1.97, 1.75, 2.11, 2.46, 2.26, 2.09, 2.15, 4.82, 4.47, 4.02, 2.17, 1.86, 2.11, 4.83, 2.07, 2.01, 2.22, 3.24, 1.75, 4.60, 2.24, 1.99, 1.83, 4.48, 4.40, 2.30, 2.49, 2.16, 2.05, 1.82, 1.68, 1.64, 3.07, 1.73, 4.56, 2.72, 1.85, 1.69],
  tjk_2114 = [3.48, 4.62, 2.05, 1.36, 1.95, 1.82, 1.41, 1.80, 2.83, 1.78, 3.52, 1.30, 3.58, 1.83, 2.16, 3.06, 2.37, 2.86, 1.77, 2.51, 2.04, 3.88, 1.93, 1.83, 2.13, 1.72, 4.08, 1.87, 2.08, 2.13, 2.19, 1.80, 2.17, 2.07, 1.72, 2.18, 1.88, 2.00, 1.56, 1.86, 3.52, 2.18, 2.51, 2.05, 1.84, 1.93, 2.06, 1.80, 1.77, 2.46],
  tjk_2115 = [5.66, 3.77, 4.43, 2.72, 4.92, 6.02, 5.69, 4.36, 4.52, 5.24, 4.98, 4.86, 4.52, 4.82, 2.36, 4.97, 5.17, 2.20, 6.12, 5.03, 3.37, 4.71, 4.72, 3.00, 2.86, 5.38, 5.15, 1.66, 4.75, 6.20, 3.88, 4.98, 4.57, 4.66, 3.89, 5.10, 5.08, 4.92, 3.13, 4.45, 5.26, 5.77, 4.88, 5.48, 5.46, 3.16, 2.46, 4.00, 5.14, 4.98],
  tjk_2116 = [3.48, 2.44, 2.75, 1.83, 1.51, 2.74, 2.84, 2.28, 3.66, 3.30, 2.19, 3.31, 1.17, 3.47, 2.87, 2.81, 3.94, 3.46, 3.11, 2.48, 3.02, 2.30, 2.83, 1.04, 2.56, 3.45, 3.66, 3.19, 2.65, 1.13, 2.95, 3.45, 2.93, 2.52, 2.77, 3.07, 2.20, 3.13, 2.87, 3.58, 2.49, 2.98, 2.79, 4.64, 4.57, 3.18, 3.36, 2.94, 2.87, 2.80],
  tjk_2117 = [2.18, 1.28, 1.93, 1.75, 3.32, 2.18, 4.61, 3.80, 1.73, 2.04, 1.21, 1.84, 1.95, 1.16, 1.82, 4.98, 1.92, 3.50, 2.12, 1.98, 2.03, 1.89, 1.85, 4.73, 3.13, 2.83, 2.05, 4.01, 4.77, 2.19, 4.99, 1.36, 1.96, 1.95, 3.80, 3.39, 1.30, 2.60, 2.12, 2.08, 2.29, 1.41, 1.59, 2.35, 1.76, 2.05, 1.86, 1.86, 2.23, 1.82],
  tjk_2118 = [4.36, 3.32, 3.18, 2.85, 1.63, 2.89, 3.25, 3.38, 3.79, 3.59, 3.33, 2.72, 2.55, 3.22, 2.91, 2.45, 2.96, 1.01, 3.36, 2.97, 3.40, 2.87, 2.83, 4.41, 3.26, 2.31, 2.65, 3.15, 3.65, 3.68, 3.18, 3.81, 1.08, 2.98, 3.36, 3.08, 3.22, 3.41, 1.83, 3.07, 2.98, 2.90, 2.84, 3.00, 1.60, 1.17, 3.70, 3.14, 3.63, 1.14],
  tjk_2119 = [1.63, 2.13, 2.64, 1.95, 2.02, 4.38, 2.20, 2.04, 1.81, 2.84, 2.13, 1.16, 1.90, 1.76, 2.08, 1.93, 1.87, 1.99, 1.62, 1.86, 2.19, 2.16, 3.55, 2.13, 3.53, 4.93, 4.17, 2.14, 2.06, 1.31, 4.20, 2.97, 1.88, 2.11, 2.26, 1.92, 2.26, 2.14, 1.88, 1.71, 1.86, 2.08, 2.36, 4.35, 2.13, 1.74, 2.02, 1.53, 1.90, 4.26],
  tjk_2120 = [1.09, 0.83, 4.86, 1.02, 0.96, 3.81, 0.96, 1.10, 2.31, 4.35, 1.58, 1.22, 1.04, 0.88, 1.17, 0.90, 2.71, 0.88, 0.89, 1.03, 1.08, 2.68, 4.17, 1.08, 4.63, 1.04, 4.47, 0.94, 1.56, 1.07, 0.90, 0.93, 1.02, 3.75, 1.36, 0.96, 1.09, 1.36, 0.96, 1.07, 0.98, 1.06, 1.05, 3.91, 3.61, 0.91, 4.26, 1.01, 1.01, 3.42],
  tjk_221 = [2.42, 2.10, 4.29, 1.27, 3.81, 4.58, 1.06, 4.42, 0.99, 3.03, 0.86, 1.16, 1.01, 0.95, 1.00, 0.86, 2.09, 3.26, 4.67, 2.87, 3.38, 4.30, 1.02, 1.06, 0.94, 1.08, 1.12, 3.45, 1.07, 0.87, 1.02, 1.07, 0.97, 1.06, 2.66, 2.31, 4.65, 1.13, 4.18, 1.00, 2.20, 3.36, 1.02, 1.88, 2.72, 3.48, 2.67, 4.97, 3.25, 0.89],
  tjk_222 = [4.77, 4.69, 3.06, 3.91, 4.21, 4.46, 3.52, 4.92, 4.69, 1.93, 4.78, 4.69, 1.14, 4.28, 3.47, 4.15, 1.54, 4.67, 3.52, 4.11, 4.11, 4.02, 3.95, 4.05, 3.65, 3.83, 4.09, 3.71, 4.12, 1.46, 4.14, 4.48, 4.52, 4.07, 4.43, 3.66, 3.96, 3.51, 3.68, 3.93, 1.19, 4.25, 3.98, 3.61, 4.33, 1.38, 4.12, 4.57, 4.08, 4.00],
  tjk_223 = [1.95, 3.73, 2.04, 1.65, 4.48, 2.45, 1.22, 1.60, 1.95, 3.48, 3.20, 1.13, 1.90, 1.83, 1.09, 1.76, 1.91, 2.03, 1.83, 1.67, 1.88, 4.48, 2.14, 1.82, 4.83, 2.47, 2.20, 1.44, 3.40, 1.92, 1.83, 2.05, 2.16, 2.30, 1.96, 1.92, 1.98, 1.15, 2.07, 1.95, 3.07, 3.14, 1.93, 1.72, 1.81, 1.82, 3.18, 2.10, 4.86, 2.10],
  tjk_224 = [2.41, 1.23, 2.50, 3.08, 1.97, 3.02, 3.65, 2.45, 2.07, 3.30, 2.67, 2.65, 2.43, 3.06, 4.21, 3.02, 4.41, 3.54, 2.85, 3.34, 3.81, 2.98, 2.35, 2.81, 3.32, 2.93, 3.21, 2.79, 2.92, 2.95, 3.38, 1.05, 3.49, 1.02, 2.60, 2.73, 3.29, 2.58, 3.17, 4.95, 2.49, 2.64, 2.79, 3.11, 2.56, 2.76, 3.64, 2.70, 3.24, 1.03],
  tjk_225 = [4.93, 5.03, 5.17, 5.32, 5.67, 3.96, 4.84, 5.18, 2.41, 3.70, 5.74, 5.38, 1.11, 3.48, 2.04, 3.34, 4.93, 1.12, 5.52, 4.50, 4.98, 4.94, 5.36, 4.87, 4.70, 4.32, 1.46, 4.77, 3.17, 2.60, 1.12, 4.45, 6.53, 4.50, 1.63, 4.72, 5.18, 3.62, 4.28, 4.83, 4.70, 5.77, 5.14, 4.66, 5.25, 5.55, 4.72, 5.42, 5.23, 4.87],
  tjk_226 = [4.27, 5.28, 5.80, 3.21, 3.11, 4.88, 4.94, 4.63, 6.02, 4.58, 4.66, 4.81, 4.86, 5.94, 1.59, 3.70, 4.67, 5.83, 3.80, 2.29, 3.81, 4.77, 4.68, 3.21, 4.32, 5.08, 5.77, 4.91, 4.27, 4.88, 4.30, 4.71, 3.49, 2.80, 4.98, 5.91, 4.17, 4.51, 1.33, 1.49, 4.66, 4.25, 4.84, 5.11, 1.83, 5.78, 4.60, 4.74, 5.34, 1.80],
  tjk_227 = [2.02, 4.04, 3.10, 3.07, 2.94, 3.97, 3.11, 4.31, 2.93, 3.23, 4.19, 3.43, 3.06, 3.11, 2.65, 1.83, 3.34, 3.02, 3.22, 2.47, 3.27, 3.00, 3.22, 2.85, 3.51, 2.96, 2.64, 3.91, 3.06, 3.01, 3.84, 1.42, 2.49, 4.93, 3.20, 2.30, 3.10, 1.42, 4.89, 3.38, 2.66, 4.20, 1.65, 4.49, 2.80, 3.11, 2.72, 1.75, 4.94, 2.93],
  tjk_228 = [1.81, 4.48, 2.72, 4.62, 4.94, 1.44, 3.19, 4.97, 4.79, 4.31, 6.51, 5.39, 5.36, 5.31, 5.74, 4.29, 4.17, 5.30, 5.77, 3.41, 4.37, 5.09, 5.24, 3.09, 4.96, 4.53, 4.00, 5.13, 5.18, 4.30, 5.11, 4.94, 4.35, 4.98, 2.98, 1.11, 6.17, 1.74, 5.48, 1.48, 5.68, 6.02, 5.14, 1.30, 5.97, 1.78, 4.75, 4.66, 4.69, 4.82],
  tjk_229 = [3.26, 3.08, 4.46, 1.15, 2.83, 3.26, 3.24, 2.78, 3.00, 3.27, 3.27, 2.85, 4.15, 4.59, 4.61, 3.33, 2.89, 1.38, 2.51, 3.39, 2.96, 2.68, 3.25, 4.62, 3.37, 2.18, 4.89, 3.08, 3.67, 3.26, 1.24, 2.84, 3.13, 3.20, 3.21, 3.91, 2.80, 2.20, 3.08, 2.88, 2.96, 2.72, 3.24, 2.86, 1.64, 2.90, 3.00, 3.09, 2.67, 3.38],
  tjk_2210 = [1.69, 3.52, 2.16, 2.20, 1.81, 2.04, 2.14, 1.97, 2.11, 4.72, 1.96, 1.96, 2.28, 2.04, 2.03, 1.88, 2.03, 3.92, 1.68, 2.08, 2.05, 1.82, 1.76, 2.11, 1.87, 2.18, 4.81, 2.21, 2.01, 2.00, 1.90, 2.09, 1.82, 3.03, 2.11, 3.43, 1.97, 1.66, 2.18, 1.73, 1.76, 2.02, 4.67, 2.32, 2.19, 2.05, 4.22, 1.52, 1.92, 2.32],
  tjk_2211 = [2.72, 1.65, 3.00, 2.88, 2.83, 2.70, 3.62, 2.88, 3.03, 3.57, 3.50, 2.73, 2.67, 3.43, 2.79, 3.34, 2.86, 2.99, 3.14, 3.71, 3.25, 2.93, 4.64, 3.54, 3.56, 2.61, 4.15, 3.64, 3.70, 4.94, 3.21, 3.05, 1.79, 2.70, 2.67, 3.71, 2.60, 3.44, 2.46, 2.84, 3.40, 4.95, 3.16, 2.67, 2.91, 3.08, 2.79, 2.76, 2.89, 3.14],
  tjk_2212 = [2.42, 1.10, 3.11, 3.04, 1.00, 3.30, 3.28, 3.06, 2.63, 4.20, 2.73, 1.17, 2.98, 2.96, 3.09, 4.45, 3.51, 2.99, 2.80, 3.03, 3.43, 2.81, 2.89, 3.06, 3.14, 3.07, 3.07, 1.39, 3.26, 3.36, 2.99, 2.67, 3.22, 3.74, 4.80, 2.83, 3.03, 3.06, 2.00, 3.35, 2.95, 1.74, 4.42, 2.66, 2.02, 3.01, 4.08, 4.76, 2.84, 2.98],
  tjk_2213 = [5.10, 2.16, 4.93, 5.18, 5.31, 5.88, 2.78, 2.35, 5.13, 5.30, 5.05, 5.06, 5.89, 4.83, 4.51, 4.16, 4.87, 5.28, 4.30, 4.53, 3.78, 5.57, 4.54, 4.62, 2.14, 4.30, 5.02, 4.69, 5.08, 2.15, 5.07, 4.78, 5.16, 1.90, 2.99, 4.09, 4.63, 2.66, 5.75, 4.98, 3.88, 5.70, 4.50, 4.69, 6.20, 5.75, 5.37, 4.50, 4.90, 1.70],
  tjk_2214 = [3.40, 3.14, 3.24, 3.59, 2.00, 1.18, 3.63, 3.51, 3.41, 4.24, 4.84, 3.64, 3.44, 4.36, 4.15, 3.27, 4.07, 4.94, 3.34, 4.22, 3.77, 4.14, 3.88, 4.30, 2.19, 1.93, 5.00, 3.99, 4.06, 3.81, 4.02, 3.50, 2.58, 4.29, 4.52, 3.31, 4.51, 1.25, 2.94, 2.52, 3.69, 4.30, 1.05, 4.91, 4.24, 2.20, 3.91, 1.38, 4.00, 1.17],
  tjk_2215 = [4.47, 4.33, 1.82, 3.62, 1.91, 4.72, 4.84, 4.79, 5.50, 5.26, 5.70, 4.88, 5.39, 5.65, 4.72, 5.03, 3.85, 2.90, 5.18, 4.79, 4.42, 3.71, 5.72, 5.35, 4.27, 4.82, 5.29, 5.21, 5.34, 5.07, 4.38, 3.48, 4.10, 5.70, 5.04, 2.04, 3.41, 4.40, 6.01, 1.10, 5.41, 5.55, 2.82, 1.80, 5.21, 1.03, 5.28, 4.01, 4.08, 4.44],
  tjk_2216 = [1.98, 1.53, 1.96, 1.83, 1.75, 1.65, 2.37, 1.31, 1.96, 1.85, 1.87, 2.33, 2.27, 2.31, 1.84, 2.22, 2.09, 1.95, 3.56, 1.89, 1.89, 2.12, 1.75, 2.26, 1.68, 2.03, 2.03, 2.67, 1.95, 1.86, 2.23, 1.72, 4.83, 1.83, 2.74, 2.05, 4.48, 1.52, 2.00, 2.23, 1.81, 2.06, 2.02, 2.20, 3.66, 3.63, 4.93, 1.89, 1.99, 2.96],
  tjk_2217 = [4.12, 4.69, 4.76, 4.00, 4.39, 5.52, 4.78, 4.91, 4.33, 4.63, 5.19, 4.00, 4.92, 4.38, 4.68, 1.74, 3.80, 5.49, 2.97, 5.95, 5.71, 5.67, 5.41, 4.77, 3.76, 5.13, 4.32, 5.15, 4.95, 4.91, 4.43, 5.01, 2.88, 4.46, 3.82, 2.67, 5.45, 2.59, 5.78, 4.64, 4.65, 5.24, 4.43, 4.65, 2.64, 6.05, 2.71, 5.02, 4.87, 5.16],
  tjk_2218 = [4.30, 3.98, 1.38, 2.41, 4.40, 2.60, 2.78, 2.53, 1.10, 2.94, 1.25, 3.07, 3.05, 2.83, 2.63, 2.73, 3.12, 3.70, 3.35, 4.17, 1.76, 3.45, 1.05, 2.73, 4.67, 4.94, 2.54, 1.22, 2.67, 2.71, 4.73, 2.45, 3.08, 3.29, 2.95, 3.00, 3.01, 2.59, 1.36, 3.47, 2.60, 3.23, 4.48, 4.77, 3.38, 3.05, 2.77, 3.12, 3.29, 1.22],
  tjk_2219 = [0.94, 1.18, 2.53, 2.96, 2.17, 0.97, 0.94, 0.89, 2.24, 1.04, 1.81, 4.85, 0.99, 3.80, 0.89, 1.05, 1.02, 1.00, 3.48, 1.10, 1.01, 0.98, 4.90, 0.83, 0.79, 1.00, 1.14, 3.76, 1.06, 4.59, 1.09, 1.15, 0.92, 1.16, 1.09, 1.41, 0.98, 0.89, 0.99, 0.92, 3.66, 1.16, 0.93, 1.01, 0.88, 0.95, 0.93, 1.04, 4.82, 0.82],
  tjk_2220 = [1.68, 2.10, 1.86, 2.19, 2.96, 1.94, 1.91, 1.54, 1.87, 1.91, 4.20, 3.17, 3.58, 2.17, 4.77, 3.91, 2.19, 1.62, 2.04, 4.88, 2.48, 1.38, 2.01, 2.19, 2.24, 1.82, 1.04, 2.47, 1.88, 4.95, 4.79, 2.01, 3.28, 1.95, 1.84, 1.02, 1.68, 4.91, 2.04, 3.04, 3.87, 2.18, 2.02, 1.86, 1.92, 4.29, 2.17, 2.19, 2.31, 3.35],
  tjk_231 = [4.64, 5.62, 4.31, 3.55, 1.60, 5.01, 2.58, 5.42, 4.11, 3.48, 3.97, 1.73, 4.93, 4.87, 1.18, 4.36, 4.69, 5.25, 4.83, 3.94, 5.10, 4.12, 5.65, 4.60, 5.04, 1.95, 4.56, 5.25, 2.46, 4.98, 5.03, 1.69, 2.12, 4.17, 5.40, 6.40, 3.67, 2.92, 5.40, 2.27, 1.03, 1.10, 6.05, 3.88, 5.48, 4.19, 5.38, 4.91, 4.78, 5.00],
  tjk_232 = [1.09, 0.94, 1.31, 4.20, 1.13, 1.07, 0.91, 3.73, 1.15, 0.94, 1.09, 1.17, 0.97, 2.07, 0.88, 1.95, 0.82, 0.86, 1.26, 1.02, 1.04, 1.16, 0.93, 1.04, 1.09, 0.93, 1.03, 1.11, 0.79, 4.66, 4.40, 0.84, 1.10, 0.87, 0.89, 0.87, 0.98, 0.92, 1.09, 2.22, 1.10, 0.80, 1.02, 0.96, 0.92, 1.05, 4.09, 1.18, 0.98, 1.08],
  tjk_233 = [5.52, 4.81, 1.95, 3.05, 5.65, 5.12, 5.00, 5.55, 3.04, 5.14, 4.30, 2.40, 5.29, 3.72, 3.98, 5.05, 5.89, 1.15, 4.54, 4.55, 2.28, 1.54, 4.81, 5.00, 5.39, 2.59, 5.20, 2.10, 5.28, 5.57, 4.74, 4.87, 4.84, 5.08, 5.11, 4.20, 4.16, 4.95, 5.23, 3.42, 5.07, 4.25, 4.75, 3.57, 4.82, 5.76, 2.42, 4.00, 5.00, 6.14],
  tjk_234 = [3.21, 2.83, 4.18, 1.38, 2.89, 3.28, 2.73, 2.24, 3.32, 2.70, 3.30, 3.00, 3.00, 2.62, 2.79, 2.88, 2.91, 2.44, 3.17, 3.33, 2.99, 1.38, 2.78, 2.83, 2.60, 3.22, 2.67, 2.97, 2.82, 1.47, 2.13, 1.89, 3.31, 3.11, 2.94, 2.13, 4.27, 1.69, 1.96, 3.01, 2.28, 2.64, 3.24, 3.34, 2.87, 3.37, 2.84, 4.47, 2.79, 2.92],
  tjk_235 = [3.45, 3.04, 2.79, 3.27, 3.33, 3.98, 2.52, 2.94, 3.10, 3.25, 3.58, 3.08, 4.94, 3.66, 2.90, 3.35, 3.62, 2.79, 2.84, 3.33, 2.84, 3.27, 3.37, 2.84, 2.75, 3.21, 2.90, 2.78, 2.71, 3.19, 2.39, 2.18, 2.93, 4.06, 3.06, 3.12, 3.03, 2.93, 2.98, 2.84, 2.49, 2.86, 3.02, 4.29, 1.87, 2.08, 2.96, 3.15, 2.64, 2.41],
  tjk_236 = [1.81, 1.95, 2.50, 1.83, 1.90, 1.84, 1.88, 2.03, 2.13, 1.87, 3.49, 2.06, 2.08, 2.13, 2.52, 2.01, 1.11, 2.00, 1.85, 2.02, 1.91, 1.80, 3.73, 2.08, 1.94, 2.16, 3.25, 2.60, 2.16, 1.17, 1.80, 2.17, 2.25, 1.31, 1.93, 1.91, 1.88, 2.24, 1.74, 2.04, 2.29, 2.32, 1.95, 1.85, 1.66, 2.14, 2.23, 4.06, 1.74, 2.01],
  tjk_237 = [1.06, 1.21, 1.74, 4.14, 2.00, 2.15, 2.12, 2.02, 1.88, 2.21, 4.21, 2.08, 2.20, 2.00, 4.94, 2.02, 1.65, 2.29, 3.79, 2.46, 1.94, 2.46, 1.90, 2.14, 2.42, 4.30, 2.00, 2.09, 2.37, 1.75, 1.87, 2.02, 3.50, 4.04, 2.37, 2.11, 1.02, 3.07, 1.81, 3.87, 2.00, 1.79, 2.37, 1.27, 3.88, 2.47, 2.03, 2.05, 1.84, 2.01],
  tjk_238 = [1.17, 2.72, 5.44, 3.46, 6.24, 4.39, 5.70, 4.54, 4.77, 4.76, 2.71, 3.47, 5.31, 5.81, 3.20, 3.43, 4.63, 5.64, 4.42, 5.42, 4.87, 5.18, 4.95, 5.40, 5.57, 5.80, 4.91, 3.92, 5.98, 4.13, 5.23, 4.75, 5.17, 4.85, 5.63, 4.59, 4.45, 4.72, 4.12, 4.35, 5.43, 6.20, 5.52, 5.46, 5.06, 5.75, 5.82, 1.39, 5.80, 3.95],
  tjk_239 = [4.95, 4.41, 3.09, 2.78, 3.02, 3.60, 2.74, 2.59, 3.05, 3.12, 4.50, 2.24, 2.56, 3.17, 3.15, 3.84, 2.90, 3.30, 4.60, 2.50, 4.40, 3.61, 3.38, 3.87, 4.19, 3.48, 3.03, 2.99, 2.57, 3.32, 1.30, 2.33, 3.27, 2.75, 2.96, 2.94, 2.89, 2.77, 3.03, 4.64, 1.39, 3.12, 2.92, 2.96, 2.95, 2.65, 2.86, 3.00, 3.19, 3.21],
  tjk_2310 = [1.05, 1.04, 1.11, 1.00, 4.73, 1.02, 1.08, 0.96, 3.45, 2.71, 0.89, 0.96, 1.20, 0.93, 0.87, 1.05, 0.99, 0.88, 0.98, 0.97, 4.94, 0.85, 1.00, 0.93, 4.76, 0.97, 3.81, 1.28, 2.69, 0.98, 0.98, 3.17, 4.26, 0.99, 4.23, 0.92, 0.95, 0.86, 2.69, 1.03, 4.35, 3.73, 1.13, 1.06, 0.69, 0.87, 0.92, 1.09, 0.92, 1.13],
  tjk_2311 = [2.05, 2.20, 1.71, 1.66, 2.02, 2.71, 4.07, 2.68, 2.40, 1.98, 1.91, 2.24, 2.57, 1.89, 2.05, 1.64, 1.97, 4.57, 1.82, 2.06, 2.12, 2.33, 2.22, 2.22, 2.32, 1.88, 2.05, 2.00, 1.58, 2.43, 4.43, 1.98, 2.07, 2.11, 4.06, 2.00, 2.63, 2.00, 4.23, 1.84, 1.85, 1.75, 3.68, 4.85, 4.63, 2.09, 1.97, 2.10, 2.49, 1.62],
  tjk_2312 = [2.95, 2.43, 2.23, 1.99, 2.40, 2.34, 1.87, 4.22, 2.45, 4.88, 1.57, 1.85, 2.05, 2.49, 3.97, 1.08, 2.05, 2.35, 2.02, 3.94, 1.61, 3.83, 3.76, 4.91, 2.02, 2.49, 1.64, 1.96, 2.17, 1.12, 2.14, 2.77, 2.12, 2.70, 1.98, 2.65, 1.85, 2.24, 1.90, 1.77, 1.67, 1.31, 2.16, 2.22, 4.42, 1.85, 1.76, 4.70, 1.89, 1.91],
  tjk_2313 = [4.50, 1.33, 4.04, 3.60, 4.20, 4.44, 1.04, 4.29, 3.52, 4.33, 4.94, 3.75, 2.71, 3.46, 4.98, 2.46, 2.36, 2.25, 3.70, 3.80, 3.11, 4.20, 1.73, 3.39, 4.52, 4.37, 4.08, 4.01, 4.11, 1.78, 3.61, 3.74, 3.86, 4.02, 4.17, 4.07, 3.89, 3.86, 3.48, 4.33, 1.86, 3.50, 4.27, 4.34, 1.87, 3.59, 2.75, 3.29, 2.43, 4.64],
  tjk_2314 = [2.24, 2.36, 2.45, 1.07, 1.36, 1.91, 2.29, 1.98, 2.02, 2.02, 4.89, 1.67, 2.30, 2.00, 3.64, 2.08, 1.99, 1.97, 2.44, 3.32, 2.07, 1.95, 1.94, 2.08, 1.94, 2.25, 1.96, 3.09, 4.12, 1.98, 2.04, 1.95, 2.72, 2.06, 1.76, 1.82, 2.17, 2.50, 2.16, 1.94, 2.11, 2.37, 2.46, 2.15, 2.18, 1.83, 3.16, 1.76, 1.94, 1.79],
  tjk_2315 = [2.08, 2.32, 1.91, 2.04, 2.63, 4.69, 1.55, 1.87, 4.38, 1.94, 1.85, 1.64, 1.71, 2.25, 2.76, 1.76, 1.97, 4.93, 1.96, 1.73, 3.31, 2.07, 2.25, 1.92, 2.37, 1.96, 1.66, 1.89, 2.77, 3.44, 4.38, 2.40, 2.00, 1.90, 2.08, 2.06, 2.35, 1.82, 2.16, 2.52, 1.82, 1.79, 1.71, 2.52, 1.76, 4.02, 1.30, 3.77, 1.80, 4.53],
  tjk_2316 = [3.63, 1.06, 4.65, 0.95, 1.44, 1.23, 4.95, 1.07, 1.04, 1.11, 0.84, 0.95, 0.98, 1.07, 0.91, 1.26, 1.10, 3.41, 1.02, 0.87, 4.26, 0.95, 3.97, 0.89, 0.90, 1.44, 1.12, 0.93, 1.06, 2.16, 0.75, 0.98, 0.96, 4.59, 1.14, 1.07, 4.69, 4.86, 0.98, 1.08, 1.07, 1.06, 1.71, 0.86, 1.05, 4.47, 1.12, 1.03, 3.80, 1.05],
  tjk_2317 = [3.00, 3.15, 3.39, 3.51, 3.05, 2.14, 2.72, 3.01, 2.89, 3.26, 1.37, 3.60, 2.97, 2.80, 3.51, 3.52, 3.41, 3.46, 3.12, 3.02, 3.18, 2.68, 3.63, 3.17, 3.26, 3.61, 2.90, 3.39, 2.73, 3.28, 3.11, 2.41, 2.93, 2.69, 2.99, 2.99, 2.56, 3.23, 2.78, 2.59, 3.73, 3.26, 2.92, 3.19, 3.05, 2.88, 2.88, 3.38, 3.11, 2.79],
  tjk_2318 = [3.35, 4.11, 4.77, 4.11, 1.77, 4.45, 1.29, 3.20, 2.62, 3.33, 4.58, 5.14, 4.14, 4.80, 4.38, 3.76, 2.81, 3.66, 4.01, 4.55, 1.74, 2.69, 3.72, 4.22, 3.77, 2.44, 3.87, 4.48, 4.85, 1.62, 3.33, 3.83, 4.02, 3.54, 1.03, 4.68, 4.21, 4.20, 3.64, 3.51, 1.09, 1.18, 4.19, 2.61, 1.09, 3.58, 3.51, 3.41, 1.22, 3.24],
  tjk_2319 = [2.57, 3.06, 1.61, 3.25, 1.28, 3.05, 3.33, 2.88, 3.39, 3.32, 1.13, 2.36, 2.88, 2.86, 2.76, 2.76, 2.67, 2.47, 2.77, 2.60, 1.76, 3.20, 2.72, 2.85, 3.23, 3.01, 3.16, 3.29, 4.60, 3.01, 4.83, 2.84, 3.56, 2.96, 3.15, 3.17, 3.28, 3.65, 2.67, 3.24, 2.95, 2.66, 3.11, 2.86, 3.47, 2.86, 3.31, 2.75, 2.77, 2.71],
  tjk_2320 = [4.67, 1.40, 2.95, 3.00, 3.29, 4.05, 3.06, 2.53, 2.60, 2.65, 2.69, 3.22, 3.11, 3.20, 3.05, 3.09, 3.40, 2.07, 3.06, 3.11, 3.01, 2.85, 2.83, 3.00, 3.40, 3.96, 3.37, 2.85, 3.08, 2.99, 3.13, 2.67, 1.09, 2.72, 2.60, 3.13, 3.36, 4.60, 2.41, 2.68, 4.42, 3.38, 2.76, 3.71, 3.04, 1.30, 3.13, 1.19, 2.83, 2.66],
  tjk_241 = [2.22, 1.96, 2.30, 1.20, 1.07, 1.82, 1.80, 3.82, 1.77, 2.27, 1.93, 2.10, 1.86, 2.05, 1.90, 1.46, 1.90, 1.72, 2.10, 2.13, 4.96, 2.10, 2.06, 4.38, 2.84, 1.75, 1.98, 1.92, 1.93, 2.34, 2.61, 1.95, 1.83, 2.08, 1.71, 2.10, 3.03, 2.42, 1.86, 1.92, 1.87, 1.56, 1.92, 2.51, 2.54, 2.14, 2.10, 1.75, 2.26, 2.22],
  tjk_242 = [1.23, 5.59, 4.90, 1.47, 5.52, 5.48, 3.08, 3.28, 4.79, 1.45, 2.64, 5.53, 4.65, 3.48, 3.99, 5.66, 4.79, 4.81, 4.95, 1.57, 4.32, 5.15, 3.97, 5.51, 2.91, 5.88, 4.82, 4.77, 4.48, 4.74, 5.59, 4.74, 3.01, 1.29, 1.97, 5.61, 4.94, 4.56, 4.92, 4.44, 4.11, 5.07, 3.79, 5.37, 4.99, 5.52, 5.08, 5.14, 4.62, 1.27],
  tjk_243 = [0.90, 1.01, 3.20, 1.26, 1.07, 0.95, 4.21, 2.80, 2.86, 0.83, 0.83, 1.14, 3.19, 1.20, 0.88, 0.93, 1.88, 0.94, 0.97, 3.54, 4.26, 0.98, 2.80, 0.93, 1.04, 1.12, 4.08, 0.89, 3.03, 0.85, 2.23, 2.50, 1.44, 1.03, 4.88, 1.01, 4.29, 3.61, 1.00, 0.89, 0.92, 1.10, 4.57, 0.96, 2.67, 0.91, 0.97, 3.97, 2.08, 1.24],
  tjk_244 = [1.73, 1.86, 2.03, 1.91, 2.27, 2.79, 2.37, 2.17, 3.93, 1.82, 1.22, 1.75, 1.74, 4.70, 1.71, 2.10, 2.12, 1.65, 1.42, 1.57, 1.18, 1.95, 1.76, 1.88, 2.01, 2.17, 2.80, 4.10, 2.04, 1.86, 4.57, 2.24, 2.02, 2.17, 2.31, 1.85, 2.10, 1.95, 2.06, 1.82, 1.65, 2.53, 2.20, 1.79, 3.67, 3.14, 2.00, 2.20, 1.93, 2.17],
  tjk_245 = [0.88, 0.96, 1.07, 1.01, 1.04, 1.11, 1.20, 1.13, 1.16, 0.95, 1.31, 3.61, 1.36, 1.15, 1.16, 0.89, 1.08, 0.80, 0.96, 0.94, 3.37, 1.01, 4.84, 3.85, 0.95, 1.12, 3.46, 1.07, 0.95, 1.56, 1.16, 0.91, 0.97, 1.08, 3.76, 1.15, 2.57, 1.15, 1.13, 1.05, 1.59, 1.60, 2.35, 0.97, 1.20, 1.05, 1.97, 0.88, 1.92, 0.99],
  tjk_246 = [2.85, 1.12, 1.06, 1.28, 1.06, 2.75, 0.96, 3.15, 2.07, 1.08, 4.01, 0.98, 1.24, 3.58, 1.01, 1.17, 3.53, 2.97, 1.06, 1.07, 1.22, 3.82, 1.10, 1.15, 1.04, 2.97, 0.99, 0.87, 4.22, 0.89, 1.36, 2.78, 0.92, 1.06, 0.99, 0.92, 0.93, 1.05, 1.00, 4.70, 1.03, 1.09, 1.79, 3.96, 1.07, 1.05, 0.96, 0.92, 0.99, 2.54],
  tjk_247 = [3.14, 2.57, 2.02, 4.85, 1.60, 2.20, 3.96, 2.07, 2.11, 1.98, 1.59, 2.10, 2.23, 2.07, 1.97, 1.99, 4.03, 2.06, 1.35, 2.23, 2.29, 4.63, 1.95, 1.81, 2.42, 1.84, 2.70, 2.15, 1.99, 4.58, 2.01, 2.07, 1.64, 2.04, 3.02, 3.68, 2.00, 1.75, 2.11, 2.08, 4.03, 3.11, 4.24, 2.22, 1.25, 3.84, 1.76, 1.93, 1.77, 1.44],
  tjk_248 = [4.62, 1.24, 3.71, 1.08, 1.11, 1.03, 1.10, 1.09, 0.81, 4.09, 0.92, 1.05, 2.86, 1.80, 0.97, 0.97, 3.42, 1.51, 0.95, 0.89, 0.96, 4.37, 1.15, 0.94, 0.95, 0.99, 0.93, 0.97, 1.04, 1.14, 2.52, 1.13, 1.27, 1.09, 1.00, 0.88, 1.17, 1.04, 1.04, 0.98, 1.29, 1.08, 1.03, 4.31, 1.12, 2.39, 3.41, 1.06, 0.95, 1.01],
  tjk_249 = [4.27, 4.72, 4.14, 1.13, 2.03, 2.64, 4.34, 1.46, 4.78, 3.78, 4.34, 4.19, 4.04, 4.06, 3.59, 3.97, 2.81, 3.65, 1.37, 4.13, 4.17, 4.46, 4.48, 3.57, 3.78, 3.26, 4.54, 3.11, 4.56, 2.91, 3.74, 4.07, 3.46, 3.93, 4.83, 2.40, 3.66, 4.54, 3.86, 4.35, 4.90, 4.03, 4.24, 3.94, 3.48, 3.50, 3.67, 1.47, 4.60, 1.55],
  tjk_2410 = [6.01, 4.54, 2.41, 1.63, 4.33, 5.16, 1.09, 3.97, 5.10, 6.00, 1.58, 5.42, 4.60, 4.03, 4.33, 5.20, 5.66, 3.93, 1.39, 5.45, 5.70, 1.51, 4.89, 5.76, 4.40, 5.21, 4.95, 5.02, 3.88, 5.54, 4.68, 2.62, 4.64, 5.87, 5.76, 4.49, 4.87, 2.34, 4.74, 4.95, 5.15, 4.38, 2.38, 5.24, 4.59, 3.69, 5.53, 4.67, 2.86, 5.16],
  tjk_2411 = [2.64, 1.95, 3.05, 2.54, 3.00, 2.80, 1.03, 2.74, 3.08, 3.56, 3.31, 2.69, 2.93, 3.38, 3.10, 3.40, 1.41, 2.57, 3.45, 3.17, 1.30, 1.13, 3.07, 3.53, 2.75, 3.10, 2.90, 2.45, 3.14, 3.06, 3.30, 4.74, 3.22, 2.81, 2.51, 4.18, 1.49, 2.56, 4.01, 3.01, 2.85, 3.01, 3.41, 2.96, 3.24, 3.38, 1.69, 2.80, 4.91, 3.92],
  tjk_2412 = [1.65, 0.94, 0.99, 1.33, 0.95, 0.90, 1.02, 2.03, 1.35, 0.91, 4.32, 1.24, 0.90, 1.03, 0.99, 1.00, 1.09, 1.58, 1.00, 1.65, 0.82, 1.13, 1.10, 1.09, 0.94, 0.96, 0.85, 3.63, 1.26, 1.01, 1.02, 1.40, 2.66, 1.03, 1.80, 1.20, 3.83, 0.82, 0.97, 1.02, 1.13, 1.11, 1.09, 3.27, 0.94, 4.68, 0.94, 1.06, 0.99, 4.40],
  tjk_2413 = [1.28, 3.50, 3.47, 4.42, 4.21, 3.71, 2.95, 3.92, 3.67, 4.32, 1.19, 4.50, 2.00, 1.92, 2.80, 4.06, 4.01, 2.09, 4.13, 3.99, 3.55, 4.48, 4.05, 1.97, 3.71, 3.96, 2.83, 4.56, 4.29, 4.04, 1.88, 4.18, 3.56, 4.03, 4.37, 2.22, 4.61, 3.26, 3.66, 4.80, 3.60, 3.43, 4.26, 3.77, 3.17, 2.18, 4.96, 3.21, 4.58, 3.82],
  tjk_2414 = [3.85, 2.86, 3.66, 3.84, 4.35, 3.16, 4.17, 3.76, 4.08, 1.67, 3.22, 3.80, 3.76, 3.43, 3.96, 3.13, 1.97, 4.21, 3.04, 1.15, 3.84, 4.70, 4.39, 3.97, 4.37, 3.80, 4.37, 4.40, 4.00, 4.46, 2.20, 4.50, 4.24, 3.73, 3.22, 4.15, 3.88, 3.32, 3.54, 4.10, 4.04, 1.01, 4.61, 3.69, 3.66, 2.28, 4.46, 4.42, 1.54, 4.64],
  tjk_2415 = [2.96, 2.68, 2.77, 3.37, 2.73, 3.18, 2.72, 3.25, 2.03, 2.03, 3.20, 2.90, 3.37, 2.79, 2.96, 3.12, 4.77, 1.14, 3.07, 2.74, 3.10, 1.24, 2.87, 4.35, 3.06, 2.88, 3.79, 3.55, 1.15, 2.43, 3.04, 3.26, 3.02, 4.08, 2.89, 2.77, 4.51, 3.22, 1.52, 3.37, 3.50, 3.15, 4.37, 3.11, 2.73, 3.22, 2.82, 4.50, 3.20, 3.15],
  tjk_2416 = [3.18, 1.87, 4.24, 1.68, 2.34, 1.85, 1.76, 1.97, 1.91, 1.98, 2.20, 2.15, 4.53, 2.56, 3.28, 2.05, 2.07, 1.93, 2.75, 1.67, 2.22, 2.05, 2.02, 4.88, 1.84, 2.09, 4.29, 3.59, 1.80, 2.13, 1.14, 3.57, 2.01, 2.04, 1.78, 2.12, 2.18, 2.04, 1.71, 2.05, 1.86, 1.96, 4.36, 1.77, 2.10, 1.61, 4.40, 2.24, 1.95, 1.87],
  tjk_2417 = [1.27, 1.04, 2.46, 1.05, 1.81, 2.97, 2.79, 2.73, 3.03, 3.25, 2.99, 2.92, 3.18, 3.14, 2.67, 3.28, 1.36, 3.02, 2.95, 3.73, 2.80, 3.05, 2.88, 3.14, 3.20, 3.40, 2.98, 2.83, 2.91, 3.18, 2.46, 2.97, 1.86, 3.25, 2.89, 3.33, 3.16, 4.13, 3.55, 2.85, 2.61, 2.29, 2.38, 2.71, 2.85, 4.96, 2.64, 2.70, 2.83, 1.84],
  tjk_2418 = [2.33, 4.56, 2.85, 2.80, 3.15, 2.58, 3.16, 3.13, 3.88, 2.99, 3.46, 1.08, 3.07, 2.96, 2.92, 2.93, 4.52, 4.17, 1.98, 3.05, 4.08, 2.72, 3.59, 3.32, 3.36, 4.20, 2.84, 3.51, 1.32, 2.74, 2.85, 3.08, 4.36, 4.14, 2.59, 3.32, 1.79, 1.50, 3.02, 2.63, 2.75, 2.86, 2.66, 3.11, 3.01, 2.89, 1.97, 3.47, 2.23, 2.95],
  tjk_2419 = [6.36, 5.78, 5.44, 5.20, 4.97, 4.76, 4.21, 4.78, 3.86, 4.99, 6.40, 4.82, 5.32, 1.40, 4.95, 3.90, 5.09, 5.33, 5.46, 2.79, 4.72, 1.98, 4.85, 2.80, 3.02, 4.52, 5.12, 1.86, 2.10, 3.94, 5.50, 4.73, 5.40, 1.09, 4.82, 4.10, 5.42, 2.94, 4.09, 1.24, 4.32, 5.67, 4.94, 1.66, 2.03, 5.21, 4.86, 3.55, 4.12, 4.24],
  tjk_2420 = [1.68, 1.13, 0.95, 3.32, 1.14, 1.05, 1.08, 1.07, 3.69, 0.99, 0.89, 3.56, 0.93, 3.27, 0.82, 0.98, 1.13, 4.69, 1.15, 1.01, 0.94, 0.85, 0.99, 4.23, 0.89, 1.05, 0.86, 1.04, 1.04, 1.03, 1.05, 1.02, 3.99, 0.90, 0.92, 1.10, 1.04, 2.01, 4.11, 0.95, 1.09, 0.76, 1.08, 0.85, 1.03, 1.01, 1.04, 1.07, 0.89, 4.36],
  tjk_251 = [3.73, 1.02, 4.26, 3.71, 3.64, 4.78, 3.86, 3.73, 4.35, 4.63, 4.37, 3.59, 4.00, 4.38, 3.99, 3.89, 5.05, 4.16, 1.51, 1.98, 3.82, 3.16, 4.15, 3.78, 4.14, 3.18, 1.70, 3.96, 3.85, 3.87, 1.53, 2.50, 4.35, 3.44, 4.15, 1.94, 4.34, 4.16, 4.16, 4.26, 4.24, 3.82, 3.74, 1.22, 1.93, 3.90, 4.06, 2.71, 3.51, 3.70],
  tjk_252 = [5.24, 4.99, 2.54, 5.99, 3.53, 4.81, 4.95, 1.00, 5.48, 4.39, 4.60, 4.63, 2.91, 6.40, 4.68, 6.67, 2.08, 5.42, 4.49, 4.28, 4.70, 4.72, 4.88, 4.17, 4.91, 4.09, 4.54, 4.64, 5.18, 4.88, 4.91, 5.54, 4.26, 5.71, 1.11, 4.90, 4.57, 4.34, 5.82, 5.01, 4.48, 2.60, 4.03, 4.78, 2.59, 2.35, 4.56, 3.58, 4.70, 4.82],
  tjk_253 = [1.91, 2.01, 4.20, 4.97, 3.96, 5.59, 5.34, 4.50, 4.84, 1.77, 3.51, 4.91, 2.05, 5.78, 1.74, 5.76, 4.47, 2.04, 3.65, 4.89, 5.17, 4.03, 4.16, 2.31, 4.48, 2.43, 2.82, 4.77, 4.61, 5.19, 5.70, 4.62, 4.92, 4.65, 1.48, 5.07, 4.74, 2.13, 4.79, 4.72, 2.27, 4.35, 5.51, 4.39, 1.53, 5.10, 5.20, 2.16, 5.37, 4.75],
  tjk_254 = [1.88, 3.50, 3.93, 2.88, 1.27, 3.68, 3.50, 3.70, 4.22, 3.26, 4.42, 3.62, 3.28, 2.40, 4.13, 4.22, 3.90, 4.08, 2.96, 3.95, 1.49, 4.85, 4.34, 3.20, 4.34, 3.94, 4.10, 4.18, 4.21, 3.70, 1.10, 3.70, 2.07, 4.70, 4.03, 4.23, 3.50, 2.76, 3.64, 3.67, 4.65, 3.11, 4.11, 2.41, 4.24, 4.22, 3.87, 4.26, 3.05, 1.09],
  tjk_255 = [4.96, 4.82, 5.05, 4.30, 4.40, 4.78, 5.22, 5.25, 4.46, 5.70, 1.71, 4.41, 5.07, 2.45, 4.56, 4.47, 4.95, 5.22, 5.42, 4.70, 4.38, 5.46, 4.25, 3.56, 4.98, 5.47, 3.29, 3.71, 5.69, 2.50, 5.73, 2.40, 3.86, 4.47, 3.67, 5.04, 4.74, 2.32, 4.82, 2.14, 4.40, 6.03, 4.43, 4.39, 4.79, 2.27, 2.07, 4.08, 3.46, 2.61],
  tjk_256 = [3.27, 2.93, 3.43, 2.73, 2.10, 3.29, 3.41, 1.46, 3.05, 3.10, 2.87, 2.97, 1.19, 3.11, 2.90, 3.41, 3.63, 3.20, 2.91, 3.17, 2.86, 3.67, 3.40, 3.06, 3.30, 2.81, 3.12, 3.41, 4.56, 4.90, 3.44, 2.91, 2.93, 2.88, 2.79, 3.46, 3.06, 2.84, 2.81, 2.24, 3.35, 3.12, 3.29, 3.18, 2.76, 3.03, 3.74, 3.90, 3.10, 2.84],
  tjk_257 = [2.79, 2.82, 4.64, 3.24, 3.34, 2.97, 4.09, 3.74, 3.29, 2.22, 2.63, 3.00, 2.79, 2.85, 2.94, 3.33, 2.71, 2.99, 4.46, 2.90, 3.10, 3.03, 2.69, 4.73, 1.70, 3.35, 1.12, 2.51, 3.36, 1.97, 3.14, 2.67, 4.67, 1.10, 4.96, 3.39, 3.56, 1.82, 2.78, 2.30, 3.25, 2.28, 2.54, 3.03, 3.15, 2.88, 3.96, 2.96, 2.82, 3.05],
  tjk_258 = [1.92, 1.94, 1.69, 1.95, 2.46, 1.67, 1.85, 1.80, 1.04, 1.93, 1.87, 1.77, 1.76, 1.88, 2.20, 1.57, 1.91, 1.61, 1.91, 3.75, 2.65, 2.07, 2.45, 2.41, 2.33, 4.94, 2.04, 2.12, 2.20, 3.53, 2.14, 1.71, 4.50, 2.11, 1.68, 1.67, 1.82, 1.81, 1.60, 1.80, 1.94, 1.79, 2.05, 2.21, 2.17, 2.00, 1.48, 2.50, 1.81, 2.05],
  tjk_259 = [1.74, 1.85, 2.17, 4.55, 2.42, 1.74, 3.66, 2.16, 2.17, 1.88, 2.22, 2.01, 2.01, 1.87, 2.14, 1.85, 1.88, 1.90, 2.17, 1.93, 4.13, 2.29, 1.83, 1.85, 2.25, 1.76, 3.43, 4.90, 2.10, 2.03, 3.20, 3.93, 1.96, 4.88, 1.76, 3.12, 1.73, 1.57, 1.95, 1.83, 2.14, 1.90, 2.04, 1.74, 1.88, 2.62, 1.79, 1.96, 1.86, 3.41],
  tjk_2510 = [0.81, 2.83, 4.19, 1.03, 1.04, 3.83, 0.88, 1.08, 4.10, 1.15, 3.79, 1.11, 3.56, 0.88, 0.87, 1.00, 1.17, 0.99, 0.90, 1.09, 0.87, 3.78, 1.55, 4.57, 1.31, 0.91, 0.98, 1.01, 0.85, 0.99, 2.27, 0.92, 1.85, 2.57, 3.49, 1.02, 0.92, 3.84, 1.00, 2.07, 0.82, 0.98, 4.76, 0.97, 0.99, 1.83, 1.14, 2.11, 0.99, 1.05],
  tjk_2511 = [3.00, 3.07, 2.94, 4.36, 2.29, 4.92, 2.53, 3.36, 3.32, 3.63, 2.65, 3.29, 1.09, 3.95, 3.63, 2.84, 3.34, 3.34, 4.38, 3.08, 3.98, 3.12, 2.36, 1.30, 1.12, 2.91, 3.87, 3.19, 1.38, 2.44, 3.01, 3.42, 3.31, 3.12, 4.04, 2.15, 3.39, 2.37, 2.81, 2.83, 2.07, 2.94, 2.89, 2.86, 3.17, 2.98, 2.80, 2.71, 2.90, 2.99],
  tjk_2512 = [4.30, 3.14, 3.28, 4.10, 4.11, 3.53, 3.66, 4.16, 2.94, 1.68, 2.01, 3.67, 3.52, 3.43, 3.99, 1.90, 4.17, 2.84, 2.12, 1.03, 4.31, 3.90, 3.91, 4.37, 4.53, 4.00, 3.58, 4.09, 4.50, 3.98, 3.03, 1.66, 1.71, 3.77, 3.95, 4.81, 3.75, 3.74, 4.61, 3.70, 4.86, 3.91, 1.92, 3.85, 4.31, 4.41, 3.02, 2.08, 4.34, 4.10],
  tjk_2513 = [2.24, 3.10, 4.22, 3.23, 2.90, 4.21, 1.68, 3.10, 2.28, 3.29, 3.83, 3.00, 3.31, 3.79, 3.31, 1.19, 2.81, 3.09, 3.00, 3.43, 1.42, 4.78, 2.88, 3.80, 3.42, 3.13, 3.44, 3.39, 2.88, 2.80, 1.31, 2.87, 3.15, 3.25, 2.69, 3.03, 3.23, 1.95, 1.90, 3.25, 2.78, 3.18, 2.83, 2.66, 2.74, 3.08, 1.13, 2.97, 2.91, 3.13],
  tjk_2514 = [1.03, 2.83, 5.32, 1.63, 3.20, 4.60, 5.57, 4.62, 4.95, 5.00, 4.96, 1.85, 4.92, 5.06, 4.81, 5.36, 4.43, 4.13, 4.68, 4.59, 4.52, 5.43, 4.90, 2.54, 2.83, 4.31, 4.61, 4.69, 4.96, 1.79, 4.33, 5.54, 4.82, 4.50, 4.44, 3.61, 1.52, 5.18, 2.65, 1.51, 3.42, 4.85, 4.67, 4.32, 4.72, 5.62, 1.39, 3.30, 2.61, 3.55],
  tjk_2515 = [1.15, 0.84, 1.06, 3.31, 1.06, 4.34, 1.07, 4.99, 0.85, 0.99, 0.86, 1.11, 1.06, 4.79, 0.88, 0.94, 0.85, 0.94, 0.95, 0.91, 1.06, 1.03, 4.98, 4.56, 0.96, 0.95, 1.13, 4.34, 1.19, 0.91, 0.93, 1.09, 1.05, 1.00, 1.02, 0.83, 0.91, 1.07, 0.94, 0.93, 4.11, 1.39, 1.02, 0.85, 0.84, 1.03, 1.15, 0.97, 1.59, 3.43],
  tjk_2516 = [2.27, 1.84, 3.21, 1.87, 1.82, 2.10, 1.60, 1.91, 2.26, 4.97, 2.05, 4.38, 2.90, 1.85, 1.71, 1.98, 1.90, 2.06, 2.03, 2.17, 2.08, 2.16, 1.90, 1.88, 2.00, 2.10, 2.05, 1.63, 4.34, 2.09, 2.18, 1.81, 2.11, 2.23, 2.02, 2.08, 3.34, 2.10, 2.00, 1.88, 1.92, 1.91, 1.84, 2.18, 1.87, 2.39, 2.09, 1.83, 2.14, 2.07],
  tjk_2517 = [2.79, 2.96, 3.41, 2.67, 2.77, 2.98, 3.25, 3.44, 3.00, 2.30, 2.02, 4.18, 3.35, 2.57, 2.80, 2.96, 2.35, 1.44, 2.90, 3.57, 2.85, 2.09, 3.18, 3.13, 3.08, 2.07, 2.11, 3.07, 2.95, 2.72, 3.27, 2.88, 3.02, 4.33, 2.61, 2.49, 1.20, 2.83, 3.61, 2.20, 1.98, 3.25, 3.33, 1.47, 3.37, 3.18, 1.01, 2.89, 2.90, 2.96],
  tjk_2518 = [5.10, 5.21, 4.99, 2.40, 4.93, 4.25, 4.89, 4.80, 3.49, 1.87, 1.07, 4.72, 5.02, 5.80, 4.12, 3.50, 5.46, 1.71, 2.84, 4.99, 3.78, 2.81, 2.20, 4.56, 5.27, 4.63, 1.81, 4.64, 4.46, 1.96, 1.13, 3.19, 6.11, 4.64, 4.89, 3.85, 5.09, 1.45, 4.71, 2.10, 6.05, 4.50, 1.59, 5.11, 4.38, 1.94, 1.06, 5.21, 3.59, 5.01],
  tjk_2519 = [3.19, 3.67, 1.72, 2.89, 4.72, 2.90, 3.63, 3.63, 3.27, 2.84, 1.17, 1.36, 2.63, 3.78, 2.43, 3.33, 3.20, 1.78, 3.30, 2.70, 3.11, 3.89, 3.14, 3.21, 3.05, 4.85, 3.25, 1.15, 2.78, 3.21, 3.66, 1.73, 2.79, 4.46, 3.01, 2.64, 2.83, 3.21, 3.69, 3.53, 2.99, 2.67, 3.20, 2.74, 1.75, 3.39, 2.43, 3.07, 2.75, 4.97],
  tjk_2520 = [2.73, 1.08, 1.56, 3.37, 4.22, 3.83, 4.46, 3.87, 1.47, 4.38, 3.96, 4.04, 4.16, 4.24, 4.57, 4.80, 4.26, 4.36, 3.08, 2.26, 3.96, 3.90, 1.35, 4.76, 2.84, 5.00, 3.05, 4.21, 4.15, 4.30, 3.33, 3.74, 4.20, 3.85, 3.77, 1.12, 3.92, 3.94, 4.23, 2.29, 4.47, 4.23, 4.41, 4.09, 3.69, 3.85, 3.85, 4.39, 4.22, 4.04],
  tjk_261 = [2.33, 1.02, 0.94, 4.45, 0.90, 1.95, 1.04, 1.08, 0.95, 0.87, 0.94, 2.68, 1.03, 4.71, 4.65, 1.13, 1.06, 0.99, 1.01, 4.06, 1.05, 1.03, 0.90, 2.34, 0.99, 0.94, 0.90, 0.97, 4.58, 0.63, 1.38, 2.56, 0.89, 1.12, 1.04, 1.10, 0.92, 0.94, 0.92, 2.35, 3.88, 0.88, 0.94, 1.01, 1.04, 0.88, 2.70, 0.84, 4.42, 0.91],
  tjk_262 = [4.96, 2.27, 1.08, 4.32, 4.80, 5.99, 4.99, 5.78, 4.31, 5.77, 4.90, 5.31, 4.85, 4.62, 2.26, 4.84, 3.37, 6.51, 4.86, 5.06, 4.74, 5.24, 4.28, 4.56, 5.12, 5.68, 4.95, 3.80, 3.81, 5.27, 5.13, 4.88, 4.81, 6.62, 4.52, 5.86, 5.18, 4.00, 3.59, 5.70, 4.38, 5.22, 5.19, 4.59, 4.88, 1.76, 4.38, 4.35, 3.97, 4.89],
  tjk_263 = [2.49, 2.03, 2.02, 1.58, 3.94, 1.96, 1.87, 1.82, 2.04, 1.96, 4.13, 2.34, 2.10, 4.54, 2.16, 2.40, 1.98, 1.85, 1.91, 1.91, 1.91, 2.02, 2.55, 2.19, 4.53, 1.85, 2.04, 2.34, 2.15, 2.80, 2.47, 2.17, 2.11, 3.66, 1.56, 2.09, 1.97, 1.90, 2.67, 1.98, 3.96, 1.87, 2.05, 2.17, 4.41, 2.32, 1.99, 4.69, 1.77, 1.95],
  tjk_264 = [0.97, 4.31, 1.11, 0.89, 3.15, 1.03, 2.53, 0.98, 0.90, 3.12, 1.76, 0.92, 2.38, 0.93, 4.69, 1.07, 3.32, 1.16, 3.68, 3.37, 0.81, 1.01, 1.03, 1.96, 0.99, 2.44, 4.63, 0.91, 0.92, 1.18, 0.91, 1.73, 1.22, 3.19, 1.08, 3.74, 1.02, 4.85, 0.94, 0.94, 1.06, 1.09, 1.11, 2.14, 4.33, 0.97, 1.19, 0.90, 1.08, 0.90],
  tjk_265 = [3.73, 4.71, 2.68, 3.83, 3.79, 4.42, 4.49, 1.88, 4.29, 3.96, 4.20, 2.61, 2.04, 3.66, 4.36, 3.70, 4.75, 3.86, 3.27, 3.48, 3.97, 3.60, 4.65, 4.00, 4.16, 4.01, 4.27, 4.70, 4.39, 3.63, 3.55, 3.32, 4.55, 3.78, 1.35, 4.69, 1.26, 1.08, 3.24, 1.92, 3.56, 1.92, 4.50, 3.63, 2.62, 3.78, 2.06, 4.43, 3.75, 3.82],
  tjk_266 = [5.97, 1.75, 3.14, 5.03, 5.27, 3.15, 5.31, 3.12, 2.42, 4.20, 4.91, 3.55, 4.79, 4.24, 5.47, 3.99, 4.34, 5.05, 4.96, 3.00, 5.34, 4.97, 1.99, 2.93, 4.72, 4.43, 5.66, 1.49, 3.13, 4.92, 1.41, 5.01, 2.29, 3.97, 4.22, 3.87, 5.27, 4.36, 4.43, 4.22, 4.05, 3.76, 5.10, 4.23, 4.65, 4.62, 4.39, 4.09, 5.32, 6.28],
  tjk_267 = [4.17, 2.65, 3.37, 2.60, 3.08, 2.49, 1.12, 3.58, 3.59, 2.56, 1.14, 2.68, 2.69, 2.80, 2.83, 2.66, 2.62, 2.96, 2.82, 3.27, 3.03, 3.24, 3.87, 3.11, 2.92, 3.12, 3.16, 1.92, 1.44, 2.87, 3.06, 3.12, 2.92, 2.92, 2.49, 3.32, 3.48, 1.85, 3.55, 4.33, 3.24, 1.47, 2.74, 3.02, 2.90, 3.43, 3.22, 4.10, 3.27, 3.10],
  tjk_268 = [4.48, 3.68, 4.30, 3.58, 3.98, 3.17, 3.51, 3.72, 4.41, 3.87, 3.21, 4.30, 3.67, 4.14, 4.42, 4.57, 2.98, 3.08, 3.63, 3.38, 2.17, 4.21, 3.15, 2.33, 4.08, 3.85, 4.66, 3.55, 4.54, 3.98, 4.00, 1.16, 3.99, 4.12, 4.68, 3.91, 4.08, 3.62, 3.75, 3.71, 4.01, 4.08, 4.29, 4.35, 3.95, 2.27, 3.91, 4.88, 4.65, 4.06],
  tjk_269 = [1.47, 4.98, 5.05, 3.50, 4.94, 5.08, 4.49, 3.80, 2.87, 1.77, 5.70, 5.40, 4.50, 5.69, 2.35, 4.90, 4.71, 5.14, 5.06, 2.56, 5.58, 4.24, 5.12, 5.26, 5.61, 3.40, 4.94, 4.80, 2.10, 5.09, 5.44, 4.81, 5.17, 4.85, 2.33, 5.67, 5.71, 4.62, 5.24, 5.24, 4.10, 1.09, 3.24, 4.40, 3.38, 4.46, 4.91, 5.32, 5.32, 3.47],
  tjk_2610 = [4.86, 1.90, 1.79, 1.69, 2.56, 4.93, 2.33, 4.05, 1.99, 2.31, 2.13, 1.92, 1.69, 2.44, 1.93, 2.08, 2.14, 3.25, 1.71, 2.03, 1.64, 1.88, 4.59, 2.57, 2.56, 1.85, 1.71, 2.20, 1.96, 1.55, 1.54, 2.12, 1.83, 1.64, 1.97, 2.23, 2.49, 3.56, 4.08, 1.89, 1.85, 1.91, 4.79, 2.02, 4.67, 3.58, 3.59, 2.40, 2.10, 2.35],
  tjk_2611 = [1.84, 2.12, 1.90, 3.11, 3.62, 2.17, 2.06, 1.99, 2.12, 3.58, 2.22, 1.79, 4.87, 1.86, 1.87, 1.75, 1.75, 1.64, 1.13, 2.31, 4.47, 1.26, 1.93, 2.22, 2.42, 3.50, 3.62, 4.31, 1.95, 1.79, 1.59, 2.33, 1.95, 2.89, 1.97, 2.05, 1.48, 2.34, 1.79, 2.03, 1.80, 1.88, 1.75, 1.85, 2.08, 2.18, 2.66, 2.38, 1.20, 4.83],
  tjk_2612 = [4.06, 4.26, 4.68, 3.42, 4.33, 4.23, 4.31, 4.41, 5.30, 4.57, 1.41, 1.62, 2.58, 2.75, 4.75, 5.31, 5.42, 5.34, 2.77, 4.58, 2.46, 5.01, 4.65, 4.73, 4.59, 3.12, 5.28, 4.42, 4.23, 5.18, 4.72, 4.95, 5.06, 4.91, 4.99, 5.26, 4.78, 1.69, 4.46, 5.15, 1.21, 4.44, 4.71, 4.16, 4.19, 4.97, 5.41, 4.82, 1.92, 4.92],
  tjk_2613 = [2.77, 2.66, 4.45, 2.38, 3.29, 2.84, 2.51, 2.63, 3.37, 1.73, 3.35, 3.25, 3.41, 1.25, 2.98, 3.34, 3.10, 1.02, 3.38, 4.84, 2.74, 4.14, 2.23, 2.38, 2.93, 3.27, 3.24, 3.25, 3.16, 3.25, 3.37, 2.95, 3.77, 3.21, 3.23, 4.40, 2.95, 3.19, 2.17, 3.15, 3.49, 1.85, 2.90, 2.85, 3.43, 3.55, 2.87, 2.74, 3.01, 3.69],
  tjk_2614 = [3.84, 4.99, 4.95, 4.55, 5.05, 2.88, 6.96, 6.19, 5.81, 4.99, 1.55, 4.99, 4.68, 3.25, 5.47, 3.70, 5.35, 4.97, 5.34, 5.13, 4.77, 5.93, 2.83, 2.65, 1.54, 4.98, 3.21, 5.26, 4.48, 2.75, 5.14, 4.69, 5.33, 6.33, 5.01, 1.05, 4.27, 4.81, 4.84, 5.50, 4.93, 4.73, 4.57, 1.34, 3.84, 5.33, 1.44, 4.96, 3.36, 2.05],
  tjk_2615 = [1.68, 3.84, 3.94, 3.06, 2.92, 3.50, 2.28, 3.18, 2.80, 4.09, 1.15, 3.17, 3.16, 1.67, 1.02, 2.96, 2.80, 2.57, 3.33, 2.97, 3.12, 1.46, 3.82, 2.89, 2.85, 3.29, 1.52, 1.83, 4.78, 4.40, 3.31, 2.09, 4.87, 3.38, 3.34, 4.79, 2.93, 2.50, 2.70, 2.99, 2.93, 4.34, 3.03, 3.09, 2.94, 2.96, 3.30, 2.33, 2.88, 3.07],
  tjk_2616 = [2.76, 4.44, 2.73, 5.08, 4.74, 4.12, 4.86, 2.32, 1.30, 4.92, 1.38, 4.98, 5.27, 2.15, 4.50, 5.06, 5.06, 4.92, 1.58, 4.72, 1.17, 4.38, 5.05, 5.08, 5.84, 1.71, 5.15, 4.76, 5.81, 4.96, 5.37, 3.43, 1.11, 1.17, 5.56, 5.08, 5.63, 4.51, 4.51, 4.27, 5.09, 3.61, 5.08, 4.80, 3.62, 4.79, 5.07, 1.31, 3.40, 5.44],
  tjk_2617 = [3.72, 0.92, 1.01, 0.77, 0.86, 0.96, 0.94, 1.12, 1.69, 0.95, 0.95, 0.96, 2.75, 1.04, 2.66, 3.70, 0.98, 0.93, 1.14, 1.07, 2.78, 1.00, 1.13, 0.92, 0.85, 0.94, 4.84, 0.99, 1.07, 1.09, 0.97, 1.10, 1.04, 1.91, 2.03, 1.01, 1.01, 1.07, 1.09, 1.72, 1.01, 0.90, 0.86, 0.91, 1.11, 1.11, 0.87, 1.63, 1.03, 0.94],
  tjk_2618 = [4.55, 5.28, 5.12, 4.19, 5.61, 4.85, 4.67, 5.29, 1.20, 4.33, 5.03, 5.30, 4.14, 4.45, 2.70, 4.98, 4.97, 4.89, 3.65, 4.30, 2.18, 5.57, 5.76, 4.90, 1.50, 5.11, 4.27, 5.53, 4.61, 4.91, 4.42, 5.46, 1.99, 4.63, 5.04, 5.65, 4.19, 1.44, 3.52, 4.72, 4.46, 2.25, 4.17, 4.89, 5.25, 4.87, 4.40, 4.79, 1.57, 5.21],
  tjk_2619 = [2.04, 1.76, 3.49, 1.04, 1.50, 2.86, 0.88, 1.03, 0.97, 0.92, 3.13, 1.06, 1.05, 0.99, 2.86, 1.06, 0.97, 3.88, 0.93, 1.13, 2.00, 1.06, 1.04, 0.97, 1.07, 1.09, 1.29, 0.96, 3.14, 1.02, 0.95, 1.14, 1.10, 0.95, 1.09, 3.19, 0.98, 1.60, 4.98, 3.79, 0.85, 2.04, 1.07, 3.98, 0.99, 0.95, 0.90, 4.73, 1.06, 1.04],
  tjk_2620 = [1.99, 4.73, 3.01, 3.17, 3.23, 1.17, 2.68, 3.90, 3.26, 4.97, 4.17, 3.14, 2.80, 3.34, 2.90, 4.19, 2.56, 3.32, 3.40, 2.27, 3.47, 4.80, 3.29, 4.59, 2.91, 2.46, 4.12, 3.16, 2.78, 2.98, 2.58, 2.65, 2.46, 2.88, 4.26, 3.69, 2.91, 3.34, 3.40, 2.88, 1.61, 3.00, 3.39, 2.60, 3.21, 2.32, 3.02, 4.05, 4.18, 2.72],
  tjk_271 = [1.65, 4.29, 2.55, 2.04, 2.52, 1.10, 2.16, 2.03, 1.27, 2.06, 1.78, 2.14, 3.61, 1.91, 1.63, 1.93, 1.90, 1.93, 1.10, 2.17, 3.77, 4.92, 1.98, 2.17, 2.21, 1.36, 2.20, 1.88, 1.86, 1.87, 1.92, 1.80, 2.11, 1.92, 1.83, 1.85, 1.94, 1.85, 2.63, 1.86, 3.47, 2.02, 1.70, 2.62, 1.85, 2.13, 1.87, 1.19, 3.02, 2.05],
  tjk_272 = [4.64, 4.66, 5.29, 4.89, 3.01, 5.82, 1.57, 5.14, 4.36, 4.73, 4.48, 4.46, 1.88, 1.56, 1.43, 1.74, 5.28, 5.62, 5.10, 3.40, 5.39, 4.77, 4.53, 3.22, 5.52, 4.31, 1.73, 4.74, 4.67, 5.45, 4.96, 4.91, 4.26, 4.91, 4.21, 3.64, 4.96, 4.71, 4.53, 5.11, 4.96, 5.69, 4.68, 3.08, 5.09, 4.81, 5.35, 5.50, 4.30, 4.82],
  tjk_273 = [2.30, 1.27, 2.19, 0.67, 1.04, 0.93, 0.95, 1.00, 2.85, 1.16, 1.45, 1.00, 1.03, 1.10, 0.99, 0.91, 1.11, 4.95, 1.05, 0.96, 1.16, 1.04, 3.64, 1.57, 2.41, 0.96, 0.83, 0.91, 1.09, 1.19, 1.01, 2.86, 1.12, 1.95, 0.87, 0.98, 1.05, 1.93, 0.84, 1.02, 1.05, 1.16, 0.91, 0.96, 0.87, 1.85, 0.97, 0.93, 1.10, 2.02],
  tjk_274 = [4.86, 4.61, 2.14, 4.96, 5.53, 4.77, 3.75, 4.16, 4.08, 4.76, 5.12, 4.75, 4.04, 4.75, 4.40, 1.98, 5.99, 4.73, 1.33, 5.65, 5.28, 3.91, 5.58, 1.91, 4.36, 5.60, 5.18, 6.46, 5.15, 4.85, 4.58, 4.68, 5.21, 5.79, 4.78, 1.95, 1.46, 4.75, 5.48, 2.71, 5.24, 1.47, 5.10, 3.33, 4.80, 4.46, 5.00, 5.46, 1.62, 1.77],
  tjk_275 = [2.09, 1.79, 2.28, 2.19, 1.97, 3.66, 2.26, 2.48, 1.94, 2.51, 2.07, 2.40, 2.51, 1.97, 4.76, 3.58, 2.02, 3.34, 2.19, 1.80, 1.62, 4.57, 1.71, 1.91, 4.33, 1.24, 2.05, 1.84, 1.90, 4.22, 1.89, 2.17, 2.52, 2.35, 3.41, 2.13, 2.04, 2.08, 1.79, 2.04, 2.13, 2.10, 2.67, 2.25, 4.37, 2.11, 2.30, 1.04, 1.99, 3.49],
  tjk_276 = [4.76, 3.61, 3.72, 4.79, 4.56, 4.81, 4.41, 4.44, 3.65, 3.97, 4.04, 4.55, 2.33, 3.34, 3.14, 2.10, 3.92, 3.70, 4.10, 4.70, 2.55, 3.90, 3.58, 4.11, 3.78, 4.34, 2.13, 4.19, 3.94, 3.69, 3.69, 4.28, 3.82, 3.89, 3.63, 4.21, 3.91, 1.11, 3.61, 2.73, 3.99, 1.56, 3.95, 4.47, 3.55, 4.10, 4.52, 3.70, 4.17, 3.65],
  tjk_277 = [1.13, 4.49, 3.40, 3.14, 2.95, 4.25, 2.89, 3.67, 3.75, 3.11, 2.93, 2.84, 1.74, 3.42, 1.97, 2.82, 1.58, 3.14, 3.14, 2.93, 2.10, 2.92, 2.00, 3.33, 4.13, 3.10, 3.35, 2.99, 2.61, 2.50, 3.47, 3.97, 4.49, 3.29, 3.64, 4.07, 3.04, 3.26, 3.44, 2.95, 2.41, 3.12, 2.89, 3.33, 4.92, 1.77, 3.77, 2.81, 3.72, 2.89],
  tjk_278 = [3.13, 3.23, 2.90, 1.32, 4.93, 3.29, 2.77, 2.75, 2.81, 4.05, 2.82, 2.90, 1.65, 2.87, 2.33, 2.96, 1.05, 2.98, 3.25, 3.48, 2.75, 2.98, 2.83, 3.00, 3.11, 3.27, 2.90, 3.17, 2.97, 3.38, 3.01, 2.43, 2.95, 3.16, 3.12, 2.75, 2.85, 2.99, 3.13, 2.90, 2.99, 1.72, 3.01, 4.50, 3.12, 4.34, 2.59, 3.29, 3.38, 2.91],
  tjk_279 = [4.40, 4.39, 3.92, 4.94, 3.86, 4.13, 3.60, 3.66, 4.46, 3.86, 4.07, 4.45, 4.24, 3.96, 3.65, 3.31, 4.77, 3.67, 3.29, 2.69, 2.40, 4.07, 4.06, 3.29, 3.96, 4.65, 4.23, 2.56, 1.06, 4.39, 1.74, 4.94, 4.00, 4.40, 3.80, 4.73, 2.31, 2.24, 3.93, 3.38, 4.02, 3.76, 3.31, 3.91, 1.42, 4.10, 4.72, 3.72, 4.61, 4.83],
  tjk_2710 = [4.35, 1.92, 4.53, 4.26, 4.52, 4.27, 1.97, 1.02, 3.52, 3.38, 3.85, 3.40, 1.34, 4.02, 1.70, 4.54, 3.94, 4.87, 3.29, 3.29, 3.85, 4.40, 2.35, 3.76, 2.45, 4.75, 4.01, 1.79, 4.50, 3.93, 4.48, 2.14, 4.05, 3.81, 2.11, 4.30, 2.01, 2.12, 3.80, 4.35, 1.03, 4.46, 4.80, 3.77, 3.99, 3.73, 3.64, 2.49, 4.84, 3.49],
  tjk_2711 = [4.64, 4.45, 3.43, 3.03, 3.60, 3.87, 4.77, 2.93, 3.81, 3.58, 3.90, 3.32, 4.56, 4.33, 3.94, 4.10, 4.03, 4.70, 3.78, 4.03, 4.01, 1.79, 1.38, 3.93, 3.89, 2.66, 3.67, 2.26, 4.46, 4.52, 3.85, 1.36, 1.79, 2.71, 4.56, 4.31, 2.75, 2.74, 3.68, 4.32, 3.94, 3.25, 4.21, 3.28, 3.94, 3.82, 4.10, 2.80, 4.25, 3.32],
  tjk_2712 = [0.88, 1.25, 1.07, 0.92, 2.53, 1.08, 0.97, 4.34, 1.12, 1.09, 0.96, 4.91, 1.04, 1.01, 1.06, 4.37, 0.97, 3.40, 0.99, 4.18, 0.96, 0.95, 0.98, 4.31, 4.76, 1.09, 0.98, 1.01, 1.14, 1.06, 0.91, 0.77, 1.29, 3.12, 4.16, 0.90, 1.09, 1.02, 0.84, 1.04, 1.05, 0.93, 0.91, 4.56, 4.93, 2.30, 4.31, 2.84, 0.99, 0.93],
  tjk_2713 = [4.18, 1.12, 2.24, 1.68, 1.99, 3.04, 1.00, 4.87, 2.63, 0.99, 3.15, 0.98, 1.05, 0.96, 3.26, 1.07, 0.99, 1.02, 1.11, 0.95, 1.00, 1.08, 1.02, 2.75, 3.83, 0.84, 0.95, 1.24, 0.98, 0.88, 1.02, 1.07, 3.81, 1.96, 0.89, 1.23, 0.97, 1.07, 0.94, 1.11, 0.97, 1.08, 1.08, 2.86, 0.98, 1.07, 1.47, 0.93, 4.42, 1.17],
  tjk_2714 = [3.87, 1.43, 3.48, 2.41, 4.42, 4.13, 3.46, 1.65, 3.90, 4.71, 4.33, 4.87, 2.87, 3.56, 4.01, 3.42, 3.88, 3.93, 4.68, 3.44, 3.97, 3.82, 3.97, 4.65, 4.05, 3.76, 1.10, 4.18, 1.28, 4.54, 3.73, 4.14, 3.47, 2.05, 3.98, 3.06, 4.72, 3.79, 4.19, 3.47, 4.08, 4.43, 1.23, 1.54, 3.55, 3.94, 4.66, 3.41, 3.64, 2.95],
  tjk_2715 = [3.00, 2.48, 2.90, 2.53, 3.50, 2.86, 2.59, 2.92, 3.34, 2.74, 2.91, 3.12, 1.54, 3.01, 3.20, 3.23, 3.21, 3.21, 1.89, 3.30, 4.81, 2.37, 3.01, 3.25, 3.04, 3.02, 4.47, 1.64, 1.57, 2.73, 3.08, 2.75, 3.95, 1.02, 1.53, 1.30, 3.51, 2.92, 2.89, 2.59, 2.97, 2.85, 5.00, 3.36, 2.46, 1.26, 3.07, 3.14, 2.48, 2.66],
  tjk_2716 = [0.97, 0.91, 0.94, 2.97, 1.49, 0.82, 0.90, 1.03, 1.08, 0.95, 0.80, 2.50, 4.78, 0.89, 1.07, 1.17, 0.79, 0.82, 1.02, 3.15, 3.20, 0.94, 1.03, 2.84, 1.00, 0.92, 1.11, 0.96, 1.56, 0.91, 0.89, 1.09, 4.89, 1.07, 1.06, 4.44, 4.60, 0.97, 0.98, 1.02, 1.07, 0.94, 4.84, 2.43, 1.01, 1.21, 0.89, 1.04, 4.21, 0.88],
  tjk_2717 = [3.89, 4.56, 0.81, 4.49, 3.66, 1.08, 1.21, 1.04, 0.90, 1.92, 1.11, 0.93, 1.02, 1.01, 0.98, 0.96, 0.81, 0.97, 4.42, 1.08, 0.79, 1.04, 0.89, 4.14, 1.07, 1.02, 3.84, 1.17, 0.97, 2.86, 4.71, 0.97, 1.00, 1.22, 0.93, 2.74, 2.97, 0.89, 1.17, 3.37, 0.91, 2.00, 1.06, 0.87, 0.90, 1.02, 4.66, 1.03, 0.83, 1.10],
  tjk_2718 = [3.58, 3.71, 4.37, 1.69, 3.60, 3.19, 3.97, 3.62, 3.86, 1.33, 4.09, 3.71, 4.11, 3.59, 4.39, 2.45, 4.64, 4.41, 4.50, 1.30, 4.03, 3.29, 4.55, 4.35, 4.84, 4.43, 3.93, 4.39, 4.34, 3.88, 4.47, 4.38, 4.25, 4.18, 3.42, 4.04, 4.03, 4.79, 4.92, 4.55, 5.00, 4.81, 3.84, 4.33, 3.88, 3.94, 4.35, 3.76, 4.23, 4.01],
  tjk_2719 = [5.74, 4.77, 4.29, 2.89, 4.43, 4.61, 5.09, 2.66, 5.28, 5.06, 4.32, 4.66, 5.86, 4.62, 4.70, 5.85, 5.53, 5.34, 2.27, 4.93, 5.23, 2.67, 5.60, 2.37, 5.33, 4.46, 5.31, 1.48, 5.41, 5.29, 2.81, 5.35, 2.36, 4.58, 3.77, 4.05, 4.75, 4.79, 2.91, 3.47, 4.21, 5.33, 4.54, 4.65, 4.51, 4.88, 1.39, 5.77, 4.44, 5.00],
  tjk_2720 = [3.31, 4.20, 4.51, 3.97, 3.50, 1.92, 4.75, 4.15, 3.93, 1.68, 2.28, 1.51, 3.16, 3.66, 1.64, 3.39, 3.94, 4.16, 4.45, 3.67, 3.31, 2.91, 3.92, 4.34, 4.17, 4.58, 3.71, 3.02, 2.78, 4.30, 4.25, 4.44, 2.54, 3.67, 4.10, 3.83, 4.21, 2.41, 4.86, 4.31, 3.74, 4.00, 4.70, 4.15, 3.95, 1.93, 3.75, 4.30, 5.24, 4.06],
  tjk_281 = [2.69, 2.93, 2.94, 2.75, 3.37, 2.94, 3.03, 1.14, 2.65, 2.97, 3.99, 2.82, 2.57, 2.53, 1.22, 3.39, 1.44, 3.29, 3.05, 3.02, 3.46, 3.05, 3.74, 2.67, 2.71, 2.58, 2.72, 2.84, 1.37, 3.51, 3.21, 2.72, 3.21, 4.65, 2.70, 2.68, 3.00, 3.18, 2.42, 2.93, 2.38, 2.90, 2.17, 3.01, 3.95, 1.66, 4.37, 4.46, 2.95, 3.39],
  tjk_282 = [4.01, 4.62, 4.03, 4.75, 3.49, 3.94, 3.95, 4.02, 3.61, 3.84, 4.14, 4.59, 3.82, 3.81, 4.61, 3.96, 3.39, 3.93, 3.63, 1.30, 4.02, 4.80, 4.44, 3.55, 3.37, 3.00, 1.34, 4.91, 1.64, 4.61, 3.14, 4.05, 4.19, 3.66, 1.27, 4.78, 2.18, 4.37, 3.51, 4.38, 4.67, 3.98, 4.54, 1.53, 4.02, 4.54, 3.70, 4.21, 4.72, 3.10],
  tjk_283 = [1.85, 2.20, 2.93, 4.84, 2.00, 1.90, 4.63, 1.99, 2.29, 1.80, 3.20, 1.75, 1.92, 1.33, 4.02, 4.76, 1.84, 2.13, 2.73, 2.25, 2.21, 2.20, 1.54, 2.08, 4.92, 2.39, 2.24, 2.15, 2.04, 1.97, 1.73, 3.68, 2.07, 2.39, 1.94, 2.51, 2.02, 2.17, 2.12, 4.36, 2.04, 1.86, 2.05, 2.10, 2.37, 2.00, 1.32, 1.45, 2.12, 1.58],
  tjk_284 = [4.73, 4.50, 4.62, 5.69, 4.21, 4.79, 5.39, 5.04, 4.74, 1.08, 4.72, 5.39, 5.86, 3.96, 4.97, 3.31, 4.28, 5.07, 5.02, 2.32, 4.21, 5.30, 4.81, 3.64, 6.25, 4.66, 2.15, 4.38, 4.24, 3.57, 5.73, 5.62, 2.72, 4.25, 4.91, 4.63, 5.39, 5.49, 3.11, 5.94, 2.09, 6.28, 6.39, 2.69, 4.60, 3.34, 4.80, 5.09, 4.16, 3.45],
  tjk_285 = [0.85, 0.88, 0.88, 1.07, 1.19, 1.01, 0.95, 0.92, 1.03, 1.08, 0.93, 0.99, 3.56, 0.99, 1.05, 0.91, 1.06, 0.81, 0.99, 1.00, 1.04, 2.15, 1.08, 0.97, 1.09, 1.91, 1.06, 0.93, 1.14, 1.02, 1.00, 1.02, 1.12, 3.07, 1.01, 0.94, 0.84, 1.00, 1.00, 1.12, 0.95, 2.62, 1.04, 0.93, 1.06, 0.95, 1.16, 1.05, 1.00, 3.85],
  tjk_286 = [0.95, 1.06, 4.68, 4.24, 1.41, 4.96, 2.51, 2.48, 1.03, 0.97, 1.03, 1.11, 1.49, 0.83, 3.74, 2.38, 2.15, 0.92, 0.93, 0.81, 0.92, 1.01, 0.90, 0.98, 0.93, 3.06, 1.05, 1.28, 1.01, 0.91, 1.04, 0.89, 3.32, 0.90, 1.05, 1.00, 0.81, 1.00, 3.97, 1.01, 3.77, 0.99, 3.76, 2.67, 3.52, 1.39, 1.00, 0.92, 1.07, 2.69],
  tjk_287 = [3.45, 3.19, 2.72, 2.92, 3.00, 2.05, 2.65, 3.24, 2.92, 2.95, 1.72, 2.86, 3.20, 3.05, 2.27, 2.66, 4.47, 3.03, 4.68, 3.55, 2.84, 3.21, 3.24, 3.03, 1.88, 2.87, 3.69, 2.71, 2.96, 2.92, 1.72, 3.40, 3.09, 3.28, 2.98, 3.43, 2.75, 1.19, 2.16, 2.82, 4.96, 2.88, 2.89, 3.88, 3.46, 4.47, 3.05, 1.95, 2.81, 3.38],
  tjk_288 = [2.50, 2.70, 2.36, 3.37, 3.75, 3.35, 3.07, 2.84, 2.77, 2.47, 3.05, 2.75, 2.65, 3.40, 2.48, 2.55, 3.84, 3.01, 2.88, 3.08, 1.13, 4.98, 2.72, 3.97, 3.16, 3.61, 4.24, 2.94, 3.51, 3.31, 3.50, 2.99, 3.35, 3.21, 3.22, 2.00, 3.03, 3.41, 1.11, 2.75, 2.66, 3.00, 3.09, 2.63, 3.06, 2.62, 2.67, 4.97, 3.69, 1.86],
  tjk_289 = [3.40, 3.10, 3.23, 1.45, 2.79, 1.96, 3.31, 3.25, 2.56, 3.18, 2.80, 3.01, 2.59, 2.85, 3.21, 3.14, 3.55, 1.42, 2.90, 3.22, 1.53, 3.35, 2.99, 3.04, 1.24, 2.61, 2.57, 2.86, 2.46, 3.42, 2.90, 1.99, 2.69, 3.31, 3.47, 2.79, 3.11, 3.73, 3.03, 3.44, 4.23, 2.85, 1.92, 3.56, 4.42, 2.55, 3.06, 4.16, 1.42, 2.97],
  tjk_2810 = [1.69, 2.41, 2.02, 4.59, 1.44, 2.61, 2.46, 3.43, 1.87, 1.34, 1.49, 2.25, 2.20, 1.79, 1.89, 2.15, 3.31, 4.92, 4.46, 2.10, 1.86, 1.92, 2.01, 2.75, 1.80, 2.29, 2.79, 2.25, 3.46, 1.95, 4.09, 2.08, 2.18, 3.70, 2.08, 2.08, 2.16, 3.90, 1.95, 4.90, 1.95, 1.90, 3.69, 1.95, 1.80, 1.79, 2.27, 1.99, 1.99, 2.16],
  tjk_2811 = [2.74, 2.97, 1.30, 2.98, 4.03, 4.92, 1.36, 3.22, 3.31, 2.56, 2.45, 2.84, 2.89, 4.34, 3.32, 3.12, 2.06, 2.70, 1.97, 3.36, 3.00, 4.49, 2.87, 2.78, 4.74, 4.09, 3.51, 3.23, 2.60, 1.78, 3.44, 2.89, 2.82, 2.82, 2.75, 2.26, 2.84, 3.14, 2.74, 3.12, 3.20, 3.20, 4.83, 2.50, 4.41, 1.88, 2.82, 3.12, 2.85, 3.20],
  tjk_2812 = [5.15, 2.20, 5.02, 5.08, 1.52, 3.22, 4.03, 5.00, 4.20, 3.50, 4.85, 3.61, 3.97, 3.28, 4.86, 4.79, 5.37, 5.40, 5.24, 1.53, 4.94, 2.27, 3.42, 4.68, 3.93, 4.07, 2.00, 5.42, 4.80, 4.68, 4.03, 4.45, 3.37, 4.40, 5.25, 5.87, 5.37, 5.45, 4.71, 3.73, 4.45, 4.49, 3.59, 5.37, 2.57, 4.88, 4.89, 4.66, 5.45, 4.38],
  tjk_2813 = [4.98, 2.52, 1.89, 2.35, 4.71, 2.08, 2.28, 1.93, 1.78, 1.65, 1.37, 1.80, 1.70, 3.06, 2.23, 1.78, 2.14, 2.95, 2.32, 2.83, 2.62, 1.80, 1.62, 1.72, 1.81, 1.95, 1.83, 2.18, 2.25, 4.65, 2.68, 2.01, 2.17, 2.30, 4.68, 2.26, 1.94, 1.97, 4.81, 2.07, 2.05, 2.08, 2.14, 4.90, 2.46, 1.93, 3.91, 4.72, 1.78, 1.92],
  tjk_2814 = [4.56, 2.44, 5.42, 3.95, 4.88, 1.92, 5.24, 1.75, 4.92, 4.04, 2.78, 4.13, 1.70, 4.63, 5.51, 5.28, 4.88, 4.96, 5.07, 4.84, 4.17, 4.86, 5.01, 5.32, 3.39, 4.11, 4.70, 2.05, 4.77, 1.15, 5.53, 1.84, 5.14, 1.74, 3.99, 4.18, 5.54, 5.46, 3.52, 5.19, 5.23, 3.08, 4.74, 4.31, 5.18, 1.88, 4.25, 1.89, 4.89, 5.25],
  tjk_2815 = [1.61, 1.67, 1.64, 2.16, 2.25, 4.51, 2.23, 4.16, 1.29, 2.06, 1.85, 1.94, 1.59, 1.97, 2.23, 4.67, 1.88, 1.13, 2.22, 1.77, 3.35, 2.11, 2.19, 2.00, 1.85, 3.49, 2.83, 2.53, 1.86, 1.63, 4.76, 2.08, 2.05, 2.17, 2.12, 2.03, 1.91, 1.87, 1.48, 1.75, 2.12, 4.86, 2.10, 1.88, 1.99, 2.12, 2.25, 1.97, 2.38, 2.81],
  tjk_2816 = [3.64, 1.09, 0.97, 4.91, 1.01, 1.07, 1.14, 0.94, 0.98, 3.79, 0.97, 1.02, 2.20, 4.86, 0.98, 4.23, 3.33, 1.08, 3.65, 1.01, 3.15, 4.85, 0.75, 0.97, 1.14, 1.20, 3.04, 1.05, 4.28, 4.81, 3.56, 0.95, 4.86, 3.55, 1.00, 1.08, 1.04, 0.87, 0.96, 1.99, 0.97, 4.00, 1.08, 1.09, 1.14, 1.14, 4.50, 0.92, 2.11, 0.89],
  tjk_2817 = [2.16, 2.51, 2.01, 2.34, 2.29, 2.12, 2.09, 3.73, 2.09, 2.16, 1.81, 1.87, 2.20, 2.25, 2.54, 2.10, 2.00, 1.68, 2.15, 1.96, 4.22, 2.39, 2.51, 2.08, 2.06, 2.72, 2.82, 1.82, 2.10, 4.52, 1.79, 4.52, 2.11, 1.60, 1.93, 1.74, 2.00, 2.00, 1.97, 1.99, 1.91, 2.13, 2.13, 2.24, 2.04, 3.41, 1.74, 2.05, 1.89, 2.24],
  tjk_2818 = [3.43, 4.15, 3.35, 3.08, 3.41, 3.00, 4.09, 3.27, 2.44, 3.68, 3.02, 3.18, 3.16, 3.59, 2.59, 1.05, 3.86, 3.18, 3.07, 3.39, 3.11, 3.37, 3.44, 2.68, 3.48, 2.98, 2.66, 1.98, 2.86, 2.97, 2.94, 3.17, 2.94, 3.20, 2.74, 3.27, 3.02, 2.99, 2.32, 3.33, 3.00, 3.00, 3.00, 2.94, 3.01, 3.35, 1.31, 3.10, 4.83, 2.58],
  tjk_2819 = [3.66, 4.36, 1.56, 3.65, 4.26, 4.00, 3.63, 4.45, 4.97, 3.90, 3.73, 2.66, 4.01, 2.61, 3.39, 4.15, 4.52, 3.58, 4.02, 4.24, 3.77, 4.82, 3.55, 1.35, 2.97, 3.41, 3.58, 3.62, 3.77, 3.48, 4.33, 4.12, 4.09, 4.03, 2.54, 3.69, 1.22, 4.21, 3.24, 3.76, 4.11, 3.90, 4.59, 3.68, 4.63, 3.71, 4.10, 4.06, 3.87, 3.55],
  tjk_2820 = [3.93, 3.66, 3.93, 3.78, 3.57, 3.45, 3.56, 3.54, 3.49, 4.82, 3.80, 4.63, 3.93, 4.20, 4.59, 2.26, 4.12, 4.28, 4.20, 4.12, 1.01, 3.88, 4.97, 4.28, 3.59, 3.66, 4.28, 4.08, 3.87, 4.04, 5.00, 4.19, 3.11, 4.52, 3.24, 3.14, 2.64, 2.45, 4.14, 4.56, 4.79, 3.05, 3.74, 4.31, 4.11, 3.73, 2.95, 2.29, 4.27, 4.16],
  tjk_291 = [5.84, 4.20, 1.86, 4.89, 4.57, 4.43, 3.52, 5.43, 2.08, 2.01, 5.98, 4.59, 5.02, 2.65, 1.10, 1.25, 5.10, 4.90, 4.85, 4.73, 3.16, 4.76, 5.36, 4.79, 5.24, 5.03, 3.89, 4.80, 5.02, 5.66, 4.55, 1.90, 3.44, 2.59, 4.75, 4.17, 4.64, 5.92, 3.16, 4.65, 1.99, 2.02, 4.67, 3.03, 6.61, 5.10, 4.88, 2.07, 5.19, 1.79],
  tjk_292 = [2.96, 4.25, 1.98, 3.02, 3.23, 3.64, 3.41, 2.85, 3.54, 2.85, 2.51, 2.67, 2.60, 3.09, 1.62, 2.84, 3.45, 3.04, 2.84, 2.99, 3.08, 3.14, 2.86, 2.96, 3.13, 3.53, 2.80, 2.77, 3.54, 2.85, 2.94, 3.26, 2.50, 1.02, 3.41, 2.92, 3.29, 2.66, 1.09, 2.96, 2.83, 4.69, 3.42, 3.70, 2.13, 3.23, 2.63, 2.42, 4.49, 3.22],
  tjk_293 = [2.34, 2.07, 1.98, 1.92, 1.86, 2.09, 1.25, 2.08, 1.88, 3.25, 4.05, 3.81, 4.06, 2.12, 2.22, 1.82, 2.69, 4.35, 4.68, 1.95, 2.31, 1.94, 1.95, 2.15, 3.13, 1.03, 2.23, 1.82, 1.93, 1.91, 1.91, 3.90, 1.59, 3.14, 2.28, 2.78, 1.92, 2.19, 1.87, 1.84, 4.85, 1.96, 4.95, 2.33, 4.22, 2.59, 3.43, 1.70, 2.12, 3.10],
  tjk_294 = [5.04, 4.21, 1.42, 4.43, 5.25, 4.79, 4.65, 2.90, 4.58, 5.43, 1.24, 3.10, 5.97, 5.47, 4.91, 4.44, 4.57, 5.18, 5.10, 5.23, 4.72, 2.41, 5.48, 3.13, 5.31, 2.92, 4.96, 5.43, 5.25, 4.31, 4.81, 4.41, 5.17, 5.14, 5.21, 4.94, 4.76, 4.25, 4.27, 5.64, 1.87, 2.34, 4.95, 4.85, 4.78, 2.30, 4.57, 4.95, 4.51, 4.08],
  tjk_295 = [3.03, 2.93, 2.99, 2.89, 1.33, 3.12, 3.17, 2.52, 3.04, 2.63, 2.84, 2.37, 2.84, 3.55, 3.26, 2.68, 3.03, 2.57, 1.74, 3.06, 2.39, 2.48, 3.70, 2.50, 2.92, 2.44, 3.94, 3.30, 3.17, 3.36, 3.63, 3.34, 3.06, 1.26, 3.02, 2.45, 3.02, 3.41, 3.11, 1.14, 2.76, 3.27, 2.36, 2.56, 2.65, 3.14, 2.45, 2.90, 3.76, 2.67],
  tjk_296 = [3.22, 4.94, 3.34, 1.20, 2.52, 3.08, 3.55, 2.82, 2.52, 2.76, 2.94, 3.44, 3.19, 3.14, 1.74, 3.38, 3.44, 1.30, 2.75, 2.92, 3.36, 2.88, 2.84, 3.16, 3.19, 3.52, 2.95, 3.16, 1.30, 2.76, 3.34, 2.96, 3.03, 3.05, 2.79, 2.74, 2.98, 3.41, 2.60, 3.17, 3.06, 3.10, 3.26, 3.16, 2.93, 3.16, 2.70, 2.87, 3.87, 3.24],
  tjk_297 = [2.83, 5.13, 5.09, 1.23, 4.44, 3.99, 4.90, 1.29, 4.92, 4.85, 5.21, 4.34, 4.60, 4.84, 4.34, 2.81, 5.32, 2.02, 3.09, 4.80, 3.99, 5.68, 2.19, 4.67, 5.89, 4.72, 2.30, 4.76, 4.58, 5.11, 3.54, 4.29, 5.39, 5.44, 5.58, 3.23, 1.70, 4.92, 3.49, 5.29, 4.96, 4.97, 1.72, 3.96, 3.45, 4.89, 3.92, 1.55, 2.72, 2.56],
  tjk_298 = [3.51, 4.09, 3.27, 4.45, 2.77, 3.79, 1.35, 4.30, 4.96, 4.31, 3.51, 4.08, 4.30, 2.64, 4.59, 4.58, 4.00, 3.54, 3.56, 2.13, 4.04, 3.84, 4.28, 3.14, 3.71, 4.96, 4.07, 3.37, 3.81, 3.89, 3.99, 3.63, 3.36, 3.90, 4.11, 1.99, 3.59, 3.80, 3.51, 4.24, 3.65, 4.35, 3.63, 4.21, 3.82, 3.58, 3.91, 3.53, 4.07, 3.96],
  tjk_299 = [5.21, 5.83, 2.56, 4.84, 4.46, 5.10, 2.27, 3.11, 4.58, 5.57, 4.22, 5.60, 4.53, 4.51, 4.20, 5.09, 4.82, 5.16, 1.73, 5.27, 5.61, 5.23, 4.64, 4.67, 4.69, 5.99, 4.58, 6.01, 5.25, 5.42, 4.26, 4.74, 4.97, 4.63, 5.29, 4.85, 5.79, 5.02, 4.50, 5.37, 2.06, 4.97, 5.61, 4.06, 5.08, 5.30, 2.79, 5.45, 2.85, 5.16],
  tjk_2910 = [1.01, 2.91, 2.98, 3.07, 4.25, 3.18, 2.84, 3.74, 4.43, 2.78, 2.83, 3.06, 4.10, 4.64, 3.32, 3.35, 4.80, 2.51, 4.34, 2.65, 2.90, 3.14, 4.10, 4.77, 3.38, 3.42, 2.95, 4.88, 1.52, 4.36, 2.86, 3.00, 3.42, 4.86, 3.19, 1.95, 2.58, 3.27, 3.06, 2.87, 2.88, 2.64, 3.10, 3.01, 3.22, 2.73, 3.50, 3.42, 1.67, 2.91],
  tjk_2911 = [1.78, 1.71, 2.12, 3.53, 2.18, 2.23, 2.00, 2.07, 2.34, 1.89, 2.19, 3.32, 1.76, 2.79, 1.72, 1.80, 2.13, 1.50, 2.19, 4.60, 2.01, 2.77, 2.72, 2.22, 1.84, 2.25, 4.06, 1.77, 3.96, 1.84, 1.84, 1.20, 2.00, 1.81, 1.83, 1.83, 1.82, 2.23, 2.19, 1.87, 2.06, 1.44, 1.99, 2.28, 1.81, 1.78, 2.11, 1.83, 1.83, 1.97],
  tjk_2912 = [1.07, 1.22, 0.97, 3.36, 0.90, 1.07, 0.88, 1.00, 3.70, 1.45, 3.83, 2.09, 1.00, 1.10, 3.21, 0.90, 1.16, 1.11, 0.88, 1.09, 3.02, 0.91, 1.02, 0.98, 0.86, 0.93, 0.84, 2.08, 0.98, 2.58, 1.10, 2.76, 0.96, 3.81, 0.94, 1.28, 3.44, 1.07, 4.08, 4.86, 3.52, 3.78, 1.07, 0.98, 0.92, 1.08, 1.06, 1.02, 3.40, 1.06],
  tjk_2913 = [3.60, 3.13, 3.25, 1.73, 2.75, 2.95, 3.20, 1.72, 3.17, 3.24, 4.49, 2.06, 3.22, 2.96, 3.33, 2.52, 2.83, 1.78, 4.04, 1.31, 3.17, 3.35, 3.21, 2.74, 3.30, 1.19, 2.14, 3.15, 3.08, 3.22, 3.01, 3.00, 2.85, 4.32, 2.85, 2.08, 4.91, 2.84, 3.04, 1.23, 3.47, 3.47, 2.79, 3.05, 3.41, 2.52, 2.82, 2.71, 2.92, 1.85],
  tjk_2914 = [2.13, 2.09, 2.14, 2.77, 1.87, 1.81, 1.73, 3.12, 3.35, 1.72, 2.04, 2.11, 3.52, 1.12, 1.98, 2.60, 2.14, 2.22, 1.97, 3.43, 4.58, 1.84, 2.09, 2.97, 1.86, 1.62, 1.80, 1.77, 1.57, 2.32, 2.64, 1.47, 1.91, 1.74, 1.85, 2.22, 2.16, 1.81, 2.65, 3.20, 3.15, 3.63, 2.20, 2.09, 2.12, 4.62, 1.92, 4.21, 1.65, 2.01],
  tjk_2915 = [1.69, 3.07, 3.23, 3.16, 4.07, 4.05, 3.72, 1.04, 3.95, 4.13, 3.94, 4.16, 3.70, 3.17, 4.46, 2.16, 2.48, 4.21, 1.63, 4.61, 3.71, 4.02, 3.15, 1.86, 3.94, 4.04, 3.67, 4.37, 3.45, 3.08, 4.09, 3.95, 3.92, 4.01, 4.69, 3.54, 3.71, 4.09, 4.42, 4.25, 3.68, 3.21, 3.65, 3.62, 3.64, 3.84, 4.30, 1.75, 3.65, 4.27],
  tjk_2916 = [1.98, 1.56, 2.16, 1.76, 2.66, 2.05, 2.19, 2.04, 1.83, 1.84, 3.76, 1.69, 2.35, 3.67, 2.00, 4.06, 1.97, 1.71, 1.77, 1.95, 2.04, 4.30, 1.91, 3.95, 3.59, 1.75, 3.64, 1.70, 1.77, 4.14, 2.43, 4.88, 2.01, 2.08, 1.87, 4.61, 2.14, 1.89, 1.96, 1.74, 2.06, 1.79, 1.97, 2.01, 1.45, 1.97, 4.42, 2.01, 2.20, 2.08],
  tjk_2917 = [2.95, 3.08, 2.98, 2.83, 2.91, 3.17, 2.86, 4.51, 2.95, 3.33, 1.51, 2.79, 4.69, 2.93, 3.28, 2.67, 3.51, 2.64, 3.18, 3.36, 2.75, 2.89, 1.12, 2.87, 3.35, 3.25, 1.18, 5.00, 2.85, 4.61, 3.04, 2.72, 3.33, 2.85, 2.77, 2.72, 3.13, 2.45, 2.66, 2.69, 3.26, 3.21, 2.93, 2.31, 3.17, 1.46, 3.23, 3.10, 2.73, 2.98],
  tjk_2918 = [2.64, 3.18, 2.88, 3.04, 3.21, 3.15, 2.97, 1.05, 2.83, 3.91, 3.35, 2.66, 2.63, 2.73, 4.09, 3.19, 1.56, 1.88, 3.65, 2.76, 3.05, 1.33, 2.92, 3.18, 3.15, 3.37, 2.63, 2.19, 2.65, 2.77, 5.00, 2.88, 2.55, 4.43, 3.88, 1.79, 2.65, 3.06, 2.88, 3.50, 3.97, 3.13, 2.29, 1.17, 2.51, 3.95, 2.63, 3.09, 1.29, 2.99],
  tjk_2919 = [3.21, 3.46, 3.14, 2.66, 2.94, 2.46, 2.95, 3.07, 3.12, 4.28, 3.71, 1.98, 2.95, 2.85, 2.94, 3.93, 3.34, 2.18, 1.24, 3.51, 4.87, 3.58, 3.16, 2.88, 2.89, 4.65, 2.97, 3.14, 2.55, 2.95, 2.97, 2.72, 3.30, 2.96, 2.08, 4.60, 4.39, 3.29, 2.91, 2.71, 2.79, 4.81, 3.54, 2.76, 2.71, 3.10, 2.68, 1.50, 2.78, 2.48],
  tjk_2920 = [2.50, 5.36, 1.87, 5.84, 4.17, 1.40, 1.78, 5.04, 3.81, 4.97, 2.71, 3.09, 5.29, 5.29, 4.99, 5.09, 4.33, 4.62, 4.30, 5.61, 4.74, 5.43, 4.55, 1.42, 3.14, 5.52, 1.26, 2.18, 1.25, 2.80, 4.41, 5.34, 5.09, 4.67, 4.82, 3.10, 5.34, 3.90, 2.03, 4.59, 4.93, 5.34, 5.09, 5.50, 4.57, 5.06, 4.38, 4.23, 4.72, 1.41],
  tjk_301 = [4.53, 5.48, 4.96, 4.74, 3.30, 1.96, 5.45, 4.51, 4.09, 6.06, 4.99, 4.03, 3.51, 1.71, 5.07, 4.99, 5.84, 5.61, 5.56, 5.14, 4.05, 4.68, 5.23, 4.70, 5.31, 2.11, 5.14, 5.02, 1.72, 4.92, 4.12, 4.69, 5.06, 4.67, 4.70, 5.98, 4.47, 5.15, 4.80, 4.87, 1.28, 5.13, 2.07, 4.78, 4.42, 4.41, 4.21, 4.25, 4.83, 4.95],
  tjk_302 = [3.11, 2.90, 3.44, 2.88, 3.30, 3.46, 2.66, 3.35, 2.65, 2.64, 3.71, 2.98, 3.05, 2.86, 2.98, 4.20, 2.33, 3.24, 2.71, 3.38, 3.36, 1.29, 3.19, 2.66, 3.16, 2.78, 2.62, 2.31, 2.77, 3.23, 2.71, 2.73, 3.04, 3.22, 2.96, 3.18, 2.22, 3.02, 1.28, 3.90, 3.76, 3.24, 2.68, 2.87, 2.99, 2.41, 3.05, 3.07, 2.41, 4.67],
  tjk_303 = [1.85, 1.79, 1.73, 2.02, 2.18, 1.84, 2.04, 2.19, 1.90, 1.96, 3.64, 2.24, 2.34, 2.19, 1.92, 1.78, 1.67, 1.81, 1.89, 3.02, 4.05, 1.91, 4.39, 1.86, 1.81, 1.75, 1.79, 2.32, 2.49, 2.17, 2.18, 3.46, 1.92, 1.98, 1.84, 1.93, 2.31, 1.72, 1.79, 1.64, 1.98, 1.87, 2.18, 1.92, 3.13, 1.87, 2.35, 3.36, 2.23, 2.28],
  tjk_304 = [1.11, 1.68, 1.10, 4.37, 1.13, 0.95, 1.02, 2.78, 0.95, 0.99, 3.22, 1.61, 0.92, 2.93, 0.98, 3.77, 1.03, 0.95, 0.86, 0.93, 0.83, 4.08, 1.05, 1.14, 1.03, 1.10, 0.97, 1.45, 4.57, 3.02, 0.81, 1.06, 0.98, 1.12, 2.99, 4.53, 0.86, 2.27, 1.20, 1.03, 0.99, 3.10, 0.83, 0.94, 4.42, 4.72, 0.97, 1.16, 3.19, 1.09],
  tjk_305 = [1.97, 2.11, 1.64, 2.24, 2.12, 1.82, 1.51, 3.40, 3.04, 1.86, 1.99, 2.04, 1.96, 2.92, 2.10, 4.24, 1.81, 1.73, 3.50, 1.83, 1.90, 1.98, 4.76, 3.61, 2.19, 2.07, 1.96, 4.16, 1.80, 2.19, 2.04, 1.77, 1.70, 1.86, 1.74, 2.07, 3.65, 2.05, 2.19, 1.97, 4.64, 1.99, 2.05, 1.78, 1.87, 2.00, 1.89, 1.53, 4.36, 2.01],
  tjk_306 = [1.14, 0.89, 1.09, 1.05, 0.92, 1.12, 3.14, 1.62, 0.91, 1.02, 1.06, 3.12, 3.52, 1.06, 0.95, 4.11, 1.18, 4.92, 1.05, 0.96, 1.96, 1.09, 0.94, 0.98, 1.06, 0.98, 1.07, 3.78, 0.95, 1.18, 1.11, 1.12, 1.08, 1.66, 4.79, 1.04, 0.93, 2.68, 0.87, 1.01, 0.87, 1.21, 0.81, 1.00, 0.98, 3.38, 0.85, 1.02, 0.84, 0.98],
  tjk_307 = [1.24, 0.95, 0.84, 2.72, 3.57, 3.05, 1.02, 1.99, 1.05, 0.96, 0.92, 2.78, 4.89, 0.79, 1.22, 3.12, 1.61, 3.67, 0.89, 0.81, 1.80, 1.05, 1.10, 1.29, 0.90, 0.95, 1.03, 0.85, 2.11, 0.86, 4.53, 1.15, 1.02, 1.08, 0.89, 1.09, 0.94, 1.20, 2.93, 1.14, 3.64, 0.87, 3.81, 0.80, 0.88, 0.99, 0.91, 2.49, 1.09, 1.01],
  tjk_308 = [2.63, 1.58, 3.75, 2.00, 3.95, 3.97, 3.98, 5.06, 3.37, 3.74, 4.22, 3.84, 2.67, 4.30, 3.95, 4.11, 3.70, 4.62, 4.41, 3.99, 3.46, 3.70, 1.89, 2.77, 3.73, 4.36, 4.31, 4.03, 3.64, 4.08, 4.51, 4.30, 3.83, 4.13, 1.90, 3.75, 3.92, 4.48, 2.53, 4.61, 4.17, 3.83, 4.07, 3.98, 3.55, 3.78, 3.47, 4.06, 3.72, 3.91],
  tjk_309 = [4.38, 6.20, 4.45, 5.97, 5.63, 5.08, 5.44, 4.32, 6.05, 4.32, 2.03, 1.21, 4.08, 5.07, 6.18, 2.62, 5.24, 5.41, 3.21, 4.16, 2.46, 3.07, 3.11, 5.05, 5.04, 1.82, 4.20, 4.66, 5.24, 4.85, 3.56, 5.60, 5.68, 4.61, 1.21, 1.78, 5.19, 2.19, 5.53, 5.93, 5.01, 5.74, 5.16, 5.07, 4.87, 5.59, 1.67, 1.33, 5.04, 2.07],
  tjk_3010 = [1.96, 2.34, 2.07, 1.98, 1.63, 2.04, 1.97, 1.75, 1.63, 1.98, 1.83, 2.01, 4.11, 1.93, 4.09, 3.66, 2.01, 3.07, 1.99, 2.03, 4.45, 2.04, 1.88, 2.11, 3.23, 4.23, 1.90, 1.51, 2.33, 4.89, 1.87, 1.94, 2.06, 1.94, 2.04, 2.24, 1.81, 1.96, 4.61, 1.66, 1.19, 1.65, 2.11, 2.44, 1.80, 1.94, 1.88, 2.11, 2.08, 3.91],
  tjk_3011 = [1.85, 2.04, 0.92, 1.07, 3.28, 3.83, 3.42, 1.02, 1.00, 0.95, 1.08, 1.07, 0.91, 1.01, 3.65, 0.90, 0.94, 0.87, 1.00, 4.82, 1.05, 1.09, 0.91, 1.10, 0.83, 0.96, 0.89, 1.08, 1.06, 1.02, 1.07, 4.87, 1.00, 1.04, 2.03, 1.16, 3.95, 3.82, 1.10, 0.88, 3.08, 4.25, 1.16, 0.88, 1.17, 4.97, 1.08, 1.10, 4.76, 1.38],
  tjk_3012 = [2.33, 2.16, 2.11, 2.16, 1.89, 2.02, 2.04, 3.27, 1.01, 2.18, 2.12, 1.91, 1.99, 2.04, 4.64, 1.87, 3.48, 1.04, 2.09, 2.01, 1.09, 1.57, 2.22, 1.94, 1.83, 3.07, 2.38, 1.33, 4.22, 1.75, 3.27, 2.10, 2.20, 4.40, 2.30, 2.50, 2.02, 2.15, 2.34, 1.82, 1.93, 1.89, 1.46, 2.17, 1.81, 1.86, 1.80, 3.68, 1.79, 2.28],
  tjk_3013 = [1.40, 1.76, 0.99, 0.82, 1.02, 3.25, 1.09, 1.00, 4.48, 1.25, 1.04, 0.83, 4.35, 4.43, 0.85, 1.10, 1.01, 1.64, 0.93, 1.14, 4.78, 1.80, 1.03, 0.78, 1.06, 4.72, 0.92, 1.21, 1.24, 1.92, 2.56, 0.90, 2.62, 1.03, 2.96, 2.42, 1.00, 1.00, 0.92, 4.97, 1.08, 2.64, 1.10, 1.09, 0.92, 4.93, 0.99, 0.88, 1.00, 1.02],
  tjk_3014 = [1.22, 0.86, 1.07, 0.88, 1.73, 4.63, 1.15, 1.04, 0.86, 1.15, 1.05, 0.97, 1.08, 4.54, 1.58, 1.03, 0.87, 1.03, 0.92, 2.39, 0.97, 0.93, 0.98, 0.83, 0.98, 4.61, 4.51, 1.80, 0.96, 1.02, 0.99, 0.99, 0.90, 4.55, 3.72, 0.99, 0.99, 0.89, 0.97, 4.77, 0.89, 4.70, 4.71, 0.88, 4.68, 3.29, 0.98, 0.85, 0.95, 0.97],
  tjk_3015 = [4.85, 4.32, 1.01, 5.28, 3.17, 4.21, 3.58, 4.70, 4.28, 4.77, 3.89, 4.69, 3.98, 4.30, 4.48, 3.54, 3.77, 5.27, 4.78, 3.52, 4.84, 4.69, 3.87, 3.76, 5.58, 2.24, 4.96, 5.21, 4.42, 4.93, 5.05, 5.52, 3.78, 2.09, 4.38, 4.14, 4.50, 4.40, 5.36, 5.08, 4.50, 5.13, 4.69, 3.15, 4.11, 4.19, 5.34, 4.81, 4.45, 5.95],
  tjk_3016 = [3.06, 3.23, 4.46, 3.42, 2.78, 3.19, 4.19, 4.16, 3.22, 2.71, 2.86, 2.94, 3.66, 3.12, 2.31, 3.48, 2.07, 2.13, 1.63, 3.15, 2.85, 2.94, 3.57, 3.08, 2.85, 3.36, 3.35, 2.88, 4.17, 4.86, 3.18, 3.35, 2.89, 3.00, 2.60, 1.77, 2.98, 3.16, 2.38, 3.16, 3.00, 3.28, 2.19, 3.34, 3.43, 2.84, 2.09, 3.40, 1.26, 2.93],
  tjk_3017 = [2.18, 4.39, 3.42, 3.38, 4.02, 2.22, 3.69, 3.40, 1.93, 2.38, 3.60, 2.04, 4.79, 2.20, 1.93, 2.13, 2.30, 3.62, 4.40, 2.07, 2.03, 2.21, 1.22, 1.40, 1.68, 3.87, 1.74, 2.03, 1.65, 2.00, 2.15, 2.54, 2.19, 3.31, 1.89, 2.21, 1.76, 1.90, 1.93, 2.16, 1.91, 2.82, 2.17, 3.95, 1.92, 2.30, 1.89, 1.38, 2.12, 4.29],
  tjk_3018 = [0.90, 1.87, 0.82, 1.64, 1.20, 4.37, 0.89, 3.16, 1.14, 1.06, 0.98, 3.00, 0.95, 1.10, 4.67, 0.96, 1.04, 0.93, 0.98, 1.13, 0.95, 1.27, 4.84, 1.07, 0.92, 3.13, 0.91, 4.13, 1.10, 1.08, 1.02, 3.38, 2.51, 0.96, 0.90, 3.34, 2.48, 1.02, 4.06, 0.96, 1.00, 2.30, 0.89, 1.03, 1.06, 0.82, 1.24, 1.97, 1.10, 0.95],
  tjk_3019 = [2.40, 4.72, 1.65, 1.95, 2.00, 3.28, 1.64, 2.09, 1.72, 2.00, 1.98, 1.77, 1.90, 1.96, 2.13, 4.91, 1.96, 2.17, 1.98, 1.99, 3.98, 1.89, 2.69, 1.94, 1.94, 1.75, 1.93, 1.84, 1.83, 1.81, 2.30, 2.91, 4.16, 1.92, 1.86, 2.20, 2.22, 1.92, 4.79, 1.86, 2.81, 2.09, 2.38, 1.97, 4.12, 4.20, 1.67, 2.22, 2.63, 3.96],
  tjk_3020 = [1.99, 2.36, 3.75, 2.41, 1.93, 2.29, 2.46, 2.08, 2.31, 2.15, 2.22, 1.75, 2.77, 1.80, 1.94, 2.06, 2.33, 3.33, 1.83, 1.67, 2.14, 2.26, 1.90, 1.90, 2.11, 1.10, 2.05, 2.13, 2.06, 1.92, 2.23, 2.06, 2.83, 1.23, 2.91, 2.20, 1.69, 1.90, 1.93, 2.18, 1.90, 1.61, 1.75, 2.01, 1.88, 1.79, 2.19, 2.15, 2.20, 1.75],
  tjk_311 = [1.59, 2.13, 3.05, 2.90, 3.28, 4.09, 2.22, 2.29, 1.76, 3.09, 2.09, 1.80, 4.85, 1.77, 3.84, 1.84, 2.26, 2.01, 2.02, 4.97, 2.59, 2.23, 4.57, 2.04, 2.72, 4.75, 1.84, 2.21, 2.18, 1.70, 2.31, 1.08, 1.94, 1.82, 2.30, 1.81, 1.95, 2.01, 1.97, 3.26, 1.85, 1.92, 2.04, 4.75, 2.21, 1.73, 2.33, 1.93, 2.04, 2.00],
  tjk_312 = [2.90, 3.30, 2.55, 2.17, 1.77, 2.18, 2.76, 3.28, 2.78, 4.28, 3.53, 2.97, 2.57, 2.72, 2.67, 3.03, 3.05, 2.79, 1.30, 3.09, 3.33, 2.99, 3.87, 3.41, 3.12, 3.30, 3.89, 3.05, 3.34, 1.60, 2.80, 4.39, 2.30, 2.80, 4.03, 2.85, 3.00, 2.95, 3.43, 2.58, 3.11, 3.06, 3.18, 1.86, 2.80, 3.06, 2.60, 3.27, 2.77, 3.15],
  tjk_313 = [2.51, 1.46, 3.18, 3.39, 3.15, 4.09, 2.66, 3.20, 2.35, 3.03, 2.91, 2.66, 3.54, 1.36, 3.11, 3.18, 2.69, 3.07, 2.77, 2.44, 3.70, 2.94, 2.88, 4.64, 3.18, 3.01, 1.10, 3.03, 3.32, 3.02, 2.76, 2.88, 2.88, 3.00, 4.86, 3.37, 3.13, 2.52, 4.22, 3.12, 2.59, 3.04, 3.11, 2.82, 3.01, 2.42, 2.95, 2.62, 3.70, 4.12],
  tjk_314 = [1.92, 1.73, 1.92, 2.22, 4.08, 1.52, 1.75, 1.86, 2.08, 3.80, 2.23, 1.92, 2.05, 1.85, 1.86, 2.08, 4.12, 2.03, 2.24, 1.92, 3.58, 1.86, 4.51, 2.85, 2.20, 2.24, 4.97, 3.02, 2.08, 1.92, 1.66, 2.13, 1.95, 3.21, 2.19, 2.15, 1.88, 1.64, 1.91, 3.52, 3.70, 1.86, 4.18, 2.30, 3.39, 2.14, 1.96, 1.82, 1.72, 1.85],
  tjk_315 = [3.94, 3.74, 3.74, 3.31, 4.08, 1.35, 4.12, 4.14, 4.73, 2.67, 4.92, 4.19, 3.75, 1.77, 4.26, 3.97, 4.33, 3.99, 3.88, 2.31, 4.03, 1.37, 4.76, 3.17, 3.87, 3.89, 3.76, 4.63, 4.07, 4.34, 3.55, 3.73, 2.88, 3.60, 3.91, 4.17, 4.03, 3.80, 3.18, 3.59, 3.65, 3.99, 3.04, 4.76, 3.36, 4.01, 3.59, 1.14, 3.34, 1.93],
  tjk_316 = [4.44, 1.03, 3.78, 4.10, 4.46, 3.67, 3.84, 3.56, 3.56, 3.28, 3.78, 3.49, 4.14, 3.73, 4.29, 4.15, 2.82, 4.63, 3.56, 3.30, 4.90, 3.70, 4.59, 3.15, 3.89, 3.67, 3.85, 3.41, 4.36, 4.28, 4.89, 4.55, 5.00, 4.66, 3.95, 4.73, 3.79, 3.50, 3.81, 3.91, 4.75, 3.85, 4.55, 4.11, 3.67, 4.41, 4.49, 3.98, 3.61, 2.89],
  tjk_317 = [2.24, 1.83, 2.20, 3.68, 2.26, 2.17, 4.43, 2.17, 2.35, 2.16, 4.41, 1.89, 4.81, 2.28, 2.05, 2.19, 1.57, 1.08, 4.07, 1.89, 1.79, 2.57, 2.14, 1.91, 2.26, 4.03, 1.84, 1.66, 2.33, 4.79, 2.67, 1.81, 2.55, 1.80, 3.08, 1.93, 1.26, 2.32, 1.80, 1.82, 1.98, 1.99, 3.22, 3.19, 2.04, 1.92, 1.51, 2.36, 3.15, 2.08],
  tjk_318 = [3.46, 5.31, 4.99, 2.67, 4.82, 3.05, 4.86, 5.64, 5.16, 1.77, 2.01, 4.47, 2.93, 5.48, 3.90, 4.46, 4.56, 5.96, 4.70, 5.11, 5.93, 1.70, 1.91, 4.63, 6.17, 5.46, 5.35, 6.04, 5.25, 5.02, 2.34, 1.55, 3.87, 5.34, 5.16, 4.54, 4.61, 1.41, 4.04, 4.69, 5.42, 5.57, 5.29, 4.97, 5.19, 4.29, 4.63, 4.10, 4.67, 5.76],
  tjk_319 = [3.76, 1.06, 2.94, 2.84, 3.02, 3.11, 3.03, 4.08, 3.12, 4.63, 2.89, 3.02, 4.09, 2.98, 3.29, 3.50, 3.64, 2.72, 2.75, 3.49, 2.30, 2.91, 4.95, 3.32, 3.11, 3.76, 2.65, 2.93, 2.99, 3.30, 3.13, 3.76, 3.23, 2.48, 3.16, 4.02, 3.99, 4.80, 3.36, 4.10, 2.89, 2.75, 3.27, 2.89, 1.03, 3.26, 2.97, 2.90, 2.53, 3.13],
  tjk_3110 = [2.47, 1.98, 1.78, 1.48, 1.91, 4.82, 1.91, 1.05, 1.60, 1.88, 2.21, 2.07, 2.04, 2.10, 1.86, 2.00, 1.80, 1.65, 2.27, 4.60, 2.20, 1.82, 1.93, 1.92, 2.42, 1.98, 1.49, 2.13, 2.05, 1.70, 3.96, 2.00, 1.06, 1.78, 1.17, 2.03, 2.17, 1.92, 1.91, 2.57, 1.91, 2.08, 2.04, 1.90, 3.89, 1.86, 2.03, 4.40, 2.09, 1.99],
  tjk_3111 = [1.76, 3.68, 4.21, 3.31, 1.77, 2.74, 3.56, 4.11, 1.19, 4.41, 4.07, 4.16, 3.87, 3.48, 3.52, 3.57, 1.74, 4.25, 3.01, 1.74, 4.61, 4.55, 4.94, 4.02, 3.16, 4.44, 4.07, 4.51, 3.21, 4.77, 2.22, 4.50, 3.82, 4.41, 4.18, 1.81, 3.73, 4.72, 3.92, 3.87, 3.39, 2.50, 3.46, 3.81, 1.69, 3.22, 4.82, 3.36, 3.85, 4.46],
  tjk_3112 = [0.97, 1.25, 1.04, 0.92, 0.97, 3.00, 1.00, 3.68, 4.65, 2.96, 1.96, 1.23, 1.03, 0.77, 1.89, 0.89, 1.04, 4.73, 0.97, 0.95, 1.85, 1.09, 0.97, 0.95, 2.18, 0.99, 1.03, 2.66, 1.06, 0.73, 4.23, 1.02, 1.02, 0.91, 1.12, 1.05, 0.85, 1.08, 1.51, 0.95, 1.21, 0.97, 2.02, 0.78, 1.97, 1.01, 1.10, 1.07, 4.56, 0.95],
  tjk_3113 = [4.85, 3.95, 3.76, 2.18, 2.57, 3.14, 3.81, 3.14, 3.73, 3.75, 4.18, 3.92, 4.94, 3.71, 2.62, 2.96, 3.97, 3.27, 4.08, 4.14, 4.20, 4.78, 3.90, 1.74, 3.93, 3.81, 3.77, 3.57, 5.01, 3.73, 4.24, 4.05, 3.70, 2.07, 4.08, 4.09, 4.14, 1.06, 1.08, 2.89, 4.43, 4.08, 4.43, 3.87, 3.39, 2.12, 4.92, 4.15, 4.93, 4.34],
  tjk_3114 = [4.71, 3.06, 3.18, 4.11, 2.69, 2.98, 4.51, 2.89, 2.94, 2.51, 2.76, 3.35, 3.23, 3.27, 3.24, 2.65, 2.75, 2.98, 2.65, 2.69, 3.24, 3.20, 4.23, 2.93, 4.39, 4.52, 3.68, 2.73, 2.92, 3.04, 4.56, 3.45, 3.11, 3.49, 3.05, 2.32, 2.68, 2.74, 3.34, 2.93, 2.79, 2.52, 1.23, 2.65, 2.76, 1.45, 2.91, 2.39, 4.34, 2.87],
  tjk_3115 = [3.06, 4.37, 0.86, 0.89, 1.15, 0.94, 1.00, 4.35, 1.42, 0.97, 2.01, 4.04, 3.44, 3.38, 0.98, 0.96, 2.60, 0.88, 3.54, 0.86, 2.73, 4.48, 1.60, 0.95, 3.00, 0.94, 1.11, 0.95, 1.11, 1.03, 1.04, 0.98, 3.94, 0.96, 1.06, 3.20, 1.89, 1.06, 1.05, 0.91, 1.09, 1.07, 1.01, 1.01, 1.00, 1.49, 2.16, 1.14, 0.94, 1.12],
  tjk_3116 = [2.76, 2.92, 4.12, 3.33, 3.42, 3.45, 1.82, 3.27, 3.16, 2.92, 3.15, 3.21, 3.21, 3.03, 3.46, 3.38, 4.38, 4.34, 3.59, 3.34, 1.56, 3.31, 2.93, 4.48, 2.68, 2.87, 2.49, 3.03, 3.92, 2.81, 3.34, 3.04, 3.28, 2.99, 2.66, 3.00, 2.75, 3.15, 3.10, 3.36, 2.16, 3.16, 3.07, 3.88, 3.61, 1.21, 2.79, 1.26, 2.94, 3.17],
  tjk_3117 = [4.50, 4.61, 2.79, 3.93, 1.75, 3.67, 3.58, 3.29, 3.79, 4.02, 2.76, 4.36, 4.78, 3.73, 1.86, 4.04, 3.62, 3.96, 3.45, 4.13, 3.94, 3.67, 3.76, 4.40, 4.51, 4.22, 3.86, 4.22, 4.37, 1.46, 3.79, 3.77, 4.65, 4.84, 3.63, 3.98, 3.67, 4.05, 4.05, 2.72, 3.50, 3.92, 4.16, 3.78, 3.46, 5.07, 2.39, 4.41, 4.78, 3.95],
  tjk_3118 = [1.97, 6.02, 1.55, 4.18, 4.97, 4.75, 5.32, 5.11, 3.11, 2.14, 5.75, 2.20, 5.24, 1.67, 4.17, 1.83, 1.88, 4.19, 4.31, 1.63, 4.53, 3.15, 5.53, 5.04, 4.73, 3.36, 4.95, 3.49, 5.43, 5.31, 4.25, 4.69, 2.62, 5.39, 5.17, 2.65, 4.41, 4.55, 5.66, 4.79, 1.13, 4.83, 3.53, 4.33, 4.00, 4.63, 5.67, 5.08, 4.61, 4.75],
  tjk_3119 = [1.06, 1.02, 0.95, 1.01, 1.03, 1.02, 1.11, 3.72, 0.88, 3.15, 3.70, 1.15, 0.99, 1.00, 4.61, 1.06, 1.02, 1.08, 0.91, 3.35, 1.05, 1.01, 0.87, 0.93, 0.94, 0.96, 1.09, 1.07, 2.59, 1.06, 1.03, 0.97, 2.54, 1.14, 2.21, 1.07, 1.10, 1.17, 1.26, 1.17, 1.20, 2.26, 0.95, 0.80, 0.96, 0.85, 4.51, 1.00, 0.97, 1.18],
  tjk_3120 = [4.28, 4.83, 2.20, 2.46, 1.27, 3.65, 1.08, 1.82, 4.01, 4.57, 4.32, 3.89, 4.08, 3.99, 3.90, 3.81, 3.86, 4.06, 2.17, 4.35, 4.75, 4.78, 4.50, 4.16, 3.13, 3.08, 4.10, 3.70, 4.03, 4.95, 2.93, 3.66, 1.82, 4.48, 1.56, 3.96, 4.34, 4.11, 4.05, 4.41, 4.29, 1.24, 4.25, 4.10, 3.53, 3.92, 2.47, 1.01, 3.98, 4.51],
  tjk_321 = [2.77, 2.65, 2.38, 3.13, 2.00, 3.16, 3.11, 3.31, 3.07, 3.26, 2.49, 3.44, 2.70, 3.91, 4.84, 2.82, 3.28, 3.17, 3.13, 2.94, 2.27, 3.03, 3.14, 2.63, 2.58, 2.60, 2.63, 2.63, 3.21, 3.40, 2.78, 3.03, 1.31, 2.52, 2.75, 2.68, 3.02, 2.87, 3.02, 1.81, 2.87, 3.61, 3.54, 2.85, 2.80, 3.58, 4.76, 2.99, 4.13, 2.80],
  tjk_322 = [1.92, 3.68, 1.08, 0.95, 1.16, 3.41, 2.25, 1.19, 0.91, 1.03, 0.94, 4.45, 4.09, 1.00, 1.15, 2.90, 0.92, 0.85, 4.81, 1.06, 0.85, 1.28, 1.14, 1.92, 2.78, 0.89, 1.05, 0.86, 4.38, 1.03, 0.91, 3.90, 0.99, 0.93, 0.92, 4.47, 0.92, 4.48, 1.09, 1.13, 1.05, 0.82, 0.90, 1.08, 2.12, 0.77, 2.21, 1.12, 3.96, 1.00],
  tjk_323 = [1.01, 4.07, 0.93, 1.94, 1.37, 4.22, 1.08, 1.13, 0.93, 3.77, 4.34, 1.06, 3.16, 1.05, 1.22, 0.91, 1.03, 1.04, 0.88, 1.08, 0.86, 0.92, 1.13, 3.02, 1.15, 1.15, 1.21, 0.99, 0.85, 1.47, 3.56, 3.93, 1.06, 1.00, 1.14, 1.00, 0.88, 2.70, 2.83, 4.13, 1.09, 1.67, 4.76, 1.04, 0.98, 0.92, 0.96, 0.82, 0.97, 3.67],
  tjk_324 = [4.89, 5.27, 5.39, 5.89, 4.94, 5.24, 4.78, 4.97, 5.40, 2.12, 3.37, 6.37, 2.68, 5.39, 4.60, 4.97, 1.16, 4.97, 4.82, 2.61, 1.28, 4.28, 5.72, 4.84, 5.14, 4.61, 5.82, 5.66, 1.27, 4.74, 1.83, 1.35, 5.34, 4.78, 4.59, 4.77, 4.81, 5.60, 5.17, 4.59, 5.16, 5.20, 2.70, 3.42, 2.09, 2.54, 4.55, 6.15, 4.97, 5.49],
  tjk_325 = [3.99, 2.66, 4.33, 4.25, 3.56, 3.37, 1.72, 3.68, 3.77, 3.41, 4.16, 2.09, 4.45, 3.55, 4.14, 3.41, 3.47, 3.66, 3.98, 3.91, 2.83, 2.17, 4.07, 3.99, 3.76, 4.75, 2.40, 3.45, 3.67, 4.16, 4.50, 4.24, 3.59, 4.55, 3.62, 3.57, 4.30, 3.59, 3.83, 3.71, 3.91, 3.79, 3.68, 3.76, 3.60, 1.68, 2.80, 3.89, 3.93, 3.91],
  tjk_326 = [0.95, 0.91, 1.13, 1.28, 1.00, 2.68, 1.59, 2.30, 1.10, 3.65, 1.19, 1.62, 0.95, 0.90, 1.09, 0.93, 0.90, 2.55, 1.07, 0.97, 3.78, 0.98, 4.80, 0.81, 1.07, 0.98, 0.98, 1.00, 0.79, 1.03, 0.98, 1.05, 3.75, 0.92, 0.87, 0.89, 4.24, 0.91, 0.99, 2.39, 0.88, 4.70, 1.65, 1.11, 1.24, 1.12, 1.05, 1.03, 0.91, 1.71],
  tjk_327 = [4.56, 1.02, 1.37, 3.45, 3.55, 3.44, 4.45, 3.11, 3.55, 4.07, 3.90, 3.94, 3.08, 4.87, 2.15, 4.45, 3.48, 3.86, 3.72, 3.87, 4.37, 3.92, 3.91, 4.22, 4.26, 3.37, 4.46, 3.73, 2.67, 3.64, 3.39, 3.54, 4.02, 4.12, 3.84, 3.75, 2.80, 3.39, 3.69, 3.04, 3.77, 1.86, 3.66, 2.81, 2.58, 4.53, 3.87, 3.68, 4.18, 1.94],
  tjk_328 = [1.99, 3.46, 1.86, 3.52, 2.16, 2.30, 2.11, 1.73, 2.03, 3.88, 1.98, 1.93, 2.73, 2.28, 2.23, 2.25, 4.85, 1.86, 1.84, 2.01, 2.11, 2.03, 3.09, 2.25, 1.76, 1.96, 2.20, 3.62, 2.87, 2.14, 3.89, 1.84, 2.06, 1.91, 1.91, 1.67, 2.49, 2.30, 4.78, 2.00, 1.93, 2.13, 2.48, 1.74, 1.99, 1.34, 2.15, 2.51, 2.07, 1.79],
  tjk_329 = [1.26, 2.17, 2.00, 1.51, 2.16, 2.37, 1.74, 2.18, 2.19, 1.66, 1.79, 1.66, 4.16, 2.16, 2.29, 1.94, 2.09, 1.92, 2.00, 1.79, 2.02, 1.97, 2.00, 1.96, 3.74, 1.81, 1.73, 4.24, 1.77, 2.16, 1.73, 2.08, 1.69, 2.42, 1.74, 4.99, 2.10, 2.08, 2.59, 2.19, 1.69, 1.94, 1.95, 4.13, 2.04, 1.95, 1.72, 1.63, 1.86, 1.95],
  tjk_3210 = [3.77, 4.76, 3.78, 1.32, 3.88, 4.09, 4.42, 4.37, 3.76, 1.05, 3.78, 4.30, 4.61, 3.54, 3.63, 4.01, 1.24, 3.50, 4.08, 3.91, 1.59, 4.60, 1.29, 3.88, 1.57, 4.14, 4.52, 3.94, 1.63, 4.66, 4.31, 3.90, 4.85, 4.53, 3.80, 1.03, 3.00, 4.06, 4.07, 4.20, 4.54, 2.92, 1.64, 1.58, 3.80, 4.26, 5.08, 3.24, 3.52, 4.17],
  tjk_3211 = [1.07, 1.02, 2.95, 3.40, 1.11, 1.14, 0.89, 0.81, 4.28, 3.01, 1.12, 0.93, 0.93, 0.99, 2.60, 0.87, 1.33, 1.14, 3.53, 1.01, 1.22, 1.03, 0.99, 4.44, 1.06, 1.20, 1.13, 1.98, 1.17, 1.14, 0.99, 1.10, 3.88, 1.15, 1.09, 2.22, 0.78, 0.94, 0.90, 1.09, 1.05, 1.07, 1.46, 4.44, 1.02, 0.86, 2.68, 1.07, 1.06, 3.88],
  tjk_3212 = [3.72, 1.88, 4.92, 1.93, 1.79, 2.18, 2.07, 1.22, 1.75, 3.86, 2.03, 1.69, 1.43, 1.99, 1.84, 3.29, 1.88, 1.84, 4.53, 3.27, 4.40, 1.97, 2.03, 1.95, 1.85, 1.92, 1.78, 1.97, 1.73, 2.08, 1.91, 3.69, 2.10, 1.67, 2.07, 2.39, 2.06, 1.93, 1.74, 2.20, 2.14, 2.16, 1.25, 3.59, 2.17, 2.30, 2.88, 2.24, 1.81, 2.44],
  tjk_3213 = [4.74, 1.02, 1.45, 1.00, 3.96, 0.97, 3.53, 1.52, 1.22, 2.06, 2.53, 0.95, 0.90, 0.97, 1.03, 0.90, 1.07, 4.55, 3.49, 1.18, 2.74, 1.02, 1.12, 3.10, 2.60, 2.95, 4.04, 0.93, 1.07, 0.90, 0.89, 1.05, 1.02, 0.95, 2.90, 3.34, 0.99, 2.87, 0.96, 0.92, 0.98, 0.99, 3.90, 2.46, 3.63, 2.26, 0.93, 0.95, 4.77, 0.90],
  tjk_3214 = [2.01, 3.37, 1.96, 1.88, 2.27, 1.94, 4.02, 1.82, 1.99, 4.03, 2.00, 3.80, 1.80, 4.65, 2.55, 4.39, 2.26, 4.17, 2.16, 1.55, 4.23, 2.37, 2.12, 2.17, 1.88, 1.71, 2.02, 4.45, 2.25, 2.13, 1.90, 1.74, 3.39, 1.84, 3.73, 1.52, 2.11, 2.13, 2.35, 1.82, 2.84, 1.62, 2.15, 2.03, 1.83, 2.35, 2.02, 2.11, 1.87, 1.63],
  tjk_3215 = [3.27, 2.96, 2.93, 3.14, 1.06, 3.01, 3.18, 3.39, 3.13, 3.25, 3.19, 4.79, 2.62, 2.97, 3.02, 4.50, 3.37, 3.72, 3.27, 3.07, 3.06, 2.79, 3.20, 3.08, 3.24, 2.44, 3.21, 2.65, 1.46, 3.44, 3.08, 3.21, 1.50, 2.80, 2.73, 3.14, 2.65, 2.72, 2.77, 3.15, 4.52, 3.79, 2.74, 2.48, 3.91, 2.23, 3.24, 3.30, 4.96, 2.64],
  tjk_3216 = [4.29, 5.59, 3.76, 2.64, 1.85, 4.68, 5.08, 3.28, 4.68, 1.89, 5.51, 4.48, 4.62, 4.32, 3.21, 3.63, 4.59, 1.46, 4.20, 4.84, 4.29, 5.13, 5.27, 4.90, 4.97, 3.84, 2.33, 1.95, 4.67, 5.40, 4.23, 5.65, 1.70, 4.10, 4.27, 5.32, 5.48, 3.85, 5.84, 5.32, 4.89, 4.72, 4.89, 4.62, 4.25, 5.21, 2.07, 5.10, 2.85, 3.96],
  tjk_3217 = [4.62, 4.88, 5.14, 5.31, 4.45, 4.90, 4.28, 4.75, 4.85, 5.45, 2.94, 4.68, 4.78, 5.05, 4.49, 5.47, 3.30, 5.54, 4.53, 5.22, 5.45, 5.00, 1.95, 4.16, 5.02, 5.14, 2.81, 2.84, 5.37, 4.88, 2.92, 4.30, 6.20, 4.76, 4.42, 4.88, 1.44, 5.62, 4.08, 5.94, 2.70, 3.04, 5.43, 4.63, 4.02, 4.35, 5.23, 5.13, 5.04, 3.29],
  tjk_3218 = [4.76, 2.69, 5.20, 2.80, 4.50, 5.81, 1.96, 5.65, 4.74, 5.14, 5.12, 4.76, 5.00, 3.25, 5.25, 5.39, 5.07, 4.78, 4.68, 4.00, 1.91, 3.87, 4.37, 1.35, 4.59, 4.14, 5.03, 5.83, 5.63, 4.18, 5.18, 5.26, 5.57, 5.21, 4.51, 2.05, 4.88, 4.57, 3.96, 3.52, 1.67, 5.01, 2.87, 4.46, 4.81, 5.33, 3.37, 3.95, 4.49, 4.48],
  tjk_3219 = [4.57, 2.98, 3.42, 2.38, 3.13, 3.02, 1.99, 2.78, 2.58, 3.42, 3.12, 2.83, 3.01, 2.39, 3.38, 3.04, 3.70, 2.99, 3.36, 3.41, 3.17, 4.84, 2.52, 3.13, 3.01, 3.28, 3.32, 3.08, 2.14, 3.29, 3.27, 3.32, 3.05, 3.09, 2.77, 1.49, 3.11, 4.13, 2.76, 2.98, 3.44, 2.60, 2.38, 2.05, 3.17, 2.90, 3.02, 2.71, 2.81, 2.97],
  tjk_3220 = [4.02, 2.56, 1.54, 4.17, 4.54, 4.35, 4.27, 3.10, 2.20, 4.46, 3.58, 3.93, 3.27, 4.05, 3.94, 4.22, 3.99, 3.63, 3.43, 2.08, 3.36, 4.03, 3.81, 3.81, 4.80, 3.82, 3.69, 3.87, 4.47, 4.67, 3.51, 3.80, 3.10, 4.30, 3.92, 3.83, 4.04, 4.67, 4.15, 4.11, 4.31, 3.61, 1.57, 4.02, 3.50, 4.61, 3.58, 2.41, 3.85, 1.85],
  tjk_331 = [1.87, 6.70, 4.66, 1.50, 4.67, 2.60, 5.05, 3.42, 4.82, 5.35, 4.99, 5.94, 3.01, 1.78, 5.49, 2.56, 4.68, 5.53, 4.67, 1.36, 3.48, 5.73, 5.24, 4.57, 4.48, 3.86, 4.32, 1.07, 2.93, 1.39, 4.55, 4.67, 4.97, 1.05, 4.79, 4.64, 4.27, 1.63, 1.80, 4.73, 4.73, 5.07, 5.24, 1.17, 4.93, 1.71, 2.28, 4.81, 4.69, 5.23],
  tjk_332 = [1.13, 1.08, 1.78, 2.55, 4.83, 1.00, 0.93, 0.93, 0.88, 0.97, 1.08, 1.21, 1.00, 1.06, 1.04, 1.07, 1.01, 1.02, 1.53, 1.10, 3.46, 3.67, 0.84, 0.91, 1.06, 0.90, 0.98, 1.01, 1.00, 2.56, 3.89, 1.15, 1.01, 0.94, 1.05, 4.73, 1.28, 0.88, 1.03, 2.66, 1.11, 2.75, 4.33, 1.00, 0.94, 0.91, 0.94, 0.84, 1.02, 1.63],
  tjk_333 = [4.66, 4.03, 3.00, 1.57, 5.77, 4.21, 1.01, 5.33, 1.07, 5.52, 4.96, 5.23, 4.82, 4.94, 2.38, 4.84, 4.88, 4.97, 4.74, 4.18, 5.07, 5.40, 4.84, 5.24, 3.72, 4.25, 3.69, 4.59, 5.66, 5.31, 4.37, 4.87, 2.16, 3.80, 4.74, 4.46, 5.75, 3.52, 4.56, 1.13, 4.85, 5.52, 5.49, 5.69, 3.54, 4.91, 5.84, 4.46, 4.69, 4.81],
  tjk_334 = [1.79, 4.14, 4.24, 3.08, 2.28, 4.68, 4.82, 4.55, 4.69, 5.15, 2.03, 5.11, 5.11, 5.06, 5.07, 4.83, 2.38, 3.50, 4.65, 5.18, 2.56, 4.48, 4.44, 3.13, 4.64, 4.48, 5.56, 5.03, 4.72, 4.71, 4.74, 4.63, 4.97, 4.18, 4.35, 4.94, 5.15, 5.45, 3.64, 4.48, 2.10, 5.52, 5.11, 5.27, 4.96, 4.66, 4.61, 4.95, 2.17, 4.38],
  tjk_335 = [1.70, 2.04, 3.65, 1.61, 4.41, 2.07, 1.99, 1.62, 3.03, 1.72, 2.11, 1.45, 3.49, 4.20, 1.91, 1.80, 3.52, 1.86, 2.23, 1.70, 2.36, 1.90, 1.74, 1.86, 2.14, 1.93, 1.03, 1.78, 1.82, 4.62, 1.91, 2.03, 2.27, 4.71, 1.53, 1.93, 2.32, 1.97, 4.92, 2.05, 1.35, 2.40, 1.84, 1.97, 2.25, 1.92, 2.77, 2.03, 2.02, 2.17],
  tjk_336 = [4.07, 2.01, 2.19, 1.99, 2.26, 1.90, 2.09, 1.76, 3.63, 2.17, 1.94, 2.72, 1.84, 1.89, 1.15, 1.80, 1.83, 2.46, 1.75, 1.59, 1.62, 2.12, 2.60, 1.86, 1.85, 1.16, 2.12, 2.11, 3.22, 2.51, 2.22, 3.76, 1.95, 1.68, 2.72, 1.85, 1.06, 2.20, 1.61, 2.11, 3.42, 2.26, 1.81, 2.20, 1.58, 2.02, 3.04, 2.03, 2.08, 2.09],
  tjk_337 = [2.76, 1.00, 4.52, 3.61, 0.96, 0.99, 1.05, 2.61, 0.95, 0.98, 2.57, 3.07, 2.12, 0.89, 1.29, 0.85, 4.34, 0.99, 3.94, 1.60, 1.16, 0.99, 0.96, 1.01, 1.10, 1.97, 1.95, 1.06, 0.97, 3.82, 1.17, 1.12, 0.96, 1.07, 1.02, 1.13, 0.88, 0.94, 3.10, 0.97, 1.11, 4.49, 0.92, 1.04, 4.40, 1.27, 0.85, 0.90, 1.03, 3.62],
  tjk_338 = [3.32, 2.52, 2.69, 3.87, 3.07, 1.68, 3.11, 2.71, 2.52, 3.05, 2.62, 3.19, 2.73, 2.90, 2.82, 2.85, 3.54, 2.91, 2.88, 3.88, 2.37, 1.69, 2.03, 2.74, 1.56, 3.29, 2.73, 2.78, 2.90, 1.57, 1.65, 3.14, 3.07, 3.20, 2.25, 3.28, 4.49, 3.31, 1.34, 3.11, 2.97, 3.20, 3.31, 3.10, 3.09, 2.91, 4.65, 2.73, 3.23, 3.07],
  tjk_339 = [4.46, 3.59, 4.36, 3.96, 4.07, 2.57, 4.36, 3.87, 3.89, 1.71, 1.01, 4.38, 3.32, 4.47, 4.35, 3.65, 1.35, 3.94, 3.92, 3.97, 4.03, 3.43, 3.69, 4.98, 3.60, 4.18, 3.79, 4.33, 1.74, 3.74, 3.28, 2.70, 3.87, 4.21, 4.52, 3.99, 3.47, 4.08, 3.52, 2.53, 4.93, 4.58, 4.11, 3.16, 4.07, 3.34, 3.85, 3.97, 4.12, 4.90],
  tjk_3310 = [2.68, 3.34, 3.33, 2.88, 3.29, 3.09, 2.88, 3.28, 2.49, 2.40, 4.71, 2.51, 2.80, 2.84, 3.75, 2.65, 2.68, 3.38, 2.72, 1.72, 2.81, 2.75, 3.05, 2.34, 2.87, 3.10, 2.41, 3.01, 2.11, 4.05, 2.52, 3.04, 3.17, 2.02, 3.36, 3.42, 2.54, 2.49, 1.49, 1.99, 3.03, 2.94, 2.85, 2.95, 2.71, 2.85, 3.30, 2.80, 3.92, 1.86],
  tjk_3311 = [2.04, 2.43, 3.86, 4.09, 4.49, 1.09, 1.07, 2.45, 3.58, 2.88, 4.50, 3.20, 3.92, 3.42, 4.63, 3.59, 3.69, 1.13, 3.38, 4.58, 3.49, 4.13, 4.47, 3.87, 4.13, 4.69, 4.25, 3.11, 4.00, 4.30, 4.41, 4.60, 4.87, 3.81, 4.02, 4.21, 4.23, 1.28, 4.98, 4.89, 4.50, 3.89, 4.06, 4.62, 3.25, 4.62, 4.96, 1.68, 4.65, 1.14],
  tjk_3312 = [2.14, 3.77, 2.99, 1.40, 3.51, 3.70, 3.29, 4.16, 4.11, 4.01, 4.49, 3.62, 4.27, 3.36, 4.50, 3.95, 2.03, 3.80, 3.74, 4.64, 4.02, 3.04, 4.10, 3.47, 2.61, 4.34, 4.08, 3.64, 3.64, 3.97, 4.50, 4.10, 4.42, 4.16, 3.68, 4.25, 3.15, 4.15, 3.76, 3.64, 2.28, 4.31, 4.77, 4.23, 4.73, 2.56, 3.63, 3.75, 4.08, 3.71],
  tjk_3313 = [4.84, 2.34, 2.03, 2.19, 4.91, 1.89, 4.20, 2.20, 1.74, 2.27, 1.67, 2.02, 2.01, 2.82, 2.28, 2.21, 1.99, 1.98, 1.81, 2.10, 2.25, 1.87, 1.98, 4.22, 4.35, 3.72, 2.09, 4.06, 1.65, 1.01, 2.15, 2.02, 1.88, 2.01, 2.07, 2.07, 2.10, 2.09, 2.44, 1.99, 2.64, 1.95, 2.09, 2.02, 2.29, 2.02, 2.47, 2.15, 1.94, 1.86],
  tjk_3314 = [1.00, 1.20, 1.06, 0.97, 2.34, 0.93, 0.86, 1.02, 2.54, 2.31, 0.94, 0.91, 0.92, 1.01, 1.72, 3.45, 1.24, 2.04, 3.68, 4.60, 1.00, 1.02, 3.00, 1.46, 0.93, 2.90, 2.78, 0.94, 2.79, 4.50, 1.63, 0.90, 1.12, 1.00, 4.38, 4.80, 0.89, 4.72, 0.95, 0.95, 1.14, 1.05, 4.61, 0.97, 0.91, 1.55, 0.93, 1.04, 0.94, 0.80],
  tjk_3315 = [2.21, 3.26, 3.12, 4.65, 2.10, 4.02, 3.37, 2.82, 2.99, 1.48, 4.13, 4.24, 2.45, 3.11, 3.39, 3.80, 2.96, 3.00, 2.86, 3.39, 2.86, 3.17, 3.00, 4.41, 3.07, 3.61, 2.35, 2.57, 2.91, 3.23, 3.00, 3.09, 3.14, 2.69, 4.58, 2.30, 3.10, 3.04, 2.97, 3.46, 2.89, 3.00, 1.10, 2.33, 2.85, 3.62, 3.54, 4.81, 3.55, 3.14],
  tjk_3316 = [4.02, 2.72, 1.57, 4.84, 4.33, 1.35, 4.47, 3.38, 1.80, 4.84, 2.93, 3.85, 4.34, 4.44, 2.81, 3.45, 3.53, 4.15, 3.35, 1.65, 3.82, 3.90, 4.84, 3.62, 4.75, 4.54, 3.86, 4.34, 4.47, 4.63, 3.39, 4.17, 4.09, 3.77, 3.70, 3.87, 2.20, 4.11, 3.82, 3.20, 4.05, 3.36, 3.97, 2.89, 4.40, 4.43, 4.21, 4.03, 4.57, 3.19],
  tjk_3317 = [1.16, 0.99, 0.96, 1.11, 1.80, 3.85, 4.27, 2.26, 1.62, 1.11, 1.08, 0.96, 1.17, 3.13, 1.02, 3.47, 1.15, 1.14, 2.23, 0.99, 1.27, 1.02, 2.89, 0.91, 1.28, 2.77, 0.81, 0.98, 1.03, 1.24, 2.69, 0.79, 1.41, 1.00, 4.63, 1.01, 0.98, 3.77, 3.95, 0.92, 0.87, 0.95, 1.01, 4.55, 3.20, 1.01, 1.54, 0.98, 1.06, 4.39],
  tjk_3318 = [2.06, 1.90, 2.15, 1.71, 2.23, 2.21, 1.64, 2.03, 2.09, 1.62, 2.47, 2.05, 1.77, 2.36, 2.31, 2.19, 2.07, 2.18, 3.24, 2.16, 1.79, 1.70, 1.95, 2.43, 2.06, 3.46, 1.80, 2.02, 1.76, 2.17, 1.78, 1.74, 1.84, 1.96, 2.14, 1.06, 2.04, 1.98, 2.09, 2.09, 2.47, 1.77, 2.28, 2.07, 1.04, 2.30, 1.81, 1.94, 2.57, 2.12],
  tjk_3319 = [4.63, 3.50, 4.87, 3.30, 3.06, 3.84, 1.09, 4.31, 4.41, 1.33, 1.96, 2.57, 4.01, 3.36, 3.08, 3.85, 3.36, 4.20, 4.61, 4.36, 3.48, 4.74, 3.81, 4.24, 3.67, 2.83, 4.24, 4.52, 3.41, 4.19, 3.29, 4.03, 3.63, 3.97, 4.75, 4.34, 3.87, 4.07, 4.93, 4.31, 4.46, 4.15, 1.89, 4.16, 2.08, 4.52, 3.52, 1.58, 2.06, 4.05],
  tjk_3320 = [4.62, 2.24, 3.47, 4.42, 4.13, 3.85, 4.63, 1.82, 4.66, 3.59, 4.69, 3.40, 3.99, 3.92, 4.45, 4.48, 4.31, 3.46, 2.27, 4.66, 3.36, 2.02, 4.04, 4.34, 3.62, 2.95, 4.43, 4.08, 1.92, 4.39, 3.44, 4.51, 4.21, 4.11, 3.80, 3.99, 3.59, 4.22, 4.20, 4.44, 2.42, 4.93, 4.52, 2.02, 1.78, 2.83, 1.42, 3.84, 3.40, 4.78],
  tjk_341 = [4.41, 3.94, 3.51, 4.22, 4.00, 4.44, 4.96, 4.02, 4.52, 1.44, 3.70, 3.56, 1.37, 4.04, 4.69, 4.68, 4.10, 4.24, 3.54, 4.22, 3.63, 4.29, 3.84, 2.07, 4.24, 3.74, 4.01, 4.32, 1.61, 2.50, 2.17, 4.78, 3.54, 4.00, 1.05, 4.44, 3.55, 4.16, 2.89, 4.33, 3.62, 4.58, 3.84, 3.67, 4.31, 3.21, 4.18, 2.64, 3.85, 3.41],
  tjk_342 = [3.07, 3.47, 1.02, 4.79, 4.73, 4.33, 4.15, 2.52, 4.48, 3.72, 4.73, 1.28, 3.10, 4.76, 3.92, 2.61, 3.41, 3.66, 3.58, 3.98, 3.03, 4.17, 3.88, 5.15, 3.86, 3.52, 3.69, 3.46, 4.33, 4.97, 4.52, 3.71, 1.04, 4.28, 4.03, 4.18, 2.99, 3.64, 4.67, 3.22, 3.14, 4.24, 4.58, 3.42, 2.42, 3.84, 2.92, 1.83, 4.35, 4.61],
  tjk_343 = [4.83, 5.49, 1.32, 1.52, 4.08, 2.00, 3.73, 5.01, 1.65, 4.99, 5.34, 5.18, 4.68, 4.23, 5.58, 1.76, 5.41, 5.11, 5.94, 4.44, 4.93, 4.86, 4.49, 5.99, 3.11, 4.60, 2.77, 4.55, 2.82, 4.50, 3.21, 4.70, 4.14, 4.46, 5.37, 4.53, 4.81, 5.64, 5.04, 3.10, 5.48, 5.20, 1.55, 4.13, 5.90, 5.00, 4.47, 4.41, 1.85, 4.87],
  tjk_344 = [5.33, 5.37, 2.14, 4.86, 3.74, 5.79, 4.86, 1.33, 4.59, 5.24, 3.90, 2.55, 5.27, 5.66, 3.94, 5.80, 6.01, 4.42, 4.35, 4.81, 5.42, 4.64, 5.62, 4.03, 4.71, 4.39, 3.43, 3.80, 2.81, 5.20, 5.40, 5.72, 4.02, 4.77, 4.34, 4.56, 5.62, 4.86, 4.72, 4.91, 5.16, 3.75, 2.96, 4.93, 6.15, 5.04, 4.80, 4.32, 4.49, 3.95],
  tjk_345 = [4.22, 3.03, 2.76, 3.30, 2.71, 3.33, 3.09, 3.08, 2.80, 2.76, 3.60, 3.32, 3.39, 2.71, 3.67, 1.26, 3.40, 3.43, 2.37, 3.06, 1.90, 3.02, 3.00, 3.11, 2.59, 2.76, 3.48, 2.85, 4.46, 3.22, 3.20, 3.28, 4.08, 2.74, 2.98, 2.94, 2.28, 2.60, 4.66, 3.11, 4.79, 3.29, 3.67, 2.87, 3.16, 4.84, 4.19, 2.86, 1.52, 2.92],
  tjk_346 = [2.78, 3.20, 2.83, 3.03, 3.43, 3.05, 3.10, 3.16, 3.92, 3.83, 4.01, 2.22, 3.15, 3.77, 2.64, 4.03, 2.91, 3.46, 3.45, 3.39, 2.28, 3.39, 3.69, 2.71, 2.89, 3.08, 1.94, 1.37, 2.44, 2.71, 3.28, 3.95, 2.89, 1.71, 2.93, 2.98, 3.23, 3.51, 2.62, 3.72, 3.09, 2.77, 1.47, 2.93, 3.19, 2.94, 2.72, 3.05, 2.63, 1.91],
  tjk_347 = [2.11, 2.44, 2.61, 1.98, 1.95, 3.02, 2.25, 4.29, 3.24, 2.11, 1.95, 2.83, 1.29, 2.03, 1.85, 4.90, 2.20, 1.71, 3.56, 2.11, 4.51, 2.62, 2.11, 4.16, 1.90, 2.95, 1.08, 2.08, 1.43, 1.61, 2.10, 3.87, 2.09, 1.20, 1.99, 2.15, 1.99, 3.74, 1.60, 2.03, 1.95, 3.95, 2.08, 1.26, 1.91, 1.83, 2.00, 1.72, 1.72, 1.90],
  tjk_348 = [3.60, 1.06, 0.94, 1.98, 0.86, 1.13, 0.99, 0.94, 1.18, 1.10, 1.10, 3.93, 1.08, 1.13, 3.70, 0.97, 1.13, 0.97, 1.15, 4.73, 1.03, 2.78, 4.30, 1.60, 4.91, 0.96, 0.97, 1.54, 0.94, 0.86, 1.11, 1.00, 0.97, 3.28, 4.98, 0.95, 0.77, 4.60, 0.92, 1.20, 3.00, 1.09, 4.82, 1.14, 1.04, 3.10, 1.08, 0.91, 1.06, 1.09],
  tjk_349 = [1.22, 1.27, 0.81, 1.30, 0.96, 1.07, 1.02, 2.29, 1.03, 1.03, 0.93, 1.72, 4.92, 0.93, 0.99, 1.70, 1.04, 0.98, 1.05, 2.79, 0.90, 2.50, 0.99, 1.09, 0.97, 1.11, 1.28, 1.20, 0.97, 0.92, 1.42, 0.82, 2.31, 0.99, 1.49, 1.05, 1.08, 3.15, 1.18, 3.95, 3.46, 1.02, 1.54, 0.85, 1.04, 1.05, 1.01, 1.60, 0.95, 2.57],
  tjk_3410 = [2.13, 2.35, 2.05, 2.67, 3.03, 1.93, 2.06, 3.12, 4.96, 2.25, 1.99, 1.99, 2.06, 1.64, 2.26, 2.05, 2.88, 3.41, 2.03, 1.87, 4.92, 1.81, 1.94, 2.10, 3.78, 2.20, 1.87, 2.22, 1.71, 2.81, 2.45, 4.86, 2.08, 1.73, 1.84, 1.87, 3.20, 2.05, 1.92, 1.60, 2.05, 2.14, 1.76, 2.09, 2.08, 2.07, 2.07, 2.20, 4.11, 2.25],
  tjk_3411 = [2.93, 3.11, 3.13, 2.67, 1.27, 4.56, 2.64, 2.49, 3.46, 3.10, 3.53, 2.94, 2.70, 2.81, 3.13, 4.24, 2.83, 4.87, 3.06, 3.67, 2.82, 3.01, 3.97, 2.89, 4.29, 3.61, 3.07, 2.43, 3.13, 3.00, 2.79, 2.58, 3.46, 2.70, 2.59, 2.81, 3.11, 3.07, 2.51, 2.59, 2.90, 2.91, 3.34, 3.39, 2.96, 4.64, 2.88, 1.31, 3.69, 3.63],
  tjk_3412 = [3.58, 1.15, 3.53, 2.87, 3.53, 3.22, 3.53, 3.30, 3.34, 2.59, 3.43, 2.90, 2.99, 1.12, 3.37, 3.37, 3.13, 2.77, 1.27, 2.51, 3.22, 2.88, 2.99, 4.47, 1.70, 3.12, 1.20, 2.48, 3.11, 3.31, 3.24, 3.34, 2.56, 3.19, 3.35, 2.83, 3.41, 2.13, 3.19, 3.18, 2.95, 3.92, 4.21, 3.24, 3.74, 2.69, 2.99, 2.75, 1.62, 2.66],
  tjk_3413 = [1.08, 1.05, 3.11, 1.00, 1.08, 0.93, 0.95, 2.74, 1.03, 1.16, 1.03, 4.91, 0.99, 0.82, 0.90, 0.93, 1.02, 1.03, 0.92, 3.01, 1.40, 1.03, 1.15, 1.08, 1.68, 1.04, 0.89, 1.00, 4.48, 0.96, 0.90, 0.90, 1.03, 1.92, 1.13, 3.39, 1.11, 1.16, 4.81, 2.66, 4.47, 0.89, 0.93, 1.00, 4.76, 1.09, 0.95, 1.15, 0.98, 1.19],
  tjk_3414 = [4.24, 5.32, 3.96, 1.40, 4.73, 4.47, 4.97, 4.57, 4.34, 1.24, 3.16, 4.11, 4.62, 1.22, 5.09, 3.85, 3.90, 5.12, 5.48, 5.24, 4.57, 1.15, 3.27, 4.80, 4.95, 2.96, 4.76, 3.70, 4.98, 5.27, 3.73, 1.31, 4.60, 4.94, 5.14, 5.71, 4.44, 1.40, 5.56, 4.56, 3.17, 4.76, 4.11, 5.14, 5.12, 3.11, 4.48, 4.66, 1.43, 1.57],
  tjk_3415 = [2.76, 1.22, 2.97, 3.41, 3.39, 3.92, 2.65, 3.48, 2.86, 3.22, 2.60, 3.02, 2.95, 3.33, 3.22, 3.09, 1.99, 3.03, 2.94, 3.35, 3.06, 2.72, 3.41, 3.79, 2.93, 3.39, 3.53, 2.96, 2.65, 2.82, 2.82, 4.08, 3.32, 3.92, 4.40, 3.02, 3.20, 1.94, 2.40, 2.48, 2.70, 2.73, 3.37, 3.28, 3.15, 2.91, 3.13, 1.96, 3.13, 2.85],
  tjk_3416 = [0.89, 0.96, 2.76, 0.99, 1.15, 4.91, 1.02, 1.27, 1.15, 0.96, 2.24, 1.10, 1.06, 1.02, 1.08, 1.05, 1.02, 4.64, 1.00, 1.14, 1.11, 0.92, 4.43, 1.05, 2.69, 3.20, 2.21, 2.87, 1.21, 0.89, 0.96, 3.61, 1.03, 0.94, 4.60, 4.57, 0.99, 1.11, 1.20, 2.94, 1.04, 2.62, 0.93, 2.87, 1.00, 1.05, 1.08, 1.02, 1.08, 2.13],
  tjk_3417 = [4.40, 3.84, 4.50, 0.86, 1.02, 0.84, 0.94, 0.98, 1.10, 0.93, 3.84, 1.07, 1.06, 3.74, 0.99, 0.88, 1.09, 2.88, 1.02, 2.23, 1.02, 1.02, 1.02, 1.00, 0.89, 1.34, 1.15, 1.02, 1.07, 0.99, 1.02, 1.10, 0.89, 1.00, 1.13, 4.98, 0.94, 1.87, 0.92, 1.21, 1.05, 3.55, 2.46, 1.09, 0.85, 1.18, 1.65, 3.64, 0.92, 3.40],
  tjk_3418 = [4.63, 4.79, 4.88, 5.24, 5.03, 4.53, 4.29, 3.78, 3.53, 5.52, 3.32, 4.26, 4.04, 5.14, 4.91, 5.06, 1.62, 5.68, 4.57, 4.81, 4.42, 5.82, 4.78, 3.44, 4.80, 3.80, 4.84, 1.12, 6.12, 2.52, 4.48, 4.77, 4.92, 5.51, 3.96, 2.04, 4.47, 3.14, 5.48, 1.71, 4.74, 2.34, 5.30, 5.03, 4.91, 4.95, 1.86, 5.05, 5.07, 4.81],
  tjk_3419 = [4.81, 4.58, 5.28, 5.16, 5.67, 6.03, 2.70, 4.82, 4.81, 5.97, 3.46, 4.71, 3.32, 3.76, 5.29, 4.94, 4.92, 2.55, 4.78, 5.58, 1.33, 4.38, 5.30, 5.24, 2.94, 3.19, 4.69, 5.56, 4.46, 2.13, 2.88, 4.98, 5.31, 4.97, 5.33, 5.01, 4.66, 2.62, 3.96, 1.03, 4.01, 4.30, 5.43, 5.15, 4.89, 4.57, 2.24, 4.88, 4.32, 2.86],
  tjk_3420 = [2.03, 1.91, 1.89, 2.36, 2.06, 1.85, 3.25, 1.24, 2.03, 1.07, 2.32, 1.86, 1.87, 2.19, 1.99, 1.89, 2.01, 2.36, 2.07, 2.16, 1.58, 1.84, 1.98, 2.19, 2.83, 1.42, 2.18, 1.97, 2.29, 1.93, 3.26, 2.04, 2.54, 5.00, 2.15, 1.87, 1.85, 1.85, 2.05, 4.61, 4.78, 1.33, 1.93, 1.90, 3.51, 2.04, 2.97, 2.16, 3.40, 3.49],
  tjk_351 = [1.86, 2.05, 2.15, 2.12, 2.32, 1.10, 3.13, 2.93, 4.58, 2.17, 2.60, 4.09, 2.12, 2.05, 1.80, 3.66, 2.17, 1.96, 1.25, 1.84, 2.20, 4.33, 1.97, 1.97, 2.05, 2.11, 1.94, 1.40, 2.17, 1.93, 2.04, 2.27, 1.88, 2.31, 1.96, 4.62, 1.66, 1.77, 2.17, 2.33, 1.93, 2.02, 1.98, 1.95, 2.28, 1.90, 1.61, 2.04, 2.95, 1.95],
  tjk_352 = [4.42, 3.36, 3.74, 3.97, 4.96, 1.24, 2.60, 4.02, 4.47, 4.43, 1.89, 3.88, 4.01, 4.11, 2.24, 3.62, 1.94, 2.67, 4.20, 3.26, 1.75, 4.05, 2.68, 4.45, 4.30, 3.24, 4.40, 4.75, 4.37, 4.21, 3.59, 3.73, 4.67, 3.76, 3.75, 3.79, 3.71, 3.77, 3.88, 4.13, 1.72, 2.25, 4.32, 4.25, 4.90, 4.99, 1.68, 4.04, 4.02, 3.33],
  tjk_353 = [3.58, 2.05, 4.15, 4.22, 3.65, 3.70, 1.73, 4.71, 4.48, 4.90, 4.01, 4.20, 2.48, 3.23, 3.96, 3.49, 4.63, 3.75, 2.04, 1.50, 4.71, 3.39, 3.71, 4.52, 3.85, 4.66, 3.97, 3.76, 3.73, 3.08, 4.25, 1.06, 1.56, 4.07, 1.06, 4.06, 1.49, 4.29, 4.53, 4.74, 3.82, 3.75, 3.29, 3.14, 4.60, 1.66, 4.16, 4.18, 4.39, 2.77],
  tjk_354 = [4.24, 3.62, 3.90, 4.23, 2.73, 3.63, 2.20, 3.66, 4.03, 4.20, 2.78, 4.79, 3.99, 3.73, 3.59, 4.50, 4.10, 2.03, 1.61, 3.67, 3.57, 4.01, 3.93, 4.24, 4.15, 3.66, 3.82, 4.67, 3.56, 4.09, 4.27, 1.63, 3.98, 4.48, 3.76, 3.37, 4.08, 4.20, 4.37, 3.50, 4.09, 3.93, 4.30, 1.35, 3.83, 4.05, 4.09, 3.35, 2.18, 3.75],
  tjk_355 = [1.78, 1.88, 2.08, 1.69, 2.16, 2.21, 2.34, 4.11, 2.06, 1.90, 1.82, 1.65, 1.63, 1.96, 2.03, 1.86, 1.80, 2.22, 3.39, 2.12, 2.26, 1.32, 2.05, 1.90, 2.18, 1.95, 2.01, 1.78, 4.94, 2.07, 4.10, 3.91, 1.88, 1.65, 2.17, 3.10, 1.90, 2.15, 1.83, 1.44, 1.93, 2.17, 2.15, 1.93, 4.64, 2.25, 1.73, 2.11, 1.62, 3.42],
  tjk_356 = [4.61, 3.74, 3.28, 3.62, 4.14, 4.32, 4.18, 4.13, 4.21, 4.74, 1.98, 3.91, 1.33, 3.87, 3.96, 4.68, 4.30, 1.80, 3.98, 1.45, 4.60, 3.96, 4.20, 4.74, 3.81, 4.43, 4.02, 4.17, 3.33, 3.99, 1.54, 3.81, 2.97, 2.20, 3.81, 4.25, 3.92, 4.12, 4.63, 3.80, 3.99, 3.29, 3.69, 4.45, 3.80, 4.06, 3.98, 3.90, 4.96, 3.67],
  tjk_357 = [4.35, 1.72, 2.01, 2.17, 2.92, 2.01, 2.32, 2.08, 1.98, 1.75, 1.50, 1.99, 1.77, 2.01, 1.97, 2.18, 2.45, 2.01, 1.69, 1.93, 1.97, 4.59, 1.91, 1.69, 2.11, 3.57, 2.07, 2.04, 3.43, 3.45, 1.68, 1.80, 3.59, 2.10, 2.72, 1.96, 3.60, 1.81, 1.85, 2.06, 1.35, 2.14, 2.12, 2.40, 2.22, 1.93, 2.07, 1.95, 1.99, 3.67],
  tjk_358 = [1.69, 2.06, 2.30, 4.47, 2.17, 2.18, 1.68, 2.26, 4.83, 3.93, 2.38, 2.07, 3.53, 1.76, 2.19, 2.02, 1.66, 1.80, 1.87, 2.36, 2.06, 1.89, 1.76, 1.92, 1.63, 2.07, 1.38, 1.84, 2.22, 2.24, 2.05, 2.31, 1.74, 3.11, 2.08, 2.95, 1.81, 4.72, 2.10, 1.71, 2.23, 1.89, 1.92, 1.77, 1.72, 3.67, 1.81, 4.72, 2.76, 2.06],
  tjk_359 = [3.79, 3.64, 3.96, 2.02, 4.04, 1.24, 4.16, 3.39, 4.55, 3.93, 3.78, 3.88, 4.64, 4.10, 3.83, 3.53, 2.40, 4.91, 3.26, 2.88, 3.10, 4.14, 4.71, 4.44, 4.03, 1.24, 4.79, 3.33, 2.16, 4.18, 3.84, 3.76, 4.30, 4.27, 4.78, 2.55, 3.75, 1.83, 4.81, 4.22, 3.91, 2.14, 4.65, 4.67, 3.45, 1.64, 1.52, 2.68, 3.56, 4.33],
  tjk_3510 = [0.92, 2.62, 1.08, 0.78, 1.02, 1.01, 4.54, 1.12, 1.06, 0.86, 1.06, 0.93, 2.57, 0.88, 0.92, 1.27, 2.12, 1.11, 1.07, 0.99, 1.34, 1.06, 1.15, 2.69, 1.07, 4.47, 0.92, 0.92, 1.09, 1.13, 1.16, 1.22, 1.17, 0.92, 0.98, 1.18, 0.90, 1.16, 0.93, 1.02, 0.94, 4.05, 0.95, 0.96, 1.07, 1.00, 1.55, 1.04, 0.84, 3.95],
  tjk_3511 = [1.16, 1.51, 1.04, 0.95, 3.33, 1.07, 1.69, 1.10, 0.90, 0.98, 1.01, 1.19, 3.42, 3.82, 3.74, 1.00, 1.02, 3.30, 1.04, 0.95, 1.21, 1.53, 1.11, 0.94, 1.12, 1.03, 3.48, 1.17, 0.88, 1.79, 4.38, 3.61, 2.30, 3.40, 1.04, 1.10, 0.98, 0.95, 0.94, 2.12, 0.84, 1.20, 0.89, 1.31, 0.93, 1.11, 0.96, 1.00, 0.85, 0.92],
  tjk_3512 = [3.19, 3.06, 3.20, 2.78, 2.43, 2.68, 3.03, 3.82, 2.66, 3.23, 2.86, 2.90, 3.54, 2.21, 2.88, 4.29, 3.27, 3.53, 3.50, 3.45, 3.91, 1.46, 1.48, 4.16, 3.15, 4.59, 3.31, 3.30, 3.75, 1.33, 2.94, 1.20, 3.34, 2.96, 3.89, 2.94, 2.86, 2.80, 2.84, 3.40, 2.88, 3.82, 2.83, 3.00, 3.03, 2.71, 3.34, 3.15, 4.74, 3.17],
  tjk_3513 = [1.33, 1.98, 0.90, 1.07, 2.71, 0.86, 0.99, 1.29, 0.94, 4.97, 2.33, 2.33, 2.88, 1.64, 2.26, 2.64, 2.03, 1.18, 0.95, 0.90, 2.52, 1.00, 2.25, 2.61, 2.08, 0.93, 1.03, 3.29, 0.89, 1.70, 4.00, 4.51, 4.50, 0.86, 1.00, 0.96, 1.15, 1.30, 1.00, 0.92, 1.14, 1.74, 3.97, 0.95, 0.99, 1.09, 1.04, 1.67, 0.98, 1.07],
  tjk_3514 = [1.14, 4.28, 4.84, 4.82, 2.10, 4.49, 4.00, 2.26, 5.23, 2.22, 4.45, 4.58, 1.59, 1.26, 4.62, 4.61, 5.28, 1.40, 5.34, 4.35, 4.93, 2.19, 3.04, 4.59, 4.78, 4.36, 5.07, 5.00, 5.74, 5.64, 5.61, 4.82, 3.05, 4.85, 2.65, 4.21, 2.41, 3.67, 5.02, 5.71, 4.57, 4.62, 5.25, 5.62, 4.92, 5.20, 4.32, 5.42, 5.22, 3.40],
  tjk_3515 = [1.92, 1.88, 2.34, 2.35, 1.46, 2.16, 1.74, 2.00, 2.33, 1.96, 2.04, 3.79, 1.13, 2.33, 1.81, 1.83, 2.80, 1.51, 4.28, 1.77, 2.05, 2.00, 4.26, 2.22, 2.22, 3.77, 2.61, 2.11, 1.99, 2.05, 1.88, 2.08, 3.49, 4.62, 1.85, 4.46, 2.09, 1.80, 2.08, 3.78, 1.78, 1.74, 2.09, 3.69, 2.03, 1.89, 4.97, 1.93, 1.89, 2.16],
  tjk_3516 = [4.42, 3.69, 4.56, 4.48, 4.27, 4.44, 3.82, 5.09, 1.57, 4.18, 3.77, 4.49, 3.56, 4.41, 4.02, 3.74, 3.42, 4.45, 4.28, 3.20, 4.00, 4.27, 3.40, 2.83, 4.23, 4.17, 3.61, 1.86, 4.04, 4.52, 4.31, 4.14, 3.93, 1.28, 4.61, 4.09, 3.84, 3.71, 3.63, 3.48, 4.52, 4.18, 4.13, 3.11, 4.24, 1.42, 4.03, 3.98, 3.33, 2.01],
  tjk_3517 = [3.34, 4.76, 2.11, 4.04, 4.99, 3.74, 3.53, 3.61, 3.96, 3.62, 3.46, 3.25, 2.71, 4.03, 4.56, 1.40, 4.36, 4.47, 4.14, 3.94, 1.83, 4.06, 3.10, 3.99, 3.16, 3.26, 1.47, 2.01, 2.88, 3.86, 4.25, 1.08, 4.51, 3.33, 4.30, 4.35, 4.00, 1.21, 4.62, 4.19, 3.72, 3.75, 4.77, 4.17, 4.33, 4.14, 3.97, 3.48, 5.07, 4.22],
  tjk_3518 = [4.69, 5.27, 3.76, 4.01, 4.18, 4.58, 4.02, 3.98, 4.97, 4.64, 5.15, 4.86, 1.04, 4.21, 1.53, 4.71, 6.20, 5.33, 4.82, 4.90, 1.55, 4.41, 1.35, 5.02, 5.00, 1.90, 4.81, 2.72, 1.93, 6.02, 4.63, 5.03, 5.21, 5.14, 2.20, 3.74, 4.39, 5.42, 4.78, 2.14, 4.66, 1.96, 4.08, 4.56, 5.02, 5.18, 4.52, 3.91, 2.15, 4.58],
  tjk_3519 = [4.49, 2.45, 3.25, 3.07, 2.85, 2.62, 1.57, 2.78, 3.18, 3.67, 1.20, 2.70, 3.21, 3.63, 2.93, 2.44, 3.18, 1.25, 4.58, 3.10, 2.43, 4.46, 1.84, 3.08, 3.64, 2.93, 1.21, 2.79, 2.96, 3.17, 2.56, 4.65, 3.07, 2.73, 3.59, 3.07, 2.66, 4.32, 2.80, 3.31, 2.50, 2.91, 2.59, 2.85, 1.73, 3.21, 4.63, 2.91, 2.79, 2.80],
  tjk_3520 = [4.06, 3.28, 4.86, 4.28, 3.51, 3.51, 3.84, 3.86, 1.45, 3.85, 3.78, 3.48, 3.86, 3.29, 4.20, 3.09, 2.70, 2.58, 4.43, 3.94, 4.51, 1.78, 4.15, 2.34, 1.63, 4.23, 2.30, 3.82, 3.78, 3.47, 3.51, 3.26, 3.80, 4.56, 5.40, 3.34, 2.76, 3.69, 3.48, 4.17, 4.74, 2.53, 3.48, 4.30, 4.00, 3.73, 3.51, 3.46, 4.07, 3.67],
  tjk_361 = [2.08, 2.24, 2.43, 2.18, 2.34, 2.93, 1.95, 2.40, 2.17, 2.34, 1.99, 1.95, 2.01, 4.45, 1.95, 1.74, 1.97, 1.97, 1.73, 2.33, 3.56, 2.45, 1.86, 1.81, 2.26, 1.94, 2.23, 2.00, 2.85, 2.34, 2.50, 3.96, 1.89, 2.01, 1.11, 2.71, 1.85, 1.98, 2.09, 2.14, 1.72, 1.96, 1.78, 3.13, 2.02, 2.16, 2.14, 3.72, 2.10, 2.23],
  tjk_362 = [4.33, 5.31, 5.72, 5.10, 5.40, 4.63, 3.09, 5.05, 1.70, 4.20, 5.57, 5.47, 1.76, 1.91, 4.82, 5.09, 2.76, 4.97, 4.79, 4.70, 5.06, 5.67, 5.69, 4.68, 4.75, 5.67, 4.76, 5.04, 4.37, 2.65, 4.45, 5.13, 3.64, 4.41, 4.61, 4.74, 5.10, 5.12, 5.14, 4.56, 2.15, 5.03, 4.87, 5.21, 5.50, 5.42, 4.35, 5.82, 5.30, 5.17],
  tjk_363 = [1.39, 3.35, 4.63, 3.60, 3.87, 3.61, 3.72, 3.81, 3.87, 1.19, 4.01, 3.07, 3.65, 3.68, 3.69, 4.61, 2.66, 4.19, 4.25, 2.19, 1.18, 3.57, 4.47, 3.52, 4.12, 4.46, 4.01, 4.71, 4.33, 1.07, 4.70, 4.01, 3.82, 3.67, 4.16, 3.94, 3.40, 3.59, 2.01, 4.09, 1.52, 3.37, 3.74, 4.13, 4.53, 3.78, 4.10, 4.55, 2.04, 4.38],
  tjk_364 = [2.26, 4.94, 2.01, 1.90, 2.20, 3.83, 1.87, 1.89, 1.80, 1.90, 1.80, 1.65, 1.61, 3.21, 1.81, 1.72, 2.17, 2.04, 2.16, 2.22, 3.69, 2.22, 1.93, 2.29, 2.03, 1.73, 4.60, 4.78, 2.03, 2.33, 2.08, 1.68, 1.96, 2.15, 1.94, 1.82, 1.89, 1.81, 2.30, 1.27, 1.83, 2.71, 2.01, 2.08, 1.36, 2.26, 2.29, 1.29, 1.21, 1.86],
  tjk_365 = [2.94, 2.39, 3.75, 3.56, 3.19, 2.75, 2.87, 2.20, 3.04, 3.17, 3.19, 2.72, 2.60, 2.75, 3.18, 2.68, 3.01, 2.82, 3.01, 3.62, 2.95, 2.91, 2.61, 2.73, 3.37, 2.90, 2.78, 3.61, 2.75, 2.97, 4.55, 3.05, 2.67, 3.10, 1.20, 2.31, 3.07, 2.71, 3.25, 3.64, 3.45, 2.71, 2.73, 3.09, 2.84, 2.87, 3.11, 3.34, 2.76, 3.15],
  tjk_366 = [1.16, 1.01, 0.91, 3.48, 1.14, 0.99, 0.96, 2.60, 2.70, 0.98, 0.99, 0.82, 1.07, 0.92, 4.96, 0.95, 0.88, 1.44, 2.79, 1.00, 1.07, 2.20, 1.10, 1.07, 0.92, 2.17, 1.02, 0.83, 3.53, 1.02, 0.98, 1.15, 0.88, 1.00, 0.94, 0.95, 1.02, 1.13, 1.60, 1.10, 1.06, 1.10, 0.91, 0.98, 0.78, 3.16, 4.03, 0.81, 4.29, 1.24],
  tjk_367 = [1.04, 1.10, 1.50, 0.99, 1.02, 1.06, 1.30, 1.51, 0.89, 1.17, 1.01, 1.11, 1.04, 4.08, 1.08, 2.23, 0.99, 0.90, 2.83, 0.98, 4.03, 2.33, 1.20, 1.06, 0.94, 0.96, 1.05, 3.87, 0.97, 0.85, 0.98, 4.14, 4.03, 0.98, 3.85, 2.91, 0.91, 0.94, 0.94, 0.97, 1.00, 1.17, 1.01, 4.12, 2.52, 0.96, 0.93, 4.43, 1.12, 1.81],
  tjk_368 = [5.03, 1.48, 3.82, 4.70, 3.59, 4.16, 3.81, 3.55, 3.50, 4.43, 2.57, 4.37, 3.52, 4.51, 3.95, 4.14, 3.30, 4.23, 4.20, 4.60, 3.88, 2.02, 3.42, 3.26, 4.01, 4.73, 3.88, 3.70, 4.55, 4.23, 4.05, 1.60, 3.19, 3.63, 4.90, 3.80, 1.17, 4.19, 3.85, 4.78, 4.94, 4.00, 3.72, 1.02, 4.58, 4.85, 4.10, 1.17, 3.26, 4.34],
  tjk_369 = [1.69, 3.27, 4.52, 2.82, 3.03, 3.11, 3.97, 2.97, 4.00, 2.69, 2.15, 3.38, 2.80, 2.84, 4.27, 2.84, 4.86, 3.47, 2.48, 2.89, 3.22, 3.39, 4.82, 3.14, 2.80, 1.03, 2.86, 2.87, 2.80, 4.73, 2.47, 3.42, 3.43, 2.53, 2.66, 2.89, 3.02, 2.67, 3.27, 3.00, 3.07, 3.08, 1.54, 2.82, 3.09, 2.83, 2.34, 3.59, 4.13, 2.94],
  tjk_3610 = [4.33, 4.83, 4.33, 2.72, 4.87, 3.96, 5.15, 2.84, 4.79, 4.40, 5.05, 5.01, 4.83, 4.97, 4.60, 4.22, 1.87, 4.40, 4.12, 4.66, 4.34, 2.53, 5.24, 4.23, 4.28, 5.35, 1.44, 5.01, 4.28, 3.48, 3.56, 4.16, 4.38, 1.74, 5.72, 5.83, 5.81, 3.90, 3.57, 5.10, 4.54, 4.84, 5.15, 5.55, 1.55, 4.98, 2.28, 5.08, 1.26, 4.99],
  tjk_3611 = [4.71, 0.98, 1.04, 1.05, 1.01, 0.94, 1.76, 4.05, 4.37, 0.82, 1.23, 0.99, 1.15, 0.99, 1.00, 3.41, 0.98, 0.89, 0.99, 0.97, 1.06, 0.94, 0.98, 1.76, 4.09, 4.85, 1.20, 1.07, 1.14, 1.00, 1.59, 0.91, 1.03, 0.90, 0.87, 0.86, 0.92, 0.89, 1.12, 0.94, 1.09, 3.19, 1.11, 3.73, 0.96, 1.04, 1.08, 0.82, 1.53, 0.97],
  tjk_3612 = [2.75, 3.62, 3.32, 2.48, 4.89, 4.43, 3.41, 3.04, 2.87, 3.85, 2.98, 2.94, 3.11, 3.49, 4.32, 3.18, 3.06, 3.01, 2.85, 2.76, 3.43, 3.16, 2.71, 3.63, 2.40, 2.78, 2.93, 3.75, 3.35, 2.98, 2.73, 1.25, 3.93, 2.78, 2.51, 2.85, 3.27, 2.88, 1.74, 3.14, 2.72, 2.66, 2.92, 2.20, 1.37, 2.08, 2.21, 2.94, 4.44, 3.10],
  tjk_3613 = [1.15, 0.76, 0.91, 1.07, 0.99, 0.94, 1.16, 4.61, 1.04, 1.00, 1.69, 4.24, 0.99, 3.92, 1.13, 4.16, 1.01, 0.97, 1.06, 0.98, 1.23, 0.84, 1.12, 1.00, 0.94, 1.98, 0.90, 1.92, 1.30, 1.00, 4.90, 1.05, 1.52, 3.83, 1.00, 1.00, 2.32, 0.86, 1.14, 1.04, 0.87, 0.93, 0.93, 0.98, 1.08, 1.10, 1.12, 1.20, 0.96, 1.31],
  tjk_3614 = [3.25, 3.84, 1.61, 4.97, 4.88, 1.94, 2.81, 3.90, 3.95, 4.33, 1.97, 4.47, 4.44, 4.79, 3.36, 3.86, 4.54, 4.00, 3.92, 1.31, 3.55, 4.18, 4.81, 3.75, 3.81, 3.03, 4.25, 3.95, 4.54, 5.13, 3.15, 4.15, 1.26, 1.90, 4.08, 5.40, 4.13, 3.93, 3.37, 3.57, 3.21, 4.02, 4.12, 3.53, 3.44, 1.07, 4.43, 4.76, 3.82, 4.16],
  tjk_3615 = [0.99, 2.14, 1.04, 0.91, 1.00, 2.43, 1.01, 1.05, 1.20, 0.97, 3.97, 1.14, 1.15, 1.03, 4.54, 1.10, 3.65, 0.97, 0.98, 3.35, 1.17, 1.06, 0.89, 0.99, 1.00, 0.88, 1.18, 0.96, 1.06, 1.56, 1.05, 3.09, 0.83, 4.36, 1.06, 1.08, 2.23, 1.03, 1.72, 4.20, 1.11, 1.95, 0.99, 1.11, 0.90, 0.96, 1.47, 1.06, 0.94, 0.96],
  tjk_3616 = [2.70, 3.20, 2.52, 1.17, 2.02, 3.23, 2.84, 3.04, 2.96, 2.79, 3.02, 3.30, 2.53, 3.15, 1.08, 3.09, 3.22, 3.28, 2.80, 3.33, 2.87, 3.25, 1.53, 2.61, 2.40, 4.78, 3.05, 3.62, 2.78, 2.83, 3.15, 3.21, 2.60, 2.83, 2.76, 2.86, 2.56, 2.42, 2.78, 2.99, 3.05, 2.68, 3.13, 4.76, 3.02, 3.63, 3.39, 4.98, 1.52, 3.00],
  tjk_3617 = [1.91, 1.20, 4.40, 0.99, 3.39, 0.96, 0.92, 2.41, 1.11, 0.90, 1.89, 1.01, 3.34, 0.96, 4.65, 0.97, 0.82, 0.96, 2.71, 3.22, 0.87, 1.40, 1.13, 0.96, 1.73, 1.00, 1.01, 0.84, 1.39, 0.97, 1.98, 1.23, 1.01, 4.49, 1.00, 1.02, 4.89, 4.70, 1.37, 1.06, 0.94, 3.15, 1.16, 1.15, 0.98, 4.53, 3.57, 2.34, 0.97, 0.97],
  tjk_3618 = [3.60, 2.02, 4.87, 2.09, 1.93, 1.31, 1.85, 4.78, 1.75, 1.79, 2.02, 3.63, 1.95, 3.84, 2.23, 1.74, 2.29, 2.35, 1.82, 1.88, 2.59, 2.05, 3.17, 1.40, 1.58, 1.52, 1.84, 2.15, 2.05, 1.94, 1.94, 2.46, 3.24, 1.78, 1.92, 1.99, 1.66, 4.36, 2.02, 2.15, 2.26, 1.57, 4.63, 1.99, 1.67, 2.05, 2.79, 1.48, 2.40, 1.55],
  tjk_3619 = [2.50, 3.70, 4.05, 4.11, 3.50, 3.91, 3.85, 4.24, 4.40, 4.13, 3.08, 4.28, 2.12, 4.41, 4.62, 3.73, 4.15, 3.15, 4.41, 3.99, 3.71, 1.90, 2.36, 4.20, 4.62, 3.45, 3.69, 2.77, 3.75, 3.83, 4.86, 3.78, 4.41, 4.42, 3.98, 3.85, 3.80, 4.23, 3.30, 3.67, 3.20, 3.97, 4.57, 2.94, 3.99, 3.87, 2.88, 4.95, 1.93, 1.35],
  tjk_3620 = [2.86, 2.88, 3.07, 3.04, 3.02, 4.61, 3.39, 3.09, 2.88, 3.09, 3.06, 4.84, 2.88, 3.18, 4.75, 4.53, 4.39, 3.32, 2.48, 2.89, 2.12, 4.17, 3.62, 2.84, 2.88, 1.65, 3.27, 2.80, 2.95, 3.00, 3.48, 2.79, 3.51, 3.16, 3.06, 3.37, 3.45, 2.88, 3.45, 3.24, 2.76, 3.17, 2.87, 3.51, 1.72, 3.15, 3.09, 2.78, 1.62, 1.10],
  tjk_371 = [2.38, 2.07, 1.95, 1.62, 3.23, 2.54, 4.98, 2.08, 2.21, 2.44, 1.77, 2.38, 1.92, 2.15, 1.95, 1.83, 2.39, 1.94, 3.80, 4.68, 2.12, 1.73, 2.26, 3.79, 1.38, 1.72, 2.39, 2.00, 1.63, 2.23, 1.85, 3.37, 3.06, 2.97, 2.31, 4.03, 2.16, 3.57, 2.14, 4.11, 2.19, 2.15, 1.59, 1.65, 1.93, 1.67, 2.06, 2.35, 2.31, 1.99],
  tjk_372 = [1.87, 1.71, 1.97, 1.90, 1.96, 2.24, 3.73, 1.81, 1.86, 2.37, 1.98, 2.01, 2.40, 2.05, 4.61, 1.39, 4.57, 2.08, 2.44, 1.82, 1.80, 2.12, 2.00, 1.96, 2.15, 1.79, 2.11, 1.59, 1.82, 1.88, 2.29, 2.17, 2.27, 2.11, 4.64, 2.54, 1.82, 2.65, 1.13, 2.06, 1.62, 2.44, 1.88, 4.65, 2.10, 2.34, 2.85, 1.87, 1.95, 4.46],
  tjk_373 = [2.21, 2.01, 2.27, 1.93, 1.89, 2.47, 2.04, 1.68, 2.15, 1.86, 1.91, 1.94, 1.73, 1.39, 1.92, 2.11, 3.79, 4.26, 1.93, 2.46, 2.04, 2.77, 4.04, 1.96, 2.19, 3.11, 2.10, 2.06, 2.14, 4.47, 1.63, 3.57, 1.80, 4.70, 1.81, 2.28, 2.04, 2.13, 4.25, 4.27, 1.73, 3.85, 2.22, 2.77, 1.84, 1.05, 4.97, 1.22, 1.85, 2.11],
  tjk_374 = [3.27, 4.44, 3.14, 3.08, 3.15, 3.32, 3.29, 2.77, 3.08, 3.38, 3.55, 2.91, 2.40, 2.94, 3.89, 3.23, 3.44, 2.71, 3.01, 2.87, 4.54, 2.89, 3.66, 2.79, 1.22, 2.93, 3.26, 2.76, 2.80, 4.56, 3.47, 1.84, 3.67, 2.83, 3.85, 2.78, 3.60, 2.70, 2.66, 4.93, 3.63, 2.66, 2.56, 3.27, 3.65, 4.83, 2.56, 2.67, 3.65, 3.62],
  tjk_375 = [3.39, 2.72, 3.30, 3.45, 3.16, 3.43, 3.71, 3.34, 3.37, 2.74, 3.53, 3.26, 1.26, 2.73, 2.80, 3.40, 3.61, 3.36, 3.16, 3.26, 3.35, 3.91, 2.86, 3.09, 2.58, 3.10, 1.44, 3.07, 1.03, 2.35, 3.02, 2.83, 2.64, 2.62, 2.78, 2.74, 2.14, 3.09, 3.67, 3.28, 3.09, 3.59, 4.99, 3.26, 2.17, 1.79, 3.19, 1.12, 2.99, 4.02],
  tjk_376 = [2.06, 1.91, 3.82, 1.82, 2.09, 2.75, 2.06, 3.41, 1.82, 2.53, 1.88, 2.03, 1.76, 1.99, 2.39, 3.85, 3.62, 4.94, 3.89, 1.82, 1.61, 3.78, 2.04, 1.92, 2.26, 1.14, 1.86, 1.70, 1.91, 2.09, 1.15, 2.02, 2.05, 2.23, 2.12, 1.87, 1.76, 1.89, 4.26, 1.88, 1.87, 1.96, 2.17, 1.72, 4.37, 2.00, 4.01, 1.76, 1.86, 3.59],
  tjk_377 = [1.13, 5.00, 3.94, 4.82, 5.87, 1.42, 4.28, 4.89, 3.54, 1.45, 5.77, 4.53, 4.36, 4.55, 4.54, 5.50, 4.64, 5.43, 5.14, 4.83, 1.89, 5.12, 2.62, 5.08, 4.92, 4.90, 6.25, 5.50, 4.44, 1.52, 4.41, 2.44, 4.21, 5.11, 5.08, 6.09, 4.88, 3.37, 4.72, 2.00, 3.47, 1.20, 5.40, 5.06, 4.73, 4.94, 3.83, 4.05, 4.55, 5.73],
  tjk_378 = [4.27, 2.91, 3.06, 2.86, 1.59, 3.05, 1.05, 3.17, 2.98, 3.33, 2.68, 4.71, 3.33, 2.77, 3.91, 3.10, 4.67, 3.21, 1.85, 3.49, 2.87, 3.18, 2.92, 3.28, 2.86, 2.17, 1.28, 3.12, 2.96, 2.35, 2.71, 2.96, 2.51, 2.66, 3.55, 3.04, 3.02, 2.64, 3.26, 3.47, 2.81, 3.22, 3.08, 2.72, 3.80, 2.81, 2.20, 3.18, 3.00, 3.07],
  tjk_379 = [1.03, 0.97, 3.44, 3.07, 0.98, 4.76, 2.90, 1.02, 0.94, 0.94, 3.61, 1.04, 1.04, 0.89, 0.91, 0.94, 1.61, 4.63, 0.81, 0.87, 1.55, 1.22, 1.80, 1.44, 0.89, 3.46, 1.14, 4.99, 0.87, 0.81, 0.91, 0.80, 0.90, 3.61, 0.98, 4.88, 1.06, 0.95, 0.86, 0.97, 1.14, 2.46, 3.16, 0.99, 0.93, 1.01, 1.13, 1.08, 0.76, 1.06],
  tjk_3710 = [2.07, 1.89, 1.80, 2.16, 2.02, 2.11, 2.96, 2.09, 2.12, 2.14, 1.94, 4.13, 4.28, 1.64, 2.24, 2.06, 1.12, 1.98, 1.90, 2.21, 2.32, 1.72, 1.86, 2.27, 2.73, 1.96, 1.98, 2.18, 1.96, 2.00, 2.09, 1.74, 3.96, 4.07, 1.92, 1.83, 4.51, 2.01, 1.47, 2.02, 2.00, 3.22, 2.17, 4.64, 1.67, 1.97, 1.71, 2.14, 2.17, 1.82],
  tjk_3711 = [1.95, 2.90, 1.70, 2.38, 2.32, 1.92, 4.91, 4.38, 1.76, 1.54, 2.35, 1.96, 2.03, 1.93, 2.09, 4.88, 1.97, 1.56, 1.52, 1.71, 1.94, 1.94, 2.18, 1.22, 2.25, 1.68, 4.54, 1.92, 4.91, 2.22, 1.48, 1.72, 2.87, 1.99, 3.58, 1.98, 2.45, 2.19, 1.97, 3.26, 2.24, 4.78, 2.01, 3.89, 1.96, 1.73, 2.80, 2.07, 1.97, 4.52],
  tjk_3712 = [5.45, 4.89, 4.50, 4.48, 3.78, 4.94, 4.77, 4.45, 2.90, 5.71, 4.82, 2.20, 4.85, 4.67, 1.85, 5.41, 6.22, 1.42, 5.25, 4.93, 1.26, 4.01, 5.38, 5.22, 4.31, 3.27, 3.16, 4.98, 5.34, 5.22, 5.09, 4.27, 2.19, 5.29, 4.54, 2.84, 1.63, 5.25, 5.13, 3.78, 4.62, 4.54, 4.63, 4.69, 5.41, 3.77, 1.17, 5.61, 5.18, 3.47],
  tjk_3713 = [2.33, 1.67, 2.32, 4.56, 4.22, 3.63, 4.30, 3.05, 2.02, 1.81, 1.79, 2.31, 4.20, 1.42, 4.00, 1.97, 2.11, 2.03, 2.55, 2.08, 1.94, 2.07, 2.05, 2.18, 1.87, 2.39, 4.28, 2.14, 1.63, 2.16, 1.78, 2.12, 4.17, 1.97, 1.93, 2.03, 3.10, 3.80, 2.21, 1.72, 1.84, 2.83, 1.10, 2.03, 2.13, 2.96, 2.04, 1.87, 1.94, 1.92],
  tjk_3714 = [2.83, 3.94, 3.90, 2.83, 2.93, 2.84, 2.48, 3.17, 3.29, 2.76, 3.20, 2.68, 2.93, 3.88, 2.39, 2.93, 1.53, 3.26, 3.24, 3.28, 3.70, 3.26, 3.58, 4.64, 2.79, 2.68, 1.96, 3.13, 2.80, 1.48, 2.91, 3.96, 2.77, 2.73, 2.83, 3.38, 2.10, 1.06, 3.02, 3.54, 1.59, 3.01, 3.06, 3.32, 3.02, 4.27, 4.78, 3.52, 3.25, 2.39],
  tjk_3715 = [2.25, 2.28, 2.72, 2.21, 2.03, 1.96, 1.69, 1.50, 2.22, 1.27, 2.08, 1.90, 1.77, 4.72, 2.73, 1.44, 4.44, 2.32, 2.15, 2.20, 1.91, 1.50, 1.69, 2.13, 4.84, 1.98, 1.91, 1.86, 2.24, 2.12, 2.04, 2.30, 1.93, 4.58, 1.95, 2.14, 2.52, 1.64, 1.52, 1.79, 1.99, 2.49, 2.18, 2.25, 2.03, 4.77, 1.80, 1.90, 2.88, 2.06],
  tjk_3716 = [5.19, 4.55, 4.10, 4.26, 5.56, 4.57, 1.22, 3.90, 4.61, 1.43, 6.46, 4.64, 4.79, 5.40, 2.74, 5.29, 4.67, 5.03, 5.35, 4.47, 4.80, 5.54, 4.92, 5.32, 4.48, 1.19, 5.41, 5.37, 5.00, 4.88, 4.82, 5.02, 4.06, 4.59, 5.09, 5.65, 5.70, 3.23, 5.73, 6.50, 4.27, 1.19, 1.50, 5.72, 4.42, 3.92, 4.75, 5.26, 5.52, 2.52],
  tjk_3717 = [2.78, 3.56, 3.81, 4.32, 3.94, 3.37, 3.77, 3.76, 3.92, 1.74, 4.22, 3.48, 4.04, 3.90, 1.26, 3.87, 3.86, 3.95, 4.02, 4.26, 1.02, 4.33, 1.97, 1.16, 2.16, 4.56, 4.10, 4.68, 3.80, 4.21, 3.90, 4.42, 3.75, 3.92, 3.78, 3.23, 3.21, 3.68, 1.55, 1.56, 3.94, 4.77, 3.30, 3.80, 2.65, 1.23, 4.64, 3.81, 3.99, 3.63],
  tjk_3718 = [1.58, 2.20, 2.31, 2.26, 2.71, 2.02, 2.19, 1.97, 1.96, 1.52, 3.20, 1.98, 3.17, 1.82, 2.17, 1.92, 3.07, 1.52, 2.04, 1.92, 3.57, 1.90, 3.83, 3.24, 3.72, 2.14, 4.97, 2.35, 2.13, 2.27, 2.04, 3.89, 2.04, 1.44, 2.86, 2.31, 1.98, 4.13, 2.73, 1.94, 2.24, 2.18, 2.13, 2.31, 1.97, 2.23, 2.00, 1.95, 1.96, 2.19],
  tjk_3719 = [2.83, 4.93, 2.90, 3.14, 4.55, 3.67, 1.14, 2.49, 4.40, 2.96, 2.89, 4.55, 3.12, 2.54, 2.58, 3.02, 2.83, 2.89, 2.96, 2.96, 2.65, 2.69, 4.66, 2.40, 4.12, 2.57, 3.06, 4.85, 2.91, 3.27, 2.64, 2.51, 3.05, 3.04, 3.11, 3.10, 3.19, 2.87, 3.04, 1.12, 2.80, 2.78, 2.17, 3.09, 3.16, 2.83, 3.02, 3.16, 2.71, 2.68],
  tjk_3720 = [1.77, 4.17, 4.94, 3.87, 1.97, 4.50, 1.39, 3.64, 3.82, 4.46, 3.56, 4.76, 3.66, 4.54, 1.32, 3.77, 4.15, 3.62, 3.94, 1.64, 4.34, 3.85, 5.44, 3.69, 4.52, 4.75, 4.51, 4.48, 3.00, 4.24, 4.28, 3.55, 3.85, 3.92, 4.32, 4.53, 3.87, 4.66, 4.40, 3.61, 4.06, 4.39, 3.64, 3.67, 4.31, 4.35, 3.71, 4.19, 3.97, 5.23],
  tjk_381 = [3.43, 4.85, 1.17, 4.01, 4.23, 3.82, 2.98, 3.85, 2.05, 4.67, 4.26, 3.76, 4.32, 4.36, 3.84, 4.00, 3.61, 3.59, 3.50, 3.75, 1.09, 3.88, 3.57, 4.15, 4.76, 3.95, 2.76, 4.41, 5.17, 4.47, 3.10, 2.80, 3.26, 1.80, 3.73, 2.92, 2.35, 4.37, 3.76, 3.64, 2.32, 3.43, 3.76, 4.17, 4.62, 1.97, 3.63, 4.74, 3.47, 3.53],
  tjk_382 = [3.22, 2.58, 3.09, 3.36, 3.28, 2.81, 2.33, 3.14, 3.73, 3.55, 2.89, 2.66, 3.16, 3.04, 3.66, 3.10, 3.14, 2.96, 3.22, 3.59, 4.97, 2.73, 4.53, 2.93, 2.76, 1.26, 2.39, 2.79, 1.74, 1.74, 3.00, 3.29, 3.42, 2.99, 2.73, 1.79, 3.38, 2.88, 3.32, 3.21, 3.62, 2.53, 2.77, 1.48, 3.28, 3.69, 4.10, 2.90, 3.23, 2.91],
  tjk_383 = [2.72, 2.76, 3.88, 2.02, 3.98, 4.49, 4.57, 4.07, 3.18, 3.73, 4.42, 3.77, 3.82, 3.96, 4.29, 1.88, 4.68, 4.05, 3.74, 2.23, 4.32, 4.98, 3.62, 1.19, 4.04, 3.49, 3.86, 1.75, 3.91, 3.83, 3.99, 2.34, 3.59, 3.54, 3.95, 4.56, 2.97, 2.96, 4.33, 4.21, 1.05, 4.16, 2.76, 3.19, 3.63, 4.30, 1.45, 4.49, 4.41, 4.33],
  tjk_384 = [4.09, 3.16, 4.87, 3.42, 3.88, 3.53, 3.17, 2.60, 4.97, 3.24, 3.37, 4.65, 2.89, 3.35, 3.11, 1.90, 4.19, 1.32, 1.65, 2.53, 3.09, 3.02, 3.50, 3.96, 2.59, 2.63, 3.09, 2.89, 3.43, 3.60, 2.90, 3.10, 2.79, 2.85, 2.99, 3.58, 2.70, 3.32, 2.96, 2.19, 2.57, 3.20, 4.18, 3.26, 2.75, 2.68, 4.40, 3.34, 3.38, 2.75],
  tjk_385 = [4.47, 2.40, 4.24, 4.26, 4.31, 3.60, 4.84, 4.23, 4.10, 4.53, 3.60, 3.87, 3.94, 3.43, 4.10, 3.65, 3.87, 4.73, 4.93, 2.33, 3.92, 3.75, 3.52, 3.85, 3.99, 1.14, 4.43, 4.26, 4.08, 4.05, 3.87, 4.31, 3.99, 2.42, 4.14, 4.34, 4.15, 3.50, 4.34, 3.73, 3.99, 3.85, 1.56, 2.33, 3.86, 3.52, 4.28, 4.71, 4.84, 3.89],
  tjk_386 = [2.80, 3.08, 4.69, 2.86, 3.30, 2.58, 3.96, 3.36, 1.27, 1.59, 2.92, 2.73, 2.63, 2.86, 3.01, 2.89, 3.26, 4.80, 1.34, 1.96, 3.06, 3.07, 3.05, 2.55, 3.04, 2.91, 2.88, 3.43, 2.75, 3.92, 2.84, 2.67, 1.02, 3.05, 3.34, 3.52, 2.66, 3.21, 2.84, 3.12, 3.17, 2.59, 1.18, 3.00, 3.49, 3.66, 2.91, 2.54, 2.92, 3.49],
  tjk_387 = [1.10, 1.04, 2.13, 3.69, 3.79, 1.25, 2.53, 3.74, 1.01, 0.74, 1.57, 0.89, 0.97, 1.03, 1.13, 0.98, 0.99, 1.01, 0.91, 1.05, 0.95, 4.70, 0.81, 1.09, 0.85, 1.00, 1.11, 1.02, 1.05, 1.00, 3.99, 1.01, 0.96, 0.91, 1.32, 0.90, 0.93, 1.28, 0.93, 1.40, 1.20, 2.87, 1.00, 1.05, 4.34, 1.07, 0.92, 0.94, 3.50, 4.19],
  tjk_388 = [4.93, 1.18, 0.98, 3.62, 0.96, 0.96, 1.02, 1.02, 1.26, 0.99, 1.11, 3.43, 0.94, 2.52, 1.03, 4.69, 3.57, 0.94, 3.89, 1.29, 1.11, 0.95, 4.50, 4.62, 1.00, 0.90, 0.95, 0.98, 0.85, 0.97, 2.26, 1.06, 2.19, 0.94, 2.88, 0.99, 0.86, 0.95, 2.58, 1.07, 1.00, 1.00, 3.07, 2.10, 1.17, 0.95, 0.86, 2.84, 1.11, 0.97],
  tjk_389 = [4.32, 4.48, 4.40, 4.37, 3.96, 4.28, 4.15, 4.74, 4.10, 3.98, 4.80, 4.08, 4.45, 2.24, 4.42, 3.89, 4.44, 3.73, 3.92, 2.59, 3.07, 4.25, 4.19, 1.09, 4.01, 3.50, 3.89, 3.59, 4.34, 4.27, 4.42, 4.09, 3.99, 3.07, 1.16, 1.45, 3.99, 4.70, 3.79, 4.11, 4.04, 3.36, 3.59, 1.33, 4.27, 3.81, 3.37, 4.09, 3.50, 4.62],
  tjk_3810 = [2.36, 3.38, 3.95, 4.58, 2.77, 2.43, 4.19, 4.47, 3.93, 4.34, 3.40, 4.80, 3.70, 3.70, 3.70, 4.52, 3.74, 3.70, 3.46, 1.41, 4.54, 4.49, 4.81, 1.35, 4.66, 3.25, 3.56, 4.36, 4.11, 4.21, 4.22, 4.11, 4.45, 1.19, 3.91, 4.52, 3.71, 3.86, 4.59, 4.17, 4.27, 4.53, 2.27, 3.89, 3.91, 4.10, 3.07, 4.57, 3.14, 4.02],
  tjk_3811 = [2.82, 4.05, 4.22, 4.36, 2.83, 4.47, 3.21, 2.42, 4.35, 3.93, 4.99, 1.02, 2.34, 3.52, 4.30, 3.76, 3.80, 4.27, 3.62, 3.46, 3.54, 3.66, 3.55, 3.95, 2.55, 1.91, 4.03, 2.20, 1.14, 2.97, 3.94, 3.48, 3.81, 3.13, 3.44, 4.25, 4.02, 1.72, 3.63, 3.77, 1.78, 1.72, 3.74, 3.63, 3.12, 3.71, 3.81, 3.45, 3.69, 4.09],
  tjk_3812 = [2.23, 1.84, 3.54, 4.11, 4.06, 4.55, 4.15, 4.14, 1.60, 3.01, 3.97, 1.79, 3.57, 3.71, 3.39, 4.28, 4.16, 4.31, 3.50, 3.56, 2.93, 4.18, 3.40, 4.15, 3.47, 1.97, 3.00, 4.94, 4.39, 1.88, 3.96, 3.75, 1.09, 4.02, 3.39, 4.35, 5.32, 3.85, 3.56, 4.19, 3.68, 2.85, 1.29, 4.32, 2.34, 4.75, 1.36, 4.19, 1.57, 2.39],
  tjk_3813 = [1.98, 1.83, 2.06, 1.86, 2.34, 2.33, 2.09, 1.76, 2.14, 4.70, 1.97, 1.67, 2.03, 1.12, 2.07, 1.93, 1.92, 1.94, 1.80, 4.82, 1.89, 2.11, 1.95, 4.64, 1.92, 1.82, 1.05, 1.62, 4.37, 2.32, 1.93, 2.02, 2.03, 4.43, 1.78, 1.75, 1.52, 1.47, 2.07, 3.56, 1.54, 1.89, 2.51, 2.87, 2.15, 2.07, 2.06, 2.02, 1.79, 2.16],
  tjk_3814 = [4.71, 5.11, 1.99, 1.26, 4.50, 4.63, 5.43, 5.52, 5.28, 5.29, 5.73, 5.01, 4.55, 4.89, 5.48, 1.69, 5.47, 4.23, 5.12, 4.69, 3.54, 2.02, 5.30, 4.95, 5.02, 4.81, 1.18, 2.38, 5.13, 5.07, 5.16, 3.55, 5.40, 1.38, 3.40, 4.67, 3.81, 4.24, 4.91, 1.18, 4.51, 5.08, 1.23, 1.97, 4.47, 4.44, 5.00, 4.54, 3.07, 4.68],
  tjk_3815 = [2.50, 1.08, 1.01, 3.56, 1.44, 1.05, 0.97, 1.20, 0.94, 0.91, 1.15, 1.00, 3.56, 0.93, 1.05, 1.05, 0.98, 0.87, 4.84, 2.06, 3.11, 1.00, 2.48, 1.11, 1.42, 0.94, 2.95, 1.80, 4.41, 4.47, 0.92, 0.94, 0.88, 1.96, 0.87, 4.03, 1.13, 1.05, 2.17, 1.12, 0.87, 1.54, 0.90, 4.28, 0.98, 0.94, 1.07, 1.09, 0.99, 2.57],
  tjk_3816 = [0.90, 0.84, 4.16, 2.54, 0.93, 1.21, 3.73, 1.13, 1.09, 2.89, 4.84, 1.43, 3.31, 0.91, 1.01, 1.06, 0.99, 0.95, 2.66, 2.19, 4.20, 4.81, 4.70, 0.99, 0.97, 0.98, 1.10, 1.73, 0.96, 0.93, 1.05, 0.99, 1.13, 1.15, 0.96, 1.17, 3.39, 0.87, 1.03, 1.19, 1.06, 0.92, 1.04, 0.94, 1.14, 1.01, 0.99, 1.55, 3.44, 3.83],
  tjk_3817 = [3.51, 4.96, 3.98, 3.35, 1.77, 3.81, 4.83, 3.97, 4.46, 3.73, 1.01, 3.86, 3.70, 4.28, 1.71, 2.85, 3.92, 4.50, 4.29, 3.66, 3.72, 4.82, 4.04, 4.39, 4.99, 4.09, 2.88, 4.28, 2.81, 3.52, 3.88, 1.25, 3.57, 3.91, 3.75, 4.50, 4.40, 3.64, 3.12, 4.10, 4.22, 4.18, 4.22, 4.73, 4.14, 3.90, 3.44, 1.59, 4.37, 3.59],
  tjk_3818 = [3.56, 4.49, 3.46, 1.97, 4.03, 3.42, 2.53, 2.89, 4.72, 3.72, 4.49, 1.48, 4.33, 3.05, 3.60, 4.44, 4.33, 4.03, 1.93, 3.78, 3.15, 4.40, 4.63, 3.67, 2.80, 1.40, 4.28, 1.62, 1.73, 3.39, 3.41, 3.65, 3.81, 4.07, 4.11, 3.55, 1.30, 4.32, 4.17, 4.09, 3.72, 3.78, 2.17, 1.54, 3.78, 1.53, 4.91, 4.43, 4.18, 3.92],
  tjk_3819 = [3.13, 2.67, 3.14, 2.87, 2.46, 3.05, 3.34, 4.65, 3.26, 3.07, 3.03, 4.74, 3.41, 3.41, 2.37, 2.98, 1.64, 2.76, 2.86, 3.57, 3.39, 2.63, 3.07, 3.19, 3.06, 2.72, 2.75, 3.31, 2.65, 2.23, 2.79, 3.47, 3.52, 3.02, 3.82, 3.07, 1.61, 3.31, 3.40, 3.18, 3.39, 2.85, 3.11, 2.66, 2.81, 2.76, 2.45, 1.12, 2.45, 2.94],
  tjk_3820 = [4.24, 4.47, 3.98, 4.69, 4.05, 4.09, 4.30, 4.86, 3.75, 4.26, 4.01, 3.82, 4.12, 2.19, 3.68, 3.19, 3.98, 3.95, 1.63, 4.04, 3.37, 5.23, 4.13, 3.97, 4.94, 4.69, 3.47, 4.01, 3.91, 5.12, 3.50, 3.69, 3.39, 4.60, 3.13, 4.74, 4.19, 3.60, 3.77, 3.80, 3.65, 4.48, 2.70, 2.02, 3.31, 2.32, 3.78, 3.12, 4.18, 4.06],
  tjk_391 = [1.08, 4.26, 0.90, 1.91, 1.00, 0.67, 0.98, 1.72, 1.22, 1.21, 1.08, 1.05, 1.05, 2.88, 4.38, 0.96, 1.09, 0.98, 0.92, 0.92, 0.78, 1.26, 1.10, 1.01, 0.89, 1.04, 1.03, 2.63, 1.01, 1.05, 1.73, 0.99, 0.94, 3.41, 3.46, 1.33, 4.46, 4.95, 1.01, 3.11, 1.01, 0.93, 4.34, 1.08, 0.96, 1.27, 0.80, 3.20, 1.13, 3.96],
  tjk_392 = [1.47, 3.74, 3.74, 4.39, 1.89, 3.97, 3.93, 3.98, 3.58, 3.52, 3.74, 4.45, 1.87, 4.31, 4.61, 3.68, 3.23, 3.85, 3.81, 3.93, 4.52, 4.31, 1.53, 4.22, 2.25, 3.31, 4.64, 1.13, 4.65, 4.29, 4.14, 3.26, 1.38, 3.87, 2.81, 2.89, 4.39, 3.51, 1.78, 2.89, 3.67, 4.14, 4.01, 4.48, 1.98, 3.98, 3.73, 4.01, 4.23, 4.15],
  tjk_393 = [1.11, 1.18, 4.55, 2.15, 0.96, 1.01, 4.67, 1.38, 1.78, 0.97, 1.07, 4.21, 0.97, 0.88, 1.13, 0.93, 0.99, 0.95, 0.94, 1.12, 3.35, 2.93, 1.00, 0.92, 1.28, 1.05, 0.98, 1.16, 0.92, 1.22, 0.97, 1.08, 0.82, 0.96, 0.87, 1.02, 4.57, 2.75, 2.93, 2.73, 4.29, 4.26, 1.82, 1.10, 0.83, 1.05, 1.10, 0.94, 4.40, 1.66],
  tjk_394 = [5.03, 4.25, 1.72, 4.69, 2.01, 5.45, 2.79, 4.67, 4.19, 4.01, 4.39, 2.23, 5.44, 3.17, 5.53, 5.15, 4.95, 2.83, 4.74, 4.46, 5.53, 4.25, 4.31, 4.21, 3.87, 4.85, 3.06, 1.05, 3.01, 4.34, 1.25, 4.63, 5.33, 2.05, 5.52, 3.02, 4.99, 4.21, 4.51, 2.95, 2.05, 5.63, 1.28, 5.04, 2.91, 4.70, 4.70, 2.48, 6.03, 3.73],
  tjk_395 = [2.35, 2.81, 3.07, 3.78, 2.60, 3.80, 2.45, 2.57, 3.55, 2.69, 3.25, 2.03, 1.05, 3.39, 2.79, 4.85, 2.47, 1.36, 3.27, 2.55, 3.09, 2.91, 3.01, 2.67, 1.66, 3.16, 2.87, 3.58, 2.61, 2.15, 3.07, 3.82, 3.32, 4.78, 3.48, 2.97, 2.85, 3.15, 2.93, 2.50, 2.93, 3.22, 2.45, 1.45, 2.86, 3.18, 2.99, 2.65, 3.20, 2.76],
  tjk_396 = [3.64, 4.20, 3.28, 3.83, 3.83, 4.16, 3.76, 3.88, 3.92, 4.49, 4.15, 4.86, 4.26, 3.43, 3.55, 3.95, 3.98, 3.59, 2.37, 4.91, 1.04, 3.16, 3.47, 1.71, 3.99, 4.34, 4.52, 4.77, 3.67, 2.78, 3.92, 4.40, 1.89, 3.14, 2.46, 3.82, 4.15, 4.28, 4.08, 3.86, 3.58, 4.22, 3.95, 4.14, 4.70, 4.30, 3.91, 2.23, 3.85, 3.42],
  tjk_397 = [3.29, 1.44, 2.93, 1.56, 3.79, 2.77, 1.27, 3.24, 2.86, 3.16, 3.35, 3.20, 1.87, 2.66, 1.13, 4.74, 3.72, 3.19, 3.01, 1.91, 2.77, 2.36, 3.91, 3.11, 2.72, 1.91, 2.75, 2.97, 2.95, 2.63, 1.72, 3.01, 4.39, 3.23, 2.48, 3.05, 2.67, 3.10, 2.76, 3.21, 1.78, 2.90, 3.57, 3.07, 3.24, 3.20, 3.08, 3.08, 1.71, 2.68],
  tjk_398 = [1.80, 2.69, 2.17, 2.10, 3.25, 4.54, 2.23, 2.13, 1.80, 1.83, 1.93, 3.49, 2.10, 1.96, 2.80, 2.04, 1.89, 2.07, 3.31, 1.73, 1.93, 2.08, 1.95, 2.81, 1.84, 1.54, 1.18, 1.42, 1.95, 4.16, 1.79, 1.54, 2.32, 1.16, 2.07, 2.20, 2.44, 1.88, 2.50, 1.72, 2.12, 1.91, 1.80, 2.08, 1.93, 1.96, 2.18, 1.91, 2.17, 1.98],
  tjk_399 = [1.08, 0.88, 3.36, 1.52, 3.10, 0.98, 1.01, 3.86, 0.91, 1.09, 1.62, 0.99, 4.12, 2.55, 4.45, 1.02, 0.99, 3.71, 0.97, 0.98, 0.89, 4.39, 1.09, 3.84, 0.93, 4.13, 1.01, 3.58, 0.97, 2.18, 0.88, 1.03, 0.94, 1.02, 0.76, 0.81, 1.01, 4.04, 1.04, 1.04, 1.05, 0.99, 4.06, 2.27, 0.82, 4.82, 0.95, 1.03, 1.19, 1.00],
  tjk_3910 = [1.95, 2.27, 2.28, 1.91, 1.95, 4.71, 2.16, 2.02, 2.09, 2.01, 2.12, 1.85, 1.99, 3.90, 2.69, 1.93, 2.42, 2.30, 4.96, 1.78, 2.89, 1.89, 4.14, 1.73, 3.88, 1.81, 2.08, 1.73, 4.77, 1.84, 1.81, 1.87, 4.21, 1.86, 1.62, 1.86, 4.44, 2.25, 1.92, 1.89, 1.97, 1.96, 2.33, 2.14, 1.69, 4.93, 1.88, 2.03, 2.07, 2.28],
  tjk_3911 = [2.02, 1.84, 3.46, 3.62, 3.41, 1.83, 2.06, 4.11, 4.16, 2.18, 4.33, 2.07, 2.03, 4.36, 1.79, 1.89, 1.81, 2.37, 1.82, 1.51, 1.47, 1.96, 2.19, 2.04, 2.39, 2.16, 2.02, 1.78, 2.01, 1.94, 1.87, 1.57, 1.64, 1.90, 2.04, 2.16, 2.09, 3.48, 2.06, 1.99, 1.73, 3.94, 1.19, 1.77, 2.01, 1.90, 1.81, 4.73, 1.96, 1.89],
  tjk_3912 = [2.04, 2.22, 2.04, 3.49, 2.09, 3.43, 2.89, 2.19, 1.67, 1.77, 2.73, 1.97, 4.03, 2.67, 1.91, 1.43, 2.00, 3.46, 2.14, 1.99, 2.19, 2.18, 1.87, 1.86, 2.05, 1.22, 2.34, 1.62, 1.83, 3.31, 1.90, 2.32, 1.26, 2.18, 2.22, 4.30, 1.99, 3.91, 1.78, 1.22, 2.07, 2.12, 2.31, 4.24, 1.96, 1.98, 1.84, 3.50, 2.16, 2.06],
  tjk_3913 = [2.47, 2.14, 1.91, 2.07, 1.66, 1.92, 2.36, 1.65, 2.54, 1.84, 2.39, 3.65, 1.07, 1.83, 1.47, 2.05, 2.26, 4.57, 1.87, 2.18, 1.65, 2.06, 1.79, 2.00, 4.87, 2.20, 1.83, 1.82, 1.73, 2.13, 2.11, 1.82, 1.92, 2.47, 4.23, 2.06, 3.66, 3.96, 4.76, 1.85, 2.18, 1.89, 2.17, 1.78, 2.32, 4.27, 2.14, 3.65, 1.73, 2.40],
  tjk_3914 = [4.05, 4.49, 4.98, 3.04, 2.22, 3.30, 3.42, 2.30, 3.90, 3.26, 3.61, 3.89, 3.89, 4.94, 4.06, 4.84, 4.13, 4.39, 3.93, 2.73, 4.04, 2.21, 3.31, 3.65, 3.74, 2.24, 3.27, 2.87, 3.78, 3.90, 4.13, 2.65, 3.81, 2.48, 2.12, 5.00, 4.90, 3.55, 4.80, 4.56, 3.28, 3.56, 3.93, 3.22, 3.67, 4.22, 3.61, 4.41, 4.24, 3.07],
  tjk_3915 = [3.63, 3.85, 4.30, 3.83, 3.98, 3.53, 4.19, 3.58, 4.10, 4.85, 4.94, 4.08, 1.62, 3.97, 3.99, 3.41, 3.98, 4.06, 3.37, 2.96, 4.62, 4.36, 4.48, 3.98, 4.19, 4.16, 4.24, 3.64, 3.29, 4.02, 4.44, 3.56, 1.36, 3.97, 4.19, 4.80, 2.13, 3.41, 4.35, 4.45, 3.94, 1.09, 3.63, 4.63, 3.68, 4.64, 1.54, 3.74, 3.54, 1.91],
  tjk_3916 = [2.12, 4.22, 1.98, 2.42, 2.84, 1.77, 2.22, 2.41, 1.76, 1.94, 1.66, 2.11, 1.79, 1.92, 4.24, 2.15, 4.13, 1.63, 3.19, 1.76, 1.74, 3.75, 1.81, 3.91, 1.78, 2.06, 2.02, 2.08, 3.73, 2.35, 2.93, 2.60, 2.22, 1.81, 2.22, 1.57, 2.09, 2.05, 2.18, 4.39, 1.79, 2.21, 1.96, 3.82, 1.71, 1.89, 1.20, 1.91, 2.64, 3.61],
  tjk_3917 = [2.06, 2.35, 1.77, 2.21, 4.63, 2.16, 1.84, 2.33, 2.22, 2.15, 1.89, 2.15, 2.07, 1.78, 1.90, 2.85, 1.74, 1.80, 2.41, 1.92, 2.39, 2.27, 2.10, 1.76, 1.93, 2.27, 2.18, 1.89, 1.76, 3.00, 2.06, 1.99, 2.13, 3.39, 1.93, 2.22, 1.85, 2.26, 1.75, 2.11, 2.87, 1.64, 4.39, 2.12, 2.08, 1.53, 2.19, 1.91, 1.92, 1.64],
  tjk_3918 = [3.13, 2.83, 2.33, 1.27, 2.81, 2.75, 3.91, 1.17, 2.99, 2.57, 1.33, 3.11, 4.71, 3.24, 2.74, 4.66, 3.03, 3.92, 2.46, 4.81, 4.28, 2.93, 3.39, 1.53, 3.12, 3.10, 3.98, 3.06, 2.81, 3.25, 3.11, 2.75, 4.86, 3.52, 2.68, 3.02, 2.71, 2.98, 2.76, 1.58, 3.17, 3.46, 2.96, 2.80, 2.74, 3.04, 2.01, 3.57, 3.08, 3.17],
  tjk_3919 = [3.66, 4.05, 3.80, 1.86, 4.39, 3.56, 4.60, 2.02, 4.23, 3.62, 4.89, 3.73, 1.92, 4.02, 3.07, 3.47, 4.16, 4.14, 1.68, 3.88, 3.92, 3.86, 3.82, 4.02, 3.79, 4.31, 3.76, 2.98, 4.12, 2.19, 1.24, 4.66, 3.88, 3.98, 3.76, 4.21, 4.60, 3.98, 3.66, 4.15, 4.29, 4.91, 3.69, 3.06, 4.15, 3.54, 3.79, 3.85, 3.08, 4.00],
  tjk_3920 = [4.96, 5.36, 4.89, 3.45, 4.92, 4.91, 4.81, 1.00, 3.80, 4.74, 5.33, 3.66, 5.13, 5.42, 4.69, 4.98, 1.47, 4.77, 1.20, 4.98, 5.06, 5.61, 4.25, 4.43, 3.96, 4.04, 5.46, 3.21, 4.39, 4.82, 2.18, 5.38, 3.32, 5.02, 5.85, 1.27, 5.11, 4.61, 5.29, 5.31, 5.86, 4.67, 4.57, 4.82, 5.76, 5.71, 5.61, 6.51, 1.03, 2.48],
  tjk_401 = [4.65, 3.67, 4.24, 4.55, 2.33, 1.30, 2.74, 2.90, 4.48, 3.91, 4.48, 4.36, 3.67, 3.18, 3.35, 4.28, 4.31, 4.00, 3.76, 3.86, 3.09, 3.79, 4.21, 4.19, 2.46, 2.32, 4.00, 3.48, 3.55, 4.35, 3.85, 3.41, 4.26, 3.90, 3.88, 1.77, 3.96, 2.44, 4.63, 4.31, 3.72, 4.57, 3.80, 3.82, 4.44, 4.26, 4.17, 4.56, 4.15, 4.49],
  tjk_402 = [4.86, 5.58, 4.46, 4.27, 2.71, 4.54, 5.57, 3.18, 5.40, 1.12, 6.01, 5.70, 2.03, 5.04, 3.35, 2.72, 1.77, 5.03, 2.85, 5.19, 5.15, 4.49, 5.27, 4.82, 4.22, 2.76, 4.55, 4.29, 2.09, 4.51, 5.07, 5.22, 4.98, 1.28, 4.80, 5.76, 3.70, 4.49, 4.53, 5.13, 4.99, 5.84, 4.56, 5.10, 4.66, 5.69, 4.28, 4.68, 5.33, 4.62],
  tjk_403 = [5.10, 4.59, 5.23, 4.35, 6.01, 2.81, 5.79, 4.48, 5.27, 3.24, 5.29, 3.17, 5.51, 4.74, 4.61, 4.63, 5.38, 1.45, 4.67, 3.21, 6.34, 5.50, 4.78, 4.77, 5.10, 5.36, 5.54, 3.11, 4.40, 4.85, 5.38, 5.74, 5.59, 4.96, 4.68, 4.52, 2.25, 3.75, 4.96, 4.93, 3.87, 4.47, 4.52, 4.59, 5.22, 3.31, 2.26, 3.97, 2.97, 5.36],
  tjk_404 = [4.96, 4.25, 4.88, 3.64, 4.29, 3.58, 1.14, 4.12, 4.32, 3.42, 3.75, 4.33, 4.70, 3.60, 1.79, 4.45, 3.55, 3.60, 4.38, 2.04, 4.23, 3.60, 3.94, 3.65, 3.66, 3.30, 4.43, 4.42, 3.62, 3.51, 1.65, 4.22, 3.95, 3.81, 2.50, 4.09, 4.69, 3.61, 4.26, 3.78, 4.41, 4.56, 3.91, 3.46, 1.25, 3.34, 3.99, 4.07, 3.86, 4.21],
  tjk_405 = [4.68, 0.98, 1.11, 1.03, 0.93, 3.12, 0.99, 1.11, 1.18, 1.16, 0.79, 4.77, 1.06, 4.21, 0.96, 0.81, 0.97, 0.93, 0.93, 0.99, 0.89, 0.89, 1.16, 0.94, 0.96, 1.81, 1.01, 1.73, 1.06, 0.99, 1.13, 1.68, 1.09, 0.99, 0.96, 0.97, 1.96, 1.15, 0.93, 1.01, 0.95, 1.80, 0.89, 1.10, 0.91, 1.15, 1.18, 4.02, 1.12, 0.97],
  tjk_406 = [3.84, 3.89, 3.72, 3.75, 3.69, 4.55, 4.33, 3.89, 4.34, 4.77, 3.77, 3.52, 3.66, 4.02, 4.24, 3.89, 3.88, 3.73, 3.66, 3.39, 1.45, 4.56, 3.94, 4.20, 3.74, 3.20, 3.87, 2.94, 4.54, 4.92, 4.03, 3.94, 4.23, 4.33, 4.45, 3.96, 3.37, 4.43, 2.37, 4.15, 2.62, 4.17, 3.38, 3.37, 4.95, 4.86, 1.05, 3.86, 4.20, 3.30],
  tjk_407 = [3.85, 4.08, 3.88, 4.11, 3.88, 3.76, 4.11, 3.56, 3.74, 2.71, 3.61, 3.64, 4.05, 3.66, 3.56, 3.63, 3.79, 3.62, 4.05, 3.94, 4.35, 1.31, 2.50, 3.43, 4.66, 4.84, 2.95, 4.56, 3.26, 2.48, 2.22, 3.09, 3.89, 3.92, 3.80, 3.92, 4.17, 4.68, 4.01, 4.16, 5.17, 4.50, 3.05, 3.63, 4.35, 4.43, 1.57, 3.76, 3.83, 3.33],
  tjk_408 = [0.92, 4.86, 4.82, 1.55, 0.89, 1.07, 0.98, 0.90, 2.60, 2.93, 1.11, 1.11, 0.94, 0.90, 1.00, 2.86, 0.75, 2.44, 0.88, 0.97, 1.09, 1.00, 0.94, 1.02, 1.00, 0.97, 1.00, 1.28, 1.05, 3.73, 2.93, 0.94, 1.16, 3.99, 1.92, 2.11, 1.17, 0.92, 1.03, 0.92, 0.92, 1.12, 4.51, 1.12, 1.01, 0.89, 1.04, 1.02, 2.60, 0.93],
  tjk_409 = [5.23, 2.70, 4.33, 5.08, 5.50, 5.75, 4.81, 5.69, 1.07, 4.78, 4.33, 1.84, 5.28, 4.97, 4.62, 4.40, 4.57, 1.11, 4.76, 2.37, 5.17, 5.88, 4.94, 4.98, 4.48, 4.39, 4.80, 4.50, 5.70, 3.96, 2.03, 5.30, 5.35, 1.05, 3.29, 3.91, 5.44, 4.89, 5.12, 5.17, 2.69, 5.34, 4.84, 5.23, 5.09, 5.42, 1.02, 4.94, 1.53, 4.77],
  tjk_4010 = [0.86, 2.21, 0.98, 0.94, 0.92, 3.84, 3.96, 2.69, 1.02, 1.20, 1.12, 1.00, 1.06, 3.60, 0.94, 1.14, 1.01, 0.92, 1.03, 2.99, 0.79, 1.01, 1.03, 1.66, 0.87, 3.86, 1.11, 1.25, 1.43, 4.84, 0.92, 3.33, 1.03, 3.35, 0.98, 0.99, 1.23, 2.18, 1.02, 0.84, 0.94, 1.02, 1.03, 1.23, 1.12, 3.44, 0.89, 0.98, 0.97, 2.19],
  tjk_4011 = [2.75, 3.35, 2.92, 4.56, 2.98, 2.35, 3.06, 3.04, 2.84, 3.44, 3.57, 2.88, 3.84, 3.10, 2.80, 2.42, 1.27, 3.37, 2.95, 3.07, 3.37, 3.31, 3.28, 4.16, 1.47, 2.69, 3.29, 3.10, 1.93, 3.09, 1.57, 2.25, 3.55, 2.50, 3.05, 3.07, 2.67, 3.36, 3.68, 1.48, 3.30, 2.58, 2.87, 3.33, 3.37, 3.10, 3.51, 3.20, 2.78, 2.75],
  tjk_4012 = [2.28, 2.08, 3.13, 2.22, 2.07, 4.28, 4.49, 3.31, 4.36, 2.16, 1.52, 2.23, 2.30, 1.05, 2.15, 4.61, 2.10, 1.19, 2.47, 1.86, 1.75, 2.25, 2.02, 1.58, 2.19, 1.95, 2.07, 3.33, 1.87, 1.96, 1.94, 2.89, 2.20, 2.08, 1.59, 1.22, 1.75, 1.72, 2.06, 3.13, 2.30, 2.50, 1.66, 1.82, 2.87, 1.56, 2.50, 1.84, 2.01, 1.88],
  tjk_4013 = [3.00, 1.31, 2.91, 3.15, 2.77, 3.28, 4.53, 3.12, 4.88, 2.08, 2.68, 3.08, 3.44, 2.48, 3.00, 3.07, 2.62, 3.91, 2.47, 2.72, 2.46, 2.41, 1.26, 3.09, 2.92, 2.63, 3.42, 1.61, 1.47, 4.83, 2.84, 2.38, 3.14, 3.22, 3.43, 4.05, 2.34, 4.49, 3.57, 3.54, 2.79, 2.36, 3.00, 4.34, 2.81, 2.31, 2.90, 2.70, 4.66, 3.30],
  tjk_4014 = [4.96, 4.92, 2.04, 4.18, 5.45, 1.84, 4.60, 3.74, 5.55, 5.51, 5.40, 5.37, 4.82, 3.40, 1.81, 4.59, 4.50, 5.18, 4.63, 4.78, 4.05, 6.09, 4.84, 1.31, 3.06, 5.53, 5.37, 5.29, 5.16, 5.51, 4.10, 4.58, 4.47, 3.59, 2.90, 5.11, 4.52, 3.41, 1.10, 4.64, 1.42, 4.44, 5.62, 1.75, 5.09, 5.31, 3.15, 3.85, 4.98, 5.53],
  tjk_4015 = [3.14, 4.39, 3.70, 3.47, 4.73, 1.07, 2.73, 4.25, 3.35, 3.83, 3.61, 4.07, 5.00, 4.08, 4.35, 4.64, 4.30, 4.08, 3.64, 3.28, 2.41, 4.03, 3.77, 3.70, 4.39, 4.50, 2.96, 3.79, 3.14, 3.59, 3.46, 3.78, 4.53, 4.20, 3.61, 4.06, 3.32, 3.55, 3.76, 4.19, 3.86, 4.40, 1.51, 3.53, 4.64, 2.19, 2.29, 1.19, 4.40, 4.59],
  tjk_4016 = [5.28, 4.93, 4.60, 4.75, 5.48, 4.57, 3.83, 4.52, 4.50, 5.40, 5.13, 5.09, 5.99, 5.29, 4.33, 5.11, 5.33, 4.76, 2.05, 1.93, 5.34, 4.91, 4.44, 5.34, 4.45, 4.75, 5.35, 5.55, 4.54, 1.09, 2.57, 1.89, 5.18, 5.33, 5.33, 4.88, 5.50, 2.68, 4.07, 3.39, 5.03, 4.97, 5.02, 2.38, 4.66, 4.87, 2.22, 4.92, 4.59, 4.49],
  tjk_4017 = [3.70, 2.56, 4.69, 4.23, 4.26, 3.40, 4.41, 4.55, 3.92, 4.84, 4.17, 1.92, 4.15, 3.77, 3.58, 4.46, 3.22, 3.27, 3.58, 3.65, 4.27, 2.14, 4.49, 3.88, 3.48, 2.35, 3.57, 3.30, 3.16, 4.06, 3.85, 4.35, 3.46, 4.50, 1.03, 3.60, 4.26, 3.97, 3.23, 4.59, 3.98, 3.96, 3.60, 3.50, 4.01, 3.96, 3.51, 4.56, 2.01, 3.84],
  tjk_4018 = [4.25, 4.03, 4.24, 4.27, 4.29, 2.04, 1.19, 4.49, 4.94, 3.52, 3.66, 3.82, 4.90, 3.02, 2.96, 3.71, 2.92, 3.24, 3.63, 3.63, 4.44, 4.12, 4.37, 1.30, 4.19, 2.96, 2.62, 1.90, 3.57, 4.24, 2.21, 3.89, 4.55, 2.07, 3.98, 2.71, 4.48, 4.27, 1.29, 4.37, 3.49, 4.54, 3.45, 2.93, 1.41, 3.97, 3.15, 4.17, 2.97, 4.82],
  tjk_4019 = [4.52, 5.01, 4.74, 4.81, 3.64, 5.07, 4.32, 3.15, 4.01, 2.47, 5.02, 3.68, 5.13, 5.44, 2.70, 2.61, 5.42, 4.40, 5.08, 2.46, 4.89, 3.60, 3.84, 5.49, 2.71, 4.88, 4.92, 4.55, 5.03, 4.05, 4.78, 4.74, 4.21, 4.59, 2.92, 5.43, 2.27, 1.05, 5.54, 4.61, 4.10, 5.81, 4.65, 5.05, 4.97, 4.91, 4.91, 4.96, 4.67, 5.00],
  tjk_4020 = [2.26, 2.30, 1.95, 1.94, 2.17, 1.99, 2.11, 2.10, 2.20, 3.87, 2.22, 1.53, 1.95, 3.63, 4.14, 2.05, 2.32, 2.23, 2.35, 1.74, 1.57, 2.12, 2.16, 2.29, 1.96, 1.71, 4.80, 1.64, 1.55, 4.66, 1.92, 2.22, 1.76, 2.91, 1.32, 1.86, 2.61, 4.48, 2.33, 4.08, 2.24, 2.05, 1.61, 4.70, 3.77, 3.87, 4.82, 4.82, 1.39, 2.53],
  tjk_411 = [1.92, 4.07, 2.24, 2.07, 2.24, 1.21, 3.47, 4.09, 1.67, 2.10, 3.72, 2.32, 1.79, 2.47, 1.04, 2.23, 1.80, 1.97, 3.53, 2.74, 1.99, 1.89, 1.97, 2.21, 2.21, 2.06, 2.14, 1.99, 2.46, 1.48, 1.99, 1.51, 1.66, 1.96, 2.23, 4.21, 2.18, 2.10, 2.02, 3.52, 2.02, 3.35, 2.13, 1.04, 2.08, 1.73, 1.89, 3.98, 2.11, 4.15],
  tjk_412 = [1.83, 2.12, 3.60, 2.18, 2.52, 2.23, 2.11, 2.11, 3.69, 2.01, 2.07, 1.83, 2.07, 2.20, 3.23, 2.19, 1.88, 2.00, 2.36, 2.27, 1.96, 4.51, 2.84, 1.96, 3.53, 4.77, 1.90, 1.84, 2.18, 4.82, 2.06, 4.58, 3.50, 1.77, 2.05, 2.22, 2.15, 1.93, 1.54, 2.15, 2.77, 2.00, 3.96, 1.93, 2.14, 4.36, 1.94, 1.61, 2.15, 1.99],
  tjk_413 = [2.76, 4.45, 3.14, 2.85, 2.80, 2.97, 2.90, 3.73, 2.77, 3.20, 3.49, 3.12, 3.21, 3.22, 1.57, 3.16, 2.89, 3.21, 1.87, 3.79, 3.33, 2.80, 3.07, 3.00, 2.87, 2.71, 3.10, 1.91, 3.04, 2.35, 2.72, 1.15, 2.42, 2.80, 2.94, 2.92, 2.71, 3.35, 1.32, 3.91, 2.29, 3.23, 3.15, 3.33, 2.63, 2.91, 3.64, 2.72, 2.91, 2.63],
  tjk_414 = [1.47, 5.17, 4.53, 4.93, 5.31, 5.40, 3.98, 5.52, 5.15, 4.93, 4.67, 5.07, 4.46, 4.41, 5.66, 2.90, 3.56, 2.54, 4.45, 5.55, 1.68, 4.51, 2.84, 3.14, 4.80, 3.08, 4.88, 5.61, 5.03, 4.69, 5.52, 1.09, 5.06, 4.39, 4.74, 4.88, 1.36, 5.52, 3.28, 4.63, 2.20, 4.69, 5.81, 4.66, 4.35, 2.90, 5.35, 4.47, 5.16, 1.07],
  tjk_415 = [2.94, 2.46, 3.60, 2.90, 2.87, 3.02, 2.85, 2.72, 2.76, 3.57, 2.63, 4.45, 2.55, 2.91, 2.90, 4.89, 3.05, 3.14, 3.55, 2.91, 1.87, 3.15, 2.68, 2.94, 2.71, 2.79, 2.44, 1.57, 1.75, 3.58, 2.80, 3.77, 2.97, 2.93, 2.78, 2.76, 2.39, 3.11, 2.87, 3.04, 4.87, 2.91, 4.67, 3.21, 3.91, 4.44, 2.48, 3.03, 3.19, 3.42],
  tjk_416 = [2.79, 3.73, 1.58, 4.08, 4.55, 3.30, 2.26, 4.26, 3.51, 3.57, 4.32, 4.84, 4.45, 1.38, 4.10, 3.81, 3.86, 3.83, 4.06, 4.52, 4.43, 2.24, 4.52, 3.83, 3.88, 2.39, 3.71, 3.61, 4.13, 1.48, 4.26, 1.68, 4.82, 4.52, 3.91, 3.73, 4.64, 3.78, 4.04, 3.99, 4.00, 3.81, 4.14, 1.31, 3.98, 3.71, 4.01, 4.83, 4.13, 4.06],
  tjk_417 = [0.98, 3.90, 1.08, 4.07, 0.89, 2.91, 0.98, 1.08, 0.99, 2.46, 0.99, 1.02, 0.94, 1.08, 4.66, 0.97, 1.01, 1.69, 1.75, 1.20, 3.98, 1.03, 3.77, 4.22, 0.93, 4.97, 0.92, 1.09, 1.07, 1.09, 3.66, 1.00, 0.78, 1.14, 1.13, 1.16, 4.56, 1.11, 0.96, 0.99, 0.92, 1.03, 0.85, 1.01, 0.98, 1.19, 1.60, 1.16, 1.01, 1.01],
  tjk_418 = [3.63, 2.99, 3.27, 2.97, 4.02, 1.65, 3.03, 3.70, 3.39, 2.57, 2.84, 3.15, 3.54, 4.85, 2.85, 3.60, 3.19, 3.45, 3.10, 1.34, 2.96, 2.89, 3.67, 3.22, 3.20, 4.59, 4.70, 2.53, 3.30, 3.32, 1.83, 2.92, 2.58, 2.72, 2.52, 3.09, 3.22, 2.74, 2.96, 3.15, 2.87, 3.16, 3.01, 2.77, 2.79, 3.81, 3.15, 2.90, 2.50, 2.57],
  tjk_419 = [1.74, 4.27, 4.53, 2.90, 1.78, 5.26, 4.90, 4.99, 4.90, 5.80, 5.49, 4.26, 4.58, 3.08, 5.22, 5.33, 5.71, 5.26, 1.31, 4.63, 5.36, 4.73, 3.18, 5.44, 4.26, 5.26, 3.13, 1.12, 4.85, 3.52, 5.14, 5.57, 1.34, 6.24, 5.04, 6.09, 4.10, 4.73, 3.91, 3.85, 5.27, 5.70, 4.97, 5.30, 5.31, 2.04, 5.35, 4.22, 4.48, 5.00],
  tjk_4110 = [4.01, 3.86, 3.89, 2.61, 2.79, 4.39, 4.06, 1.59, 3.16, 4.15, 4.55, 4.03, 4.44, 3.74, 3.87, 4.22, 2.87, 4.23, 4.03, 1.91, 4.64, 3.40, 3.95, 4.39, 1.01, 4.02, 4.56, 2.79, 4.09, 4.25, 4.11, 4.37, 4.34, 3.60, 2.22, 1.48, 4.32, 4.06, 4.21, 3.79, 3.91, 1.48, 3.90, 2.77, 4.00, 4.81, 4.37, 4.43, 3.64, 3.91],
  tjk_4111 = [1.02, 4.37, 1.00, 0.96, 1.11, 1.47, 1.04, 1.20, 4.25, 0.99, 3.34, 1.09, 0.95, 0.92, 0.90, 3.60, 0.92, 0.93, 2.30, 0.93, 4.97, 0.93, 2.98, 0.91, 1.39, 1.21, 1.29, 0.84, 0.92, 3.44, 4.61, 0.89, 1.28, 0.93, 2.00, 1.03, 1.07, 1.19, 1.18, 1.45, 1.02, 0.96, 4.71, 0.98, 4.78, 1.21, 0.99, 1.01, 1.09, 1.16],
  tjk_4112 = [3.33, 1.19, 4.61, 3.68, 2.71, 1.87, 3.29, 2.94, 1.07, 3.66, 3.47, 2.71, 2.79, 2.23, 3.66, 2.53, 3.20, 1.44, 2.84, 2.89, 3.08, 2.61, 1.87, 4.11, 3.24, 2.70, 3.04, 2.89, 3.80, 3.68, 4.82, 2.86, 3.23, 2.97, 3.95, 4.27, 2.52, 3.05, 3.49, 3.19, 2.56, 3.15, 2.76, 2.59, 3.21, 3.40, 3.11, 3.31, 2.63, 3.30],
  tjk_4113 = [0.83, 2.04, 3.36, 1.34, 4.53, 1.05, 0.98, 1.71, 4.47, 0.87, 0.94, 0.85, 1.21, 0.96, 4.03, 1.13, 1.05, 1.14, 0.87, 0.95, 1.09, 0.97, 1.22, 2.78, 1.66, 0.94, 4.84, 1.70, 0.99, 1.88, 0.92, 2.85, 1.64, 2.06, 1.02, 1.06, 0.97, 1.08, 2.94, 0.97, 1.06, 0.81, 2.64, 2.03, 1.08, 0.97, 1.38, 1.07, 0.98, 4.02],
  tjk_4114 = [2.84, 2.84, 4.19, 2.56, 2.92, 2.89, 4.87, 3.24, 2.43, 2.83, 2.81, 3.96, 3.18, 3.09, 3.69, 2.73, 2.52, 3.75, 2.53, 3.09, 3.09, 3.68, 2.93, 4.22, 3.17, 4.90, 1.35, 2.97, 1.42, 3.02, 2.85, 3.37, 2.77, 2.70, 3.28, 3.47, 1.59, 2.57, 4.83, 4.61, 3.25, 3.55, 2.90, 2.54, 3.21, 3.54, 3.32, 2.88, 3.02, 2.74],
  tjk_4115 = [1.43, 3.01, 1.25, 2.88, 4.51, 2.91, 2.99, 3.13, 3.42, 2.90, 1.37, 3.43, 2.78, 2.44, 3.21, 2.93, 4.04, 3.11, 3.33, 2.19, 3.26, 2.75, 3.00, 3.51, 2.92, 2.81, 3.86, 2.31, 1.94, 2.81, 3.16, 3.32, 3.32, 2.32, 2.56, 2.80, 3.32, 2.77, 2.68, 3.10, 2.85, 3.27, 3.16, 3.52, 2.80, 3.72, 3.01, 3.16, 3.72, 4.57],
  tjk_4116 = [3.21, 4.93, 1.51, 5.04, 4.80, 4.67, 5.26, 4.80, 5.11, 5.03, 2.08, 2.20, 4.70, 1.16, 4.60, 5.31, 4.22, 4.49, 3.20, 4.12, 4.87, 4.85, 4.24, 5.17, 4.74, 3.68, 4.44, 3.96, 5.42, 3.97, 5.93, 1.52, 4.53, 4.55, 1.23, 4.52, 5.46, 5.10, 4.42, 4.76, 5.24, 4.52, 4.57, 4.22, 4.17, 1.16, 4.93, 4.98, 2.99, 5.74],
  tjk_4117 = [5.09, 4.33, 3.95, 4.16, 4.72, 4.72, 5.66, 1.38, 3.03, 5.42, 5.11, 4.47, 1.42, 1.27, 4.33, 1.07, 3.51, 4.69, 4.15, 5.40, 4.75, 5.15, 5.08, 5.33, 4.84, 2.62, 5.05, 4.90, 2.77, 5.45, 2.42, 5.49, 2.48, 4.54, 4.44, 5.42, 5.27, 1.21, 5.60, 3.22, 4.79, 5.28, 2.26, 4.99, 4.81, 5.92, 4.17, 4.48, 5.61, 5.40],
  tjk_4118 = [2.04, 3.08, 1.66, 2.21, 1.71, 2.10, 2.33, 1.81, 2.19, 2.20, 1.22, 2.03, 1.83, 1.68, 2.05, 2.34, 1.49, 2.01, 2.91, 1.98, 2.20, 1.83, 1.83, 1.88, 1.79, 1.08, 2.08, 1.98, 1.92, 2.31, 1.46, 4.25, 1.96, 2.81, 1.96, 1.61, 2.93, 1.84, 1.71, 1.78, 2.32, 1.85, 2.20, 4.97, 3.83, 2.92, 1.98, 3.87, 1.63, 3.52],
  tjk_4119 = [4.84, 2.83, 5.55, 3.01, 4.99, 4.54, 4.52, 5.10, 5.08, 5.50, 1.85, 4.45, 4.17, 1.64, 4.80, 4.71, 4.10, 3.93, 4.72, 4.75, 4.81, 5.17, 5.02, 1.58, 4.64, 5.30, 4.59, 5.36, 5.15, 5.12, 4.62, 1.89, 5.31, 5.12, 4.16, 5.06, 4.75, 1.71, 4.01, 5.15, 3.10, 5.79, 5.43, 4.76, 2.07, 3.09, 2.28, 5.26, 3.17, 5.53],
  tjk_4120 = [1.75, 2.01, 2.21, 1.90, 2.04, 2.08, 2.13, 1.96, 2.13, 2.26, 1.87, 2.11, 2.23, 2.15, 1.91, 2.30, 2.23, 1.91, 1.49, 2.35, 1.93, 1.77, 1.71, 2.19, 1.98, 2.14, 1.90, 2.07, 2.09, 1.49, 3.89, 2.08, 2.20, 1.78, 2.00, 1.79, 1.93, 1.85, 2.03, 2.02, 4.61, 1.99, 2.06, 2.18, 4.53, 1.82, 3.05, 1.85, 4.89, 2.10],
  tjk_421 = [3.76, 0.96, 0.89, 1.13, 0.96, 1.12, 0.87, 0.93, 1.14, 2.80, 1.31, 1.07, 0.87, 1.02, 0.94, 4.41, 1.06, 0.99, 0.88, 2.35, 1.02, 1.07, 0.87, 0.82, 1.01, 1.23, 0.95, 1.04, 1.09, 1.09, 0.98, 0.97, 1.07, 3.42, 0.94, 1.00, 1.01, 0.97, 1.22, 1.03, 3.82, 1.46, 0.97, 1.37, 3.86, 2.12, 0.93, 1.37, 4.91, 1.02],
  tjk_422 = [3.77, 3.33, 5.62, 1.83, 4.27, 3.51, 4.93, 3.54, 3.80, 5.23, 4.31, 5.36, 4.61, 5.17, 5.56, 4.72, 1.96, 5.58, 3.45, 1.73, 5.16, 1.81, 1.02, 4.95, 5.55, 4.74, 4.68, 4.92, 1.60, 3.17, 5.27, 5.26, 4.74, 4.12, 5.84, 4.78, 5.74, 5.40, 4.81, 5.05, 4.88, 2.04, 5.21, 2.01, 3.66, 6.07, 4.34, 4.70, 4.07, 5.03],
  tjk_423 = [2.31, 4.54, 1.94, 1.20, 2.17, 2.18, 1.77, 2.04, 2.04, 2.08, 2.06, 2.02, 2.34, 2.60, 1.89, 4.59, 2.19, 2.02, 2.20, 4.29, 2.22, 1.91, 2.03, 2.07, 1.90, 2.02, 2.42, 1.23, 1.94, 1.78, 1.88, 1.79, 1.85, 2.26, 3.48, 1.58, 1.98, 1.86, 2.22, 1.93, 2.37, 2.10, 2.02, 2.14, 2.29, 1.19, 2.17, 1.33, 3.32, 2.03],
  tjk_424 = [3.87, 3.94, 3.77, 4.56, 3.10, 4.31, 3.95, 3.89, 4.34, 4.15, 3.98, 3.72, 4.39, 4.17, 4.44, 2.74, 4.28, 4.60, 2.87, 4.90, 1.89, 3.72, 3.95, 3.84, 3.35, 4.07, 3.90, 3.39, 4.19, 3.97, 4.01, 3.71, 3.69, 3.96, 4.59, 3.75, 4.98, 3.23, 3.61, 4.11, 3.51, 3.90, 3.89, 3.87, 4.46, 3.99, 3.80, 3.96, 1.51, 4.40],
  tjk_425 = [4.08, 2.14, 4.82, 1.44, 2.20, 2.18, 1.87, 2.14, 2.09, 4.13, 2.01, 1.90, 1.87, 1.92, 2.17, 2.10, 1.77, 1.96, 3.49, 1.93, 2.03, 2.07, 2.25, 1.98, 3.79, 1.73, 2.39, 1.72, 4.48, 1.99, 2.10, 2.08, 2.00, 3.71, 1.72, 2.27, 3.42, 1.69, 1.57, 2.06, 4.17, 1.71, 2.07, 2.17, 1.66, 2.04, 1.47, 2.18, 2.76, 2.54],
  tjk_426 = [4.95, 4.29, 5.06, 6.30, 5.45, 5.39, 4.54, 5.18, 3.95, 4.20, 2.37, 4.24, 1.55, 4.46, 2.58, 4.82, 6.28, 4.82, 4.76, 2.12, 5.24, 1.23, 5.00, 4.60, 5.94, 5.42, 4.70, 5.91, 5.11, 4.81, 5.39, 4.45, 4.88, 5.76, 4.92, 4.51, 5.05, 2.89, 4.67, 4.92, 4.75, 5.58, 3.13, 6.07, 5.34, 6.26, 1.20, 2.73, 1.31, 3.60],
  tjk_427 = [4.16, 3.38, 2.75, 3.21, 2.77, 2.87, 3.21, 2.95, 2.90, 3.18, 1.59, 2.89, 1.31, 3.86, 2.71, 2.65, 2.76, 2.51, 3.07, 3.46, 2.75, 2.91, 2.83, 2.82, 1.43, 1.37, 3.03, 1.61, 2.88, 2.72, 2.98, 3.36, 2.93, 2.99, 3.22, 2.35, 2.49, 3.00, 3.17, 2.19, 3.09, 3.24, 2.59, 3.13, 3.61, 4.70, 3.91, 2.59, 2.54, 2.75],
  tjk_428 = [2.17, 4.50, 4.20, 4.72, 3.98, 4.38, 4.11, 3.98, 1.26, 5.01, 4.88, 3.60, 3.95, 2.15, 3.70, 3.93, 1.20, 3.66, 3.87, 3.84, 1.07, 3.69, 4.13, 3.64, 2.94, 4.75, 4.34, 4.50, 2.99, 3.43, 4.04, 5.10, 3.34, 4.36, 3.83, 4.18, 4.62, 3.58, 3.29, 3.55, 4.01, 2.94, 3.79, 4.85, 3.15, 4.68, 2.59, 3.12, 2.77, 1.33],
  tjk_429 = [0.86, 1.84, 0.95, 4.08, 0.98, 1.03, 4.98, 1.08, 2.97, 0.97, 3.35, 1.03, 0.94, 0.89, 1.49, 1.07, 1.08, 1.01, 1.09, 0.86, 0.97, 3.71, 0.92, 0.88, 1.02, 4.81, 1.12, 1.05, 0.66, 1.01, 0.89, 1.94, 3.59, 1.04, 1.76, 0.97, 1.08, 1.10, 0.93, 1.12, 2.92, 1.03, 0.72, 2.01, 0.95, 2.78, 4.04, 1.07, 3.46, 0.91],
  tjk_4210 = [4.78, 2.27, 2.95, 2.24, 4.73, 3.12, 4.06, 4.37, 4.00, 3.45, 3.48, 3.76, 3.83, 4.09, 4.06, 4.21, 3.58, 3.83, 4.26, 4.13, 4.51, 1.37, 4.32, 3.44, 3.12, 3.69, 3.24, 3.86, 2.69, 3.90, 4.19, 3.95, 3.79, 4.02, 3.55, 4.54, 3.65, 4.88, 4.87, 1.94, 3.91, 4.71, 3.75, 4.23, 4.18, 3.22, 3.90, 3.53, 3.39, 4.34],
  tjk_4211 = [4.17, 1.10, 1.01, 2.43, 1.01, 3.78, 1.09, 0.85, 0.96, 1.10, 1.01, 1.01, 3.77, 4.41, 1.09, 1.85, 4.52, 1.03, 0.84, 1.02, 3.86, 2.51, 1.10, 1.20, 0.85, 0.99, 0.97, 1.02, 4.06, 1.16, 1.17, 0.98, 0.90, 1.00, 4.82, 1.00, 0.96, 1.02, 0.96, 1.04, 0.96, 1.05, 1.91, 1.35, 1.04, 0.99, 1.62, 0.92, 2.72, 0.89],
  tjk_4212 = [4.00, 4.43, 4.90, 3.60, 1.69, 5.45, 2.67, 4.18, 4.91, 2.17, 4.48, 1.07, 4.67, 5.10, 5.24, 5.17, 5.02, 4.09, 5.77, 5.51, 5.26, 5.39, 1.80, 4.43, 5.06, 5.86, 1.38, 5.45, 5.48, 4.95, 5.56, 5.90, 4.53, 3.97, 5.11, 4.84, 1.09, 4.26, 4.70, 5.49, 5.04, 5.57, 1.02, 2.84, 5.41, 4.26, 5.84, 5.34, 5.40, 5.22],
  tjk_4213 = [2.13, 1.48, 1.78, 1.94, 1.81, 1.46, 1.92, 2.02, 3.29, 2.24, 1.95, 4.02, 4.56, 4.01, 1.91, 2.18, 2.46, 2.00, 1.91, 2.22, 1.62, 1.88, 2.14, 1.74, 1.94, 1.92, 2.19, 3.15, 1.52, 1.68, 1.78, 1.56, 2.26, 4.90, 1.62, 1.97, 1.85, 1.85, 2.19, 2.06, 4.04, 2.12, 4.73, 3.32, 2.02, 1.62, 1.73, 2.09, 2.01, 1.93],
  tjk_4214 = [0.94, 1.78, 1.45, 1.04, 0.89, 1.02, 1.08, 0.86, 1.00, 0.99, 1.06, 1.71, 2.18, 4.48, 0.92, 1.54, 1.35, 1.15, 1.02, 1.03, 1.11, 1.05, 1.11, 4.06, 1.28, 1.02, 3.66, 0.98, 1.12, 0.95, 1.08, 1.19, 2.93, 2.72, 0.99, 0.96, 1.00, 1.07, 1.06, 3.11, 0.96, 2.89, 1.26, 4.53, 1.34, 4.87, 1.17, 1.70, 2.97, 1.22],
  tjk_4215 = [1.95, 1.99, 2.39, 1.75, 2.10, 2.05, 4.76, 1.41, 1.49, 1.03, 2.13, 1.94, 1.60, 2.14, 2.15, 4.50, 2.00, 2.36, 1.89, 2.53, 1.56, 1.69, 2.10, 2.02, 1.99, 1.93, 2.09, 4.18, 2.15, 3.65, 2.00, 3.49, 3.42, 1.94, 2.15, 2.18, 2.60, 1.83, 1.71, 2.05, 2.25, 1.97, 1.99, 1.86, 4.16, 2.08, 2.63, 2.09, 3.60, 2.07],
  tjk_4216 = [3.71, 1.83, 1.79, 1.95, 2.19, 1.59, 2.63, 3.80, 1.17, 2.56, 2.31, 2.23, 2.02, 3.54, 2.72, 1.19, 1.96, 2.16, 2.21, 1.33, 2.07, 1.90, 1.74, 1.86, 2.33, 4.10, 1.70, 4.02, 2.15, 2.14, 1.81, 2.04, 1.07, 1.76, 1.63, 1.62, 1.77, 4.77, 1.84, 2.16, 4.14, 2.14, 2.15, 1.89, 2.34, 2.07, 2.18, 3.93, 2.04, 4.01],
  tjk_4217 = [4.87, 2.84, 4.74, 4.66, 5.30, 4.81, 5.05, 6.15, 4.54, 4.76, 4.73, 5.57, 5.31, 3.16, 4.59, 3.07, 4.91, 4.55, 3.54, 4.31, 4.63, 4.53, 3.62, 5.05, 4.45, 5.37, 4.46, 5.83, 4.96, 5.67, 3.84, 4.34, 4.68, 4.86, 5.30, 5.31, 5.39, 4.92, 5.47, 5.45, 5.38, 4.86, 4.81, 1.50, 4.97, 5.60, 5.60, 4.53, 1.81, 5.44],
  tjk_4218 = [2.78, 1.36, 3.72, 3.10, 2.98, 2.51, 2.91, 3.31, 2.91, 2.92, 4.32, 3.43, 1.53, 2.72, 3.05, 2.72, 2.97, 2.81, 3.19, 1.68, 2.67, 3.24, 2.80, 2.98, 2.61, 3.33, 3.31, 3.20, 2.73, 4.05, 3.02, 1.64, 3.11, 2.85, 2.05, 3.18, 3.53, 3.03, 3.04, 2.87, 3.22, 2.57, 3.09, 2.98, 3.57, 1.87, 2.46, 3.48, 3.55, 3.00],
  tjk_4219 = [3.01, 2.98, 2.71, 2.67, 2.95, 2.55, 3.17, 4.14, 3.35, 3.32, 3.14, 1.79, 2.18, 1.50, 2.99, 3.21, 2.78, 3.42, 2.31, 3.04, 1.93, 3.01, 4.52, 4.43, 2.99, 2.26, 3.54, 2.36, 3.33, 3.78, 3.24, 3.16, 4.32, 2.72, 2.43, 3.01, 2.62, 2.80, 3.63, 3.25, 3.28, 2.82, 4.38, 3.01, 2.07, 2.63, 2.96, 3.34, 3.37, 2.21],
  tjk_4220 = [5.84, 4.88, 4.44, 5.02, 4.32, 3.00, 2.50, 4.96, 5.68, 4.42, 4.74, 4.99, 5.01, 5.56, 3.79, 1.49, 4.87, 4.86, 4.66, 4.95, 4.45, 4.72, 5.42, 5.26, 2.96, 6.06, 5.15, 5.70, 4.70, 2.31, 6.23, 4.45, 3.55, 2.36, 4.73, 4.61, 3.68, 1.68, 5.80, 4.72, 1.16, 4.54, 4.38, 5.32, 4.80, 4.05, 1.34, 4.75, 4.15, 5.49],
  tjk_431 = [4.08, 3.87, 4.28, 3.72, 4.61, 4.47, 3.39, 4.77, 4.04, 4.03, 2.90, 3.41, 2.58, 1.86, 4.46, 3.62, 3.57, 3.34, 4.01, 2.71, 1.57, 2.93, 4.03, 3.73, 3.93, 4.39, 4.33, 3.85, 4.11, 2.69, 4.09, 3.83, 3.42, 4.47, 4.85, 2.13, 3.97, 4.72, 3.78, 3.42, 1.81, 4.33, 4.55, 4.36, 4.25, 1.83, 4.31, 4.15, 4.59, 4.15],
  tjk_432 = [4.13, 4.35, 3.61, 2.92, 4.41, 3.63, 4.37, 3.95, 4.51, 1.44, 3.88, 4.01, 3.90, 3.81, 4.46, 4.20, 4.04, 4.52, 4.73, 1.99, 4.80, 1.25, 3.59, 3.64, 4.24, 1.85, 4.02, 3.01, 3.81, 3.80, 4.17, 4.23, 2.93, 4.60, 3.69, 3.63, 3.96, 4.95, 1.97, 5.13, 1.37, 4.15, 3.54, 3.14, 4.62, 3.92, 3.63, 3.68, 3.75, 3.97],
  tjk_433 = [1.05, 1.03, 1.46, 1.02, 4.01, 1.01, 1.11, 1.06, 4.93, 1.13, 4.46, 3.12, 1.04, 2.50, 1.21, 0.93, 0.98, 0.94, 0.99, 0.86, 0.95, 0.85, 1.17, 4.55, 1.42, 1.03, 1.28, 3.89, 0.91, 1.11, 0.94, 2.05, 0.88, 3.88, 1.10, 1.68, 0.92, 4.03, 4.14, 1.06, 0.95, 2.49, 1.60, 1.15, 1.28, 1.17, 1.01, 3.79, 1.11, 0.98],
  tjk_434 = [4.89, 4.83, 1.85, 5.81, 1.48, 4.81, 5.46, 4.26, 5.46, 5.72, 4.85, 4.89, 5.31, 4.46, 3.42, 1.63, 5.56, 4.52, 3.91, 1.55, 1.89, 2.93, 4.78, 6.11, 1.53, 4.63, 4.94, 4.35, 5.59, 5.15, 4.91, 5.41, 4.85, 4.76, 4.74, 4.96, 5.44, 5.39, 2.22, 4.59, 4.45, 5.28, 4.61, 1.83, 5.03, 3.53, 2.96, 5.18, 4.77, 5.80],
  tjk_435 = [0.92, 1.03, 0.93, 3.34, 0.79, 0.92, 0.84, 1.10, 0.84, 1.08, 4.28, 1.10, 0.92, 2.26, 1.23, 4.64, 1.10, 0.90, 1.01, 0.77, 0.99, 1.13, 1.12, 0.94, 0.91, 1.17, 2.79, 1.05, 1.00, 1.67, 1.05, 1.13, 0.97, 3.96, 4.32, 1.14, 1.06, 4.30, 2.64, 4.77, 1.91, 4.37, 1.10, 0.94, 0.98, 2.11, 0.93, 1.14, 1.01, 1.03],
  tjk_436 = [3.36, 3.00, 4.05, 2.82, 3.12, 2.84, 3.10, 3.41, 2.74, 4.76, 2.89, 3.59, 3.51, 2.51, 2.30, 3.40, 3.01, 3.01, 2.53, 1.54, 4.93, 3.02, 2.97, 4.05, 3.12, 3.24, 2.86, 3.41, 3.18, 3.10, 2.74, 3.07, 3.09, 2.94, 1.87, 4.49, 3.06, 3.48, 3.78, 2.68, 3.95, 2.84, 2.80, 1.14, 2.84, 2.65, 3.01, 2.85, 2.64, 3.22],
  tjk_437 = [3.15, 1.35, 3.16, 2.75, 2.58, 2.84, 2.02, 3.22, 1.52, 2.53, 3.12, 2.91, 3.24, 3.62, 3.11, 2.86, 2.77, 3.20, 3.14, 2.43, 2.64, 2.95, 3.55, 2.90, 2.75, 2.20, 3.56, 3.04, 4.42, 3.47, 3.65, 3.68, 3.44, 2.98, 4.30, 2.73, 2.69, 4.17, 2.72, 3.57, 3.56, 3.62, 3.55, 2.93, 3.40, 2.39, 3.25, 3.01, 2.69, 2.67],
  tjk_438 = [4.40, 3.82, 4.14, 5.52, 5.00, 4.63, 5.11, 5.27, 5.27, 5.35, 3.15, 1.75, 1.34, 2.88, 4.98, 5.05, 4.97, 2.69, 4.88, 4.57, 3.30, 3.68, 5.14, 3.56, 2.92, 5.31, 5.10, 5.08, 2.28, 5.90, 4.63, 5.30, 2.96, 1.83, 4.98, 3.22, 4.36, 4.91, 4.31, 4.89, 2.10, 4.70, 1.87, 4.16, 2.05, 2.77, 5.25, 3.61, 4.67, 1.54],
  tjk_439 = [1.80, 1.93, 2.73, 3.25, 2.22, 2.15, 2.05, 1.89, 1.73, 1.97, 1.74, 3.51, 2.38, 4.58, 1.72, 2.30, 4.28, 1.94, 3.47, 2.18, 2.04, 1.97, 3.89, 2.01, 4.55, 2.10, 2.05, 2.29, 3.60, 2.46, 1.73, 3.57, 2.36, 2.00, 2.04, 1.03, 2.29, 1.69, 2.12, 2.10, 2.08, 1.54, 2.07, 1.90, 1.60, 1.92, 1.79, 1.33, 1.37, 2.22],
  tjk_4310 = [5.44, 1.06, 4.43, 4.12, 4.24, 5.17, 5.13, 5.39, 5.15, 4.82, 5.61, 4.81, 2.12, 4.43, 5.09, 5.94, 3.18, 4.39, 4.53, 5.45, 2.23, 4.33, 4.82, 5.25, 4.57, 4.90, 6.21, 4.96, 5.06, 5.55, 3.50, 3.65, 4.87, 4.49, 2.88, 5.00, 5.17, 5.08, 5.46, 5.36, 5.61, 4.76, 5.29, 4.38, 5.03, 2.85, 4.19, 4.54, 2.34, 2.77],
  tjk_4311 = [1.15, 1.78, 1.18, 1.94, 1.18, 1.01, 0.92, 1.51, 0.88, 1.14, 1.15, 0.71, 0.96, 0.96, 1.07, 1.06, 1.02, 0.96, 0.82, 0.93, 0.93, 1.06, 0.79, 1.06, 1.14, 1.13, 1.53, 1.02, 1.06, 1.05, 4.48, 1.01, 4.32, 1.03, 0.79, 0.82, 2.37, 1.12, 3.10, 1.02, 0.96, 1.19, 3.57, 1.09, 1.41, 0.98, 0.93, 0.99, 1.15, 0.82],
  tjk_4312 = [0.88, 0.93, 1.01, 1.08, 0.84, 1.55, 1.00, 1.15, 1.03, 0.96, 0.84, 4.71, 0.85, 0.85, 0.99, 1.20, 4.22, 1.18, 1.59, 1.01, 4.48, 1.12, 0.85, 2.78, 0.97, 1.01, 1.65, 2.22, 0.97, 1.49, 0.89, 1.02, 0.96, 1.06, 0.94, 1.10, 4.00, 0.98, 4.09, 1.56, 1.07, 3.11, 2.50, 1.08, 1.00, 0.99, 1.79, 2.91, 0.96, 0.89],
  tjk_4313 = [2.42, 3.85, 3.80, 3.95, 4.15, 4.30, 4.62, 2.08, 4.82, 4.44, 4.22, 4.53, 2.20, 4.15, 4.11, 4.53, 3.63, 4.47, 3.93, 3.92, 4.23, 4.48, 3.85, 4.99, 3.03, 3.79, 3.93, 3.76, 3.55, 3.83, 3.96, 4.67, 3.97, 4.43, 4.18, 4.62, 3.64, 3.38, 4.48, 3.61, 4.08, 3.88, 3.49, 4.37, 3.68, 3.94, 4.18, 3.68, 3.61, 3.83],
  tjk_4314 = [3.29, 3.32, 3.18, 3.29, 2.85, 3.43, 2.63, 4.89, 4.26, 2.65, 2.76, 2.91, 4.43, 2.71, 3.29, 2.40, 3.15, 3.52, 2.08, 3.00, 3.09, 2.71, 3.20, 2.80, 3.20, 2.63, 3.15, 2.69, 3.00, 2.60, 2.99, 2.87, 2.96, 2.74, 2.61, 2.71, 1.52, 2.86, 2.99, 2.12, 3.58, 2.67, 2.99, 2.96, 2.91, 3.06, 3.03, 2.57, 2.86, 2.59],
  tjk_4315 = [3.15, 2.99, 2.90, 3.40, 3.12, 3.10, 3.48, 1.13, 2.46, 2.56, 1.91, 3.15, 3.16, 2.76, 2.68, 1.33, 3.51, 2.97, 2.67, 3.45, 3.02, 3.31, 3.21, 1.70, 1.02, 2.80, 2.90, 2.78, 1.21, 3.85, 2.37, 4.14, 2.33, 4.62, 2.67, 2.48, 2.50, 2.85, 2.76, 3.15, 4.09, 3.18, 4.44, 4.95, 3.90, 2.96, 3.84, 2.39, 2.14, 3.60],
  tjk_4316 = [2.52, 3.11, 1.08, 3.60, 0.90, 0.98, 1.06, 3.22, 1.16, 0.95, 0.99, 1.06, 1.02, 0.99, 1.04, 0.87, 1.87, 3.18, 1.01, 1.13, 3.45, 2.49, 0.91, 0.97, 1.01, 0.89, 1.34, 2.33, 4.74, 1.09, 0.99, 2.68, 4.69, 3.68, 4.91, 0.98, 4.00, 4.22, 0.85, 1.01, 1.19, 1.08, 0.95, 1.62, 1.06, 1.08, 2.57, 4.60, 4.62, 1.16],
  tjk_4317 = [0.95, 1.09, 0.88, 1.00, 1.13, 4.26, 2.02, 1.86, 3.53, 1.18, 4.42, 1.05, 0.96, 0.81, 1.11, 0.98, 2.28, 0.93, 1.16, 1.03, 0.97, 0.82, 2.74, 2.81, 0.93, 2.37, 2.97, 1.13, 0.97, 1.01, 4.81, 0.97, 4.36, 1.04, 1.12, 2.82, 1.11, 0.95, 1.86, 1.13, 4.15, 0.87, 0.97, 1.05, 1.13, 1.21, 1.02, 1.04, 0.80, 1.09],
  tjk_4318 = [3.41, 2.13, 1.61, 3.76, 1.92, 1.82, 3.60, 1.82, 1.96, 1.09, 1.98, 1.78, 2.60, 3.54, 2.12, 2.27, 2.24, 2.01, 2.20, 1.31, 2.10, 2.15, 2.21, 1.86, 1.94, 2.24, 1.91, 2.87, 2.31, 2.05, 2.15, 2.48, 1.69, 2.04, 2.12, 2.11, 1.60, 2.16, 2.56, 2.85, 2.16, 1.75, 1.99, 1.97, 1.29, 1.97, 1.78, 2.05, 1.21, 1.95],
  tjk_4319 = [2.55, 2.12, 1.74, 1.83, 2.33, 2.21, 1.66, 1.86, 2.00, 1.57, 2.07, 4.91, 1.89, 1.99, 3.98, 1.43, 2.80, 2.06, 4.81, 2.26, 2.19, 2.70, 3.07, 2.07, 2.42, 2.13, 1.99, 1.96, 1.84, 2.50, 2.14, 1.88, 2.16, 2.04, 1.65, 4.60, 2.61, 2.22, 1.92, 2.00, 2.18, 2.06, 1.23, 1.31, 1.97, 4.22, 2.45, 2.04, 1.93, 1.96],
  tjk_4320 = [4.28, 4.25, 4.63, 4.30, 2.88, 4.36, 2.93, 3.75, 3.90, 4.77, 4.24, 5.79, 3.50, 3.48, 2.74, 4.13, 4.31, 4.41, 1.74, 4.00, 4.33, 3.86, 3.93, 5.14, 3.83, 3.37, 3.07, 2.27, 3.83, 1.74, 3.77, 3.82, 4.02, 4.53, 3.48, 3.25, 4.10, 4.00, 1.71, 4.11, 3.97, 3.96, 1.16, 4.15, 4.12, 3.45, 4.07, 4.68, 3.99, 4.40],
  tjk_441 = [3.93, 3.66, 3.17, 4.92, 4.46, 3.98, 5.16, 4.59, 4.48, 2.92, 1.98, 1.33, 4.06, 3.59, 3.21, 1.20, 4.73, 3.80, 4.34, 2.53, 3.81, 3.79, 4.37, 3.84, 2.37, 3.85, 4.27, 4.93, 1.01, 4.33, 1.05, 4.74, 3.45, 3.77, 4.19, 4.09, 4.17, 2.39, 4.54, 3.36, 3.47, 1.30, 3.97, 4.76, 3.24, 4.00, 4.38, 4.54, 3.84, 3.88],
  tjk_442 = [4.88, 5.39, 5.60, 1.44, 4.95, 6.35, 1.73, 1.69, 4.27, 3.82, 4.41, 4.53, 5.31, 2.86, 5.22, 4.98, 4.30, 3.51, 4.51, 4.47, 4.74, 5.17, 5.07, 4.70, 4.36, 4.91, 2.30, 5.26, 3.06, 4.48, 4.16, 3.66, 3.96, 5.31, 5.03, 3.48, 4.93, 5.33, 2.70, 5.15, 4.95, 1.80, 4.22, 4.84, 5.00, 4.78, 4.62, 4.95, 6.25, 5.35],
  tjk_443 = [1.93, 4.47, 2.06, 1.85, 1.88, 2.06, 1.73, 2.63, 4.61, 1.95, 1.96, 2.46, 1.50, 1.93, 2.31, 3.37, 2.62, 2.12, 1.99, 1.59, 1.99, 4.28, 2.35, 1.66, 2.33, 1.87, 1.78, 2.24, 2.29, 1.93, 2.22, 3.80, 2.46, 2.31, 3.75, 1.62, 1.73, 3.47, 1.84, 3.70, 1.65, 1.28, 2.24, 3.50, 2.21, 1.18, 2.16, 1.98, 3.03, 2.32],
  tjk_444 = [4.74, 4.89, 4.51, 4.36, 3.68, 2.53, 4.47, 4.76, 4.76, 5.49, 5.92, 4.77, 5.10, 4.21, 5.35, 4.91, 1.55, 4.16, 5.63, 3.89, 3.69, 5.03, 4.42, 4.74, 3.79, 3.70, 4.35, 4.94, 5.44, 5.07, 1.53, 5.02, 5.20, 5.41, 5.28, 4.37, 4.56, 4.89, 2.71, 5.26, 4.57, 5.46, 4.31, 4.82, 2.34, 5.77, 5.57, 4.49, 2.88, 6.07],
  tjk_445 = [5.91, 3.81, 4.70, 4.75, 2.06, 2.45, 4.06, 4.33, 4.78, 1.02, 1.37, 5.79, 6.21, 4.61, 5.89, 4.62, 3.71, 4.72, 2.50, 3.50, 3.92, 4.97, 2.95, 5.03, 4.75, 5.45, 5.89, 3.81, 1.84, 2.03, 4.79, 4.64, 5.49, 4.91, 4.93, 3.41, 4.73, 5.12, 4.83, 2.55, 3.66, 1.03, 4.92, 3.99, 4.92, 5.27, 4.70, 4.38, 1.61, 4.19],
  tjk_446 = [3.28, 3.01, 1.66, 3.40, 3.17, 2.95, 3.04, 2.02, 4.59, 2.98, 3.00, 3.25, 1.40, 3.38, 2.51, 3.38, 2.71, 3.07, 1.49, 2.98, 3.21, 3.07, 3.48, 2.92, 3.24, 3.23, 2.41, 3.06, 3.05, 3.04, 2.79, 1.38, 2.86, 3.17, 2.11, 3.10, 3.24, 3.41, 2.93, 3.01, 2.77, 1.29, 2.73, 3.40, 2.54, 1.88, 2.60, 4.06, 1.96, 2.88],
  tjk_447 = [2.88, 1.78, 1.91, 1.53, 1.92, 4.56, 2.15, 1.95, 1.96, 1.86, 1.69, 1.92, 1.92, 3.90, 2.34, 2.03, 2.30, 4.85, 2.27, 3.94, 1.27, 2.17, 1.94, 2.01, 1.93, 4.01, 1.99, 2.00, 1.96, 1.89, 2.55, 1.75, 3.01, 2.27, 3.82, 1.97, 4.47, 2.32, 1.96, 2.66, 1.92, 4.44, 2.15, 1.71, 2.65, 2.16, 1.72, 2.14, 2.10, 1.94],
  tjk_448 = [2.18, 2.91, 1.89, 4.66, 1.86, 2.63, 3.76, 1.72, 1.92, 1.74, 3.19, 1.72, 1.93, 2.00, 1.70, 2.31, 1.80, 2.58, 2.50, 2.00, 1.94, 2.09, 1.23, 2.44, 3.17, 3.38, 2.16, 3.71, 4.43, 2.41, 1.88, 4.81, 2.17, 2.13, 4.59, 2.43, 2.15, 1.99, 2.21, 4.96, 2.09, 2.19, 2.00, 2.08, 3.61, 2.06, 2.05, 2.38, 1.51, 2.27],
  tjk_449 = [2.41, 2.46, 1.55, 2.06, 2.26, 1.85, 4.10, 1.72, 2.09, 2.13, 2.12, 2.37, 3.80, 1.82, 1.73, 1.97, 1.95, 2.34, 1.60, 1.90, 1.82, 2.19, 2.49, 3.03, 2.16, 2.28, 3.07, 2.09, 1.08, 2.05, 1.75, 1.82, 1.96, 1.81, 2.15, 2.97, 1.81, 2.99, 1.44, 1.73, 1.91, 1.78, 1.99, 4.53, 1.89, 1.74, 4.67, 1.98, 3.69, 2.06],
  tjk_4410 = [3.22, 2.91, 1.51, 2.77, 1.72, 3.39, 3.48, 3.15, 2.81, 2.57, 2.74, 3.01, 2.69, 3.38, 2.91, 3.25, 3.15, 3.28, 4.00, 2.91, 2.79, 3.24, 3.40, 2.89, 2.17, 2.70, 3.04, 2.86, 3.06, 3.03, 3.37, 2.48, 3.24, 2.75, 1.80, 4.98, 3.15, 4.47, 1.44, 1.06, 3.30, 3.36, 2.56, 2.79, 3.01, 3.43, 2.60, 2.78, 2.91, 3.40],
  tjk_4411 = [4.95, 0.91, 0.90, 0.98, 0.95, 4.37, 1.24, 1.00, 0.93, 1.07, 1.04, 3.91, 4.40, 0.95, 1.19, 3.02, 0.92, 0.93, 4.97, 4.20, 1.01, 0.99, 1.23, 2.68, 4.97, 1.01, 4.91, 4.57, 1.02, 1.98, 1.07, 1.40, 1.11, 0.94, 1.12, 4.54, 1.60, 0.98, 4.02, 0.98, 1.05, 0.98, 1.08, 1.11, 0.82, 0.96, 1.05, 4.60, 0.98, 1.06],
  tjk_4412 = [3.74, 1.77, 3.65, 3.51, 2.82, 1.06, 3.09, 4.44, 4.13, 4.44, 4.08, 3.20, 4.32, 3.70, 4.23, 3.87, 3.80, 1.72, 4.03, 3.38, 3.52, 3.31, 2.07, 4.21, 2.75, 4.24, 4.18, 4.39, 4.81, 2.73, 4.35, 4.15, 3.78, 4.23, 3.93, 3.48, 4.77, 4.23, 3.90, 3.56, 1.55, 4.08, 2.44, 3.60, 2.69, 3.02, 4.31, 3.67, 3.86, 4.43],
  tjk_4413 = [1.06, 0.97, 2.71, 0.99, 0.93, 0.82, 0.98, 0.83, 0.99, 1.13, 2.78, 3.94, 0.95, 0.98, 2.35, 1.56, 0.85, 1.05, 3.51, 1.04, 1.03, 3.30, 1.11, 1.05, 1.08, 0.96, 1.08, 0.78, 0.96, 1.97, 1.13, 4.70, 4.58, 1.05, 1.06, 1.01, 0.99, 2.63, 4.80, 1.08, 1.14, 0.91, 3.43, 0.84, 1.85, 2.26, 1.12, 2.90, 1.16, 0.93],
  tjk_4414 = [5.01, 3.13, 4.95, 4.61, 5.34, 5.36, 4.81, 4.96, 4.30, 3.79, 4.27, 5.22, 1.79, 4.55, 4.40, 4.53, 5.22, 5.14, 5.82, 5.38, 4.90, 1.51, 5.29, 2.13, 2.94, 5.21, 5.18, 1.01, 4.92, 5.26, 5.86, 4.74, 2.58, 1.12, 2.27, 3.79, 4.55, 4.69, 4.35, 3.74, 1.73, 3.20, 5.44, 5.74, 5.39, 4.89, 4.82, 3.99, 1.32, 4.98],
  tjk_4415 = [0.76, 2.63, 2.76, 4.44, 2.63, 3.27, 0.97, 0.93, 1.14, 1.03, 0.93, 0.85, 0.97, 0.96, 1.06, 1.15, 0.88, 2.50, 0.95, 1.07, 4.47, 0.79, 0.92, 3.57, 0.93, 4.94, 0.85, 0.91, 1.03, 1.09, 1.08, 0.93, 1.20, 1.48, 4.85, 1.81, 0.91, 0.97, 1.19, 1.03, 1.09, 0.95, 1.03, 0.97, 1.10, 2.67, 3.78, 1.08, 1.13, 3.08],
  tjk_4416 = [3.72, 2.12, 2.07, 2.67, 2.04, 4.30, 1.62, 1.70, 2.03, 1.86, 1.86, 1.81, 2.59, 1.41, 1.01, 2.18, 1.98, 2.27, 2.14, 2.02, 2.16, 1.30, 3.13, 2.51, 4.66, 2.10, 1.83, 1.86, 4.18, 2.06, 1.92, 2.18, 1.99, 2.02, 1.99, 4.72, 1.99, 1.87, 2.02, 1.96, 1.91, 1.87, 1.76, 1.92, 1.95, 1.56, 3.87, 2.04, 2.11, 2.18],
  tjk_4417 = [2.89, 3.53, 4.47, 4.18, 4.33, 4.68, 3.87, 4.34, 2.99, 3.92, 4.78, 3.61, 4.46, 2.87, 2.47, 3.63, 4.70, 3.73, 3.60, 3.25, 2.11, 3.81, 3.13, 3.88, 2.56, 3.90, 3.62, 3.19, 3.69, 4.83, 3.43, 4.49, 3.99, 3.97, 4.96, 4.36, 2.08, 2.54, 3.17, 4.97, 4.92, 2.39, 4.13, 3.91, 3.98, 4.58, 1.72, 4.18, 4.05, 4.32],
  tjk_4418 = [2.67, 4.46, 4.39, 4.17, 3.99, 3.95, 3.16, 3.47, 4.05, 3.91, 3.95, 4.20, 4.04, 4.46, 3.92, 3.89, 3.75, 3.89, 3.62, 4.98, 4.04, 3.50, 3.88, 4.38, 5.01, 3.46, 4.15, 4.41, 4.26, 4.36, 4.88, 3.17, 3.19, 3.37, 3.54, 3.61, 3.67, 3.59, 3.93, 1.63, 2.40, 1.55, 3.61, 3.95, 3.80, 1.27, 4.08, 4.21, 4.64, 1.85],
  tjk_4419 = [3.06, 4.31, 1.75, 1.97, 1.94, 2.04, 1.71, 2.34, 1.94, 3.81, 2.17, 1.97, 1.71, 4.08, 1.86, 2.29, 1.70, 1.19, 1.85, 1.75, 1.87, 2.06, 2.11, 2.06, 4.43, 4.04, 1.91, 1.81, 1.90, 2.01, 1.48, 1.92, 2.37, 2.10, 2.62, 2.06, 2.13, 4.24, 2.12, 2.22, 4.42, 1.21, 1.72, 1.81, 1.59, 2.07, 1.99, 2.19, 1.86, 3.36],
  tjk_4420 = [1.06, 3.29, 4.54, 2.90, 2.99, 0.98, 0.96, 1.97, 2.72, 1.04, 1.06, 1.05, 0.80, 1.12, 1.01, 1.00, 2.07, 0.92, 0.91, 0.95, 0.98, 1.48, 0.93, 0.83, 1.47, 1.01, 4.79, 4.45, 2.84, 3.19, 1.13, 0.96, 1.01, 1.01, 4.69, 3.18, 2.07, 0.96, 1.06, 0.95, 1.06, 1.14, 0.89, 1.16, 0.96, 3.04, 0.92, 1.22, 0.99, 0.95],
  tjk_451 = [4.32, 3.82, 3.90, 4.12, 4.20, 3.52, 2.12, 3.44, 4.84, 4.29, 1.33, 3.82, 4.31, 4.38, 3.20, 1.35, 3.46, 3.46, 1.41, 3.61, 3.86, 4.02, 3.92, 3.37, 4.22, 3.93, 4.15, 3.98, 4.87, 4.17, 4.00, 4.29, 4.51, 3.84, 4.04, 3.48, 4.07, 4.03, 4.49, 4.06, 4.52, 3.97, 2.50, 3.75, 3.66, 4.68, 3.64, 4.32, 4.75, 4.29],
  tjk_452 = [3.06, 4.64, 2.95, 5.75, 5.45, 5.22, 6.08, 4.18, 4.59, 3.44, 4.83, 4.36, 4.77, 1.41, 5.23, 5.13, 2.82, 1.18, 1.71, 6.11, 4.65, 1.83, 2.51, 4.62, 5.21, 2.30, 4.41, 1.78, 4.04, 1.26, 3.33, 5.33, 1.99, 4.93, 5.94, 4.73, 5.35, 3.19, 4.86, 4.30, 3.85, 5.25, 4.23, 5.96, 6.10, 2.33, 4.61, 5.05, 4.58, 4.69],
  tjk_453 = [2.06, 1.96, 2.23, 3.50, 2.42, 1.91, 2.04, 4.58, 3.40, 1.69, 1.31, 1.59, 1.21, 2.75, 1.98, 1.67, 1.86, 4.65, 2.19, 2.00, 3.93, 1.87, 2.10, 2.42, 2.01, 3.40, 2.03, 2.10, 1.71, 2.09, 4.85, 2.09, 2.43, 4.99, 1.77, 4.46, 1.91, 1.94, 1.73, 2.16, 2.20, 2.19, 3.83, 1.94, 1.69, 2.09, 1.46, 1.95, 1.98, 1.91],
  tjk_454 = [3.36, 3.34, 3.27, 2.67, 2.94, 3.12, 2.63, 3.50, 2.95, 2.93, 3.08, 4.18, 3.05, 4.70, 1.54, 3.18, 3.34, 2.89, 1.04, 4.20, 3.80, 2.74, 4.46, 3.12, 3.04, 1.40, 3.13, 2.76, 3.07, 2.90, 3.20, 3.54, 3.33, 1.04, 2.04, 2.74, 2.89, 3.69, 2.67, 3.08, 2.41, 3.64, 3.21, 3.93, 2.96, 4.80, 2.36, 2.68, 4.59, 4.51],
  tjk_455 = [1.09, 4.41, 3.53, 3.96, 3.62, 2.74, 4.00, 3.21, 3.93, 4.60, 4.04, 3.93, 3.57, 3.95, 4.05, 4.44, 1.31, 4.38, 4.43, 4.16, 4.63, 1.06, 4.14, 3.92, 2.00, 2.67, 4.84, 3.82, 3.14, 4.38, 3.56, 4.35, 3.97, 3.36, 4.27, 4.29, 4.49, 3.93, 4.17, 4.38, 3.58, 3.89, 1.74, 1.51, 4.47, 1.50, 3.45, 4.44, 3.27, 3.62],
  tjk_456 = [3.87, 3.30, 4.53, 3.31, 1.48, 1.92, 4.48, 4.42, 3.09, 4.39, 4.04, 4.57, 3.97, 2.46, 2.12, 4.19, 4.53, 1.64, 3.50, 4.85, 3.59, 3.69, 3.90, 4.70, 4.61, 4.18, 4.37, 3.69, 1.65, 3.83, 2.79, 4.49, 1.05, 3.90, 4.50, 4.31, 3.70, 4.63, 4.51, 4.66, 3.74, 3.96, 2.72, 4.52, 4.57, 4.53, 4.25, 3.93, 3.88, 4.38],
  tjk_457 = [4.32, 4.44, 4.08, 3.93, 3.58, 4.01, 4.32, 3.45, 3.52, 2.70, 3.95, 2.33, 3.69, 3.79, 4.56, 2.16, 1.15, 4.57, 1.42, 3.15, 2.61, 2.14, 4.54, 3.07, 1.50, 3.02, 3.84, 4.16, 4.29, 3.64, 3.55, 4.62, 3.99, 3.43, 3.43, 1.74, 4.21, 3.48, 4.65, 3.61, 4.36, 3.62, 2.62, 2.35, 3.50, 4.62, 4.37, 4.03, 4.69, 2.71],
  tjk_458 = [2.29, 2.36, 4.68, 2.13, 2.15, 4.69, 2.37, 3.11, 3.59, 2.43, 2.04, 1.19, 3.72, 2.27, 2.12, 2.38, 4.49, 4.33, 1.81, 2.57, 1.83, 3.72, 2.12, 1.79, 2.23, 1.76, 2.57, 1.52, 4.14, 1.98, 1.94, 1.56, 1.79, 1.31, 3.87, 2.22, 2.17, 1.96, 4.54, 2.18, 2.42, 2.03, 4.03, 4.29, 1.91, 4.85, 2.04, 1.97, 3.95, 4.72],
  tjk_459 = [0.93, 1.14, 1.03, 0.84, 2.79, 0.97, 1.15, 1.59, 1.03, 3.10, 1.08, 1.04, 1.00, 1.09, 1.10, 1.30, 3.79, 4.40, 0.97, 1.05, 4.60, 1.88, 0.98, 4.39, 0.97, 0.96, 1.09, 3.85, 1.06, 2.00, 1.03, 0.99, 0.99, 0.85, 0.91, 4.96, 1.16, 0.98, 0.95, 1.05, 1.05, 4.87, 0.93, 1.07, 4.43, 4.24, 0.89, 0.98, 0.99, 1.03],
  tjk_4510 = [4.49, 5.01, 5.29, 4.91, 4.61, 4.27, 3.98, 3.55, 5.19, 5.07, 4.67, 4.63, 4.21, 3.78, 6.43, 5.23, 5.21, 5.44, 3.45, 5.25, 5.41, 1.10, 3.40, 5.02, 4.44, 4.92, 4.88, 4.48, 5.17, 4.74, 5.78, 4.68, 2.38, 2.56, 5.36, 5.94, 6.06, 2.70, 1.34, 4.90, 5.64, 3.24, 4.40, 4.91, 4.30, 1.18, 5.40, 4.42, 5.34, 2.39],
  tjk_4511 = [4.17, 4.67, 3.10, 5.10, 5.15, 4.74, 5.59, 4.66, 4.88, 2.11, 4.81, 5.73, 4.72, 4.81, 5.77, 2.31, 3.82, 4.36, 4.70, 3.10, 1.95, 4.28, 4.66, 5.13, 4.95, 4.94, 3.87, 5.29, 2.25, 4.56, 4.91, 4.59, 5.12, 5.72, 4.52, 5.77, 5.25, 5.30, 4.95, 2.10, 5.63, 3.18, 5.35, 5.18, 4.26, 5.29, 4.93, 4.58, 4.45, 5.35],
  tjk_4512 = [2.69, 1.03, 1.06, 3.27, 4.22, 3.35, 2.79, 4.60, 2.74, 3.32, 1.31, 3.46, 3.34, 3.22, 3.45, 2.68, 1.40, 2.52, 2.97, 2.48, 2.73, 3.30, 3.21, 1.32, 3.44, 2.56, 2.79, 2.99, 3.34, 4.14, 1.41, 3.14, 2.80, 2.86, 1.33, 2.81, 3.24, 3.30, 3.55, 3.61, 2.51, 3.28, 4.15, 1.10, 3.33, 3.51, 4.77, 2.79, 3.15, 2.41],
  tjk_4513 = [4.53, 4.32, 4.79, 5.34, 4.88, 1.62, 5.05, 6.29, 4.03, 4.27, 4.91, 1.27, 4.58, 5.15, 5.69, 5.79, 5.14, 4.89, 2.94, 4.79, 5.95, 4.87, 4.40, 4.68, 4.66, 5.67, 4.96, 4.86, 5.67, 2.45, 2.61, 1.51, 5.09, 6.37, 5.15, 4.62, 4.44, 5.08, 4.71, 5.69, 4.62, 4.94, 1.52, 4.93, 2.48, 4.09, 4.89, 1.31, 4.50, 4.30],
  tjk_4514 = [2.14, 4.19, 5.32, 3.74, 4.79, 4.89, 5.80, 3.97, 3.19, 4.35, 4.62, 5.38, 5.61, 4.83, 4.69, 4.62, 5.41, 1.89, 4.24, 4.01, 4.61, 2.71, 5.76, 4.45, 4.86, 4.23, 5.31, 5.69, 3.73, 4.84, 1.14, 2.91, 4.61, 4.34, 5.27, 4.46, 6.07, 5.23, 5.04, 4.88, 4.76, 4.46, 1.52, 4.26, 5.39, 3.46, 5.40, 5.09, 4.24, 5.14],
  tjk_4515 = [4.76, 3.55, 2.15, 2.77, 2.75, 3.04, 3.39, 2.96, 3.18, 1.42, 2.78, 3.50, 4.65, 3.02, 1.92, 3.11, 2.77, 2.86, 2.86, 2.45, 3.34, 2.41, 3.51, 2.73, 1.71, 2.78, 3.27, 3.38, 2.69, 2.64, 4.59, 3.23, 2.69, 2.66, 4.69, 2.90, 3.28, 2.75, 2.72, 2.83, 2.35, 2.76, 2.58, 3.21, 2.83, 3.08, 2.90, 4.67, 2.90, 3.39],
  tjk_4516 = [3.56, 2.51, 2.32, 2.12, 2.37, 2.26, 1.86, 4.00, 1.87, 2.06, 2.36, 1.82, 1.77, 3.37, 2.18, 1.82, 3.23, 2.06, 1.83, 4.82, 1.89, 2.17, 2.28, 2.27, 2.98, 2.17, 2.46, 2.00, 4.33, 3.17, 2.14, 1.95, 2.26, 2.31, 2.07, 2.13, 1.87, 1.69, 1.80, 1.84, 1.85, 3.57, 1.96, 2.13, 2.43, 1.97, 2.39, 1.89, 3.06, 1.89],
  tjk_4517 = [2.05, 2.16, 1.81, 2.04, 1.01, 1.89, 2.97, 1.95, 1.85, 1.98, 4.92, 1.97, 3.17, 2.05, 1.85, 2.03, 1.47, 3.70, 2.67, 1.99, 2.16, 1.85, 2.24, 1.85, 2.00, 2.03, 4.03, 3.91, 2.14, 1.96, 1.84, 2.16, 2.22, 1.82, 1.69, 2.20, 1.78, 2.12, 1.00, 2.02, 2.21, 3.70, 1.74, 2.19, 1.41, 2.03, 4.35, 2.13, 1.70, 2.13],
  tjk_4518 = [2.31, 1.77, 1.67, 2.15, 1.83, 2.11, 2.00, 2.03, 2.10, 1.88, 2.02, 4.81, 4.07, 2.18, 1.97, 1.91, 2.01, 2.08, 3.72, 2.01, 2.10, 2.42, 1.27, 1.84, 1.67, 1.82, 3.05, 1.99, 1.01, 2.12, 2.09, 2.28, 1.87, 2.89, 2.25, 4.91, 1.96, 2.00, 2.02, 2.44, 1.85, 2.06, 2.17, 1.69, 1.93, 2.10, 2.62, 1.89, 2.47, 3.00],
  tjk_4519 = [5.04, 4.27, 4.25, 2.91, 2.02, 4.75, 3.77, 3.69, 4.04, 3.55, 4.10, 4.04, 4.31, 3.46, 2.19, 1.40, 4.37, 3.75, 1.90, 3.93, 4.03, 2.56, 4.89, 4.47, 4.23, 5.02, 4.32, 4.18, 3.85, 3.84, 4.66, 4.02, 1.14, 3.96, 4.11, 2.83, 4.34, 4.10, 4.88, 1.56, 3.51, 3.19, 4.55, 4.78, 4.32, 2.14, 4.03, 4.79, 3.99, 4.12],
  tjk_4520 = [3.78, 3.63, 3.39, 4.37, 1.74, 4.53, 3.69, 1.76, 1.26, 4.24, 4.43, 2.77, 2.26, 4.62, 3.43, 3.75, 4.17, 3.40, 4.60, 3.85, 1.49, 4.04, 3.65, 3.74, 3.69, 3.54, 1.12, 3.99, 4.33, 3.51, 3.79, 4.18, 1.51, 4.47, 3.87, 1.60, 4.20, 4.79, 3.27, 4.29, 4.65, 2.42, 3.46, 4.60, 3.72, 4.10, 3.88, 3.53, 1.22, 3.63],
  tjk_461 = [3.50, 4.28, 3.67, 3.92, 3.31, 1.72, 3.16, 3.34, 3.87, 4.74, 4.39, 3.06, 3.81, 3.13, 1.02, 4.64, 4.31, 4.05, 3.35, 4.14, 1.72, 3.89, 4.35, 4.27, 1.74, 1.62, 4.02, 4.07, 3.09, 4.85, 4.42, 3.89, 3.74, 1.86, 4.21, 3.96, 4.33, 3.62, 4.43, 4.27, 3.68, 4.19, 4.83, 2.52, 4.80, 3.19, 3.42, 4.28, 4.33, 3.64],
  tjk_462 = [4.52, 3.65, 4.29, 4.06, 4.73, 4.38, 3.99, 4.15, 3.95, 3.90, 3.42, 4.31, 2.20, 3.76, 3.47, 4.23, 4.01, 1.26, 3.82, 3.39, 4.25, 2.46, 2.42, 3.97, 4.02, 4.53, 1.15, 4.06, 4.30, 3.09, 3.93, 2.70, 1.04, 1.71, 4.39, 3.59, 3.83, 1.64, 3.96, 3.17, 3.71, 4.05, 4.40, 3.95, 4.04, 4.21, 4.34, 2.31, 4.17, 3.76],
  tjk_463 = [1.77, 2.23, 3.73, 2.11, 1.31, 2.16, 1.89, 1.97, 1.44, 4.44, 1.72, 2.04, 1.73, 1.65, 2.40, 2.03, 1.36, 1.99, 1.99, 1.78, 2.03, 1.89, 2.86, 2.27, 2.29, 1.13, 1.86, 2.52, 2.00, 2.28, 1.85, 2.08, 2.05, 1.96, 1.96, 2.00, 3.48, 1.96, 4.12, 2.11, 1.83, 2.04, 1.99, 1.97, 1.80, 3.60, 4.95, 1.75, 2.08, 2.19],
  tjk_464 = [1.66, 0.84, 4.47, 0.94, 1.03, 1.77, 4.68, 0.95, 0.97, 2.90, 1.08, 1.14, 0.91, 0.93, 1.83, 4.75, 1.13, 1.23, 0.97, 1.07, 3.04, 3.01, 1.11, 1.15, 4.55, 4.31, 0.95, 1.01, 1.06, 0.90, 2.82, 4.51, 4.74, 1.07, 0.83, 4.00, 0.91, 1.09, 1.06, 1.11, 4.08, 0.98, 0.97, 0.83, 3.46, 1.23, 1.02, 1.77, 1.11, 0.85],
  tjk_465 = [2.01, 4.54, 1.85, 2.03, 1.64, 3.60, 3.47, 2.14, 3.26, 1.93, 1.97, 2.15, 2.16, 1.36, 1.88, 3.96, 1.77, 4.29, 2.26, 1.65, 3.71, 3.94, 2.05, 1.62, 1.81, 1.54, 4.51, 2.04, 1.54, 4.38, 2.21, 2.32, 2.17, 1.29, 1.92, 2.22, 1.60, 2.18, 3.25, 3.49, 2.03, 1.93, 1.89, 2.78, 1.66, 4.49, 1.63, 2.17, 2.12, 2.01],
  tjk_466 = [2.19, 4.55, 2.59, 4.93, 3.72, 1.79, 3.82, 1.50, 1.36, 1.53, 2.04, 1.70, 2.01, 3.69, 2.26, 1.89, 2.09, 2.12, 1.92, 2.49, 2.18, 2.07, 2.26, 2.17, 2.11, 1.52, 2.94, 2.10, 1.93, 2.03, 2.18, 3.44, 1.99, 1.84, 1.90, 2.07, 1.97, 1.95, 2.10, 1.89, 1.69, 1.69, 2.25, 1.65, 1.95, 2.12, 2.17, 1.86, 2.13, 4.59],
  tjk_467 = [2.87, 1.24, 3.09, 2.73, 2.95, 1.10, 3.43, 2.88, 3.21, 1.19, 2.68, 2.84, 2.99, 3.22, 2.92, 3.20, 3.49, 2.92, 3.07, 3.01, 3.44, 3.05, 2.96, 2.81, 2.51, 3.46, 4.35, 1.23, 2.61, 2.79, 2.42, 3.15, 4.93, 2.20, 4.76, 4.22, 3.10, 2.74, 2.93, 3.17, 4.19, 3.06, 2.59, 2.33, 3.14, 3.16, 1.04, 2.58, 3.21, 2.81],
  tjk_468 = [4.33, 4.82, 4.52, 4.96, 3.66, 4.24, 3.33, 4.19, 1.46, 2.58, 4.74, 5.22, 4.25, 5.88, 5.53, 2.21, 1.42, 5.31, 4.81, 4.60, 4.94, 4.60, 5.40, 5.22, 3.33, 4.24, 5.26, 4.97, 4.55, 1.96, 2.05, 2.96, 4.09, 5.43, 5.88, 4.72, 4.77, 4.11, 4.41, 4.60, 4.26, 3.00, 1.45, 1.62, 1.90, 5.69, 5.07, 3.47, 3.77, 4.48],
  tjk_469 = [4.78, 3.64, 5.82, 5.05, 5.31, 5.22, 2.44, 6.04, 5.50, 5.17, 3.33, 5.37, 1.01, 4.97, 3.63, 4.96, 4.57, 3.81, 5.37, 5.23, 4.51, 2.52, 5.22, 4.49, 1.57, 3.65, 4.61, 2.23, 3.23, 2.76, 4.39, 4.92, 4.29, 5.18, 5.60, 2.11, 1.84, 5.21, 4.54, 4.23, 5.49, 5.41, 5.48, 4.84, 4.92, 5.48, 4.75, 1.21, 4.55, 4.60],
  tjk_4610 = [2.93, 4.04, 3.88, 4.01, 3.84, 2.38, 3.54, 4.65, 3.66, 3.91, 3.31, 2.02, 3.96, 3.86, 3.62, 4.13, 4.67, 4.30, 3.93, 3.75, 3.75, 4.35, 1.73, 3.91, 3.69, 4.48, 4.25, 3.52, 4.02, 4.40, 4.04, 1.77, 3.59, 3.74, 3.93, 4.27, 3.72, 4.02, 3.58, 4.12, 3.63, 3.97, 3.80, 2.32, 4.10, 3.16, 4.08, 4.43, 4.09, 3.79],
  tjk_4611 = [1.97, 4.70, 1.88, 2.07, 1.31, 1.79, 3.85, 1.80, 2.03, 2.13, 2.17, 2.18, 2.19, 2.16, 2.11, 1.90, 1.93, 2.09, 1.81, 2.44, 1.92, 2.29, 3.13, 2.05, 2.12, 2.09, 1.89, 1.90, 1.55, 1.78, 2.91, 2.03, 1.84, 3.93, 1.79, 1.87, 1.67, 2.13, 2.08, 1.81, 1.30, 1.63, 3.42, 2.59, 1.71, 2.11, 1.93, 3.26, 2.08, 1.58],
  tjk_4612 = [1.48, 4.22, 4.14, 2.20, 3.99, 3.68, 4.04, 4.62, 4.31, 3.67, 1.81, 4.33, 3.91, 3.59, 3.55, 3.86, 1.95, 4.07, 4.69, 3.90, 4.13, 4.50, 3.78, 3.59, 4.46, 4.35, 3.88, 4.66, 3.92, 1.96, 3.17, 2.60, 1.22, 3.87, 1.58, 4.82, 4.24, 4.44, 3.90, 3.57, 4.43, 4.43, 3.36, 3.20, 3.55, 2.20, 3.94, 2.47, 4.13, 3.85],
  tjk_4613 = [2.71, 2.83, 4.14, 4.64, 2.43, 4.52, 2.04, 3.93, 4.36, 3.32, 4.23, 3.54, 1.29, 4.86, 4.31, 4.98, 4.10, 4.00, 3.96, 3.62, 4.19, 3.62, 3.45, 4.08, 4.31, 3.94, 1.54, 3.07, 3.32, 4.05, 4.96, 4.10, 3.11, 3.54, 4.43, 3.95, 3.86, 4.09, 3.71, 4.45, 4.69, 3.69, 4.24, 4.33, 3.63, 3.62, 3.79, 3.90, 4.12, 4.74],
  tjk_4614 = [2.73, 3.08, 2.60, 3.31, 2.99, 1.86, 3.31, 2.80, 2.47, 4.83, 3.29, 2.83, 3.74, 2.46, 1.77, 3.63, 2.97, 4.71, 1.41, 3.33, 3.08, 2.71, 2.86, 2.71, 2.57, 2.95, 2.93, 2.04, 3.55, 3.32, 3.35, 1.45, 1.51, 1.43, 3.01, 1.12, 3.10, 3.05, 2.88, 3.28, 3.24, 3.49, 3.04, 2.77, 3.10, 2.73, 3.10, 2.23, 3.35, 3.14],
  tjk_4615 = [1.04, 2.25, 3.87, 0.81, 2.93, 0.88, 0.95, 0.85, 3.72, 1.58, 0.91, 4.95, 4.87, 1.12, 3.97, 1.01, 1.13, 3.42, 4.97, 1.20, 1.01, 0.93, 0.98, 4.97, 0.93, 3.40, 1.04, 1.02, 2.32, 3.94, 1.06, 0.96, 2.34, 0.99, 0.91, 0.93, 0.94, 0.94, 1.00, 0.98, 1.04, 0.77, 1.07, 0.95, 1.48, 0.95, 2.93, 1.15, 1.09, 0.88],
  tjk_4616 = [2.18, 1.74, 2.11, 4.22, 1.86, 2.70, 2.52, 2.14, 2.04, 3.75, 4.85, 2.30, 2.02, 2.39, 2.24, 4.09, 2.27, 2.35, 4.06, 4.85, 2.21, 1.81, 2.06, 4.21, 2.44, 1.58, 1.77, 2.23, 1.11, 2.17, 3.54, 1.88, 4.69, 2.27, 2.01, 1.86, 2.04, 2.09, 2.92, 2.01, 3.64, 1.87, 2.46, 4.02, 2.18, 2.16, 2.01, 4.57, 2.17, 1.99],
  tjk_4617 = [3.58, 2.45, 3.35, 4.11, 2.22, 3.04, 4.38, 1.16, 1.77, 4.31, 4.17, 4.93, 3.18, 4.02, 3.74, 3.90, 4.34, 3.91, 3.82, 4.18, 1.56, 4.21, 3.77, 4.31, 4.49, 4.63, 3.74, 3.23, 4.17, 2.46, 3.85, 3.28, 4.68, 3.73, 3.20, 3.73, 4.27, 4.34, 3.54, 3.97, 3.74, 3.40, 2.97, 2.71, 3.79, 4.32, 3.80, 4.15, 1.50, 3.88],
  tjk_4618 = [2.64, 2.65, 4.57, 1.82, 2.65, 3.13, 1.74, 1.80, 3.18, 3.29, 2.78, 4.72, 3.46, 1.99, 2.70, 2.01, 3.05, 2.90, 3.23, 3.07, 3.32, 2.29, 1.20, 3.39, 4.76, 2.95, 3.30, 2.87, 1.68, 4.32, 2.95, 3.66, 2.96, 2.48, 3.27, 1.92, 2.77, 1.39, 4.55, 4.59, 2.78, 4.34, 1.02, 4.08, 3.02, 3.04, 2.82, 2.80, 3.09, 3.19],
  tjk_4619 = [1.98, 2.07, 3.37, 2.17, 1.93, 2.33, 2.14, 2.00, 2.16, 1.89, 1.92, 2.33, 2.28, 2.97, 4.71, 4.28, 1.64, 1.82, 2.35, 2.21, 1.89, 2.09, 3.74, 2.59, 1.99, 2.05, 2.08, 2.21, 2.45, 2.00, 1.94, 2.21, 1.59, 1.62, 1.75, 1.97, 1.87, 1.79, 1.86, 2.00, 3.39, 1.94, 4.30, 1.90, 4.58, 4.14, 2.36, 3.06, 1.80, 2.03],
  tjk_4620 = [2.46, 1.05, 2.12, 2.24, 0.91, 1.87, 1.04, 0.84, 1.02, 1.16, 2.33, 0.81, 0.79, 4.93, 1.01, 0.92, 1.85, 0.98, 0.79, 1.00, 0.73, 0.99, 1.27, 0.88, 3.20, 3.99, 1.19, 1.31, 1.07, 0.94, 0.88, 3.83, 3.50, 1.03, 0.95, 0.87, 1.12, 4.42, 1.35, 1.15, 1.01, 1.05, 1.84, 1.12, 1.18, 1.03, 0.87, 1.03, 0.87, 1.03],
  tjk_471 = [3.86, 4.09, 1.82, 3.79, 4.92, 4.20, 1.73, 3.32, 4.08, 4.33, 3.55, 3.98, 3.83, 4.28, 3.46, 3.39, 3.97, 3.84, 3.75, 3.39, 3.90, 4.40, 3.83, 3.20, 4.66, 3.95, 1.86, 4.91, 4.36, 3.41, 4.68, 3.67, 3.08, 2.98, 2.82, 3.74, 4.02, 3.99, 2.18, 4.36, 4.40, 4.06, 3.39, 4.02, 3.74, 3.91, 3.97, 4.91, 3.42, 2.12],
  tjk_472 = [3.91, 3.49, 1.56, 3.35, 3.16, 3.46, 3.44, 3.90, 3.70, 3.96, 3.84, 3.67, 3.08, 3.88, 3.93, 3.87, 4.59, 1.61, 4.31, 3.64, 4.24, 4.80, 3.58, 3.68, 4.22, 4.92, 4.63, 4.80, 1.34, 4.54, 2.06, 3.24, 3.28, 4.15, 4.38, 4.74, 4.00, 4.26, 2.81, 3.46, 4.00, 2.06, 4.60, 1.40, 2.11, 3.37, 4.84, 1.98, 4.80, 4.43],
  tjk_473 = [1.73, 2.25, 2.15, 1.96, 2.04, 1.93, 3.30, 2.03, 2.20, 1.96, 1.36, 2.07, 2.78, 3.14, 2.03, 1.98, 1.79, 2.16, 1.62, 2.50, 1.86, 2.30, 2.11, 2.25, 1.91, 1.77, 1.47, 1.93, 2.08, 1.74, 4.89, 4.40, 2.23, 1.69, 1.63, 3.85, 1.48, 2.07, 2.09, 4.42, 1.94, 2.00, 1.98, 2.05, 3.18, 4.26, 2.99, 3.95, 2.07, 1.92],
  tjk_474 = [2.83, 3.44, 2.47, 1.28, 3.32, 2.61, 2.99, 2.64, 2.71, 4.20, 2.79, 3.17, 2.38, 3.75, 3.66, 3.01, 3.70, 3.23, 3.14, 2.40, 3.01, 2.91, 2.87, 3.28, 2.85, 3.22, 3.63, 2.52, 4.52, 2.97, 3.62, 2.94, 2.80, 3.00, 3.18, 3.18, 2.80, 4.40, 3.14, 3.25, 3.53, 3.30, 2.77, 3.30, 2.45, 3.42, 2.81, 3.03, 3.05, 3.53],
  tjk_475 = [1.01, 1.05, 1.16, 1.00, 0.99, 1.05, 2.67, 1.12, 0.90, 1.04, 1.26, 1.12, 0.73, 1.14, 0.94, 4.53, 1.11, 0.87, 0.97, 1.47, 0.99, 0.88, 2.64, 1.21, 4.64, 1.36, 3.38, 4.21, 1.00, 1.21, 3.59, 2.09, 0.91, 0.85, 4.54, 1.02, 0.89, 1.02, 3.68, 0.81, 0.87, 0.85, 0.85, 1.03, 0.98, 0.89, 4.11, 3.51, 1.93, 1.10],
  tjk_476 = [4.94, 5.07, 5.97, 1.79, 2.74, 4.25, 4.65, 4.89, 2.97, 5.58, 5.14, 1.91, 3.30, 5.65, 5.57, 4.38, 3.32, 4.96, 5.02, 5.56, 5.15, 5.70, 2.11, 4.95, 4.03, 4.81, 4.58, 2.81, 4.96, 4.03, 5.09, 4.70, 3.75, 4.24, 3.45, 3.60, 2.80, 4.16, 4.93, 4.97, 4.68, 1.07, 3.27, 4.83, 2.58, 4.76, 5.27, 5.20, 5.76, 4.86],
  tjk_477 = [3.11, 2.67, 2.71, 2.73, 3.05, 2.58, 3.05, 3.16, 2.96, 4.83, 2.64, 2.81, 3.57, 3.26, 3.09, 3.30, 3.04, 1.25, 2.85, 4.21, 2.47, 2.82, 3.44, 2.96, 4.62, 4.61, 2.44, 2.78, 2.43, 2.00, 2.99, 2.99, 3.15, 2.78, 4.29, 2.61, 3.23, 2.91, 2.66, 3.33, 2.97, 1.90, 3.03, 2.88, 2.85, 2.88, 3.48, 3.63, 2.86, 3.74],
  tjk_478 = [0.90, 1.20, 0.94, 0.88, 4.78, 0.88, 1.00, 1.00, 1.05, 0.98, 3.21, 1.06, 1.09, 0.99, 1.09, 0.93, 1.00, 1.04, 0.95, 3.24, 0.91, 3.62, 0.95, 3.90, 2.72, 1.14, 1.11, 1.71, 1.12, 2.85, 1.04, 1.29, 1.01, 0.89, 0.93, 0.77, 0.94, 4.93, 2.97, 0.97, 0.97, 1.07, 1.03, 1.01, 0.86, 1.09, 0.92, 2.70, 1.03, 1.04],
  tjk_479 = [2.00, 2.05, 3.93, 3.21, 1.01, 1.89, 2.42, 2.03, 2.07, 1.97, 5.00, 1.19, 4.33, 3.81, 1.86, 1.91, 2.11, 1.77, 2.04, 2.23, 1.87, 2.68, 4.63, 2.10, 2.00, 1.32, 1.76, 2.39, 4.49, 3.57, 2.36, 2.25, 1.89, 2.35, 1.98, 1.92, 2.14, 1.78, 2.17, 3.78, 1.79, 1.75, 1.93, 3.63, 2.08, 2.13, 1.61, 1.90, 2.10, 2.02],
  tjk_4710 = [3.42, 2.05, 3.79, 1.01, 2.94, 0.99, 1.10, 0.90, 4.98, 2.58, 0.99, 4.32, 0.97, 2.98, 0.91, 4.49, 2.97, 0.99, 1.26, 1.06, 1.81, 1.07, 0.98, 1.25, 3.74, 0.96, 2.57, 3.04, 1.08, 4.03, 0.87, 1.16, 0.92, 0.91, 1.19, 0.98, 0.95, 3.61, 1.08, 0.95, 0.98, 0.98, 0.76, 4.48, 1.06, 0.94, 1.08, 3.60, 1.15, 1.46],
  tjk_4711 = [2.86, 2.96, 2.17, 2.53, 3.25, 2.95, 1.79, 2.79, 2.90, 3.42, 2.90, 3.93, 4.07, 1.36, 3.30, 2.51, 3.24, 3.62, 4.78, 2.76, 3.00, 2.38, 3.30, 3.23, 3.27, 3.22, 4.76, 1.64, 2.94, 2.83, 4.96, 1.32, 3.54, 2.25, 1.19, 2.88, 2.82, 3.23, 3.16, 3.48, 3.01, 4.79, 3.13, 3.07, 2.81, 3.01, 2.96, 1.67, 2.96, 2.64],
  tjk_4712 = [2.20, 1.76, 1.16, 1.87, 4.77, 2.13, 2.09, 1.93, 1.39, 4.05, 2.08, 2.06, 1.72, 1.95, 1.89, 2.33, 1.92, 1.98, 1.70, 2.14, 1.88, 2.00, 2.15, 4.53, 2.24, 2.05, 1.88, 2.03, 2.04, 1.88, 1.71, 1.89, 2.96, 3.75, 2.16, 2.15, 2.01, 1.93, 3.62, 2.31, 2.07, 2.01, 1.82, 2.11, 2.07, 1.55, 1.73, 2.18, 2.41, 3.26],
  tjk_4713 = [3.23, 2.77, 2.62, 1.53, 3.75, 2.71, 3.28, 2.77, 2.86, 3.86, 4.86, 4.23, 2.68, 2.84, 3.27, 2.72, 3.47, 3.39, 1.27, 3.09, 2.91, 3.15, 3.21, 2.79, 4.54, 3.10, 1.21, 3.06, 1.35, 1.71, 4.26, 2.69, 1.77, 2.42, 3.56, 2.91, 3.11, 2.89, 3.18, 3.35, 1.08, 3.54, 2.41, 2.65, 3.42, 2.40, 3.46, 3.06, 2.78, 2.25],
  tjk_4714 = [3.55, 4.27, 2.65, 3.70, 4.98, 1.47, 3.73, 3.74, 3.68, 3.71, 1.16, 4.58, 4.39, 3.59, 3.93, 3.87, 2.31, 4.04, 3.72, 4.02, 4.18, 4.30, 3.78, 4.18, 3.54, 4.76, 4.01, 4.47, 3.71, 1.35, 3.90, 4.27, 3.93, 4.59, 4.18, 2.03, 4.25, 1.37, 3.76, 1.63, 4.06, 3.69, 4.11, 4.22, 3.55, 1.41, 3.53, 4.36, 1.75, 3.83],
  tjk_4715 = [3.14, 3.41, 3.11, 2.65, 2.48, 3.05, 2.69, 3.30, 1.08, 2.73, 2.85, 2.35, 3.09, 4.62, 3.25, 2.94, 3.61, 3.32, 1.04, 3.10, 2.37, 3.06, 3.22, 3.00, 1.97, 1.89, 3.47, 3.41, 2.68, 2.66, 2.69, 3.22, 4.62, 3.27, 1.37, 3.82, 1.29, 3.05, 2.67, 3.05, 3.16, 3.28, 2.91, 3.44, 2.79, 3.31, 3.17, 2.94, 1.81, 2.95],
  tjk_4716 = [5.59, 5.47, 4.71, 4.83, 6.08, 5.50, 5.56, 4.86, 4.06, 5.04, 4.17, 3.94, 4.22, 2.86, 4.50, 6.17, 4.25, 2.18, 4.90, 4.80, 4.41, 1.36, 4.26, 3.28, 4.28, 4.60, 5.23, 4.22, 3.95, 1.93, 2.62, 1.59, 5.06, 5.31, 4.67, 5.15, 6.16, 5.09, 5.23, 6.03, 6.32, 4.90, 4.75, 3.19, 4.55, 3.36, 2.46, 4.77, 4.34, 5.23],
  tjk_4717 = [1.82, 2.25, 2.26, 1.76, 1.92, 1.85, 2.12, 2.88, 2.50, 4.29, 3.17, 3.06, 2.22, 1.89, 3.86, 2.08, 1.96, 1.98, 2.70, 1.97, 3.32, 2.11, 2.17, 1.93, 4.47, 1.99, 1.82, 2.06, 1.88, 2.08, 2.18, 2.25, 1.87, 2.56, 2.05, 4.81, 1.98, 2.02, 2.07, 2.47, 1.82, 3.32, 1.98, 4.08, 2.89, 2.78, 4.78, 2.26, 1.67, 1.96],
  tjk_4718 = [2.00, 1.10, 1.92, 2.11, 2.05, 2.15, 4.56, 2.04, 2.01, 2.26, 2.19, 2.45, 2.17, 1.71, 4.83, 1.97, 2.21, 1.88, 1.95, 2.22, 1.93, 1.96, 3.19, 2.64, 4.18, 1.95, 1.09, 2.46, 2.13, 3.08, 2.10, 1.82, 1.84, 3.93, 4.55, 4.21, 2.09, 2.13, 1.73, 4.19, 3.40, 1.98, 2.37, 2.14, 1.96, 1.82, 2.24, 1.94, 1.79, 1.92],
  tjk_4719 = [5.26, 1.42, 1.98, 5.41, 5.76, 4.61, 5.13, 4.38, 4.63, 1.12, 5.70, 5.39, 4.97, 5.80, 4.93, 5.45, 4.18, 5.72, 4.32, 4.39, 4.62, 6.12, 5.06, 4.47, 4.99, 4.99, 4.67, 4.68, 4.68, 5.71, 2.68, 5.22, 1.98, 4.10, 1.03, 3.02, 5.52, 5.12, 5.29, 3.05, 5.59, 4.64, 3.26, 4.55, 5.99, 5.16, 4.85, 2.75, 4.97, 4.60],
  tjk_4720 = [1.65, 1.82, 2.12, 2.08, 2.32, 2.04, 1.96, 1.71, 1.51, 1.89, 1.94, 2.05, 1.97, 2.68, 2.04, 2.15, 2.57, 1.75, 2.32, 3.15, 1.44, 1.94, 2.39, 2.10, 1.08, 2.93, 2.31, 2.21, 1.12, 1.70, 3.52, 2.35, 1.18, 2.17, 4.34, 2.29, 2.45, 2.52, 3.63, 1.89, 2.38, 4.40, 1.74, 2.84, 1.75, 2.90, 4.59, 1.90, 2.21, 1.85],
  tjk_481 = [0.91, 1.16, 0.97, 1.19, 2.97, 0.82, 0.92, 0.91, 1.08, 1.10, 4.30, 1.00, 1.09, 0.92, 1.07, 2.56, 4.77, 0.94, 1.07, 1.03, 2.42, 1.07, 3.72, 4.84, 4.25, 1.59, 4.67, 4.69, 0.92, 1.58, 1.10, 3.12, 0.90, 0.91, 2.80, 1.86, 2.04, 0.90, 2.80, 1.74, 0.79, 0.91, 2.04, 1.02, 1.00, 1.08, 0.97, 0.92, 0.83, 0.92],
  tjk_482 = [4.40, 4.47, 2.70, 4.96, 4.72, 3.07, 4.72, 4.00, 3.77, 3.87, 4.55, 2.86, 3.34, 3.54, 3.80, 3.83, 4.21, 3.91, 3.63, 4.25, 4.91, 3.77, 2.57, 4.79, 4.04, 4.71, 3.61, 4.11, 4.52, 4.26, 3.29, 4.29, 2.56, 4.95, 3.51, 4.35, 1.36, 3.69, 3.74, 4.04, 1.49, 3.12, 4.18, 4.08, 3.91, 4.06, 4.03, 2.55, 4.38, 1.56],
  tjk_483 = [4.25, 4.37, 4.45, 4.55, 3.63, 4.44, 3.11, 4.48, 3.90, 4.27, 4.24, 3.81, 4.10, 1.05, 2.54, 4.43, 3.70, 4.25, 4.36, 4.18, 3.44, 4.93, 3.60, 4.44, 1.78, 4.14, 3.96, 4.01, 1.06, 4.03, 3.52, 3.76, 3.66, 2.44, 3.50, 4.01, 3.94, 3.91, 3.28, 4.38, 4.25, 4.83, 4.04, 4.67, 4.26, 4.17, 4.04, 3.47, 4.47, 4.23],
  tjk_484 = [1.83, 3.74, 2.04, 2.14, 1.85, 2.38, 1.36, 4.89, 1.82, 1.22, 2.44, 1.84, 1.95, 2.30, 1.84, 3.19, 4.21, 2.79, 2.23, 1.95, 4.88, 3.51, 1.97, 2.78, 1.14, 2.26, 2.29, 1.71, 1.99, 1.75, 2.12, 1.51, 1.29, 2.26, 1.69, 2.14, 1.65, 2.80, 1.69, 1.77, 3.77, 2.00, 2.11, 2.90, 1.91, 3.96, 3.47, 2.09, 1.90, 1.78],
  tjk_485 = [2.54, 4.75, 5.27, 4.75, 2.90, 5.04, 5.46, 5.05, 1.32, 5.12, 4.82, 5.53, 4.98, 5.39, 3.64, 5.75, 3.13, 5.01, 1.63, 3.75, 4.79, 4.95, 4.09, 4.84, 4.46, 2.19, 4.59, 5.60, 5.15, 1.47, 4.70, 4.28, 2.32, 5.12, 3.94, 5.22, 4.00, 3.97, 4.96, 3.90, 5.47, 1.80, 5.80, 4.32, 2.96, 4.51, 5.37, 5.69, 3.86, 3.02],
  tjk_486 = [3.04, 3.30, 4.44, 4.58, 2.99, 3.13, 3.66, 2.68, 2.48, 4.99, 3.16, 2.79, 2.59, 2.79, 2.91, 3.37, 3.39, 3.57, 3.26, 2.53, 3.28, 2.90, 2.89, 3.07, 3.60, 2.98, 2.86, 2.99, 1.80, 2.75, 2.69, 3.26, 3.39, 3.27, 2.62, 2.90, 3.73, 1.48, 3.31, 3.56, 2.83, 2.94, 2.69, 3.75, 2.75, 2.86, 3.08, 3.22, 1.04, 3.04],
  tjk_487 = [0.96, 1.01, 1.14, 1.06, 2.71, 3.98, 3.22, 0.99, 2.51, 0.95, 1.59, 1.18, 1.06, 4.51, 0.91, 0.88, 1.17, 1.02, 3.03, 0.93, 4.01, 2.81, 1.07, 3.17, 0.95, 3.08, 4.85, 1.07, 1.26, 4.16, 2.98, 0.96, 1.91, 0.86, 1.14, 0.99, 1.15, 0.96, 1.01, 1.07, 3.25, 3.55, 2.44, 1.17, 1.10, 3.57, 1.03, 3.57, 2.07, 1.05],
  tjk_488 = [1.02, 1.10, 0.99, 3.26, 0.72, 1.09, 1.02, 0.90, 1.13, 2.49, 1.12, 1.07, 1.06, 0.87, 0.90, 1.08, 1.11, 1.03, 0.95, 0.97, 0.99, 1.06, 2.05, 4.18, 1.08, 0.97, 1.11, 3.83, 2.60, 4.58, 0.95, 0.77, 1.13, 3.43, 4.14, 2.96, 0.94, 2.16, 0.92, 4.29, 1.19, 0.98, 1.04, 1.00, 0.90, 3.01, 0.95, 1.09, 1.11, 0.82],
  tjk_489 = [6.19, 4.80, 5.04, 5.73, 5.17, 4.56, 4.96, 4.46, 4.39, 3.08, 1.92, 1.87, 2.23, 4.98, 1.13, 4.91, 4.95, 5.35, 4.39, 4.50, 4.55, 5.55, 4.96, 5.19, 5.02, 4.35, 5.51, 5.09, 5.46, 4.83, 5.21, 4.42, 5.23, 1.82, 3.92, 3.32, 4.39, 6.30, 5.15, 4.74, 5.53, 5.06, 4.91, 3.82, 5.53, 4.98, 5.36, 4.39, 4.85, 5.27],
  tjk_4810 = [1.86, 2.18, 4.84, 2.09, 4.03, 4.86, 1.98, 3.92, 1.45, 2.19, 4.49, 3.47, 1.87, 1.97, 1.80, 3.80, 1.88, 1.61, 1.71, 3.95, 3.56, 2.12, 1.96, 2.33, 2.17, 4.09, 2.16, 1.76, 1.97, 2.24, 2.08, 1.86, 1.73, 2.27, 2.08, 2.08, 4.61, 2.09, 2.48, 2.13, 4.56, 2.19, 1.82, 1.95, 2.22, 3.10, 1.79, 2.44, 2.15, 2.45],
  tjk_4811 = [5.81, 2.42, 2.13, 5.66, 4.82, 4.85, 4.96, 5.18, 4.90, 1.49, 5.92, 4.97, 4.79, 2.91, 4.06, 5.55, 3.14, 4.93, 6.01, 5.51, 1.34, 5.15, 1.55, 5.63, 1.11, 6.23, 5.13, 4.16, 1.25, 4.05, 5.41, 2.55, 4.46, 2.19, 5.34, 4.74, 4.79, 3.66, 3.02, 4.23, 5.00, 4.42, 3.40, 4.60, 4.36, 4.87, 4.95, 4.92, 4.98, 3.73],
  tjk_4812 = [1.73, 2.52, 4.26, 3.20, 2.70, 2.84, 3.43, 3.23, 2.58, 2.94, 2.76, 3.35, 3.03, 2.86, 3.26, 1.73, 3.16, 2.95, 2.68, 3.32, 3.05, 2.38, 1.18, 3.11, 3.02, 2.81, 3.36, 2.80, 2.85, 4.75, 3.03, 2.64, 3.22, 2.50, 3.36, 2.21, 2.89, 2.60, 2.39, 2.95, 4.73, 2.77, 3.26, 3.52, 2.70, 3.07, 2.80, 4.50, 3.89, 1.03],
  tjk_4813 = [0.94, 1.09, 0.89, 3.40, 0.95, 2.41, 1.06, 0.82, 1.66, 1.11, 0.99, 0.84, 1.07, 0.75, 1.16, 4.62, 2.48, 0.91, 0.97, 2.11, 1.02, 1.79, 4.06, 1.00, 0.97, 1.03, 0.89, 1.12, 1.23, 1.92, 1.04, 3.37, 1.10, 1.19, 1.15, 0.99, 4.92, 0.99, 0.88, 1.01, 1.10, 3.54, 4.44, 3.55, 0.95, 1.08, 1.16, 2.55, 3.00, 2.79],
  tjk_4814 = [4.38, 3.42, 4.22, 3.59, 4.65, 4.60, 4.30, 4.27, 2.14, 4.48, 3.59, 3.59, 3.42, 3.15, 3.63, 4.32, 3.98, 1.51, 4.05, 4.58, 1.36, 4.36, 1.78, 4.54, 3.45, 4.83, 2.87, 4.66, 4.64, 4.26, 4.10, 1.28, 3.05, 3.80, 3.77, 4.38, 4.31, 4.36, 3.13, 3.96, 4.51, 2.09, 4.63, 4.99, 4.34, 4.37, 4.87, 1.19, 3.84, 2.63],
  tjk_4815 = [3.60, 2.74, 0.99, 1.04, 2.30, 1.00, 2.55, 0.97, 0.97, 3.47, 4.59, 1.37, 1.02, 0.82, 1.96, 3.83, 0.98, 1.20, 0.99, 2.43, 4.35, 1.85, 4.22, 1.03, 1.72, 0.86, 0.80, 0.87, 1.03, 0.87, 0.91, 1.05, 1.01, 0.91, 1.09, 1.00, 0.98, 1.25, 1.38, 0.78, 0.99, 1.02, 0.87, 1.06, 0.92, 3.22, 1.11, 0.76, 1.03, 1.01],
  tjk_4816 = [3.70, 4.17, 3.87, 3.58, 3.81, 3.28, 3.02, 3.80, 4.58, 1.15, 4.57, 2.04, 1.58, 4.15, 4.13, 3.98, 4.58, 3.65, 3.69, 3.78, 3.97, 4.71, 3.88, 3.85, 3.86, 2.05, 4.22, 3.68, 4.21, 3.55, 4.21, 3.97, 1.76, 4.80, 3.55, 5.13, 4.45, 4.12, 4.16, 4.51, 3.81, 3.92, 3.97, 2.03, 3.91, 3.81, 3.00, 3.56, 4.37, 3.71],
  tjk_4817 = [1.79, 1.75, 1.68, 1.42, 1.96, 1.96, 1.76, 1.94, 2.25, 2.02, 4.58, 2.04, 2.10, 3.25, 1.92, 2.13, 2.11, 2.00, 4.52, 3.46, 2.59, 3.55, 1.82, 4.35, 4.72, 1.85, 1.84, 3.90, 3.75, 1.43, 3.84, 1.86, 2.19, 1.70, 3.09, 1.81, 1.95, 3.66, 2.08, 3.20, 1.87, 3.80, 4.46, 2.39, 1.83, 1.79, 2.04, 2.33, 1.98, 3.53],
  tjk_4818 = [1.19, 0.91, 0.96, 2.38, 1.03, 0.96, 0.98, 1.18, 1.10, 0.98, 1.02, 1.17, 0.99, 3.25, 1.01, 0.96, 0.92, 1.32, 1.21, 2.88, 0.93, 0.96, 1.07, 1.14, 1.01, 0.97, 0.90, 0.89, 4.37, 2.57, 3.88, 1.15, 2.64, 1.08, 1.01, 1.85, 1.16, 0.88, 0.89, 1.28, 0.86, 3.45, 3.04, 1.13, 0.93, 3.55, 1.15, 3.12, 3.56, 2.24],
  tjk_4819 = [3.40, 3.17, 3.81, 4.59, 3.20, 3.73, 1.05, 2.85, 1.79, 2.85, 3.20, 3.14, 1.93, 2.68, 2.71, 3.27, 2.95, 2.42, 2.71, 3.14, 3.02, 3.29, 3.12, 2.87, 4.28, 2.94, 2.61, 2.93, 3.32, 3.18, 2.66, 2.59, 3.07, 2.85, 3.17, 3.62, 2.88, 2.64, 3.14, 1.88, 3.03, 3.54, 3.49, 3.34, 3.23, 2.61, 3.10, 2.96, 2.95, 3.57],
  tjk_4820 = [1.73, 2.21, 1.05, 2.04, 2.93, 1.31, 2.14, 1.30, 2.44, 2.06, 2.01, 1.25, 2.19, 1.79, 1.84, 2.23, 3.17, 1.71, 1.89, 2.32, 2.05, 2.04, 2.09, 1.84, 2.30, 2.03, 3.28, 2.05, 2.05, 1.80, 2.03, 2.06, 2.21, 3.33, 2.15, 1.81, 1.92, 1.32, 2.22, 1.83, 2.16, 2.77, 2.13, 2.19, 1.30, 3.09, 1.77, 1.75, 3.00, 2.08],
  tjk_491 = [4.42, 1.37, 4.28, 2.08, 4.34, 4.95, 3.35, 4.70, 5.33, 4.77, 4.12, 3.80, 5.22, 4.50, 4.77, 5.26, 5.07, 2.80, 5.23, 4.23, 5.26, 4.23, 4.36, 4.11, 1.94, 5.02, 4.99, 4.56, 2.40, 4.09, 4.45, 4.67, 4.63, 4.24, 4.95, 2.67, 4.91, 1.04, 2.41, 5.56, 4.87, 4.90, 4.61, 5.29, 4.20, 5.38, 1.03, 5.32, 5.25, 1.12],
  tjk_492 = [4.55, 4.86, 1.90, 4.97, 5.03, 5.17, 5.92, 2.91, 4.59, 4.61, 4.22, 5.92, 1.93, 5.01, 5.14, 6.14, 1.08, 2.14, 4.18, 4.52, 5.77, 3.05, 5.78, 4.46, 4.42, 5.42, 4.48, 5.41, 4.58, 5.24, 4.47, 4.70, 4.98, 5.91, 5.50, 4.83, 6.04, 4.44, 5.98, 2.10, 5.43, 4.69, 2.52, 6.35, 5.10, 2.26, 1.56, 4.85, 2.65, 5.36],
  tjk_493 = [1.20, 2.09, 1.98, 2.04, 2.14, 1.96, 1.75, 1.92, 4.52, 1.65, 1.74, 4.75, 2.02, 1.94, 1.85, 2.02, 2.40, 4.91, 1.92, 2.39, 4.69, 1.79, 2.36, 1.76, 1.88, 2.11, 2.29, 3.23, 2.60, 3.55, 4.76, 2.39, 2.74, 2.03, 4.62, 2.20, 4.45, 2.34, 1.86, 2.06, 3.77, 2.01, 2.13, 1.90, 2.19, 1.57, 4.75, 3.68, 2.20, 2.77],
  tjk_494 = [3.59, 4.18, 4.16, 3.59, 4.33, 3.26, 4.27, 3.84, 3.88, 2.49, 4.97, 4.78, 4.30, 3.69, 4.13, 4.63, 3.94, 4.49, 3.82, 3.90, 3.70, 3.20, 4.61, 4.27, 3.88, 3.47, 2.55, 2.81, 4.01, 4.32, 3.33, 3.58, 3.92, 3.66, 1.68, 4.19, 4.38, 3.31, 3.56, 3.19, 4.13, 4.50, 3.95, 1.99, 2.64, 3.77, 1.00, 3.85, 4.07, 3.25],
  tjk_495 = [1.48, 1.06, 0.95, 0.94, 1.00, 0.95, 0.86, 2.33, 1.07, 0.97, 1.19, 0.94, 0.91, 0.90, 1.15, 1.02, 3.49, 0.91, 0.92, 1.03, 0.94, 1.04, 3.99, 4.20, 0.95, 0.86, 1.00, 2.11, 1.13, 1.06, 1.53, 4.46, 1.09, 1.75, 1.10, 1.00, 1.90, 1.04, 0.99, 0.90, 1.18, 1.75, 1.00, 1.08, 1.95, 0.97, 3.56, 4.37, 1.00, 0.91],
  tjk_496 = [4.75, 1.69, 2.08, 2.23, 2.16, 1.92, 2.02, 1.75, 1.98, 2.01, 1.01, 1.98, 1.67, 1.97, 4.31, 1.84, 4.24, 1.93, 1.98, 2.74, 1.86, 1.69, 2.36, 1.86, 2.25, 3.35, 1.90, 2.13, 1.96, 3.09, 2.19, 1.89, 1.94, 2.16, 3.81, 1.76, 1.96, 1.83, 1.13, 3.94, 1.86, 1.99, 1.97, 1.95, 1.98, 2.18, 1.74, 2.04, 1.84, 2.04],
  tjk_497 = [4.91, 2.50, 1.69, 2.64, 2.96, 2.12, 1.88, 2.06, 1.88, 3.28, 2.02, 1.99, 4.59, 1.84, 4.14, 1.94, 1.98, 1.78, 1.82, 2.02, 2.38, 1.83, 1.99, 4.14, 1.40, 2.24, 1.57, 1.92, 3.67, 1.43, 2.37, 2.02, 4.56, 3.67, 4.18, 2.36, 2.08, 2.53, 1.78, 3.53, 2.03, 3.96, 2.01, 1.79, 3.03, 1.57, 1.85, 1.70, 2.23, 1.58],
  tjk_498 = [2.85, 4.69, 3.17, 3.71, 2.42, 3.48, 3.93, 3.92, 3.42, 4.17, 4.24, 4.14, 4.37, 3.21, 3.96, 4.16, 3.69, 1.93, 4.35, 2.02, 4.38, 2.93, 3.14, 2.18, 4.32, 4.44, 4.02, 4.12, 1.06, 4.11, 4.68, 4.44, 2.93, 3.75, 4.55, 4.22, 4.19, 4.20, 3.39, 4.32, 1.29, 3.43, 3.77, 4.35, 3.70, 3.69, 3.96, 3.61, 2.63, 3.35],
  tjk_499 = [1.25, 3.50, 4.24, 1.17, 3.23, 3.03, 3.22, 3.35, 3.04, 1.25, 2.90, 3.92, 2.86, 3.54, 2.52, 2.83, 3.07, 4.23, 3.09, 2.90, 3.02, 2.97, 3.17, 2.88, 2.32, 3.07, 3.22, 1.57, 4.86, 2.85, 3.09, 2.65, 4.60, 3.37, 3.34, 2.49, 3.23, 2.57, 3.22, 1.85, 4.67, 2.83, 2.97, 3.20, 2.73, 3.06, 4.97, 2.92, 3.04, 2.86],
  tjk_4910 = [2.26, 2.29, 1.89, 1.74, 4.68, 2.16, 1.91, 1.13, 1.81, 1.54, 1.36, 4.37, 1.82, 2.10, 2.05, 1.88, 1.79, 2.25, 1.42, 1.73, 1.56, 1.78, 2.14, 1.99, 1.81, 1.83, 3.03, 1.71, 2.11, 1.75, 2.06, 4.41, 2.05, 1.60, 1.07, 4.89, 2.52, 1.76, 2.66, 2.11, 3.63, 1.65, 2.23, 1.87, 4.49, 2.09, 2.09, 1.92, 1.95, 3.27],
  tjk_4911 = [3.13, 4.67, 1.67, 2.84, 4.15, 4.67, 2.77, 3.99, 3.40, 3.14, 3.14, 3.13, 4.77, 2.95, 2.70, 3.88, 3.22, 3.39, 1.52, 3.09, 2.55, 3.16, 3.28, 3.31, 2.57, 3.08, 2.99, 2.84, 2.26, 3.22, 2.83, 3.27, 3.52, 4.45, 4.56, 1.83, 3.11, 2.79, 2.96, 3.00, 2.72, 2.86, 3.13, 2.90, 2.73, 3.69, 3.36, 3.19, 3.38, 2.57],
  tjk_4912 = [1.05, 1.03, 1.09, 1.32, 0.95, 0.93, 0.90, 1.03, 1.02, 1.09, 2.02, 1.24, 0.88, 3.87, 0.78, 1.10, 2.60, 0.95, 1.08, 1.06, 0.90, 2.56, 3.50, 1.54, 0.89, 1.03, 0.95, 1.00, 0.98, 1.13, 1.12, 1.16, 2.06, 0.98, 3.23, 1.09, 1.09, 1.10, 1.08, 3.10, 1.01, 1.00, 1.06, 0.96, 1.19, 2.17, 0.85, 1.72, 1.24, 3.65],
  tjk_4913 = [4.47, 1.10, 3.98, 1.02, 0.98, 0.88, 1.07, 0.98, 1.04, 1.83, 0.93, 0.93, 0.94, 1.06, 0.88, 0.97, 0.98, 1.07, 1.04, 1.16, 0.95, 1.07, 0.92, 3.50, 1.12, 0.97, 1.04, 0.96, 3.78, 0.94, 1.03, 1.09, 1.93, 0.96, 0.96, 1.06, 4.17, 0.90, 0.99, 0.95, 1.14, 1.01, 1.96, 1.08, 1.01, 1.06, 1.11, 1.22, 0.97, 0.85],
  tjk_4914 = [5.00, 1.84, 1.97, 2.60, 3.57, 2.04, 2.08, 2.35, 2.42, 1.40, 2.45, 4.24, 2.05, 2.19, 4.61, 2.20, 2.19, 2.05, 2.10, 4.31, 2.05, 3.72, 3.43, 2.04, 2.22, 2.00, 2.09, 2.37, 4.54, 1.39, 1.97, 2.00, 3.12, 1.22, 2.06, 2.01, 2.11, 2.37, 2.05, 2.33, 2.17, 1.90, 4.19, 2.39, 2.19, 2.09, 1.92, 1.04, 1.80, 1.97],
  tjk_4915 = [4.28, 2.38, 5.06, 2.67, 5.11, 4.59, 2.63, 5.36, 5.01, 1.04, 5.49, 2.54, 5.24, 5.14, 4.64, 5.60, 5.08, 4.37, 5.82, 4.93, 6.31, 5.95, 4.72, 2.13, 4.63, 6.00, 4.95, 3.65, 3.06, 5.08, 4.80, 5.44, 5.45, 5.05, 1.36, 5.14, 4.70, 3.49, 5.46, 5.48, 5.02, 4.44, 5.29, 4.68, 3.72, 4.45, 4.43, 4.56, 4.42, 4.70],
  tjk_4916 = [0.94, 0.95, 0.83, 1.02, 3.08, 1.29, 0.92, 1.24, 2.34, 1.10, 1.15, 2.12, 1.04, 0.95, 4.02, 1.07, 1.03, 4.88, 1.08, 1.15, 3.71, 0.97, 0.97, 0.95, 1.20, 1.17, 1.93, 4.99, 3.00, 3.90, 0.81, 2.96, 1.01, 3.17, 4.43, 3.91, 1.13, 0.96, 1.07, 0.90, 3.54, 1.09, 2.38, 1.72, 1.03, 1.05, 0.95, 1.08, 1.79, 0.91],
  tjk_4917 = [3.94, 2.69, 2.80, 3.06, 3.02, 2.68, 4.01, 3.38, 2.61, 2.20, 1.51, 3.09, 2.27, 1.99, 1.08, 2.82, 3.85, 3.62, 2.92, 2.71, 2.83, 3.29, 3.80, 3.30, 3.17, 4.67, 2.94, 2.28, 3.12, 2.13, 2.96, 3.02, 2.85, 2.68, 3.00, 3.42, 3.43, 3.50, 2.84, 2.40, 3.12, 2.29, 3.31, 2.85, 3.39, 3.35, 3.85, 2.81, 2.59, 1.06],
  tjk_4918 = [3.07, 2.41, 1.78, 1.94, 3.93, 1.86, 1.46, 2.71, 1.84, 2.14, 1.71, 2.11, 1.91, 2.53, 2.09, 1.80, 1.82, 2.20, 1.80, 2.65, 2.17, 1.81, 2.34, 1.84, 1.79, 2.45, 1.83, 2.09, 2.08, 1.76, 1.91, 2.02, 1.80, 1.84, 1.97, 2.02, 2.70, 4.32, 1.28, 2.52, 1.93, 2.31, 2.13, 2.13, 2.00, 2.27, 2.30, 2.19, 2.00, 2.00],
  tjk_4919 = [2.97, 2.88, 3.00, 1.07, 3.08, 3.10, 2.77, 2.95, 4.31, 4.19, 2.67, 3.44, 3.41, 2.46, 3.30, 3.18, 3.21, 2.81, 2.83, 2.87, 3.17, 2.88, 3.01, 2.05, 4.10, 3.10, 2.54, 4.49, 2.51, 1.97, 3.55, 2.06, 2.86, 2.91, 3.54, 3.52, 3.11, 2.37, 4.59, 2.41, 4.36, 2.40, 2.80, 4.96, 1.43, 2.95, 2.03, 2.73, 3.25, 3.48],
  tjk_4920 = [1.72, 1.88, 1.84, 2.46, 1.90, 1.93, 2.03, 2.11, 1.50, 3.11, 3.45, 2.23, 2.35, 4.24, 2.10, 1.35, 2.52, 2.15, 2.42, 1.65, 2.17, 1.91, 2.08, 2.10, 4.10, 4.72, 3.76, 1.73, 1.86, 2.06, 4.90, 3.67, 2.15, 2.15, 1.96, 4.27, 1.05, 2.08, 3.26, 2.44, 1.89, 2.45, 1.69, 2.10, 4.64, 1.84, 2.08, 2.02, 3.76, 2.07],
  tjk_501 = [3.83, 3.04, 3.86, 4.81, 4.01, 1.40, 3.28, 4.11, 4.01, 4.08, 2.49, 3.71, 4.07, 3.95, 4.52, 4.19, 4.58, 4.49, 4.64, 3.87, 4.59, 3.87, 4.12, 4.11, 1.06, 4.34, 4.83, 4.15, 3.45, 3.67, 3.40, 3.65, 3.96, 4.30, 4.54, 3.95, 4.36, 1.31, 4.28, 2.51, 1.81, 4.11, 4.96, 3.10, 4.37, 4.28, 4.72, 3.96, 3.75, 1.06],
  tjk_502 = [1.08, 0.98, 3.38, 1.04, 1.01, 1.15, 1.00, 0.99, 4.59, 4.80, 3.59, 3.08, 0.89, 1.33, 3.43, 1.00, 2.42, 1.17, 1.81, 1.09, 1.84, 1.00, 2.53, 4.01, 0.95, 0.99, 0.94, 0.94, 1.11, 3.70, 0.97, 1.05, 1.07, 0.94, 0.97, 1.18, 3.51, 0.96, 0.92, 4.46, 4.28, 0.87, 1.10, 0.99, 2.03, 0.99, 4.47, 1.07, 0.83, 0.99],
  tjk_503 = [4.87, 2.33, 4.75, 5.13, 5.05, 5.08, 3.32, 4.76, 4.42, 4.27, 4.49, 4.98, 4.25, 5.27, 4.48, 1.62, 5.97, 4.77, 3.11, 4.02, 5.44, 3.31, 4.68, 2.17, 4.91, 5.32, 4.22, 2.85, 4.32, 1.20, 2.29, 4.42, 1.53, 4.90, 5.70, 4.92, 3.20, 4.64, 3.72, 4.34, 2.86, 4.92, 4.29, 5.19, 4.88, 3.84, 5.09, 5.13, 1.02, 4.10],
  tjk_504 = [0.98, 1.30, 0.97, 1.18, 1.93, 4.75, 1.01, 1.20, 1.05, 3.81, 1.09, 1.05, 1.13, 1.08, 4.10, 0.90, 3.70, 0.92, 1.01, 1.54, 4.75, 1.07, 1.90, 1.01, 4.34, 1.02, 3.42, 0.99, 2.01, 4.82, 4.70, 1.31, 1.99, 1.07, 2.70, 1.06, 0.97, 3.66, 1.73, 0.95, 1.04, 0.89, 1.45, 3.33, 1.06, 1.36, 0.95, 3.49, 0.95, 1.00],
  tjk_505 = [2.81, 3.04, 3.02, 3.35, 3.47, 3.28, 2.72, 2.92, 2.80, 2.96, 2.82, 1.34, 2.94, 2.34, 2.92, 3.17, 2.80, 2.95, 2.40, 2.75, 3.36, 1.68, 3.22, 3.82, 3.02, 2.92, 1.14, 3.11, 4.37, 2.86, 2.86, 3.00, 2.97, 2.66, 2.88, 2.96, 2.87, 3.49, 1.91, 2.81, 3.05, 3.02, 1.92, 3.09, 3.32, 4.36, 4.83, 2.22, 2.91, 4.51],
  tjk_506 = [1.81, 2.09, 2.11, 1.92, 2.69, 3.53, 2.28, 2.73, 2.28, 1.86, 1.79, 2.09, 1.93, 2.04, 4.35, 2.09, 2.07, 2.31, 4.98, 2.60, 2.13, 2.00, 2.21, 2.36, 2.96, 2.34, 1.93, 3.43, 4.00, 2.44, 4.95, 1.98, 2.10, 1.89, 2.08, 1.14, 2.15, 2.96, 1.77, 1.64, 1.80, 2.17, 1.70, 1.87, 2.04, 2.25, 3.07, 2.07, 1.81, 1.35],
  tjk_507 = [5.13, 4.71, 4.93, 5.01, 5.16, 4.67, 4.96, 4.49, 3.94, 4.75, 4.72, 1.13, 4.56, 3.03, 4.51, 3.86, 5.97, 4.19, 4.59, 4.36, 5.22, 5.36, 5.03, 5.12, 2.75, 1.06, 2.73, 1.57, 5.19, 5.05, 4.26, 5.11, 1.66, 5.59, 4.70, 5.15, 5.21, 4.99, 1.70, 2.91, 5.61, 5.85, 3.04, 2.21, 3.95, 6.12, 5.24, 1.52, 5.90, 4.46],
  tjk_508 = [3.16, 3.12, 1.47, 3.04, 3.18, 2.00, 3.35, 3.14, 2.92, 2.70, 1.33, 3.44, 3.15, 3.46, 1.18, 3.20, 3.01, 3.01, 1.32, 3.19, 2.47, 2.83, 3.14, 2.30, 3.79, 3.29, 3.67, 3.02, 3.51, 3.43, 2.75, 1.68, 3.22, 2.80, 1.56, 4.57, 1.24, 4.75, 2.68, 3.10, 2.33, 2.74, 2.77, 3.82, 2.72, 3.25, 3.47, 2.56, 3.84, 2.88],
  tjk_509 = [5.85, 2.57, 5.30, 4.38, 2.26, 5.41, 4.71, 5.05, 3.28, 4.64, 3.42, 5.52, 5.12, 4.67, 1.89, 4.99, 4.89, 4.50, 4.44, 4.74, 4.89, 2.82, 4.17, 4.91, 1.20, 4.56, 5.15, 5.20, 5.29, 4.12, 4.39, 1.71, 4.77, 4.03, 4.93, 4.67, 4.30, 4.69, 5.00, 1.44, 4.20, 5.55, 2.81, 4.05, 4.88, 3.63, 4.32, 4.62, 5.16, 3.66],
  tjk_5010 = [1.17, 2.81, 2.98, 3.21, 3.06, 3.27, 2.74, 3.69, 1.90, 2.82, 3.76, 3.05, 3.39, 2.55, 2.80, 2.92, 3.49, 3.67, 2.39, 1.65, 3.43, 2.63, 1.83, 2.83, 2.90, 2.68, 3.16, 4.94, 4.01, 2.01, 3.32, 3.10, 3.21, 2.88, 2.80, 3.30, 2.84, 3.03, 4.88, 3.71, 3.14, 2.96, 2.86, 4.82, 2.70, 4.76, 4.61, 2.37, 3.10, 2.93],
  tjk_5011 = [2.98, 3.50, 1.80, 1.78, 2.10, 1.71, 1.65, 2.07, 4.34, 2.17, 2.13, 1.74, 2.25, 1.73, 2.07, 1.96, 2.19, 1.89, 3.50, 1.97, 3.97, 2.04, 3.57, 2.18, 3.32, 3.09, 1.72, 2.29, 2.28, 1.90, 1.94, 2.32, 4.69, 2.07, 4.31, 1.79, 1.85, 1.79, 1.70, 1.68, 1.88, 1.76, 2.01, 2.31, 4.79, 3.77, 3.80, 4.44, 3.92, 1.98],
  tjk_5012 = [1.82, 3.02, 1.85, 1.90, 2.03, 1.85, 1.74, 2.24, 1.88, 2.25, 1.88, 2.19, 2.07, 1.56, 1.84, 3.33, 2.40, 2.11, 1.96, 2.13, 2.06, 3.78, 2.35, 1.60, 2.19, 1.36, 1.74, 2.39, 1.73, 3.53, 1.95, 1.95, 2.70, 2.00, 2.04, 4.53, 2.16, 1.75, 4.99, 2.39, 4.35, 1.92, 1.65, 2.00, 1.91, 1.86, 1.02, 2.20, 1.92, 3.58],
  tjk_5013 = [3.48, 3.14, 3.30, 2.88, 3.05, 2.62, 2.04, 3.27, 2.79, 2.93, 1.70, 3.08, 2.88, 3.35, 3.03, 3.19, 3.01, 4.20, 3.13, 3.32, 2.87, 2.98, 2.77, 3.24, 3.49, 1.17, 2.79, 3.81, 3.10, 1.65, 3.17, 3.55, 2.32, 2.93, 2.73, 1.76, 1.13, 1.95, 3.12, 3.34, 2.28, 3.29, 3.32, 3.21, 2.97, 3.19, 2.78, 2.79, 2.92, 3.30],
  tjk_5014 = [4.20, 3.82, 1.53, 2.18, 2.08, 4.61, 2.20, 1.80, 2.01, 2.37, 3.57, 2.14, 1.89, 2.10, 2.11, 1.77, 4.69, 1.59, 1.97, 2.21, 2.06, 2.14, 1.96, 2.17, 1.82, 1.17, 2.10, 1.88, 1.90, 2.30, 2.90, 2.19, 2.64, 2.00, 1.96, 3.97, 4.07, 2.08, 3.08, 2.52, 4.08, 2.14, 1.68, 4.66, 1.97, 4.48, 2.20, 2.35, 2.74, 1.69],
  tjk_5015 = [2.31, 1.09, 4.11, 3.72, 1.12, 3.94, 0.98, 3.99, 1.00, 2.65, 0.88, 2.19, 4.36, 0.97, 0.96, 1.01, 4.47, 0.84, 0.95, 0.93, 4.16, 1.07, 1.01, 0.96, 1.09, 1.04, 1.03, 1.16, 1.11, 1.06, 0.79, 4.07, 4.52, 1.08, 0.92, 0.93, 4.77, 1.26, 0.94, 0.84, 0.95, 3.61, 2.16, 0.99, 0.98, 1.08, 0.99, 0.98, 1.03, 1.05],
  tjk_5016 = [2.64, 1.85, 2.18, 1.84, 1.66, 2.19, 1.96, 1.03, 1.88, 2.31, 3.11, 4.03, 2.11, 2.54, 1.81, 2.42, 2.33, 3.74, 2.03, 3.98, 1.83, 4.70, 1.88, 2.96, 2.02, 2.10, 2.07, 1.33, 2.13, 3.72, 1.03, 2.84, 2.13, 1.83, 1.97, 4.34, 1.93, 2.25, 4.37, 4.71, 4.40, 1.99, 4.67, 1.94, 3.05, 2.11, 2.07, 3.48, 1.75, 1.97],
  tjk_5017 = [4.59, 0.92, 1.06, 1.01, 0.92, 0.98, 4.25, 3.29, 0.96, 1.05, 4.52, 0.96, 0.95, 0.93, 1.02, 0.96, 4.85, 4.55, 1.12, 1.03, 1.02, 0.98, 0.98, 0.99, 1.73, 1.02, 4.98, 4.50, 0.99, 1.12, 1.22, 0.98, 2.24, 1.10, 1.08, 1.92, 1.06, 0.94, 0.96, 0.98, 0.96, 0.97, 1.19, 3.59, 4.05, 0.94, 1.19, 1.05, 2.43, 1.25],
  tjk_5018 = [5.37, 3.75, 5.52, 4.76, 5.20, 4.82, 4.91, 4.89, 3.64, 5.19, 2.38, 4.80, 2.72, 4.35, 3.88, 4.99, 4.50, 2.66, 3.52, 5.46, 3.10, 5.80, 4.20, 5.40, 3.56, 5.59, 4.60, 5.59, 5.29, 4.94, 4.72, 4.64, 5.33, 5.12, 4.19, 3.09, 1.38, 4.26, 4.48, 4.17, 1.80, 1.40, 4.34, 1.17, 5.57, 4.67, 1.12, 4.99, 5.34, 1.05],
  tjk_5019 = [2.84, 1.51, 5.62, 5.28, 5.58, 4.09, 5.07, 4.83, 5.07, 4.43, 1.39, 4.86, 4.70, 3.73, 5.84, 5.59, 5.43, 5.26, 5.70, 5.34, 5.30, 2.45, 1.57, 5.18, 4.50, 1.02, 5.12, 4.75, 2.93, 5.86, 2.18, 4.88, 4.28, 4.97, 5.08, 2.74, 4.98, 3.93, 4.99, 4.58, 5.22, 4.59, 1.69, 5.64, 5.99, 4.52, 4.49, 5.39, 5.16, 4.68],
  tjk_5020 = [2.37, 1.76, 6.42, 3.34, 5.09, 5.23, 4.38, 2.42, 5.84, 5.19, 5.68, 4.47, 4.32, 5.19, 5.60, 5.49, 5.63, 4.32, 3.96, 5.90, 4.76, 3.70, 5.03, 5.69, 4.93, 4.71, 6.16, 1.44, 5.58, 5.09, 3.15, 5.62, 2.25, 4.33, 5.45, 5.89, 5.54, 4.05, 2.49, 1.67, 4.42, 2.02, 4.75, 5.68, 5.52, 4.52, 2.66, 3.63, 4.23, 4.56],
  tjk_511 = [2.05, 4.04, 3.99, 1.56, 3.91, 3.92, 3.76, 3.95, 4.46, 3.95, 2.88, 3.79, 4.42, 1.93, 3.54, 3.79, 3.43, 4.57, 1.96, 3.76, 3.96, 3.71, 4.10, 4.21, 3.89, 4.74, 1.37, 2.41, 4.77, 4.05, 4.08, 3.42, 3.63, 3.75, 3.28, 3.55, 4.19, 3.92, 3.57, 4.37, 2.75, 4.08, 3.75, 1.23, 4.12, 3.58, 3.44, 4.65, 2.75, 4.26],
  tjk_512 = [4.91, 3.70, 2.08, 2.15, 1.11, 1.26, 3.90, 1.02, 0.79, 0.88, 3.38, 3.91, 0.99, 1.07, 0.93, 2.70, 4.58, 1.07, 0.96, 1.00, 1.77, 4.73, 0.92, 0.99, 0.90, 1.07, 1.53, 4.74, 1.01, 3.71, 0.99, 0.88, 4.44, 2.37, 1.14, 3.93, 1.52, 0.97, 3.05, 1.03, 0.84, 1.00, 1.90, 1.43, 0.97, 4.66, 3.71, 0.94, 0.84, 3.82],
  tjk_513 = [3.93, 1.85, 3.90, 3.89, 3.73, 3.22, 4.24, 3.93, 1.74, 3.58, 3.07, 1.51, 3.63, 4.34, 3.66, 1.57, 4.11, 1.60, 4.78, 3.82, 3.62, 4.92, 4.75, 3.82, 1.93, 3.37, 4.48, 4.26, 3.00, 3.46, 4.00, 4.93, 3.60, 3.69, 2.57, 3.66, 3.79, 3.42, 3.60, 2.66, 4.17, 3.71, 3.99, 2.86, 4.82, 4.61, 4.20, 4.97, 4.33, 3.70],
  tjk_514 = [5.03, 5.12, 3.86, 4.82, 4.90, 5.56, 4.94, 4.60, 3.99, 2.43, 4.80, 4.75, 5.25, 3.38, 5.55, 4.64, 5.23, 3.94, 5.00, 2.42, 4.74, 5.14, 4.26, 5.70, 3.72, 4.51, 4.66, 1.84, 4.72, 3.04, 4.88, 5.02, 3.16, 4.46, 4.58, 4.73, 4.90, 2.81, 5.27, 5.54, 4.79, 2.19, 5.03, 5.66, 2.86, 1.76, 1.21, 5.67, 3.94, 4.24],
  tjk_515 = [1.10, 1.02, 1.05, 2.37, 1.15, 1.20, 3.85, 2.48, 2.09, 1.10, 4.75, 0.85, 1.03, 2.29, 1.08, 1.08, 0.79, 4.95, 2.18, 0.96, 1.14, 0.90, 2.89, 1.07, 2.61, 1.00, 4.63, 0.94, 1.11, 0.80, 1.06, 1.81, 1.00, 0.94, 1.06, 1.98, 0.78, 1.47, 4.34, 3.81, 1.00, 0.93, 4.24, 1.24, 4.23, 0.96, 2.75, 1.82, 1.03, 0.93],
  tjk_516 = [4.23, 3.11, 3.07, 2.90, 4.80, 2.79, 1.67, 2.86, 2.63, 2.62, 3.25, 4.41, 3.27, 2.84, 3.01, 3.28, 3.40, 2.96, 2.93, 4.98, 2.21, 1.49, 3.31, 3.07, 3.27, 2.72, 4.38, 2.92, 3.25, 4.91, 3.26, 3.04, 2.75, 3.08, 3.73, 2.80, 4.58, 4.26, 3.04, 2.08, 2.70, 2.50, 3.85, 3.13, 2.63, 4.46, 3.23, 3.39, 3.07, 2.89],
  tjk_517 = [0.90, 0.95, 3.06, 0.96, 1.04, 2.10, 1.26, 0.96, 4.10, 3.95, 0.88, 1.00, 0.96, 4.01, 0.85, 0.83, 1.02, 3.22, 1.03, 1.31, 1.01, 1.16, 1.28, 1.10, 1.17, 0.88, 0.97, 1.16, 0.94, 1.05, 0.81, 0.94, 4.08, 1.04, 1.11, 1.03, 1.53, 3.05, 0.89, 3.27, 0.96, 0.81, 0.82, 1.01, 1.00, 2.83, 4.54, 1.05, 1.02, 1.03],
  tjk_518 = [5.16, 2.06, 5.20, 4.78, 5.62, 2.39, 5.14, 5.13, 5.31, 5.26, 4.11, 1.59, 6.29, 5.34, 4.36, 5.23, 3.29, 4.75, 4.90, 5.03, 4.98, 1.29, 5.60, 6.12, 4.45, 5.51, 5.87, 5.18, 4.53, 4.40, 1.08, 5.10, 4.85, 5.01, 2.72, 4.79, 5.63, 5.44, 4.41, 4.45, 4.87, 3.38, 3.10, 2.96, 4.64, 1.65, 5.68, 5.33, 4.31, 3.17],
  tjk_519 = [5.40, 5.06, 5.46, 4.53, 4.57, 4.83, 3.57, 2.79, 5.45, 4.96, 5.00, 2.55, 5.45, 5.15, 4.44, 5.54, 5.00, 5.01, 5.60, 4.85, 5.44, 5.09, 5.08, 4.72, 5.57, 4.09, 4.44, 4.93, 4.99, 5.78, 5.14, 5.88, 4.49, 1.26, 4.93, 3.49, 1.32, 4.97, 1.83, 5.69, 4.37, 3.32, 5.69, 5.15, 1.79, 5.21, 4.19, 5.15, 4.67, 1.35],
  tjk_5110 = [4.89, 4.30, 5.57, 4.81, 3.90, 4.77, 5.53, 4.79, 3.54, 5.76, 5.07, 5.16, 4.86, 5.27, 6.38, 3.38, 4.69, 2.83, 5.25, 1.72, 4.74, 3.17, 5.13, 2.99, 2.69, 5.10, 5.32, 2.12, 4.61, 4.55, 1.23, 5.43, 4.15, 3.30, 3.80, 4.41, 5.00, 4.48, 4.49, 4.92, 4.33, 4.61, 4.83, 3.13, 4.57, 4.62, 4.98, 4.42, 4.33, 5.11],
  tjk_5111 = [4.05, 5.25, 3.91, 5.03, 1.41, 3.14, 1.73, 5.42, 5.64, 5.01, 4.70, 5.70, 5.62, 4.89, 5.42, 4.93, 4.75, 4.03, 4.99, 4.86, 4.66, 4.74, 4.59, 4.77, 1.18, 4.63, 3.52, 1.68, 6.16, 2.77, 4.60, 4.99, 4.86, 1.71, 5.88, 5.05, 4.39, 1.82, 4.31, 1.07, 5.01, 3.66, 1.07, 4.59, 4.39, 4.16, 5.04, 4.44, 5.23, 1.66],
  tjk_5112 = [4.83, 2.11, 4.87, 4.83, 5.01, 4.85, 4.76, 4.83, 6.19, 5.31, 3.50, 4.99, 5.04, 1.10, 4.67, 4.87, 5.27, 5.22, 4.96, 5.12, 4.58, 1.65, 1.16, 5.58, 4.16, 4.14, 5.57, 4.79, 3.85, 4.53, 4.50, 2.02, 4.85, 3.12, 5.63, 4.24, 4.47, 5.16, 4.53, 5.20, 2.63, 1.86, 1.89, 1.73, 4.99, 4.71, 5.20, 2.47, 2.44, 5.38],
  tjk_5113 = [3.72, 3.22, 3.89, 4.17, 3.42, 4.24, 4.55, 4.29, 2.49, 3.40, 4.10, 1.91, 1.42, 3.10, 3.85, 2.91, 3.09, 4.26, 4.08, 3.73, 4.19, 2.21, 4.67, 3.00, 4.01, 4.56, 3.84, 2.62, 3.85, 4.32, 1.72, 2.01, 1.44, 4.24, 4.34, 4.12, 1.23, 3.30, 1.36, 4.35, 4.32, 1.81, 2.03, 3.90, 4.17, 4.34, 1.68, 4.48, 4.02, 1.14],
  tjk_5114 = [2.80, 1.10, 3.72, 1.02, 1.03, 0.95, 0.95, 4.34, 0.94, 0.97, 1.10, 1.20, 1.02, 1.71, 0.92, 1.13, 1.09, 1.09, 3.19, 0.89, 3.60, 0.91, 1.29, 0.97, 0.92, 0.97, 4.44, 0.95, 0.95, 0.93, 0.89, 4.33, 0.93, 1.29, 0.94, 1.09, 0.97, 3.64, 3.20, 3.84, 4.17, 3.85, 0.78, 0.93, 1.02, 0.97, 1.00, 3.32, 0.95, 1.03],
  tjk_5115 = [0.95, 1.99, 3.16, 0.82, 1.10, 1.07, 1.03, 1.01, 0.91, 1.24, 3.28, 1.93, 1.03, 3.61, 3.56, 1.00, 4.30, 0.97, 0.90, 0.94, 0.95, 1.05, 4.43, 2.55, 2.88, 1.07, 0.99, 2.77, 1.04, 0.91, 1.03, 2.26, 1.02, 1.07, 0.85, 0.96, 1.17, 0.89, 0.91, 1.03, 1.06, 1.06, 1.07, 1.17, 0.91, 4.16, 0.98, 4.28, 2.12, 1.01],
  tjk_5116 = [6.33, 4.76, 4.48, 6.31, 4.96, 4.28, 5.02, 4.86, 3.99, 4.71, 3.19, 5.99, 4.95, 4.60, 3.76, 2.33, 1.53, 2.71, 5.46, 4.33, 2.24, 4.85, 4.51, 4.74, 4.57, 4.70, 5.09, 4.84, 5.62, 4.84, 4.93, 4.99, 2.77, 4.31, 4.13, 7.12, 4.24, 4.43, 5.28, 4.91, 5.58, 4.84, 3.57, 4.70, 5.41, 5.30, 4.65, 5.89, 3.63, 5.29],
  tjk_5117 = [3.99, 3.58, 3.77, 4.01, 4.57, 4.22, 4.45, 3.08, 3.56, 3.69, 1.53, 4.22, 4.04, 4.82, 4.13, 3.43, 4.51, 4.31, 4.39, 3.56, 3.55, 3.24, 4.16, 3.09, 3.25, 4.07, 3.87, 4.33, 3.02, 3.53, 4.29, 3.53, 3.56, 3.92, 4.10, 4.63, 3.98, 3.70, 4.29, 3.39, 3.32, 1.26, 4.07, 3.92, 3.10, 3.64, 3.13, 1.23, 4.18, 1.81],
  tjk_5118 = [4.05, 1.85, 3.98, 4.26, 3.79, 3.43, 1.12, 4.25, 3.65, 3.38, 4.57, 3.67, 4.98, 3.51, 3.29, 4.26, 3.37, 3.59, 4.04, 4.81, 3.87, 4.16, 4.38, 4.23, 4.81, 4.19, 4.30, 3.90, 3.78, 3.04, 4.06, 4.80, 3.49, 2.65, 2.46, 3.66, 4.06, 4.51, 2.80, 1.42, 3.94, 4.02, 4.27, 4.05, 3.98, 1.41, 3.93, 4.01, 3.74, 4.06],
  tjk_5119 = [1.63, 3.10, 1.99, 1.89, 1.16, 1.29, 2.64, 4.61, 1.75, 2.72, 1.75, 1.71, 2.24, 2.16, 2.30, 4.60, 2.21, 1.95, 1.80, 3.86, 3.16, 1.88, 3.82, 2.02, 2.15, 1.97, 3.36, 2.13, 2.26, 1.93, 4.23, 1.94, 2.15, 2.14, 2.14, 2.06, 2.02, 1.71, 2.16, 2.20, 1.13, 1.72, 3.28, 2.17, 1.82, 1.79, 2.23, 2.22, 1.81, 4.89],
  tjk_5120 = [3.75, 1.68, 3.43, 4.10, 3.86, 3.96, 3.84, 4.73, 4.35, 3.99, 3.92, 4.12, 3.75, 4.51, 3.36, 4.23, 3.89, 4.07, 3.84, 4.38, 3.46, 4.43, 2.29, 1.03, 4.28, 4.93, 3.68, 1.61, 1.05, 3.46, 4.15, 3.87, 1.34, 3.81, 3.38, 1.23, 4.07, 4.71, 4.30, 1.76, 4.40, 3.84, 4.26, 2.68, 4.39, 3.87, 2.48, 3.78, 5.03, 3.80],
  tjk_521 = [1.22, 1.13, 3.55, 3.56, 1.57, 1.02, 0.99, 0.92, 1.09, 1.22, 1.01, 4.48, 2.74, 1.56, 1.70, 1.10, 1.64, 4.67, 1.02, 0.97, 1.20, 3.99, 0.97, 0.92, 1.05, 1.11, 0.98, 0.83, 2.56, 2.45, 1.16, 4.10, 0.93, 1.09, 0.92, 0.84, 0.93, 2.90, 1.17, 3.73, 0.93, 1.11, 4.23, 0.82, 4.41, 1.59, 2.90, 3.33, 1.07, 1.20],
  tjk_522 = [0.86, 3.58, 3.87, 1.05, 3.02, 2.08, 3.06, 0.89, 1.02, 1.10, 0.84, 0.99, 1.30, 1.43, 0.94, 1.08, 1.03, 0.94, 0.89, 2.32, 2.25, 1.19, 0.98, 1.14, 0.99, 0.90, 1.05, 0.96, 4.75, 1.15, 1.59, 4.25, 3.37, 0.97, 1.24, 3.31, 2.61, 0.99, 0.96, 3.70, 3.08, 1.03, 1.37, 1.20, 0.99, 0.83, 1.06, 1.01, 2.87, 1.14],
  tjk_523 = [1.31, 3.87, 3.51, 3.42, 3.84, 4.38, 2.90, 4.01, 4.00, 4.13, 3.61, 2.31, 3.52, 3.76, 3.57, 3.53, 3.67, 3.95, 4.01, 3.78, 3.95, 3.64, 1.40, 3.80, 4.40, 1.91, 4.60, 4.05, 4.21, 4.90, 3.60, 3.86, 4.53, 3.55, 3.43, 3.81, 3.38, 3.37, 3.98, 3.85, 4.17, 3.98, 4.93, 4.08, 4.98, 4.17, 4.34, 2.49, 3.96, 4.39],
  tjk_524 = [1.75, 5.72, 4.50, 1.99, 5.03, 2.08, 3.29, 5.49, 4.23, 5.42, 4.48, 5.55, 4.52, 5.68, 5.03, 5.39, 4.95, 3.31, 2.77, 4.95, 5.04, 2.46, 2.36, 2.62, 2.19, 4.57, 2.80, 4.93, 4.53, 4.80, 1.81, 4.95, 5.04, 2.98, 3.28, 4.65, 4.79, 4.62, 4.99, 5.08, 5.18, 5.14, 4.59, 1.58, 5.49, 5.68, 4.81, 4.48, 5.22, 4.49],
  tjk_525 = [2.66, 1.93, 2.10, 3.12, 1.87, 1.79, 2.03, 1.14, 1.91, 2.00, 3.11, 1.92, 3.24, 4.77, 2.33, 2.05, 1.97, 2.07, 2.35, 1.74, 1.88, 2.17, 2.33, 1.85, 2.65, 1.95, 2.54, 1.21, 2.31, 1.97, 1.83, 1.34, 3.03, 1.99, 1.53, 2.16, 2.10, 4.65, 4.77, 1.32, 1.94, 1.78, 2.05, 1.87, 2.08, 2.13, 1.81, 1.68, 1.84, 3.00],
  tjk_526 = [3.77, 1.81, 1.78, 2.15, 1.20, 2.40, 1.67, 2.37, 2.06, 1.95, 1.85, 2.36, 4.48, 2.20, 1.73, 2.11, 1.97, 2.13, 1.82, 2.01, 1.86, 1.83, 1.32, 2.32, 2.17, 2.05, 1.86, 2.01, 1.96, 2.19, 2.13, 1.98, 1.96, 1.91, 1.72, 2.18, 1.68, 1.76, 2.09, 1.83, 2.07, 4.49, 4.49, 2.20, 1.95, 4.18, 1.97, 3.72, 1.71, 3.57],
  tjk_527 = [2.63, 3.01, 3.07, 3.37, 2.95, 2.75, 3.22, 1.89, 1.73, 3.58, 2.77, 3.07, 3.48, 3.09, 2.84, 3.00, 3.00, 2.91, 2.80, 4.60, 3.08, 4.99, 2.97, 3.01, 2.68, 2.78, 3.72, 4.17, 3.25, 2.98, 3.25, 2.93, 4.38, 3.18, 3.78, 2.98, 3.20, 3.18, 2.97, 4.05, 2.66, 1.60, 2.96, 3.89, 3.67, 2.71, 2.49, 2.98, 3.33, 2.90],
  tjk_528 = [5.44, 4.81, 4.63, 4.95, 2.51, 5.37, 4.73, 5.51, 5.54, 4.56, 4.01, 5.01, 4.71, 5.00, 4.34, 5.51, 5.70, 4.79, 4.62, 4.53, 5.70, 4.41, 4.73, 4.40, 4.60, 5.29, 4.06, 4.48, 5.01, 4.58, 5.56, 5.87, 5.29, 4.54, 4.97, 5.40, 4.70, 3.09, 6.04, 1.79, 4.21, 5.26, 6.28, 4.69, 5.74, 1.41, 4.86, 2.47, 5.19, 1.98],
  tjk_529 = [4.84, 3.52, 4.11, 4.22, 3.52, 3.37, 4.19, 4.40, 4.11, 3.71, 4.83, 4.66, 4.86, 4.00, 1.91, 3.18, 4.74, 3.69, 3.97, 3.80, 3.76, 4.20, 4.14, 5.40, 5.62, 3.64, 3.94, 3.80, 4.91, 3.60, 3.55, 4.02, 3.94, 3.84, 4.25, 4.16, 3.92, 2.27, 3.52, 3.76, 3.64, 4.07, 3.93, 3.53, 3.03, 4.31, 3.97, 3.82, 2.54, 4.53],
  tjk_5210 = [1.96, 4.40, 1.99, 1.82, 2.28, 1.28, 1.56, 3.74, 1.79, 4.38, 2.32, 4.02, 2.38, 2.08, 1.84, 2.41, 4.25, 2.08, 2.98, 1.96, 1.76, 2.15, 4.28, 2.05, 1.61, 1.07, 1.96, 1.83, 4.10, 2.08, 2.06, 1.85, 1.99, 1.88, 2.25, 2.37, 2.70, 3.61, 2.82, 2.03, 4.14, 1.84, 1.98, 2.03, 1.69, 1.90, 2.58, 2.14, 1.91, 2.39],
  tjk_5211 = [5.10, 5.32, 4.39, 4.73, 3.55, 4.26, 5.21, 2.90, 4.90, 4.88, 2.53, 4.56, 4.96, 4.74, 4.47, 4.55, 5.40, 5.81, 4.64, 4.15, 3.29, 5.76, 1.23, 5.00, 5.16, 3.19, 3.94, 4.15, 4.19, 5.17, 5.43, 3.66, 5.36, 5.37, 4.14, 4.70, 4.72, 2.45, 6.17, 1.76, 5.30, 5.23, 5.44, 5.07, 5.74, 4.19, 3.95, 2.20, 5.04, 5.07],
  tjk_5212 = [3.97, 3.93, 3.34, 3.95, 2.09, 3.71, 3.94, 3.37, 3.95, 4.29, 3.84, 4.18, 4.17, 3.81, 3.93, 3.48, 3.53, 4.37, 3.62, 3.72, 4.13, 4.78, 2.20, 4.35, 3.67, 4.03, 1.11, 4.40, 4.73, 3.81, 4.76, 3.98, 3.96, 3.21, 4.25, 4.18, 4.37, 3.93, 4.58, 4.10, 3.49, 4.26, 2.00, 3.95, 4.14, 3.78, 3.54, 4.15, 4.34, 2.65],
  tjk_5213 = [3.95, 2.35, 3.85, 3.40, 1.54, 2.28, 1.38, 2.01, 3.94, 4.51, 2.87, 3.36, 1.01, 1.19, 3.99, 4.21, 4.38, 3.96, 3.89, 3.43, 4.60, 3.13, 3.51, 3.78, 3.86, 3.73, 3.83, 3.93, 4.08, 2.53, 1.68, 3.82, 4.01, 1.84, 4.88, 4.44, 3.43, 4.38, 4.26, 4.16, 3.56, 4.57, 4.39, 4.14, 4.03, 1.67, 3.47, 4.25, 3.30, 3.76],
  tjk_5214 = [4.35, 4.01, 4.02, 3.67, 4.26, 3.63, 4.09, 3.64, 1.81, 4.08, 3.84, 1.45, 3.73, 2.56, 3.52, 3.95, 3.09, 1.59, 4.12, 4.35, 4.67, 4.64, 3.84, 2.07, 2.90, 3.92, 3.98, 3.96, 4.36, 3.27, 1.02, 2.37, 3.66, 1.98, 2.47, 1.51, 4.00, 4.09, 3.63, 4.03, 4.32, 4.01, 3.39, 3.88, 4.43, 4.63, 3.96, 4.02, 3.84, 4.87],
  tjk_5215 = [2.35, 4.84, 2.82, 3.39, 3.72, 3.32, 3.08, 3.25, 2.65, 3.51, 2.65, 1.30, 2.03, 2.65, 2.95, 2.06, 3.17, 2.95, 2.50, 3.31, 3.84, 3.11, 2.79, 2.75, 3.66, 3.12, 2.86, 2.94, 2.35, 3.28, 1.43, 3.28, 3.04, 3.26, 1.63, 2.99, 2.03, 2.24, 4.14, 3.46, 4.47, 4.32, 3.18, 2.26, 3.40, 2.81, 2.80, 3.34, 3.06, 3.04],
  tjk_5216 = [2.01, 1.95, 1.74, 1.80, 1.89, 2.51, 2.10, 2.56, 2.12, 2.47, 4.26, 3.98, 2.28, 2.50, 1.65, 4.10, 1.85, 1.53, 1.56, 3.02, 3.12, 2.05, 2.23, 3.84, 2.25, 1.95, 4.13, 2.08, 1.96, 2.20, 2.29, 2.92, 1.38, 1.89, 3.79, 1.74, 2.81, 3.94, 4.10, 1.96, 1.85, 2.53, 2.04, 1.95, 2.13, 1.90, 1.76, 2.05, 4.95, 4.39],
  tjk_5217 = [1.07, 3.84, 1.08, 1.01, 0.97, 4.11, 1.02, 1.04, 2.55, 0.99, 4.24, 1.03, 4.20, 0.95, 0.94, 1.12, 0.88, 1.11, 2.54, 1.04, 2.69, 0.79, 1.09, 1.26, 1.07, 0.99, 0.92, 1.09, 0.99, 1.02, 0.87, 1.15, 1.55, 3.95, 1.05, 3.87, 4.07, 3.08, 0.97, 0.95, 0.96, 2.56, 0.97, 1.83, 0.89, 0.92, 4.34, 1.72, 1.13, 1.07],
  tjk_5218 = [2.24, 2.17, 2.03, 2.20, 2.14, 2.01, 1.95, 3.16, 2.16, 2.14, 2.01, 1.78, 1.68, 4.55, 4.19, 2.12, 2.00, 2.22, 2.86, 1.94, 2.23, 3.82, 1.90, 2.32, 1.90, 1.92, 3.28, 1.22, 1.99, 2.50, 1.87, 1.86, 2.48, 2.59, 3.70, 1.97, 1.87, 1.80, 1.96, 2.00, 1.82, 1.92, 2.07, 2.30, 2.15, 4.07, 2.12, 1.94, 2.13, 1.67],
  tjk_5219 = [4.11, 2.30, 2.99, 4.76, 2.02, 2.58, 2.00, 1.47, 1.69, 1.73, 2.37, 1.91, 1.98, 1.69, 2.13, 1.69, 1.98, 1.81, 2.23, 1.74, 2.57, 2.23, 2.03, 2.06, 1.13, 1.89, 2.21, 1.61, 2.23, 2.43, 4.19, 1.89, 1.22, 2.76, 2.15, 2.09, 2.29, 1.07, 4.75, 2.34, 2.05, 2.15, 1.89, 1.99, 2.23, 2.46, 1.93, 1.87, 1.84, 4.29],
  tjk_5220 = [2.87, 3.26, 2.78, 4.59, 2.82, 3.06, 3.06, 3.34, 4.40, 4.60, 1.80, 3.12, 1.21, 3.01, 2.65, 3.10, 3.91, 2.24, 2.51, 4.56, 2.79, 3.40, 2.84, 2.96, 3.06, 2.92, 2.70, 2.35, 2.92, 2.86, 2.42, 1.63, 3.38, 3.01, 3.44, 3.84, 3.05, 2.70, 2.40, 3.51, 2.80, 3.49, 3.08, 2.96, 4.37, 1.40, 3.17, 3.16, 1.87, 2.97],
  tjk_531 = [2.04, 4.53, 3.90, 2.90, 4.64, 3.67, 4.59, 3.74, 4.10, 1.32, 4.43, 2.49, 1.94, 3.94, 3.90, 4.35, 3.92, 3.34, 3.85, 3.15, 2.48, 3.94, 3.52, 4.66, 4.60, 2.54, 3.66, 4.88, 3.93, 4.15, 4.70, 1.07, 4.24, 2.28, 4.13, 3.09, 4.27, 1.99, 1.14, 3.88, 4.33, 4.94, 4.22, 2.31, 4.44, 3.81, 2.33, 4.03, 4.25, 3.69],
  tjk_532 = [3.00, 4.11, 4.69, 4.47, 2.86, 3.03, 2.57, 2.61, 2.84, 2.70, 2.89, 3.06, 3.11, 4.92, 1.60, 2.97, 2.85, 2.90, 3.59, 3.40, 3.13, 4.65, 2.80, 2.30, 3.14, 3.18, 4.96, 2.72, 2.99, 3.64, 3.15, 3.27, 4.52, 3.38, 2.69, 2.58, 3.78, 3.38, 3.27, 3.35, 3.47, 1.12, 2.53, 2.64, 2.88, 2.73, 3.18, 2.48, 3.02, 3.99],
  tjk_533 = [2.02, 2.01, 1.15, 1.87, 1.21, 2.18, 2.09, 2.30, 1.67, 1.65, 1.94, 1.95, 1.13, 2.23, 2.15, 2.09, 1.94, 2.13, 1.92, 1.56, 1.90, 2.30, 2.11, 4.58, 2.16, 1.59, 2.07, 1.98, 2.10, 1.90, 1.86, 2.02, 2.10, 2.18, 2.18, 2.19, 1.21, 3.28, 4.35, 2.18, 1.83, 1.85, 1.86, 1.96, 4.61, 1.75, 2.05, 2.00, 2.27, 1.82],
  tjk_534 = [2.49, 2.05, 2.13, 1.99, 2.93, 3.33, 3.81, 2.23, 1.60, 2.42, 4.53, 1.89, 2.21, 1.57, 1.71, 4.25, 1.70, 1.07, 3.45, 4.80, 4.45, 3.82, 2.04, 1.84, 2.29, 1.94, 2.03, 3.35, 3.71, 2.25, 2.10, 2.31, 3.44, 2.25, 2.03, 1.73, 2.17, 3.25, 3.18, 4.27, 1.83, 2.29, 4.03, 2.24, 2.09, 2.01, 2.10, 2.03, 1.90, 1.04],
  tjk_535 = [4.50, 4.30, 5.25, 4.50, 5.28, 5.89, 4.59, 3.70, 2.84, 4.22, 4.61, 3.78, 5.06, 4.09, 5.06, 5.26, 1.98, 2.20, 5.24, 4.90, 4.91, 2.93, 5.00, 3.63, 4.70, 4.57, 5.08, 5.34, 4.85, 4.75, 5.78, 4.93, 5.96, 1.16, 3.70, 4.87, 5.53, 5.30, 1.62, 4.79, 4.38, 5.30, 4.54, 5.58, 4.72, 4.40, 5.42, 5.12, 2.19, 5.19],
  tjk_536 = [3.01, 3.23, 2.85, 3.13, 2.55, 3.30, 3.10, 2.82, 2.80, 2.86, 3.19, 3.29, 3.35, 2.85, 2.88, 2.78, 2.96, 3.10, 2.15, 3.05, 2.81, 2.55, 1.40, 1.48, 4.13, 3.06, 4.38, 2.79, 2.68, 3.40, 2.90, 2.95, 3.10, 3.82, 2.71, 3.81, 3.71, 2.15, 2.46, 2.90, 2.77, 3.53, 3.10, 3.68, 2.99, 4.89, 2.87, 3.03, 2.86, 1.72],
  tjk_537 = [3.47, 0.90, 1.01, 0.98, 1.07, 0.99, 1.01, 1.12, 0.82, 1.13, 0.77, 0.94, 0.96, 0.86, 3.20, 1.13, 0.82, 0.97, 2.57, 0.88, 4.64, 3.54, 1.07, 1.00, 1.04, 0.97, 4.55, 0.97, 0.94, 3.76, 1.10, 0.83, 0.95, 2.23, 0.88, 0.81, 3.33, 2.51, 3.68, 0.92, 1.00, 1.09, 2.88, 1.80, 0.87, 0.99, 1.12, 0.97, 0.98, 0.88],
  tjk_538 = [3.06, 3.45, 2.73, 3.59, 2.68, 1.26, 2.00, 2.99, 2.36, 4.11, 3.07, 3.47, 4.00, 4.43, 3.25, 3.21, 3.36, 1.44, 2.82, 2.71, 4.67, 3.11, 3.31, 4.68, 2.25, 2.77, 2.94, 3.79, 3.71, 2.30, 2.91, 3.12, 2.92, 3.02, 4.14, 3.42, 2.20, 2.42, 1.33, 3.06, 1.12, 2.47, 2.70, 3.35, 3.04, 3.20, 4.30, 2.33, 3.25, 1.95],
  tjk_539 = [3.82, 4.24, 4.56, 4.23, 3.80, 3.84, 1.66, 4.70, 4.36, 3.90, 4.05, 4.35, 1.94, 3.51, 4.39, 3.94, 4.42, 4.38, 4.34, 1.93, 3.02, 4.55, 3.71, 3.88, 4.36, 3.42, 3.13, 3.87, 4.15, 4.39, 2.65, 3.94, 4.09, 4.11, 4.60, 3.94, 3.65, 3.92, 3.37, 3.68, 3.55, 4.86, 4.07, 4.31, 2.73, 4.77, 3.52, 1.10, 3.81, 1.70],
  tjk_5310 = [2.80, 1.26, 4.42, 2.40, 3.60, 3.31, 1.59, 3.46, 2.39, 3.88, 3.99, 3.72, 3.18, 4.06, 4.63, 3.72, 1.58, 2.54, 4.02, 4.23, 3.19, 4.90, 3.75, 2.62, 3.78, 4.53, 3.89, 4.50, 3.66, 3.79, 4.20, 5.26, 3.93, 2.30, 2.05, 3.45, 4.35, 4.90, 3.38, 4.13, 2.20, 4.21, 3.30, 4.17, 3.80, 2.33, 1.35, 4.14, 2.31, 3.94],
  tjk_5311 = [0.88, 4.74, 1.17, 2.85, 1.05, 0.91, 4.70, 1.48, 2.90, 1.80, 4.33, 0.91, 0.85, 2.96, 4.93, 0.97, 0.98, 3.56, 0.90, 1.04, 1.18, 3.46, 1.16, 3.12, 0.92, 2.76, 0.84, 0.93, 4.56, 0.86, 3.02, 3.33, 1.06, 1.09, 0.98, 1.01, 1.01, 2.86, 0.87, 0.88, 0.97, 3.20, 3.25, 1.31, 2.42, 1.04, 3.23, 0.86, 0.96, 0.87],
  tjk_5312 = [3.58, 4.29, 3.68, 4.04, 4.03, 2.77, 4.49, 4.45, 2.96, 2.98, 3.76, 3.75, 3.95, 4.10, 3.62, 3.61, 2.28, 3.52, 3.74, 4.63, 1.93, 3.44, 4.42, 4.00, 3.83, 3.88, 3.67, 3.87, 3.32, 3.71, 3.58, 3.58, 1.84, 3.46, 4.55, 4.19, 4.06, 4.36, 4.68, 4.50, 3.87, 4.14, 1.53, 3.79, 4.25, 3.48, 3.99, 3.67, 2.24, 3.77],
  tjk_5313 = [4.56, 4.00, 4.40, 3.43, 1.27, 2.41, 3.78, 4.27, 1.72, 3.26, 4.45, 4.62, 2.72, 3.58, 3.86, 3.67, 4.66, 1.49, 3.99, 3.85, 1.05, 3.96, 3.67, 3.91, 4.15, 3.67, 4.13, 3.52, 3.82, 1.50, 3.58, 1.66, 3.71, 3.68, 4.01, 3.59, 4.35, 3.47, 1.52, 3.34, 1.87, 4.01, 3.96, 3.18, 3.58, 3.35, 3.69, 3.52, 4.03, 4.31],
  tjk_5314 = [4.37, 5.38, 2.36, 4.41, 4.85, 5.01, 4.49, 3.92, 4.52, 4.77, 5.20, 4.49, 4.47, 6.34, 4.91, 5.52, 1.17, 4.67, 1.72, 4.00, 4.46, 2.95, 4.73, 3.85, 5.18, 5.67, 5.49, 5.76, 2.56, 5.65, 4.64, 5.02, 2.93, 4.94, 4.28, 5.23, 5.00, 1.50, 5.20, 4.53, 5.78, 4.75, 5.00, 5.00, 4.56, 5.11, 5.25, 4.90, 2.37, 5.51],
  tjk_5315 = [1.58, 4.83, 3.40, 4.96, 3.97, 4.59, 5.72, 4.88, 5.12, 5.88, 1.97, 5.53, 5.72, 5.89, 3.90, 4.93, 4.94, 5.39, 4.31, 5.08, 4.73, 3.53, 2.59, 5.23, 4.74, 4.69, 4.72, 4.42, 4.22, 4.74, 5.00, 5.04, 4.69, 4.75, 5.67, 2.15, 4.33, 5.56, 5.21, 5.30, 3.38, 4.11, 4.28, 4.80, 5.06, 5.80, 2.77, 5.31, 1.42, 4.94],
  tjk_5316 = [3.36, 2.67, 3.21, 4.05, 3.28, 3.87, 3.07, 2.52, 2.90, 2.51, 1.87, 2.92, 3.03, 3.12, 2.70, 2.66, 2.73, 3.24, 1.08, 2.76, 4.60, 3.76, 2.89, 3.33, 3.07, 3.03, 1.60, 3.01, 2.86, 3.22, 3.03, 2.79, 2.91, 4.69, 2.75, 3.18, 3.70, 2.79, 2.46, 4.91, 3.12, 2.96, 2.99, 1.29, 2.73, 2.84, 2.98, 3.20, 3.23, 2.67],
  tjk_5317 = [3.61, 2.13, 4.06, 2.21, 3.85, 4.25, 3.74, 3.70, 3.41, 3.99, 4.34, 4.00, 4.84, 4.34, 3.72, 3.63, 2.47, 3.74, 3.97, 4.10, 4.30, 4.24, 3.85, 4.00, 3.39, 3.93, 3.73, 4.17, 2.83, 3.93, 2.12, 4.20, 2.82, 4.47, 4.96, 3.86, 4.97, 3.69, 5.23, 4.14, 4.89, 3.74, 3.66, 3.72, 3.54, 1.68, 3.32, 3.67, 4.11, 2.45],
  tjk_5318 = [0.97, 1.01, 4.25, 2.22, 1.12, 1.07, 3.72, 1.08, 4.25, 4.84, 1.15, 0.80, 1.04, 0.98, 0.98, 2.44, 2.75, 3.55, 1.05, 1.19, 0.91, 3.59, 1.02, 3.62, 1.98, 0.99, 3.33, 1.00, 1.15, 1.02, 4.81, 1.02, 1.01, 0.95, 3.84, 4.17, 1.07, 1.11, 1.03, 1.22, 4.24, 1.83, 1.10, 2.70, 1.06, 1.19, 1.06, 0.89, 1.94, 4.81],
  tjk_5319 = [2.26, 3.64, 4.54, 4.22, 4.43, 4.58, 3.24, 4.01, 4.19, 4.39, 4.09, 4.17, 3.80, 3.80, 3.96, 3.62, 3.54, 4.74, 2.70, 1.51, 3.75, 3.79, 1.62, 4.16, 3.68, 2.00, 3.96, 3.86, 4.09, 4.24, 4.19, 3.96, 3.71, 1.51, 4.06, 3.73, 4.36, 3.42, 3.46, 1.46, 1.29, 3.77, 4.16, 3.20, 4.11, 3.75, 2.82, 4.03, 4.18, 3.78],
  tjk_5320 = [3.50, 3.68, 1.07, 3.34, 3.89, 1.96, 4.13, 3.94, 3.71, 4.09, 3.84, 3.68, 3.60, 3.76, 3.69, 2.97, 4.27, 4.07, 3.93, 3.65, 3.80, 4.31, 4.23, 3.60, 1.86, 4.15, 4.43, 4.22, 4.47, 4.31, 3.90, 4.26, 3.29, 1.61, 3.75, 4.13, 3.53, 1.28, 5.53, 4.26, 1.88, 3.82, 3.89, 2.11, 3.74, 1.23, 4.93, 3.58, 2.84, 2.96],
  tjk_541 = [3.42, 3.07, 3.04, 2.64, 2.59, 1.42, 3.39, 3.04, 2.83, 3.00, 3.11, 4.70, 3.00, 2.51, 2.03, 2.56, 2.78, 1.18, 2.63, 4.65, 3.26, 3.31, 3.30, 3.02, 2.79, 3.28, 2.81, 3.39, 1.38, 1.64, 3.04, 1.64, 4.50, 2.35, 1.03, 2.98, 2.98, 2.84, 2.88, 2.02, 2.94, 3.21, 2.51, 3.13, 1.18, 3.12, 2.62, 3.48, 2.58, 4.51],
  tjk_542 = [4.70, 4.42, 3.58, 4.18, 4.17, 3.44, 3.99, 5.06, 2.11, 3.44, 3.74, 3.69, 3.71, 4.69, 4.08, 4.15, 3.57, 1.34, 2.91, 3.96, 4.98, 3.05, 3.98, 1.57, 3.66, 3.53, 4.25, 3.75, 4.84, 4.28, 3.49, 3.74, 3.81, 4.15, 4.59, 3.48, 3.72, 2.23, 1.38, 3.78, 3.95, 2.42, 3.91, 3.79, 3.82, 4.72, 3.87, 3.97, 3.25, 4.02],
  tjk_543 = [1.01, 3.90, 0.97, 1.52, 1.01, 1.01, 1.13, 0.91, 1.20, 1.15, 3.04, 4.86, 0.96, 4.36, 0.93, 0.95, 1.11, 1.15, 4.87, 1.05, 1.02, 1.06, 1.11, 0.96, 1.06, 1.08, 1.00, 0.92, 0.97, 1.09, 1.09, 0.87, 4.89, 0.97, 0.87, 0.87, 2.68, 0.89, 1.51, 1.07, 1.16, 1.03, 0.93, 1.05, 1.08, 1.12, 0.92, 2.70, 1.13, 1.14],
  tjk_544 = [1.04, 0.92, 0.97, 1.05, 0.92, 0.84, 1.14, 0.88, 0.89, 0.97, 1.98, 1.08, 2.06, 1.01, 1.03, 0.88, 1.04, 2.55, 1.14, 0.91, 3.04, 1.05, 0.89, 4.23, 1.04, 1.28, 1.00, 1.12, 1.20, 3.20, 1.31, 1.02, 0.96, 1.01, 2.67, 0.96, 2.80, 4.54, 1.02, 0.95, 2.06, 3.97, 1.02, 1.57, 1.04, 0.97, 4.75, 4.50, 1.35, 0.97],
  tjk_545 = [0.94, 0.90, 3.11, 0.89, 1.02, 0.97, 1.08, 1.02, 4.62, 1.05, 0.96, 1.09, 1.04, 2.39, 0.90, 1.01, 1.00, 1.05, 1.03, 3.38, 1.11, 1.01, 4.53, 4.21, 1.10, 1.25, 1.06, 1.25, 1.00, 0.93, 1.99, 1.36, 0.96, 1.25, 0.96, 1.04, 0.85, 1.03, 0.91, 4.14, 1.18, 1.06, 1.21, 1.11, 1.01, 4.50, 0.92, 1.06, 2.46, 1.02],
  tjk_546 = [3.38, 3.23, 2.97, 3.42, 3.06, 2.74, 2.84, 4.63, 3.20, 3.04, 3.70, 2.68, 3.16, 1.37, 2.88, 2.39, 1.95, 3.47, 2.96, 3.12, 3.98, 2.54, 2.85, 3.46, 2.47, 2.40, 2.88, 1.87, 2.97, 3.45, 3.33, 2.82, 2.42, 2.53, 3.49, 2.63, 2.82, 3.48, 3.38, 2.82, 1.43, 2.90, 2.94, 3.88, 2.46, 3.12, 2.69, 2.92, 1.68, 3.22],
  tjk_547 = [4.67, 5.12, 5.11, 5.04, 5.23, 5.09, 3.98, 5.10, 6.04, 4.74, 4.73, 4.67, 2.22, 5.13, 3.66, 4.82, 4.71, 4.76, 5.92, 2.70, 5.78, 4.71, 1.27, 5.66, 4.21, 4.78, 5.88, 5.13, 5.22, 1.39, 6.00, 6.50, 5.44, 3.92, 6.47, 3.54, 4.70, 4.89, 4.51, 4.57, 4.29, 3.80, 5.53, 5.01, 4.70, 6.03, 4.73, 4.88, 4.73, 5.06],
  tjk_548 = [2.88, 2.81, 2.72, 3.32, 4.13, 3.91, 3.06, 4.57, 2.90, 1.26, 2.71, 2.21, 2.80, 2.90, 3.31, 2.98, 2.52, 3.03, 3.00, 3.08, 3.50, 1.65, 2.57, 2.96, 3.62, 3.05, 3.27, 2.63, 3.32, 2.57, 4.00, 3.03, 3.05, 3.24, 4.42, 1.39, 2.97, 3.08, 3.41, 2.83, 2.34, 2.16, 3.16, 2.47, 4.79, 3.33, 3.00, 3.67, 2.72, 4.75],
  tjk_549 = [2.18, 2.12, 2.03, 1.71, 2.03, 3.67, 2.21, 1.44, 1.98, 2.92, 1.98, 2.07, 2.38, 1.04, 4.81, 2.12, 2.11, 2.96, 1.67, 2.02, 4.29, 2.15, 4.20, 1.96, 3.92, 2.72, 2.02, 3.53, 2.22, 1.98, 1.72, 2.16, 2.24, 2.05, 4.75, 2.22, 2.14, 1.65, 1.97, 4.20, 1.97, 2.09, 1.10, 1.34, 1.91, 1.88, 1.81, 2.71, 2.04, 2.13],
  tjk_5410 = [3.50, 3.78, 4.37, 3.83, 4.42, 4.48, 3.63, 4.54, 3.49, 3.98, 3.59, 4.00, 4.25, 3.00, 1.37, 4.75, 4.00, 3.67, 3.77, 3.11, 4.53, 3.44, 3.74, 4.20, 3.08, 4.40, 3.69, 3.97, 3.80, 2.62, 3.75, 2.76, 3.63, 3.46, 4.97, 3.84, 4.20, 4.36, 3.68, 3.40, 1.76, 3.79, 1.91, 3.86, 4.33, 4.23, 3.68, 4.52, 4.27, 3.99],
  tjk_5411 = [5.90, 5.11, 6.52, 4.36, 1.87, 5.06, 4.57, 4.51, 3.48, 5.31, 5.05, 5.09, 5.82, 3.85, 4.15, 1.94, 4.76, 2.78, 3.49, 4.98, 4.75, 5.70, 4.92, 3.70, 4.46, 4.57, 4.32, 4.66, 5.90, 4.95, 4.83, 6.11, 3.04, 5.31, 4.71, 5.17, 5.33, 3.43, 1.84, 2.26, 1.54, 5.20, 4.83, 5.62, 3.00, 2.88, 1.45, 3.38, 3.77, 5.62],
  tjk_5412 = [3.74, 4.95, 4.21, 3.94, 4.26, 4.87, 4.61, 4.77, 4.17, 3.92, 3.05, 3.89, 4.21, 4.34, 4.90, 3.90, 3.82, 3.64, 4.50, 3.60, 3.57, 3.25, 3.68, 4.57, 3.72, 4.29, 3.20, 4.11, 4.45, 2.21, 4.17, 3.85, 3.04, 3.83, 2.52, 4.81, 4.40, 4.25, 4.05, 2.74, 4.45, 4.60, 4.38, 1.91, 2.61, 4.54, 3.87, 4.60, 4.08, 3.53],
  tjk_5413 = [2.10, 2.30, 1.76, 2.32, 2.05, 4.91, 2.05, 2.63, 1.92, 1.76, 2.26, 1.94, 1.82, 2.17, 2.09, 2.07, 1.82, 1.82, 2.05, 2.17, 1.66, 3.91, 3.30, 1.19, 2.13, 1.86, 2.12, 3.89, 2.09, 2.26, 2.06, 2.02, 1.97, 2.28, 1.65, 1.86, 2.22, 2.01, 1.24, 2.03, 2.22, 3.81, 1.82, 1.94, 2.06, 1.63, 2.07, 1.95, 1.98, 2.12],
  tjk_5414 = [1.18, 1.13, 1.01, 1.01, 2.91, 1.50, 4.79, 0.84, 1.84, 1.23, 0.87, 1.68, 0.88, 1.10, 3.69, 1.17, 1.09, 4.73, 3.96, 0.82, 1.07, 0.97, 0.98, 1.88, 0.93, 0.95, 4.78, 1.22, 0.94, 1.10, 0.87, 1.04, 0.96, 1.06, 0.96, 0.95, 0.97, 1.04, 1.03, 1.05, 0.97, 1.01, 1.00, 0.97, 3.25, 4.96, 4.07, 2.28, 1.02, 1.14],
  tjk_5415 = [3.78, 3.01, 3.84, 4.61, 4.47, 3.23, 3.91, 1.70, 4.09, 3.97, 4.02, 4.11, 2.78, 3.13, 2.83, 3.57, 3.18, 1.10, 1.13, 4.75, 4.24, 4.24, 2.92, 2.99, 4.04, 3.08, 4.94, 4.29, 1.54, 4.40, 4.58, 1.47, 1.34, 3.89, 4.78, 3.95, 4.24, 3.93, 3.64, 1.60, 3.61, 1.45, 3.36, 2.73, 3.92, 1.18, 3.46, 4.42, 3.86, 3.92],
  tjk_5416 = [2.36, 5.47, 1.45, 2.19, 5.35, 5.05, 5.38, 5.41, 4.44, 5.36, 3.46, 4.63, 6.10, 2.95, 4.77, 4.96, 5.06, 5.01, 5.80, 5.57, 6.05, 4.40, 4.86, 5.33, 5.62, 4.76, 4.90, 2.33, 5.10, 4.57, 2.58, 4.86, 4.51, 2.89, 3.45, 5.70, 5.21, 3.04, 4.95, 4.08, 1.72, 4.15, 5.00, 4.90, 4.93, 4.99, 5.83, 4.86, 5.32, 5.04],
  tjk_5417 = [5.01, 5.48, 4.48, 1.87, 5.08, 5.20, 4.54, 4.89, 4.97, 2.29, 4.97, 2.73, 5.02, 3.14, 4.65, 3.76, 3.57, 2.31, 5.02, 5.85, 4.69, 4.54, 4.57, 4.74, 5.34, 4.50, 4.93, 5.59, 2.32, 4.45, 4.02, 1.41, 4.38, 4.95, 5.36, 1.27, 4.75, 2.21, 1.14, 1.15, 5.24, 5.85, 4.91, 1.39, 4.75, 4.71, 2.83, 4.59, 5.55, 4.45],
  tjk_5418 = [0.94, 3.06, 0.94, 1.29, 4.73, 0.79, 1.03, 2.18, 1.11, 2.43, 4.42, 1.06, 2.28, 0.92, 1.23, 1.07, 0.74, 3.79, 0.90, 2.17, 0.95, 1.19, 1.03, 2.18, 1.49, 4.59, 3.63, 0.96, 1.03, 3.91, 1.11, 0.92, 4.51, 1.02, 4.03, 3.54, 2.44, 3.60, 0.98, 0.91, 1.43, 0.89, 1.02, 0.97, 1.04, 1.07, 1.44, 2.45, 0.91, 1.12],
  tjk_5419 = [2.37, 2.27, 1.39, 1.89, 3.65, 1.84, 1.88, 1.98, 2.20, 2.09, 2.16, 2.20, 2.99, 1.58, 1.92, 1.78, 1.64, 2.42, 4.30, 2.15, 1.87, 1.55, 1.93, 2.15, 1.91, 2.32, 3.34, 2.24, 1.49, 2.53, 2.36, 4.06, 1.80, 3.88, 1.91, 1.80, 1.98, 1.88, 1.99, 1.58, 4.59, 2.07, 2.02, 2.22, 1.65, 1.87, 1.70, 3.58, 4.46, 2.00],
  tjk_5420 = [3.82, 4.10, 4.38, 3.98, 3.81, 3.13, 3.90, 2.54, 3.91, 4.48, 4.68, 3.70, 3.79, 1.47, 4.53, 4.96, 4.11, 4.24, 3.85, 3.72, 3.73, 2.48, 1.38, 4.05, 1.04, 2.26, 4.12, 3.88, 4.00, 3.74, 3.43, 3.35, 2.70, 3.51, 4.66, 3.54, 4.06, 4.30, 3.80, 4.06, 2.92, 3.75, 3.93, 3.97, 4.53, 4.53, 3.75, 3.77, 4.88, 3.89],
  tjk_551 = [1.18, 1.05, 3.76, 4.98, 4.93, 1.59, 0.91, 1.40, 1.05, 1.01, 0.81, 1.07, 1.17, 1.15, 3.99, 0.92, 3.92, 0.89, 1.03, 0.89, 1.11, 1.34, 2.86, 3.50, 0.96, 0.94, 1.06, 0.98, 0.87, 0.84, 0.91, 0.96, 0.94, 1.04, 2.16, 0.94, 4.02, 0.97, 1.00, 4.95, 2.61, 1.05, 1.00, 0.99, 2.78, 0.99, 1.40, 0.93, 0.96, 0.92],
  tjk_552 = [4.14, 1.17, 0.93, 0.86, 0.86, 0.77, 1.01, 0.88, 1.05, 0.88, 1.04, 0.91, 1.17, 0.88, 1.10, 1.30, 1.02, 0.88, 4.08, 0.91, 0.90, 3.95, 1.05, 1.22, 1.02, 0.98, 1.11, 2.99, 0.98, 4.93, 1.00, 1.08, 4.52, 1.00, 1.07, 1.86, 0.80, 4.35, 4.67, 4.59, 0.98, 0.94, 1.35, 1.08, 1.15, 1.45, 0.93, 0.97, 1.18, 0.86],
  tjk_553 = [1.92, 2.03, 2.02, 4.45, 1.03, 2.15, 2.14, 4.14, 1.89, 2.21, 2.00, 2.13, 1.84, 1.80, 2.92, 3.44, 2.19, 1.87, 4.95, 1.20, 3.69, 1.85, 2.46, 2.48, 1.83, 1.90, 1.92, 1.92, 2.17, 4.01, 2.08, 3.70, 1.87, 1.97, 1.94, 4.87, 4.76, 1.63, 1.86, 2.05, 2.19, 2.54, 1.85, 2.05, 2.00, 1.68, 3.99, 2.10, 4.82, 4.95],
  tjk_554 = [4.68, 3.11, 1.66, 4.60, 4.74, 4.96, 1.13, 4.73, 5.39, 2.55, 4.27, 5.73, 5.56, 4.96, 5.33, 4.13, 5.14, 3.73, 1.14, 4.96, 4.76, 4.74, 5.59, 5.41, 5.06, 2.82, 2.71, 4.31, 4.37, 2.76, 4.28, 4.05, 5.57, 4.08, 5.39, 1.85, 4.79, 4.10, 5.76, 1.50, 4.61, 5.03, 1.18, 4.74, 3.97, 5.42, 5.93, 4.98, 4.81, 4.77],
  tjk_555 = [5.38, 5.27, 2.63, 4.90, 4.86, 4.60, 4.75, 5.50, 5.28, 1.88, 5.00, 4.83, 4.45, 1.30, 2.18, 1.53, 5.09, 4.11, 4.94, 4.49, 1.05, 4.65, 5.05, 1.42, 4.04, 5.38, 2.64, 4.52, 4.90, 2.27, 4.35, 1.34, 4.38, 1.95, 3.86, 4.23, 4.90, 4.33, 4.49, 1.81, 4.63, 5.33, 5.30, 1.53, 4.60, 5.13, 3.01, 4.79, 4.65, 2.23],
  tjk_556 = [3.94, 3.92, 4.09, 4.30, 4.15, 4.16, 4.22, 2.24, 2.86, 3.30, 4.30, 3.78, 3.74, 3.49, 3.97, 3.94, 4.43, 1.42, 3.51, 4.49, 4.02, 3.94, 4.07, 4.89, 3.54, 3.71, 4.46, 3.41, 2.12, 4.00, 4.25, 3.91, 4.55, 2.10, 4.16, 4.09, 3.98, 1.83, 3.91, 3.74, 3.85, 2.03, 1.30, 3.45, 3.59, 2.83, 4.77, 4.24, 1.16, 3.13],
  tjk_557 = [3.84, 4.41, 4.73, 4.99, 5.79, 4.48, 5.55, 4.96, 4.70, 5.45, 4.13, 5.18, 3.92, 4.14, 1.53, 5.49, 5.57, 3.45, 5.19, 3.70, 5.29, 2.02, 4.27, 3.69, 3.54, 4.05, 2.91, 3.49, 3.36, 4.20, 3.92, 4.29, 5.40, 5.54, 3.74, 5.40, 3.00, 5.80, 4.80, 4.28, 4.71, 5.09, 2.88, 4.46, 5.79, 5.54, 5.86, 5.09, 4.70, 4.72],
  tjk_558 = [5.09, 4.80, 5.12, 5.15, 4.61, 4.69, 3.12, 5.49, 4.25, 4.98, 4.98, 5.36, 4.64, 3.14, 1.69, 4.59, 5.63, 1.34, 5.09, 4.86, 4.94, 4.83, 4.12, 5.30, 1.69, 4.37, 4.64, 4.58, 4.47, 5.91, 4.57, 4.82, 3.30, 4.18, 4.89, 5.19, 5.77, 4.65, 4.50, 4.72, 4.37, 4.29, 3.61, 4.63, 5.65, 4.70, 4.81, 5.58, 3.58, 1.74],
  tjk_559 = [1.05, 3.73, 4.21, 3.48, 3.72, 1.16, 3.73, 2.22, 4.32, 4.57, 3.57, 2.65, 1.88, 3.33, 4.23, 4.37, 3.42, 4.23, 2.88, 4.49, 2.30, 3.97, 3.69, 4.16, 4.27, 1.22, 4.08, 4.33, 4.01, 3.50, 3.78, 4.69, 4.30, 3.74, 3.74, 4.59, 3.77, 3.86, 4.68, 2.32, 4.54, 4.00, 4.00, 2.95, 4.94, 3.50, 4.70, 5.04, 4.28, 3.18],
  tjk_5510 = [5.22, 4.46, 3.53, 5.21, 2.37, 2.12, 3.50, 5.03, 2.42, 5.25, 1.48, 4.77, 5.07, 4.23, 2.58, 5.68, 4.82, 5.20, 4.82, 2.06, 5.77, 3.89, 5.88, 4.04, 5.20, 4.35, 4.45, 5.35, 4.58, 1.08, 2.17, 5.69, 4.72, 5.16, 4.41, 2.29, 5.60, 3.76, 4.64, 4.64, 3.81, 3.07, 4.42, 5.30, 3.68, 4.13, 3.09, 2.27, 3.54, 4.93],
  tjk_5511 = [3.03, 4.33, 4.41, 4.45, 1.12, 3.17, 3.12, 3.87, 2.35, 3.93, 2.42, 3.67, 2.38, 4.26, 3.88, 3.40, 4.66, 3.79, 2.51, 2.02, 3.14, 4.08, 2.92, 3.58, 4.23, 4.51, 3.83, 4.06, 4.03, 3.16, 4.22, 1.47, 3.81, 2.70, 4.09, 3.36, 4.05, 3.06, 4.33, 4.38, 4.39, 3.99, 3.44, 4.88, 3.95, 3.76, 3.86, 4.60, 4.19, 4.03],
  tjk_5512 = [1.09, 0.97, 4.65, 2.22, 0.98, 0.95, 4.49, 0.84, 0.93, 2.45, 1.22, 3.15, 0.82, 2.59, 1.04, 0.89, 1.35, 0.95, 3.59, 3.95, 4.52, 2.03, 1.02, 1.08, 0.97, 0.96, 1.04, 4.10, 1.05, 1.05, 1.82, 0.86, 1.01, 2.10, 0.94, 0.96, 2.55, 0.90, 4.26, 1.00, 3.33, 1.98, 0.90, 2.27, 0.97, 1.01, 4.38, 1.28, 0.99, 1.20],
  tjk_5513 = [1.59, 1.34, 1.91, 1.85, 2.33, 2.26, 2.09, 1.96, 2.03, 1.48, 2.45, 1.34, 1.94, 2.94, 1.89, 3.86, 2.01, 3.59, 4.74, 2.15, 2.02, 1.87, 1.81, 1.98, 3.64, 1.82, 1.81, 4.51, 1.83, 1.96, 4.30, 3.74, 1.95, 1.78, 2.17, 1.71, 2.07, 1.18, 2.18, 4.85, 2.02, 2.26, 2.94, 1.40, 2.00, 1.83, 2.27, 2.07, 1.99, 1.99],
  tjk_5514 = [1.29, 1.00, 4.06, 0.87, 2.75, 0.87, 0.96, 3.53, 1.03, 1.11, 0.98, 1.05, 0.92, 1.16, 1.03, 1.06, 0.97, 3.30, 0.92, 0.95, 1.60, 1.07, 0.95, 0.97, 0.86, 0.98, 0.92, 1.01, 1.11, 1.03, 1.10, 0.98, 3.01, 2.20, 1.04, 0.97, 1.14, 2.89, 1.61, 1.05, 1.10, 1.14, 0.93, 1.71, 0.97, 1.87, 0.99, 1.10, 1.28, 1.08],
  tjk_5515 = [4.13, 1.23, 5.49, 4.89, 1.47, 4.52, 4.64, 5.53, 4.70, 4.92, 4.88, 2.93, 5.73, 2.80, 5.11, 4.81, 4.41, 5.02, 5.34, 4.95, 5.52, 4.14, 5.78, 5.94, 4.28, 3.96, 4.61, 5.29, 4.67, 5.33, 2.71, 5.51, 1.79, 5.00, 5.02, 4.66, 5.00, 4.11, 2.62, 4.98, 4.49, 1.45, 5.33, 4.73, 5.04, 4.23, 4.96, 5.19, 3.50, 2.44],
  tjk_5516 = [4.91, 2.63, 5.35, 5.44, 5.38, 3.81, 5.15, 4.75, 5.08, 5.19, 4.66, 1.75, 5.21, 1.25, 5.07, 3.16, 4.52, 5.18, 1.02, 4.88, 4.84, 3.54, 5.37, 5.17, 4.20, 3.04, 4.78, 4.19, 5.27, 1.31, 5.10, 1.86, 3.70, 4.77, 4.91, 4.51, 5.05, 4.80, 1.87, 5.63, 5.75, 1.84, 5.10, 4.58, 4.38, 3.97, 5.16, 5.93, 5.60, 4.79],
  tjk_5517 = [5.01, 4.45, 5.09, 5.31, 4.95, 4.95, 4.57, 5.08, 4.68, 5.69, 3.33, 2.91, 4.54, 4.64, 4.49, 3.80, 4.06, 5.35, 6.17, 2.72, 4.89, 2.82, 5.99, 5.07, 4.23, 5.01, 3.76, 4.43, 5.08, 4.84, 4.39, 5.76, 5.63, 4.44, 1.68, 4.07, 5.47, 5.73, 5.90, 4.09, 5.00, 4.32, 4.43, 4.81, 1.40, 5.10, 6.59, 1.83, 3.11, 1.34],
  tjk_5518 = [3.20, 3.45, 3.94, 2.78, 3.63, 4.50, 3.31, 3.21, 3.39, 3.34, 2.50, 3.86, 3.60, 2.54, 3.04, 3.21, 3.03, 4.82, 2.50, 2.01, 2.93, 2.89, 2.87, 3.43, 4.44, 2.57, 3.25, 4.23, 3.10, 1.37, 3.11, 3.32, 3.56, 2.80, 3.67, 3.12, 1.08, 2.77, 3.00, 2.57, 2.86, 2.83, 3.27, 2.59, 2.61, 3.32, 2.68, 4.46, 3.23, 3.23],
  tjk_5519 = [4.77, 3.89, 3.78, 4.22, 4.16, 4.20, 3.89, 1.80, 3.84, 3.33, 4.90, 1.49, 3.75, 3.47, 4.03, 4.14, 4.14, 2.38, 4.00, 4.30, 3.62, 3.76, 3.01, 4.38, 4.36, 3.39, 3.97, 3.70, 3.78, 3.72, 1.85, 4.22, 3.00, 3.64, 3.62, 4.07, 3.70, 3.71, 4.38, 4.02, 2.85, 4.08, 3.88, 4.18, 4.04, 3.46, 4.05, 3.70, 3.50, 4.19],
  tjk_5520 = [4.44, 3.58, 1.89, 2.17, 2.08, 4.93, 2.37, 3.59, 3.61, 2.03, 4.81, 1.46, 1.96, 1.94, 2.40, 2.10, 2.12, 2.32, 1.97, 1.46, 2.16, 4.58, 1.85, 1.41, 1.85, 1.85, 3.92, 2.22, 2.05, 1.82, 2.42, 1.86, 1.78, 4.28, 1.48, 1.85, 1.79, 1.90, 2.09, 1.94, 1.84, 3.18, 2.16, 1.84, 2.47, 2.25, 2.18, 2.16, 2.12, 1.83],
  tjk_561 = [2.11, 1.79, 1.98, 2.46, 2.32, 1.94, 2.92, 2.04, 2.23, 1.70, 1.96, 1.72, 2.16, 1.75, 2.09, 2.69, 2.21, 1.61, 2.05, 3.98, 1.97, 2.29, 4.95, 1.70, 1.95, 2.05, 1.39, 2.07, 1.26, 1.61, 1.78, 4.75, 1.92, 2.12, 4.04, 1.70, 2.14, 1.61, 4.30, 2.06, 1.74, 3.31, 1.83, 1.98, 4.66, 2.11, 2.90, 4.96, 1.65, 2.12],
  tjk_562 = [6.29, 5.17, 1.69, 4.20, 4.62, 4.78, 4.75, 2.45, 5.18, 5.02, 5.19, 5.23, 5.26, 5.71, 5.39, 5.70, 4.56, 5.77, 4.45, 1.97, 1.56, 5.23, 4.96, 4.87, 5.20, 5.66, 5.97, 4.31, 5.33, 1.51, 4.88, 4.61, 5.11, 5.21, 5.31, 4.59, 2.02, 4.61, 4.83, 4.87, 2.94, 4.81, 4.43, 4.23, 5.50, 4.24, 5.97, 5.10, 4.26, 4.85],
  tjk_563 = [3.99, 4.39, 3.97, 2.30, 4.50, 3.76, 4.07, 4.30, 5.11, 3.91, 3.07, 2.00, 4.40, 3.64, 4.46, 4.00, 1.32, 2.09, 4.22, 4.13, 1.75, 3.67, 3.69, 4.92, 4.62, 3.79, 4.08, 4.34, 1.32, 3.58, 4.48, 3.93, 2.18, 3.55, 3.23, 2.04, 3.03, 4.01, 4.20, 4.99, 5.00, 4.17, 3.87, 3.59, 3.66, 2.88, 4.14, 3.29, 2.29, 1.05],
  tjk_564 = [3.85, 2.77, 1.28, 2.67, 2.95, 3.05, 1.42, 2.65, 2.42, 3.09, 4.53, 3.43, 3.28, 3.35, 3.23, 1.45, 1.81, 2.95, 3.55, 3.03, 3.26, 2.64, 3.01, 3.08, 3.42, 2.73, 3.86, 3.42, 1.46, 3.01, 3.03, 3.26, 3.72, 2.98, 3.22, 3.04, 2.22, 2.53, 4.83, 3.29, 1.96, 3.08, 4.16, 1.72, 3.40, 2.98, 3.11, 3.25, 1.10, 2.98],
  tjk_565 = [4.63, 1.16, 4.65, 1.46, 2.67, 2.64, 1.38, 3.43, 3.16, 3.61, 2.66, 1.91, 3.30, 3.40, 4.74, 3.36, 3.05, 2.86, 2.33, 3.45, 3.86, 1.45, 1.58, 3.56, 2.45, 2.63, 2.76, 3.36, 1.20, 3.63, 1.02, 3.21, 3.20, 2.71, 3.38, 2.82, 2.99, 2.95, 3.00, 2.91, 2.88, 1.04, 1.83, 2.89, 4.72, 2.71, 3.30, 3.10, 1.48, 4.74],
  tjk_566 = [2.35, 4.81, 4.65, 2.47, 4.96, 4.89, 4.28, 5.74, 5.08, 4.88, 5.11, 5.73, 2.93, 4.24, 3.75, 3.81, 5.04, 5.21, 4.67, 1.91, 4.84, 4.71, 1.61, 3.12, 4.48, 4.53, 1.26, 1.70, 5.79, 1.21, 4.94, 5.29, 1.59, 1.03, 2.75, 4.02, 4.97, 5.51, 5.08, 3.72, 4.38, 5.58, 4.63, 4.52, 5.58, 5.26, 4.93, 5.68, 4.77, 4.75],
  tjk_567 = [4.21, 4.41, 3.27, 3.34, 4.06, 4.44, 3.81, 4.23, 4.70, 4.06, 3.34, 3.84, 2.90, 4.26, 1.43, 2.79, 3.48, 3.98, 2.19, 3.55, 2.87, 4.26, 4.30, 4.49, 4.06, 4.23, 3.81, 4.25, 2.34, 4.60, 4.16, 4.42, 2.35, 4.44, 3.83, 4.10, 4.53, 2.65, 4.55, 4.29, 3.06, 3.14, 4.82, 4.39, 4.25, 4.11, 3.23, 4.01, 2.98, 1.48],
  tjk_568 = [1.03, 0.95, 1.31, 0.92, 1.12, 4.39, 1.04, 1.08, 0.93, 1.04, 3.11, 1.04, 0.94, 1.03, 0.96, 0.94, 2.05, 1.60, 0.99, 0.98, 0.94, 0.81, 0.93, 1.08, 0.98, 1.02, 1.80, 1.05, 2.41, 1.90, 1.01, 0.92, 0.75, 1.09, 4.21, 1.88, 0.95, 1.02, 4.80, 0.96, 0.95, 3.46, 1.15, 0.89, 0.98, 1.10, 1.86, 4.15, 1.10, 1.04],
  tjk_569 = [3.09, 4.97, 3.42, 4.61, 5.80, 3.17, 3.48, 5.94, 5.40, 5.73, 4.57, 6.71, 4.72, 3.95, 5.11, 5.48, 1.48, 1.39, 5.01, 4.12, 4.59, 4.66, 5.04, 4.71, 5.23, 5.12, 4.97, 6.06, 5.04, 5.64, 1.89, 4.12, 5.66, 5.32, 5.24, 4.97, 5.16, 4.49, 5.69, 4.31, 4.93, 2.09, 5.57, 5.88, 5.67, 5.45, 3.79, 4.50, 4.16, 4.27],
  tjk_5610 = [0.94, 1.07, 3.40, 1.00, 0.89, 1.01, 2.92, 1.58, 4.65, 0.98, 2.04, 1.03, 1.04, 0.90, 3.40, 0.90, 3.78, 1.17, 1.05, 1.05, 1.08, 0.97, 2.31, 3.04, 4.37, 1.46, 0.99, 3.50, 0.90, 1.01, 1.05, 1.09, 0.91, 1.08, 0.96, 4.90, 3.28, 1.58, 0.97, 1.08, 0.79, 3.10, 1.02, 1.66, 2.38, 0.91, 1.19, 0.98, 1.16, 0.97],
  tjk_5611 = [1.01, 0.94, 0.89, 1.75, 0.94, 0.99, 1.22, 1.00, 1.02, 0.97, 1.18, 1.16, 0.99, 3.13, 4.44, 0.95, 0.93, 4.50, 0.82, 1.06, 0.91, 1.05, 1.13, 1.09, 0.83, 1.74, 1.04, 4.86, 3.52, 3.98, 2.65, 3.37, 1.03, 0.91, 2.68, 0.95, 1.16, 0.90, 1.07, 0.93, 1.03, 0.98, 3.23, 1.05, 1.07, 1.23, 4.32, 4.10, 3.94, 2.42],
  tjk_5612 = [4.25, 4.11, 3.48, 3.64, 4.20, 3.96, 3.21, 4.84, 2.88, 4.02, 3.46, 3.30, 3.60, 2.03, 3.53, 4.43, 3.57, 4.39, 4.10, 2.46, 2.96, 3.65, 3.91, 3.89, 4.33, 3.13, 2.99, 4.18, 3.85, 1.19, 3.93, 4.99, 3.99, 3.61, 2.02, 3.45, 4.15, 3.92, 4.02, 1.63, 4.29, 3.81, 3.25, 4.27, 1.92, 2.82, 4.21, 3.64, 4.44, 2.67],
  tjk_5613 = [2.83, 3.08, 2.54, 3.52, 2.94, 2.89, 2.68, 3.28, 2.54, 3.06, 1.98, 2.74, 3.20, 3.66, 4.47, 2.76, 2.70, 3.10, 1.96, 3.65, 3.43, 3.58, 3.10, 2.44, 2.92, 2.93, 4.73, 3.69, 3.05, 2.61, 1.52, 3.91, 2.48, 2.46, 2.61, 2.86, 1.90, 3.83, 2.79, 2.83, 2.42, 3.67, 1.28, 2.48, 3.72, 4.29, 1.37, 3.15, 2.90, 2.72],
  tjk_5614 = [1.99, 2.81, 1.90, 2.09, 2.70, 2.11, 1.98, 2.27, 4.67, 1.60, 4.25, 2.43, 2.16, 2.50, 3.49, 1.98, 4.12, 1.17, 2.31, 4.89, 2.21, 3.00, 1.84, 2.41, 1.99, 2.34, 1.67, 4.14, 2.29, 2.00, 2.11, 2.23, 1.91, 2.20, 4.41, 1.88, 2.22, 1.34, 1.82, 2.03, 2.28, 3.12, 1.99, 2.35, 2.14, 2.07, 3.40, 2.03, 4.88, 4.14],
  tjk_5615 = [1.49, 2.04, 2.34, 2.76, 2.71, 2.33, 2.14, 1.99, 2.05, 1.32, 4.76, 1.12, 1.91, 1.93, 1.01, 1.67, 1.96, 2.18, 2.17, 2.15, 1.92, 1.98, 1.56, 3.05, 2.50, 2.95, 2.32, 1.97, 1.59, 1.66, 2.93, 1.81, 2.55, 2.20, 2.31, 1.92, 1.89, 2.07, 2.13, 1.98, 1.81, 1.55, 1.83, 2.19, 1.70, 4.40, 2.54, 3.28, 2.09, 2.00],
  tjk_5616 = [2.01, 2.14, 4.21, 2.40, 4.08, 4.29, 3.67, 2.60, 4.91, 4.14, 4.36, 3.71, 4.11, 1.00, 3.84, 4.42, 1.26, 4.27, 3.32, 1.45, 3.77, 3.48, 3.82, 3.84, 4.28, 4.74, 3.79, 1.44, 4.28, 3.52, 3.94, 3.41, 2.93, 4.25, 4.52, 3.94, 3.86, 3.07, 4.08, 4.44, 2.19, 4.22, 3.13, 3.61, 3.75, 3.97, 3.72, 3.67, 4.06, 3.75],
  tjk_5617 = [1.86, 2.65, 2.95, 2.94, 3.65, 2.79, 3.38, 3.22, 3.34, 3.20, 3.25, 3.41, 2.58, 3.04, 3.06, 4.62, 4.54, 2.43, 2.71, 2.17, 1.85, 3.26, 2.58, 1.60, 3.20, 1.47, 3.09, 3.21, 2.95, 3.73, 2.87, 3.38, 3.31, 3.09, 3.38, 2.81, 3.50, 2.88, 3.04, 2.68, 4.15, 1.49, 2.00, 1.26, 2.83, 3.12, 3.23, 2.83, 3.25, 2.97],
  tjk_5618 = [2.03, 3.31, 1.90, 1.75, 1.32, 1.64, 4.69, 1.99, 2.44, 2.06, 2.22, 1.95, 1.83, 2.08, 3.92, 2.25, 2.21, 2.18, 4.30, 2.16, 2.04, 1.72, 2.34, 1.51, 2.07, 2.21, 1.95, 2.08, 1.40, 2.15, 2.06, 1.18, 1.96, 2.64, 2.08, 2.11, 2.22, 2.19, 2.10, 2.13, 2.38, 4.55, 2.10, 2.58, 2.11, 3.32, 2.16, 3.09, 2.11, 1.65],
  tjk_5619 = [2.53, 2.11, 1.89, 2.01, 1.97, 2.43, 1.81, 2.11, 1.74, 2.85, 4.31, 1.60, 2.16, 1.98, 1.98, 2.25, 2.00, 1.11, 2.15, 3.05, 1.79, 1.88, 4.04, 1.47, 2.05, 2.08, 4.30, 3.90, 1.93, 1.99, 2.12, 2.16, 3.97, 4.24, 2.03, 1.87, 2.08, 2.02, 1.96, 2.07, 2.41, 1.86, 3.07, 1.88, 4.53, 2.05, 2.30, 2.06, 1.93, 1.92],
  tjk_5620 = [1.37, 4.39, 1.60, 3.44, 3.52, 3.96, 3.27, 4.17, 4.46, 4.19, 3.63, 4.96, 4.32, 4.15, 3.88, 4.18, 1.31, 4.27, 4.33, 4.36, 3.56, 3.70, 4.68, 4.12, 3.57, 3.14, 4.30, 4.21, 4.05, 3.46, 3.73, 3.88, 4.54, 3.17, 3.29, 1.82, 4.68, 4.27, 3.78, 4.40, 3.90, 3.80, 4.39, 3.95, 3.42, 3.28, 2.21, 4.70, 3.78, 3.53],
  tjk_571 = [4.80, 5.81, 5.57, 5.17, 1.65, 4.35, 5.31, 4.32, 3.05, 4.88, 5.80, 2.43, 5.09, 4.06, 4.86, 1.47, 4.65, 2.43, 4.00, 1.68, 2.92, 4.90, 4.95, 4.45, 4.65, 5.02, 1.94, 2.52, 2.23, 1.94, 5.77, 4.03, 4.81, 4.49, 1.46, 4.50, 5.36, 1.96, 4.18, 4.05, 4.85, 4.87, 5.34, 1.17, 3.19, 5.06, 4.43, 4.15, 5.17, 1.65],
  tjk_572 = [1.87, 1.11, 1.95, 2.35, 2.07, 2.07, 1.92, 1.88, 2.15, 1.79, 2.04, 1.84, 3.49, 2.19, 2.35, 3.98, 1.85, 2.53, 2.27, 1.67, 2.35, 1.79, 1.96, 1.66, 2.99, 2.18, 2.08, 1.85, 4.38, 1.39, 2.35, 1.68, 1.97, 2.60, 1.70, 2.36, 2.15, 2.73, 2.16, 1.99, 2.19, 2.06, 2.39, 1.96, 2.06, 2.35, 2.02, 2.01, 1.98, 1.97],
  tjk_573 = [3.71, 3.78, 3.88, 3.50, 3.72, 2.75, 2.81, 4.87, 4.37, 3.90, 3.57, 3.91, 3.94, 2.96, 4.94, 3.63, 4.43, 3.30, 4.70, 3.64, 2.24, 4.08, 2.01, 3.65, 4.50, 4.47, 3.68, 3.99, 1.60, 4.64, 1.44, 3.45, 4.86, 1.66, 1.63, 3.83, 3.94, 3.21, 4.82, 1.92, 3.22, 1.71, 4.00, 4.33, 4.79, 1.08, 3.88, 2.81, 5.39, 2.37],
  tjk_574 = [1.05, 2.65, 1.14, 1.06, 3.47, 3.84, 0.81, 2.82, 1.06, 3.64, 1.42, 1.10, 1.01, 4.91, 3.08, 1.04, 1.07, 3.39, 1.02, 3.44, 4.68, 0.98, 1.04, 2.45, 0.93, 1.03, 1.11, 0.93, 2.45, 1.11, 0.98, 2.73, 1.03, 0.93, 1.23, 1.11, 1.25, 0.96, 0.95, 1.09, 0.99, 0.88, 0.92, 0.92, 1.02, 0.88, 0.90, 1.02, 0.99, 0.88],
  tjk_575 = [3.30, 4.55, 4.70, 4.05, 4.06, 3.53, 2.88, 4.00, 3.73, 2.75, 4.03, 2.21, 4.18, 4.73, 1.10, 4.25, 2.12, 4.47, 3.94, 2.09, 4.94, 3.82, 3.89, 4.25, 3.47, 3.56, 1.15, 4.33, 3.74, 3.70, 1.98, 2.12, 1.08, 3.77, 1.30, 3.98, 3.76, 3.30, 4.06, 5.11, 1.98, 4.25, 3.85, 4.22, 3.70, 3.40, 3.45, 2.60, 3.75, 3.56],
  tjk_576 = [3.49, 4.05, 3.74, 1.52, 1.93, 3.67, 4.19, 4.13, 4.97, 4.13, 4.19, 4.19, 2.11, 3.12, 2.39, 3.80, 4.09, 4.32, 4.38, 3.96, 3.60, 4.06, 2.88, 4.61, 4.16, 1.35, 1.99, 3.90, 4.19, 3.27, 3.30, 3.75, 3.65, 3.46, 4.09, 4.32, 4.18, 3.93, 4.22, 3.49, 4.20, 3.70, 3.64, 3.02, 4.45, 4.23, 2.02, 3.63, 4.01, 3.98],
  tjk_577 = [2.01, 4.44, 1.84, 1.72, 2.39, 2.05, 1.65, 2.14, 2.09, 2.69, 2.25, 1.86, 1.60, 2.18, 2.47, 2.06, 1.97, 1.86, 4.86, 2.31, 2.27, 2.27, 4.60, 2.34, 1.82, 2.18, 2.19, 1.95, 3.37, 1.98, 1.80, 2.63, 2.68, 4.23, 3.29, 4.58, 1.85, 4.67, 2.17, 1.66, 2.22, 2.19, 1.93, 2.09, 2.07, 2.10, 4.85, 2.03, 1.64, 2.04],
  tjk_578 = [2.64, 4.91, 5.15, 5.35, 4.84, 2.49, 4.85, 4.91, 5.54, 5.91, 4.90, 5.22, 4.88, 2.08, 5.59, 2.76, 4.67, 5.09, 5.32, 4.25, 4.86, 4.59, 4.43, 4.95, 4.78, 5.33, 5.08, 5.25, 4.77, 3.86, 4.91, 4.83, 2.83, 4.80, 4.24, 4.60, 5.38, 4.04, 4.30, 5.14, 4.82, 4.74, 5.22, 4.65, 4.37, 4.59, 5.41, 3.64, 4.97, 1.67],
  tjk_579 = [2.91, 2.91, 4.45, 2.89, 1.25, 2.91, 4.27, 2.81, 2.66, 2.58, 3.35, 3.39, 4.13, 2.92, 2.82, 3.24, 2.99, 2.87, 3.05, 2.92, 2.56, 2.76, 2.97, 3.13, 3.23, 2.40, 4.78, 2.75, 3.38, 3.92, 2.99, 3.47, 2.15, 3.06, 2.94, 3.23, 3.49, 2.58, 3.17, 2.71, 3.13, 3.37, 2.94, 2.44, 3.22, 3.08, 1.03, 2.88, 3.38, 2.95],
  tjk_5710 = [4.18, 3.49, 2.76, 3.55, 4.52, 4.22, 4.24, 3.50, 4.00, 4.07, 4.12, 4.46, 4.18, 4.02, 2.41, 3.68, 4.15, 4.56, 4.43, 3.52, 1.77, 4.13, 4.03, 3.11, 4.67, 4.83, 4.40, 4.24, 4.72, 4.69, 3.49, 3.94, 3.25, 2.18, 3.84, 2.31, 3.91, 4.61, 4.07, 4.56, 4.36, 1.02, 3.66, 4.22, 3.60, 4.45, 3.89, 4.25, 3.91, 3.98],
  tjk_5711 = [2.17, 3.91, 4.21, 4.32, 3.99, 4.69, 4.15, 3.28, 3.84, 4.42, 3.76, 1.68, 3.60, 1.25, 4.39, 2.32, 3.34, 3.95, 1.61, 3.41, 3.94, 4.17, 1.48, 4.06, 1.63, 4.58, 2.44, 1.96, 4.80, 4.43, 4.16, 1.50, 3.69, 3.47, 1.19, 3.42, 3.77, 4.19, 1.66, 4.52, 3.33, 3.86, 4.36, 3.91, 2.45, 4.77, 1.73, 2.37, 4.54, 4.29],
  tjk_5712 = [1.05, 1.13, 0.94, 1.10, 1.01, 0.95, 1.12, 4.15, 0.96, 0.93, 1.07, 2.00, 0.90, 0.97, 1.12, 1.58, 1.86, 1.14, 1.26, 0.99, 0.87, 0.82, 3.26, 1.04, 0.90, 0.91, 1.00, 0.97, 3.58, 5.00, 0.98, 1.05, 1.07, 1.06, 4.46, 1.03, 0.77, 1.08, 1.03, 0.92, 0.99, 3.43, 0.97, 0.90, 0.98, 4.19, 3.26, 4.04, 1.03, 3.58],
  tjk_5713 = [3.36, 4.12, 0.99, 3.30, 1.07, 2.41, 0.80, 4.39, 2.52, 1.01, 2.32, 1.09, 1.24, 2.70, 1.12, 0.90, 1.22, 1.01, 0.95, 0.86, 1.71, 1.08, 4.97, 2.80, 1.14, 0.82, 0.92, 0.98, 1.03, 0.92, 1.04, 1.13, 2.70, 0.98, 3.29, 0.87, 1.04, 1.19, 0.98, 2.78, 0.90, 1.10, 1.92, 0.97, 4.50, 1.08, 0.84, 1.03, 1.07, 1.10],
  tjk_5714 = [4.81, 4.11, 4.39, 4.15, 4.01, 3.73, 4.81, 3.60, 3.77, 2.54, 1.97, 4.87, 4.47, 2.21, 4.30, 3.80, 3.52, 3.94, 4.63, 4.60, 2.84, 3.68, 1.09, 4.16, 3.89, 4.12, 4.36, 3.93, 3.58, 3.77, 3.81, 3.03, 4.25, 4.14, 3.94, 2.15, 3.37, 2.57, 4.07, 4.33, 4.63, 3.77, 3.50, 4.28, 4.08, 2.20, 1.72, 3.99, 3.85, 3.56],
  tjk_5715 = [2.15, 1.56, 2.31, 2.02, 2.09, 1.90, 1.90, 2.17, 1.96, 1.73, 1.93, 2.23, 1.95, 1.67, 2.00, 1.97, 2.69, 4.63, 4.27, 3.73, 3.00, 4.95, 1.63, 1.68, 1.92, 2.12, 3.05, 1.91, 3.07, 1.81, 2.09, 1.89, 1.58, 2.11, 1.73, 1.92, 2.17, 2.32, 1.83, 2.38, 1.95, 3.06, 1.01, 2.11, 3.51, 2.27, 4.02, 2.15, 2.01, 4.50],
  tjk_5716 = [4.17, 2.41, 4.26, 3.54, 4.06, 1.39, 3.77, 3.97, 3.93, 4.23, 2.02, 4.15, 3.90, 4.57, 3.69, 3.71, 3.68, 3.66, 4.14, 4.46, 4.04, 3.82, 4.81, 4.18, 3.89, 2.85, 3.65, 4.15, 4.24, 4.34, 3.71, 4.26, 1.21, 2.90, 4.40, 3.87, 1.44, 3.77, 3.70, 3.72, 4.79, 1.97, 3.63, 4.49, 4.82, 3.73, 3.76, 4.08, 3.26, 4.06],
  tjk_5717 = [1.79, 2.28, 2.16, 4.19, 2.13, 4.48, 2.49, 2.35, 1.46, 2.28, 1.64, 2.64, 1.66, 1.65, 1.97, 2.63, 2.32, 1.97, 2.17, 2.01, 1.90, 2.16, 2.14, 1.24, 2.04, 4.13, 2.16, 1.99, 1.96, 1.81, 1.81, 1.44, 2.47, 1.88, 2.07, 2.09, 4.89, 1.83, 1.93, 2.00, 2.71, 2.05, 2.26, 2.26, 1.83, 2.11, 1.75, 2.01, 2.64, 3.15],
  tjk_5718 = [1.89, 1.99, 1.80, 1.79, 2.01, 2.31, 2.03, 3.55, 3.47, 3.30, 1.98, 2.25, 2.33, 1.85, 2.01, 2.29, 1.81, 2.45, 1.99, 2.26, 1.63, 4.75, 4.42, 1.87, 1.75, 4.36, 2.07, 1.48, 2.10, 4.81, 2.07, 2.01, 1.91, 1.74, 1.38, 1.82, 4.44, 1.70, 2.89, 1.96, 2.08, 1.26, 1.99, 4.00, 3.87, 1.86, 1.18, 1.71, 1.72, 3.45],
  tjk_5719 = [1.80, 1.84, 4.92, 2.02, 2.20, 1.92, 2.03, 2.13, 2.36, 1.89, 2.15, 1.84, 2.27, 1.93, 2.10, 3.38, 2.16, 1.77, 1.96, 4.00, 1.85, 1.81, 1.89, 1.82, 1.95, 1.97, 3.60, 1.85, 1.93, 2.83, 2.01, 2.02, 3.96, 4.53, 3.88, 1.90, 2.09, 2.23, 1.62, 2.43, 1.96, 2.10, 1.91, 1.56, 1.95, 2.15, 1.59, 2.46, 1.96, 1.91],
  tjk_5720 = [4.16, 3.64, 5.40, 3.61, 4.25, 4.02, 4.76, 4.57, 4.45, 3.43, 4.08, 4.14, 4.51, 3.52, 2.61, 3.95, 4.19, 4.13, 3.92, 4.03, 3.59, 4.24, 4.48, 4.62, 1.02, 2.48, 4.97, 1.35, 4.07, 3.45, 4.02, 3.83, 4.61, 4.34, 4.03, 3.07, 4.25, 3.46, 3.85, 4.27, 2.31, 3.98, 2.43, 3.77, 4.08, 3.89, 3.94, 4.17, 3.91, 3.35],
  tjk_581 = [1.20, 1.00, 1.05, 0.96, 1.00, 0.90, 1.36, 1.06, 3.27, 3.66, 1.11, 0.89, 1.10, 1.18, 4.72, 1.20, 1.06, 0.80, 1.11, 1.35, 0.92, 1.14, 0.89, 0.86, 0.90, 3.14, 1.17, 0.99, 1.02, 1.09, 1.27, 0.99, 0.96, 1.08, 2.18, 3.33, 1.24, 4.74, 1.11, 0.91, 3.99, 0.96, 1.08, 1.34, 4.61, 2.82, 1.07, 2.57, 0.87, 3.17],
  tjk_582 = [5.25, 4.68, 5.46, 1.81, 4.31, 1.30, 1.95, 4.45, 5.05, 2.09, 4.70, 5.47, 4.80, 4.15, 2.90, 5.42, 5.50, 5.76, 4.92, 5.16, 3.41, 3.07, 5.04, 5.48, 5.35, 4.76, 4.28, 5.49, 2.79, 5.56, 2.69, 5.73, 4.80, 2.15, 4.18, 4.53, 2.80, 5.45, 4.88, 4.04, 4.76, 4.71, 3.02, 1.74, 4.23, 4.99, 1.43, 4.87, 4.22, 2.13],
  tjk_583 = [5.69, 5.51, 4.72, 5.84, 4.56, 5.63, 5.42, 5.04, 4.29, 4.68, 5.64, 5.49, 1.67, 4.29, 2.00, 5.57, 4.89, 4.96, 4.46, 3.94, 4.71, 2.92, 5.97, 2.04, 4.62, 5.50, 4.82, 1.86, 6.04, 4.68, 4.06, 5.48, 4.52, 1.58, 5.36, 4.08, 6.44, 4.43, 4.31, 1.81, 4.09, 6.00, 5.30, 4.67, 4.97, 5.57, 1.06, 4.57, 5.34, 4.65],
  tjk_584 = [1.06, 0.94, 1.19, 0.95, 2.25, 0.99, 3.89, 1.06, 0.88, 3.17, 1.39, 0.99, 1.05, 0.89, 1.91, 2.51, 1.64, 0.97, 0.90, 1.06, 1.05, 3.77, 1.02, 1.10, 1.08, 0.90, 3.25, 1.12, 1.07, 1.17, 1.12, 0.87, 1.02, 0.70, 0.79, 1.03, 0.92, 0.87, 4.53, 0.87, 0.96, 1.03, 1.19, 4.57, 0.90, 0.87, 0.96, 2.72, 0.99, 0.93],
  tjk_585 = [1.95, 1.78, 1.87, 3.26, 1.16, 1.79, 1.52, 4.95, 2.04, 2.00, 2.13, 1.58, 1.92, 2.25, 2.22, 1.80, 1.89, 1.83, 2.00, 2.17, 2.06, 1.87, 2.26, 4.34, 2.24, 1.75, 1.91, 2.13, 2.08, 1.88, 3.13, 3.58, 2.26, 2.08, 1.90, 2.05, 1.95, 2.41, 4.27, 2.06, 4.99, 2.16, 4.41, 2.25, 1.65, 2.00, 1.97, 2.04, 2.58, 2.15],
  tjk_586 = [3.73, 4.24, 1.24, 4.36, 3.79, 4.72, 4.20, 4.34, 4.74, 4.19, 2.15, 4.29, 4.24, 4.70, 3.55, 2.42, 3.84, 1.12, 4.22, 3.50, 4.71, 3.72, 4.41, 3.75, 4.00, 4.36, 4.12, 4.12, 4.37, 2.05, 3.55, 4.56, 4.04, 1.97, 3.96, 4.02, 4.32, 3.71, 4.43, 4.07, 3.59, 1.67, 4.23, 3.91, 3.19, 3.77, 4.01, 4.04, 3.32, 1.81],
  tjk_587 = [2.21, 2.04, 2.09, 2.19, 1.74, 1.73, 1.96, 2.27, 2.12, 1.72, 2.08, 1.93, 1.83, 1.02, 2.57, 2.85, 1.81, 4.05, 2.46, 1.92, 1.92, 3.79, 4.22, 1.80, 1.91, 3.21, 1.99, 1.90, 2.05, 1.96, 1.86, 2.20, 2.27, 2.18, 1.74, 1.92, 1.96, 2.07, 2.12, 2.12, 2.87, 1.69, 1.91, 1.69, 2.39, 2.47, 3.38, 2.01, 1.82, 4.32],
  tjk_588 = [4.52, 3.46, 3.83, 4.47, 3.73, 4.06, 4.35, 1.08, 4.27, 4.59, 3.55, 3.88, 3.56, 3.11, 3.45, 2.45, 4.74, 4.13, 3.66, 1.31, 2.23, 3.85, 3.66, 3.73, 4.43, 3.93, 4.33, 3.71, 4.28, 4.27, 3.38, 1.11, 3.45, 4.26, 3.47, 2.62, 3.60, 2.44, 4.31, 4.39, 3.89, 4.07, 4.02, 4.23, 4.30, 3.96, 4.10, 4.94, 4.47, 3.17],
  tjk_589 = [3.46, 4.23, 2.53, 4.09, 4.32, 3.72, 3.56, 1.78, 3.51, 4.29, 4.13, 3.87, 4.41, 4.10, 4.44, 3.65, 4.25, 4.36, 4.06, 4.41, 3.96, 4.28, 2.83, 3.79, 2.90, 1.57, 4.06, 4.23, 3.83, 4.10, 3.57, 3.84, 3.24, 4.40, 3.85, 4.18, 3.95, 1.64, 4.14, 4.68, 4.21, 3.94, 3.72, 4.60, 3.58, 2.67, 3.27, 3.98, 3.93, 4.22],
  tjk_5810 = [5.53, 5.78, 1.19, 3.61, 1.76, 5.45, 3.95, 4.19, 5.00, 3.46, 4.41, 4.93, 5.21, 4.88, 4.45, 4.73, 4.74, 5.21, 4.11, 5.07, 5.69, 5.04, 4.36, 4.38, 3.45, 5.40, 1.78, 4.41, 5.74, 4.75, 4.87, 4.66, 5.00, 2.16, 5.00, 4.47, 4.86, 1.66, 1.72, 3.98, 4.01, 4.38, 3.27, 3.17, 3.81, 5.04, 1.28, 4.37, 5.25, 4.82],
  tjk_5811 = [4.10, 3.69, 3.62, 4.23, 3.53, 4.38, 2.99, 3.60, 1.63, 1.33, 1.08, 3.15, 3.50, 3.70, 3.85, 1.45, 3.14, 4.10, 4.16, 4.73, 4.18, 3.27, 4.55, 4.15, 4.28, 2.99, 3.75, 3.08, 4.97, 3.56, 4.18, 4.49, 4.43, 3.78, 2.60, 4.03, 3.44, 4.40, 3.51, 4.50, 1.83, 3.75, 2.32, 3.54, 2.78, 1.82, 1.45, 4.04, 3.26, 4.89],
  tjk_5812 = [4.96, 4.89, 5.59, 4.51, 5.31, 4.87, 2.88, 4.71, 2.10, 4.60, 4.94, 4.15, 4.89, 5.30, 5.60, 5.55, 4.60, 4.80, 4.52, 5.30, 5.12, 2.29, 4.44, 4.46, 2.82, 5.90, 2.10, 4.78, 4.95, 2.40, 5.80, 4.97, 5.75, 5.50, 1.62, 5.10, 5.20, 4.85, 4.44, 1.49, 4.15, 1.39, 4.31, 3.53, 4.76, 5.23, 4.52, 4.39, 4.85, 5.35],
  tjk_5813 = [1.80, 1.97, 3.73, 1.85, 2.17, 2.03, 1.66, 1.95, 2.34, 1.94, 2.60, 4.94, 1.76, 2.11, 2.13, 1.82, 1.94, 1.94, 1.95, 4.80, 1.90, 1.95, 2.10, 4.09, 4.95, 1.88, 2.14, 1.79, 2.02, 1.82, 1.91, 2.11, 1.88, 2.21, 2.10, 2.22, 2.06, 2.08, 2.01, 4.02, 1.92, 3.95, 2.59, 1.93, 1.03, 1.74, 1.87, 2.35, 2.02, 3.50],
  tjk_5814 = [4.08, 2.08, 3.58, 3.31, 3.43, 3.43, 2.47, 3.04, 3.01, 2.52, 3.17, 3.48, 3.25, 4.36, 1.32, 2.92, 2.84, 2.81, 3.12, 4.22, 2.60, 4.82, 2.79, 3.14, 3.09, 3.30, 3.45, 3.05, 3.00, 1.23, 3.01, 2.93, 3.00, 2.72, 3.30, 1.56, 3.22, 4.15, 3.18, 4.16, 3.01, 2.99, 3.29, 2.91, 3.31, 2.79, 2.95, 3.29, 3.11, 3.20],
  tjk_5815 = [3.63, 3.80, 4.57, 3.16, 4.01, 4.49, 3.54, 3.52, 3.53, 4.04, 2.62, 3.73, 4.08, 3.78, 2.60, 3.58, 4.17, 1.85, 4.01, 4.15, 3.18, 3.90, 3.49, 1.15, 3.78, 3.77, 2.78, 1.75, 2.68, 4.06, 5.00, 4.10, 4.59, 3.80, 3.64, 4.04, 3.91, 4.49, 3.86, 4.42, 3.77, 2.88, 3.60, 4.03, 4.03, 4.05, 3.77, 4.16, 1.80, 3.33],
  tjk_5816 = [4.35, 3.97, 4.13, 4.23, 4.20, 4.05, 2.01, 3.77, 1.59, 3.46, 3.22, 3.68, 4.10, 2.26, 4.37, 3.72, 4.31, 4.79, 4.01, 1.55, 3.52, 4.18, 2.18, 4.22, 4.62, 4.63, 1.70, 4.31, 4.27, 3.96, 3.57, 1.90, 4.43, 3.90, 4.14, 3.53, 3.75, 3.94, 4.37, 4.23, 4.01, 3.75, 4.37, 1.91, 3.37, 3.91, 1.31, 1.27, 4.29, 2.92],
  tjk_5817 = [3.10, 0.96, 0.90, 3.91, 0.98, 0.98, 1.02, 4.60, 1.15, 3.53, 1.08, 0.87, 0.88, 0.78, 0.85, 0.98, 1.91, 0.92, 4.10, 1.37, 2.65, 3.31, 1.19, 3.87, 0.96, 2.86, 1.97, 0.96, 1.05, 1.03, 0.96, 1.10, 1.01, 3.63, 1.06, 4.79, 1.01, 1.01, 2.32, 1.84, 1.02, 0.94, 4.65, 0.96, 0.95, 2.46, 2.77, 0.96, 1.01, 0.91],
  tjk_5818 = [3.19, 4.19, 4.69, 4.16, 3.59, 4.54, 3.76, 3.99, 4.75, 4.22, 4.44, 4.20, 1.50, 4.86, 1.53, 2.69, 4.11, 4.38, 3.16, 2.28, 2.90, 3.74, 4.10, 3.92, 4.11, 3.72, 4.49, 4.06, 4.25, 3.40, 1.28, 3.29, 1.95, 4.51, 4.53, 1.76, 4.14, 4.18, 3.92, 3.34, 2.51, 1.94, 4.01, 3.42, 4.39, 4.15, 3.71, 3.30, 3.90, 2.11],
  tjk_5819 = [4.45, 1.18, 4.21, 3.58, 3.88, 4.29, 3.55, 4.47, 1.07, 1.93, 1.18, 3.92, 2.79, 4.13, 4.09, 3.96, 3.87, 4.54, 3.58, 3.29, 1.95, 2.73, 3.80, 4.15, 4.16, 4.17, 3.57, 3.96, 4.79, 3.31, 3.70, 3.98, 3.27, 4.69, 1.66, 2.66, 3.88, 4.15, 3.82, 3.74, 2.11, 3.98, 3.78, 1.58, 3.57, 4.00, 3.41, 4.46, 2.55, 4.58],
  tjk_5820 = [4.23, 4.54, 3.88, 5.31, 4.95, 5.91, 4.90, 4.43, 4.78, 4.10, 1.92, 6.05, 4.16, 5.45, 3.07, 4.76, 5.31, 1.32, 4.78, 5.30, 4.17, 4.79, 1.69, 1.66, 3.54, 4.10, 2.58, 2.51, 4.89, 5.69, 5.38, 6.28, 1.02, 3.98, 1.74, 4.57, 2.64, 1.83, 4.97, 5.10, 4.71, 4.63, 4.68, 2.39, 4.72, 3.90, 4.35, 5.13, 5.06, 5.06],
  tjk_591 = [3.04, 3.08, 3.55, 2.69, 1.14, 3.09, 3.34, 2.62, 3.02, 2.70, 2.78, 2.96, 3.02, 2.78, 4.42, 3.38, 4.92, 2.95, 4.08, 3.11, 2.71, 3.10, 2.39, 2.40, 3.12, 3.21, 1.77, 2.79, 2.96, 3.53, 2.80, 1.38, 2.65, 4.08, 2.96, 3.10, 3.17, 2.77, 2.65, 3.21, 2.57, 3.25, 3.02, 2.38, 1.12, 3.00, 3.18, 3.92, 3.10, 2.58],
  tjk_592 = [3.45, 2.77, 2.63, 3.24, 2.41, 4.37, 3.01, 2.81, 2.67, 3.59, 3.06, 2.96, 2.95, 3.68, 3.00, 2.72, 2.21, 2.56, 2.49, 3.10, 2.73, 4.38, 3.22, 2.76, 2.65, 3.14, 3.34, 3.44, 3.06, 2.88, 3.03, 3.34, 3.06, 2.49, 3.30, 3.20, 3.23, 2.79, 3.48, 4.61, 2.75, 1.55, 3.18, 2.83, 1.97, 3.37, 2.32, 3.43, 3.15, 2.76],
  tjk_593 = [4.40, 3.43, 2.98, 4.61, 3.41, 4.39, 3.58, 4.43, 4.98, 4.59, 2.74, 4.58, 4.75, 4.26, 4.84, 4.21, 3.98, 4.33, 2.94, 3.21, 3.72, 4.38, 3.54, 2.44, 4.09, 3.52, 3.45, 3.77, 4.05, 4.04, 4.39, 1.36, 3.13, 1.82, 3.84, 3.28, 2.90, 2.00, 3.88, 3.35, 4.59, 1.93, 4.32, 3.80, 4.24, 3.93, 2.97, 2.99, 3.90, 4.36],
  tjk_594 = [0.91, 1.26, 1.03, 0.98, 0.93, 4.03, 4.02, 0.92, 1.04, 1.14, 1.08, 3.49, 3.21, 1.01, 1.36, 0.96, 0.77, 1.08, 0.95, 1.10, 1.05, 0.97, 3.99, 4.29, 0.95, 1.03, 1.11, 0.96, 0.93, 2.50, 0.96, 0.86, 1.72, 0.86, 4.77, 4.25, 1.63, 1.10, 0.90, 0.99, 0.87, 1.91, 0.96, 0.94, 1.03, 2.90, 0.83, 0.90, 1.72, 1.03],
  tjk_595 = [5.46, 2.77, 3.58, 4.84, 3.86, 5.10, 4.62, 4.82, 5.10, 2.46, 4.89, 4.73, 4.93, 5.33, 2.06, 4.85, 5.07, 3.75, 5.27, 4.92, 2.18, 3.40, 4.93, 4.84, 2.26, 4.70, 5.59, 4.46, 4.15, 4.78, 5.16, 5.47, 5.27, 2.55, 5.45, 2.79, 5.41, 3.87, 4.76, 1.80, 4.63, 4.86, 6.09, 5.10, 4.76, 5.24, 2.89, 5.04, 4.85, 5.38],
  tjk_596 = [3.67, 1.04, 2.12, 0.89, 1.17, 0.94, 1.02, 1.09, 1.00, 3.25, 1.06, 0.98, 1.96, 1.10, 3.07, 3.35, 4.85, 4.96, 2.35, 1.16, 1.03, 3.04, 1.08, 0.88, 1.91, 1.06, 0.88, 0.80, 1.21, 2.27, 1.05, 1.12, 1.05, 2.60, 0.77, 2.62, 1.09, 3.89, 4.63, 1.00, 0.91, 0.96, 0.95, 4.01, 1.73, 1.02, 0.97, 0.93, 0.95, 1.13],
  tjk_597 = [3.11, 4.88, 3.08, 2.75, 3.08, 4.18, 3.02, 3.08, 2.94, 1.44, 2.81, 2.59, 2.20, 2.78, 3.09, 3.27, 1.96, 3.09, 2.49, 3.78, 3.15, 2.50, 3.00, 2.70, 4.52, 2.47, 2.92, 3.02, 2.76, 3.14, 4.80, 3.05, 2.30, 2.74, 2.29, 4.94, 2.64, 4.71, 3.50, 3.22, 3.43, 2.71, 3.01, 1.05, 1.52, 1.12, 3.90, 2.54, 2.82, 3.46],
  tjk_598 = [3.63, 3.84, 4.15, 4.13, 4.13, 3.62, 4.33, 4.62, 4.69, 4.02, 3.85, 4.38, 4.36, 3.72, 3.83, 4.19, 4.34, 3.77, 3.88, 4.13, 2.72, 4.49, 3.55, 4.06, 3.61, 4.47, 3.81, 4.74, 4.15, 4.92, 2.96, 4.19, 4.30, 3.99, 3.96, 4.52, 4.48, 3.89, 4.81, 3.29, 3.68, 4.45, 4.15, 4.45, 3.52, 3.98, 3.52, 2.77, 4.16, 1.85],
  tjk_599 = [3.07, 1.05, 3.10, 2.91, 0.83, 4.79, 1.11, 0.87, 1.14, 0.99, 0.96, 3.22, 3.00, 1.14, 1.00, 1.05, 1.43, 4.37, 3.05, 0.96, 0.88, 1.00, 1.06, 0.93, 0.92, 1.05, 1.13, 0.98, 3.36, 0.78, 1.01, 4.06, 4.99, 1.04, 3.03, 1.12, 0.90, 0.82, 0.78, 1.00, 0.98, 1.16, 0.94, 0.85, 0.85, 3.60, 0.95, 1.08, 0.94, 0.88],
  tjk_5910 = [0.91, 2.45, 1.88, 0.88, 0.94, 2.58, 1.14, 2.89, 1.06, 1.22, 0.89, 1.00, 4.90, 0.92, 1.26, 0.90, 1.02, 0.82, 1.04, 1.17, 3.01, 0.94, 1.01, 1.01, 4.61, 3.69, 4.14, 1.05, 1.16, 1.07, 0.99, 0.96, 0.94, 1.92, 4.79, 0.99, 1.70, 1.04, 4.15, 2.59, 1.20, 1.02, 0.81, 1.34, 2.62, 1.07, 3.10, 0.92, 1.16, 0.86],
  tjk_5911 = [4.40, 4.92, 4.02, 1.62, 3.90, 4.23, 4.02, 4.55, 3.91, 1.11, 3.89, 4.27, 1.56, 3.54, 3.74, 2.41, 3.69, 4.63, 4.30, 3.26, 4.42, 3.75, 4.86, 4.98, 4.13, 3.98, 3.63, 4.85, 4.02, 4.18, 2.79, 4.21, 4.37, 4.42, 3.79, 4.30, 4.14, 2.00, 4.28, 4.20, 3.90, 3.86, 3.57, 3.94, 3.81, 3.59, 3.32, 4.41, 4.10, 4.45],
  tjk_5912 = [2.34, 1.12, 3.51, 3.01, 2.34, 4.23, 0.94, 0.93, 5.00, 4.96, 1.24, 1.05, 0.86, 1.11, 0.93, 1.43, 1.01, 0.84, 4.94, 2.33, 3.28, 1.34, 0.96, 2.88, 0.89, 1.02, 0.96, 0.92, 1.12, 1.36, 0.93, 0.99, 1.04, 1.01, 1.14, 0.92, 1.23, 1.10, 3.80, 0.79, 4.21, 0.94, 0.94, 0.99, 1.04, 1.12, 0.98, 1.00, 2.32, 1.00],
  tjk_5913 = [2.66, 5.35, 1.71, 4.81, 5.22, 4.84, 3.26, 5.27, 5.94, 5.55, 4.14, 4.83, 4.33, 4.45, 5.44, 5.42, 5.73, 3.85, 5.41, 5.15, 4.73, 4.73, 2.27, 5.81, 4.38, 5.75, 5.29, 2.47, 4.63, 3.55, 6.53, 4.82, 4.87, 4.95, 4.93, 4.31, 4.23, 5.20, 5.59, 3.96, 5.50, 4.84, 5.71, 4.13, 5.10, 5.40, 3.26, 4.46, 5.80, 4.32],
  tjk_5914 = [3.91, 3.94, 4.00, 4.12, 3.86, 3.95, 4.29, 4.31, 3.78, 4.10, 4.37, 3.55, 3.89, 4.13, 3.71, 3.86, 3.75, 4.11, 4.55, 1.34, 4.50, 3.43, 3.55, 3.64, 4.03, 3.42, 3.53, 2.89, 4.20, 4.58, 3.75, 2.67, 4.16, 3.58, 4.51, 3.29, 3.02, 3.74, 4.80, 3.78, 1.28, 4.68, 2.17, 4.08, 3.93, 4.58, 3.76, 3.44, 4.00, 4.33],
  tjk_5915 = [3.18, 2.99, 2.19, 2.33, 1.59, 1.90, 1.62, 1.81, 4.70, 3.74, 4.19, 2.33, 1.94, 4.68, 1.92, 1.75, 1.85, 1.97, 1.75, 2.09, 1.72, 1.94, 1.79, 2.00, 2.40, 3.76, 4.02, 2.21, 1.95, 1.47, 1.56, 2.12, 2.92, 2.10, 2.00, 1.03, 2.04, 2.06, 2.39, 1.54, 2.33, 2.05, 1.84, 1.98, 1.99, 2.22, 4.37, 2.04, 1.91, 3.82],
  tjk_5916 = [3.65, 1.63, 1.72, 4.32, 3.92, 4.63, 1.45, 1.33, 4.43, 4.85, 1.94, 5.25, 6.77, 2.72, 1.44, 5.24, 3.26, 4.96, 6.16, 5.26, 4.25, 4.77, 2.85, 4.31, 2.69, 4.68, 4.68, 4.42, 1.40, 4.70, 4.85, 5.40, 4.33, 5.76, 3.85, 5.23, 5.09, 4.79, 2.02, 5.26, 4.54, 4.58, 5.27, 3.89, 3.24, 4.70, 5.63, 4.35, 4.85, 4.98],
  tjk_5917 = [1.58, 4.65, 5.42, 3.40, 4.65, 5.27, 4.97, 4.81, 6.25, 5.96, 4.93, 2.66, 4.19, 4.83, 4.72, 3.58, 5.38, 5.16, 4.82, 4.81, 3.60, 5.81, 4.32, 4.98, 3.06, 4.81, 5.20, 4.73, 4.95, 4.70, 4.35, 5.20, 5.22, 5.43, 5.45, 4.85, 2.43, 4.99, 5.27, 3.81, 4.86, 4.27, 1.10, 5.77, 4.30, 4.24, 4.66, 5.01, 5.32, 4.95],
  tjk_5918 = [1.36, 0.96, 0.97, 1.75, 1.00, 1.11, 2.84, 1.13, 0.93, 1.06, 0.82, 2.96, 1.05, 0.86, 3.71, 3.80, 0.84, 0.94, 0.86, 0.96, 0.86, 2.12, 1.15, 1.17, 1.68, 0.98, 0.88, 1.02, 3.57, 0.95, 1.17, 2.78, 0.92, 0.88, 1.07, 1.11, 2.40, 0.95, 1.08, 1.13, 4.98, 4.04, 2.36, 4.52, 3.73, 1.06, 0.98, 4.61, 3.51, 1.03],
  tjk_5919 = [1.95, 5.32, 4.45, 3.17, 5.39, 5.11, 4.39, 5.58, 4.19, 2.41, 2.36, 3.11, 5.31, 5.46, 4.61, 3.59, 4.10, 4.55, 5.12, 4.78, 5.33, 5.80, 1.87, 5.24, 5.36, 4.01, 4.77, 5.17, 4.62, 1.82, 5.18, 5.93, 2.53, 4.39, 4.90, 6.08, 5.50, 5.77, 3.68, 4.19, 4.00, 2.98, 4.80, 4.27, 5.43, 4.78, 4.74, 5.08, 3.58, 5.09],
  tjk_5920 = [3.28, 1.37, 2.40, 3.00, 3.13, 3.25, 3.18, 2.66, 2.45, 3.40, 4.86, 4.75, 2.04, 1.10, 2.55, 2.82, 2.93, 3.56, 2.74, 2.93, 3.36, 3.16, 3.46, 1.76, 3.09, 2.63, 2.58, 4.35, 3.16, 2.73, 3.29, 3.16, 1.18, 2.77, 2.96, 1.60, 2.63, 2.18, 3.07, 2.62, 2.91, 3.39, 3.11, 2.81, 2.69, 3.04, 3.56, 4.30, 2.78, 2.90],
  tjk_601 = [0.94, 0.99, 1.18, 0.93, 0.82, 1.23, 0.86, 1.11, 3.75, 0.94, 0.84, 0.98, 3.45, 0.82, 0.83, 1.04, 0.94, 1.20, 1.10, 4.08, 3.64, 2.46, 1.94, 2.73, 0.78, 0.86, 0.98, 1.05, 1.01, 0.84, 0.98, 0.88, 0.96, 1.06, 1.36, 2.20, 1.27, 0.90, 4.32, 3.64, 0.93, 1.10, 0.87, 0.95, 1.00, 1.01, 2.71, 4.33, 0.96, 3.90],
  tjk_602 = [5.05, 5.02, 5.00, 5.47, 3.82, 5.12, 5.49, 4.33, 3.00, 4.17, 4.62, 4.89, 5.33, 4.86, 5.08, 3.20, 3.91, 4.38, 4.95, 5.10, 4.87, 3.48, 3.18, 4.90, 2.09, 3.44, 4.42, 4.57, 4.42, 1.32, 4.28, 5.07, 4.23, 5.58, 5.80, 5.20, 5.31, 1.34, 4.68, 4.19, 4.75, 4.85, 4.49, 5.47, 4.87, 4.73, 2.17, 5.19, 5.44, 4.18],
  tjk_603 = [3.69, 3.14, 3.17, 3.42, 3.12, 3.08, 3.40, 1.55, 4.66, 2.92, 2.92, 2.89, 2.80, 2.36, 1.99, 2.87, 3.55, 2.68, 3.10, 2.31, 2.25, 2.56, 1.67, 1.74, 3.00, 3.10, 4.93, 3.19, 3.43, 1.80, 2.65, 2.85, 3.18, 2.91, 3.38, 3.00, 3.00, 3.14, 1.21, 4.37, 4.96, 2.59, 2.75, 3.20, 2.60, 3.32, 1.21, 2.57, 3.02, 2.83],
  tjk_604 = [2.76, 1.23, 1.06, 1.11, 1.16, 4.91, 0.92, 0.95, 0.95, 1.15, 1.17, 4.98, 0.80, 4.03, 1.02, 3.58, 1.35, 1.23, 1.20, 0.96, 0.99, 3.74, 0.94, 1.08, 1.04, 2.24, 2.30, 1.14, 0.89, 1.13, 0.88, 0.94, 1.60, 0.81, 0.89, 1.10, 0.96, 2.95, 1.65, 0.89, 0.89, 1.11, 1.06, 0.97, 1.08, 1.06, 0.86, 2.12, 1.07, 2.51],
  tjk_605 = [2.10, 1.19, 1.91, 2.25, 1.93, 4.08, 4.39, 2.00, 2.20, 1.89, 2.23, 1.95, 2.07, 4.93, 4.64, 1.18, 1.92, 2.07, 2.25, 1.97, 1.80, 1.24, 4.47, 1.95, 3.10, 2.03, 1.99, 2.06, 2.90, 2.14, 2.13, 1.85, 1.62, 1.83, 1.79, 3.35, 3.87, 3.16, 2.12, 1.81, 3.06, 2.04, 1.66, 1.82, 1.34, 2.07, 1.48, 1.89, 2.23, 2.12],
  tjk_606 = [4.80, 2.66, 3.35, 4.94, 4.26, 4.92, 4.84, 5.64, 5.60, 4.22, 3.69, 4.41, 4.68, 5.08, 3.10, 4.89, 2.05, 4.42, 4.32, 5.00, 5.74, 4.64, 4.86, 4.50, 5.19, 4.81, 4.62, 5.18, 5.57, 6.29, 4.93, 5.18, 4.31, 4.72, 5.18, 1.74, 4.92, 5.41, 3.78, 3.18, 4.84, 4.44, 4.46, 4.14, 5.90, 5.45, 5.50, 2.14, 4.95, 5.05],
  tjk_607 = [1.81, 2.09, 2.02, 1.80, 4.28, 1.71, 2.41, 1.95, 2.08, 2.18, 2.44, 1.96, 1.87, 2.07, 2.18, 2.38, 1.97, 2.57, 3.02, 2.02, 3.10, 1.71, 1.82, 1.87, 4.23, 1.04, 2.23, 3.24, 1.75, 2.00, 1.95, 2.21, 1.72, 1.78, 1.37, 2.23, 2.40, 2.30, 4.33, 2.22, 1.95, 1.57, 2.26, 1.91, 1.24, 2.14, 2.21, 1.87, 3.22, 1.91],
  tjk_608 = [4.99, 2.43, 3.83, 5.02, 4.46, 5.40, 5.30, 2.85, 5.56, 4.94, 4.42, 4.64, 4.68, 4.49, 4.91, 5.09, 4.87, 3.86, 4.26, 2.02, 4.60, 5.22, 5.26, 5.95, 4.96, 5.69, 3.92, 5.26, 4.21, 5.82, 3.15, 4.92, 4.36, 5.02, 4.11, 1.02, 4.38, 3.98, 2.56, 3.69, 4.68, 4.88, 4.51, 4.90, 5.13, 5.06, 5.09, 4.94, 3.59, 4.70],
  tjk_609 = [3.66, 1.04, 2.69, 1.14, 0.88, 1.17, 0.96, 0.99, 0.87, 1.25, 3.72, 1.17, 2.90, 1.05, 4.56, 4.10, 4.26, 3.15, 1.02, 1.08, 1.88, 1.03, 1.08, 0.92, 0.94, 1.08, 1.73, 3.74, 4.42, 1.60, 0.95, 0.97, 1.04, 1.52, 2.04, 0.99, 0.83, 1.03, 1.02, 0.89, 3.46, 3.62, 0.99, 3.21, 1.10, 1.06, 2.56, 1.20, 1.09, 1.18],
  tjk_6010 = [1.03, 0.90, 3.73, 1.35, 1.03, 0.91, 0.97, 0.90, 4.47, 0.93, 0.77, 0.99, 4.07, 3.60, 1.23, 4.48, 1.02, 0.90, 0.95, 1.69, 0.85, 0.97, 1.98, 3.12, 0.89, 1.07, 1.09, 1.19, 1.10, 1.21, 0.97, 1.11, 0.99, 1.09, 3.92, 0.95, 0.98, 1.01, 2.74, 0.99, 1.03, 1.16, 1.12, 0.91, 1.01, 2.47, 2.93, 1.02, 0.96, 1.08],
  tjk_6011 = [2.78, 0.87, 1.04, 4.89, 1.07, 1.02, 0.83, 2.95, 1.08, 1.00, 0.97, 1.00, 1.03, 1.50, 1.10, 1.05, 1.06, 4.80, 1.48, 0.96, 4.18, 1.06, 0.83, 3.85, 0.99, 4.77, 1.03, 1.11, 0.93, 1.91, 1.15, 0.93, 0.87, 0.92, 0.91, 1.15, 0.72, 1.17, 0.88, 1.14, 0.98, 3.40, 1.08, 0.97, 0.95, 0.80, 1.16, 3.42, 1.29, 2.16],
  tjk_6012 = [3.19, 0.84, 0.96, 0.97, 1.60, 0.91, 4.76, 1.03, 4.91, 0.99, 3.52, 1.02, 0.99, 1.15, 1.05, 3.66, 1.08, 1.06, 0.95, 3.88, 0.91, 0.92, 1.15, 1.03, 0.89, 0.84, 1.02, 1.16, 2.71, 0.89, 1.10, 1.01, 2.07, 2.92, 1.02, 1.10, 0.97, 2.65, 1.04, 0.95, 4.79, 0.99, 1.01, 0.90, 3.26, 4.32, 0.79, 0.95, 0.87, 0.86],
  tjk_6013 = [0.97, 1.82, 0.90, 1.13, 2.86, 1.02, 3.02, 1.22, 1.04, 2.25, 1.10, 1.49, 1.03, 0.97, 0.94, 0.89, 4.92, 1.15, 1.01, 3.93, 2.70, 1.10, 1.00, 1.06, 2.22, 0.99, 0.98, 1.03, 0.86, 0.88, 0.94, 0.83, 1.66, 1.01, 0.98, 0.97, 0.98, 1.02, 1.95, 1.25, 2.42, 0.89, 1.15, 0.90, 1.02, 0.92, 0.94, 2.38, 0.99, 1.11],
  tjk_6014 = [3.08, 4.44, 1.42, 3.24, 3.23, 2.85, 2.62, 4.46, 3.29, 3.15, 3.08, 2.88, 1.19, 3.39, 2.58, 3.31, 3.37, 2.93, 3.13, 3.07, 3.01, 3.16, 2.90, 3.14, 3.08, 3.13, 3.68, 3.45, 2.93, 4.92, 1.19, 3.47, 3.26, 3.13, 2.77, 2.90, 2.78, 1.14, 2.66, 2.30, 3.28, 3.23, 1.13, 2.77, 3.00, 4.83, 1.07, 2.96, 3.33, 3.19],
  tjk_6015 = [2.78, 3.73, 4.53, 4.74, 3.91, 4.06, 4.63, 4.09, 3.70, 4.08, 1.72, 4.86, 2.89, 4.41, 4.91, 4.87, 4.53, 3.93, 5.17, 3.58, 3.84, 3.75, 3.24, 4.12, 4.24, 4.09, 3.95, 4.40, 3.72, 2.90, 3.02, 4.39, 3.51, 1.86, 4.79, 4.04, 3.81, 1.61, 5.17, 3.65, 3.92, 3.04, 4.29, 2.29, 4.34, 4.43, 3.80, 1.22, 3.46, 3.57],
  tjk_6016 = [4.16, 4.47, 4.57, 4.12, 1.41, 4.68, 4.32, 4.11, 4.01, 2.36, 4.42, 1.82, 3.63, 2.52, 3.91, 4.07, 4.12, 4.49, 3.87, 4.02, 1.62, 3.60, 4.24, 4.37, 4.17, 4.10, 4.30, 4.15, 4.47, 4.04, 3.63, 3.43, 4.34, 3.86, 2.28, 4.11, 4.95, 1.58, 4.01, 4.07, 4.23, 4.86, 3.94, 4.35, 4.20, 1.90, 1.10, 4.11, 3.57, 4.64],
  tjk_6017 = [4.24, 1.78, 4.32, 5.62, 6.14, 4.76, 4.40, 4.74, 3.79, 3.07, 2.70, 4.56, 3.55, 4.88, 5.22, 5.16, 4.10, 1.04, 4.68, 3.56, 4.81, 4.58, 4.92, 4.66, 4.84, 1.73, 3.84, 5.28, 2.58, 3.54, 5.97, 4.89, 4.45, 4.59, 6.54, 2.66, 3.14, 4.61, 5.38, 2.43, 5.38, 4.52, 5.47, 4.41, 5.84, 3.74, 1.71, 4.81, 3.88, 3.34],
  tjk_6018 = [4.42, 4.79, 2.50, 3.71, 3.91, 4.90, 4.45, 4.47, 4.38, 4.42, 4.33, 3.73, 1.95, 3.21, 4.18, 3.38, 4.34, 4.37, 4.26, 3.11, 3.70, 3.75, 4.66, 4.05, 3.58, 4.70, 4.01, 3.59, 4.94, 3.86, 2.60, 3.20, 4.03, 3.57, 4.17, 3.84, 2.92, 4.13, 3.38, 3.93, 1.77, 3.86, 4.25, 3.67, 3.41, 3.86, 4.84, 3.95, 3.76, 4.44],
  tjk_6019 = [4.79, 4.84, 5.16, 4.39, 4.86, 5.21, 4.33, 3.59, 2.27, 5.53, 4.51, 5.24, 5.03, 3.71, 1.79, 2.88, 5.19, 4.33, 1.32, 3.12, 5.51, 4.44, 5.32, 5.18, 4.99, 5.25, 4.76, 4.62, 5.56, 4.63, 5.21, 2.04, 2.74, 4.10, 5.23, 4.33, 5.50, 4.30, 5.25, 4.81, 5.40, 4.35, 5.15, 5.62, 4.42, 4.73, 5.27, 5.11, 5.42, 5.81],
  tjk_6020 = [3.64, 3.82, 4.02, 1.43, 3.76, 3.73, 4.31, 4.54, 3.92, 3.07, 3.89, 4.83, 4.18, 4.07, 4.53, 4.08, 3.76, 3.65, 3.61, 3.36, 3.66, 3.15, 3.22, 3.67, 4.31, 4.60, 4.47, 3.68, 3.24, 3.53, 4.72, 3.96, 4.25, 4.23, 3.38, 3.24, 4.11, 3.52, 4.23, 3.58, 4.97, 4.09, 2.30, 3.62, 3.59, 1.41, 3.52, 3.26, 3.94, 4.00],
]

Service Times (¦Î_{jk}^s) = [
  xi_11 = [4.11, 8.22, 8.62, 3.00, 7.93, 7.56, 8.83, 7.30, 8.44, 7.75, 8.29, 7.24, 8.33, 5.91, 8.65, 8.10, 7.91, 4.79, 7.52, 7.75, 7.93, 8.35, 7.33, 8.35, 7.37, 7.12, 7.84, 5.75, 7.66, 9.36, 7.86, 9.47, 6.24, 8.05, 5.68, 8.37, 4.43, 7.84, 9.15, 7.44, 6.86, 7.15, 7.24, 7.10, 8.78, 1.57, 4.50, 7.66, 7.96, 4.05],
  xi_12 = [4.70, 4.34, 1.71, 4.11, 2.40, 4.56, 4.53, 6.77, 5.29, 4.80, 6.14, 5.77, 3.34, 5.61, 2.68, 4.96, 4.04, 4.99, 9.00, 4.29, 5.14, 5.15, 5.06, 5.35, 9.79, 2.10, 5.32, 5.01, 5.06, 5.21, 5.15, 5.56, 5.28, 5.95, 5.39, 1.65, 4.85, 3.52, 3.97, 8.66, 5.14, 1.53, 4.17, 5.20, 5.98, 5.79, 5.57, 3.50, 5.20, 2.18],
  xi_13 = [7.64, 2.00, 8.74, 8.97, 8.24, 8.55, 7.04, 9.81, 9.04, 7.71, 8.28, 7.39, 8.52, 6.28, 8.08, 7.22, 6.62, 7.71, 8.42, 7.73, 8.34, 8.07, 6.73, 4.32, 8.87, 7.57, 8.29, 9.06, 1.88, 7.41, 7.59, 9.28, 8.25, 1.53, 6.50, 4.22, 10.31, 8.21, 9.25, 1.47, 7.99, 8.99, 7.86, 8.59, 8.49, 7.83, 9.33, 8.13, 5.10, 7.46],
  xi_14 = [7.62, 5.68, 4.86, 9.83, 5.76, 5.89, 4.70, 5.22, 1.58, 6.00, 5.22, 3.07, 5.07, 1.44, 5.23, 4.88, 9.54, 5.12, 6.03, 4.80, 4.12, 2.40, 5.89, 5.02, 6.34, 4.92, 5.15, 5.31, 4.96, 4.63, 4.80, 5.34, 5.04, 2.89, 4.09, 4.46, 9.17, 5.03, 5.02, 4.76, 4.23, 1.29, 9.66, 5.41, 6.21, 4.59, 5.50, 6.11, 4.31, 4.63],
  xi_15 = [2.58, 10.26, 7.51, 8.14, 6.35, 8.16, 9.26, 7.09, 9.25, 8.45, 8.04, 8.77, 4.55, 8.94, 7.62, 6.13, 3.47, 1.03, 9.94, 9.62, 2.22, 9.89, 3.02, 5.83, 9.10, 2.32, 9.79, 8.62, 5.59, 9.45, 11.37, 8.93, 5.40, 9.60, 9.05, 7.25, 9.26, 8.16, 9.22, 7.62, 7.90, 9.08, 8.15, 9.08, 8.48, 9.02, 9.46, 4.44, 3.65, 9.01],
  xi_16 = [5.45, 5.56, 6.45, 6.18, 4.37, 5.11, 1.08, 3.90, 4.38, 8.89, 6.87, 5.27, 4.90, 7.44, 9.43, 6.16, 4.93, 5.18, 4.73, 5.11, 5.37, 5.57, 7.40, 5.79, 4.37, 1.65, 5.34, 4.96, 4.28, 4.93, 5.34, 4.66, 4.70, 2.48, 5.68, 5.35, 5.64, 4.99, 5.83, 4.85, 5.45, 4.83, 6.42, 4.51, 4.65, 5.72, 4.75, 5.47, 4.84, 5.47],
  xi_17 = [7.90, 6.67, 4.51, 7.74, 4.12, 8.67, 4.36, 4.38, 4.05, 7.74, 3.99, 6.67, 3.75, 6.79, 3.92, 4.35, 8.57, 4.06, 5.16, 9.26, 3.99, 3.80, 4.81, 4.07, 4.36, 4.87, 3.72, 4.63, 7.96, 4.14, 4.64, 3.46, 6.87, 3.43, 3.18, 4.09, 4.00, 4.40, 7.96, 3.94, 4.19, 3.67, 5.41, 5.43, 9.70, 8.48, 4.54, 4.59, 4.29, 4.15],
  xi_18 = [0.95, 4.77, 6.21, 9.92, 0.91, 8.38, 0.97, 0.87, 1.05, 0.91, 1.07, 1.53, 1.19, 7.72, 0.88, 0.81, 9.76, 4.24, 0.98, 1.00, 1.35, 6.29, 1.08, 0.93, 1.09, 0.99, 5.57, 1.03, 7.79, 2.05, 1.03, 1.04, 1.10, 1.01, 1.08, 9.90, 9.13, 3.53, 6.56, 0.92, 4.44, 1.09, 2.04, 1.03, 2.92, 0.92, 8.31, 2.54, 0.94, 0.99],
  xi_19 = [4.10, 4.18, 4.69, 4.06, 3.69, 4.46, 3.75, 4.58, 3.68, 2.89, 7.58, 4.42, 8.99, 4.09, 3.84, 3.88, 4.23, 1.43, 3.57, 4.04, 5.42, 4.37, 4.73, 8.32, 4.85, 4.19, 3.19, 2.87, 3.73, 4.14, 3.89, 1.74, 3.60, 3.44, 4.13, 3.97, 4.39, 4.34, 4.43, 7.22, 4.20, 7.30, 4.19, 3.91, 1.52, 9.19, 2.41, 3.62, 3.78, 3.53],
  xi_110 = [3.34, 3.02, 2.89, 3.00, 7.00, 2.96, 2.68, 2.42, 3.11, 2.91, 4.07, 6.27, 1.35, 2.37, 2.90, 8.05, 3.75, 2.78, 5.26, 5.63, 2.82, 3.27, 5.98, 3.12, 2.86, 2.40, 2.80, 2.23, 2.11, 2.99, 2.91, 2.94, 7.89, 3.07, 3.11, 5.33, 4.14, 2.90, 6.71, 2.90, 3.29, 3.20, 2.66, 2.36, 3.05, 9.55, 3.54, 3.48, 3.55, 2.82],
  xi_111 = [6.32, 5.18, 6.01, 3.23, 6.04, 2.77, 5.56, 6.37, 1.99, 5.21, 9.73, 5.69, 6.57, 8.60, 1.72, 6.49, 6.51, 5.33, 7.56, 5.12, 7.72, 8.38, 2.86, 4.82, 9.99, 5.81, 8.39, 5.83, 3.67, 5.36, 2.36, 2.64, 8.59, 3.02, 7.19, 4.97, 5.83, 7.99, 6.27, 6.08, 5.37, 6.14, 5.81, 5.04, 5.59, 3.89, 7.01, 5.89, 7.61, 5.50],
  xi_112 = [8.29, 8.19, 5.03, 9.60, 8.36, 2.80, 10.98, 1.12, 8.57, 10.09, 4.16, 4.94, 5.46, 9.14, 8.46, 8.07, 9.03, 4.34, 2.63, 9.18, 9.06, 10.63, 9.93, 2.42, 8.11, 8.95, 9.94, 1.60, 8.38, 5.65, 8.80, 8.82, 7.95, 9.49, 8.91, 9.43, 8.61, 8.48, 8.12, 8.96, 8.36, 2.36, 9.45, 7.08, 9.09, 9.35, 8.52, 8.46, 1.10, 9.40],
  xi_113 = [0.97, 0.93, 1.20, 1.29, 1.05, 9.66, 1.14, 1.21, 1.04, 2.39, 3.66, 1.06, 3.31, 5.55, 5.93, 1.03, 1.03, 9.61, 1.16, 1.01, 1.13, 1.07, 1.33, 8.06, 1.01, 8.96, 1.10, 1.04, 1.05, 8.13, 1.02, 4.32, 5.54, 0.95, 0.90, 9.77, 0.82, 9.99, 1.07, 1.01, 1.01, 0.89, 1.13, 1.07, 0.93, 1.20, 2.56, 0.91, 0.93, 0.94],
  xi_114 = [5.00, 4.38, 5.23, 4.55, 5.60, 5.27, 6.40, 5.11, 4.88, 5.07, 5.64, 5.25, 5.77, 4.25, 4.91, 4.39, 4.27, 5.17, 4.56, 4.67, 5.46, 8.07, 4.82, 5.43, 5.50, 5.83, 4.82, 4.32, 5.18, 4.49, 4.64, 5.47, 4.87, 2.89, 4.74, 5.66, 4.98, 5.73, 4.94, 4.91, 4.44, 2.18, 8.43, 5.09, 4.67, 5.10, 5.17, 5.07, 3.98, 1.12],
  xi_115 = [9.31, 9.38, 11.66, 9.77, 6.75, 9.53, 10.92, 10.21, 8.91, 11.01, 1.11, 8.37, 9.42, 11.27, 9.58, 9.48, 10.51, 7.48, 5.66, 6.09, 9.78, 7.78, 10.34, 9.13, 7.60, 9.72, 10.37, 9.01, 9.61, 9.63, 11.49, 8.56, 10.74, 12.82, 6.32, 4.52, 3.62, 9.78, 9.17, 3.12, 1.78, 7.47, 3.33, 9.12, 7.48, 8.36, 9.48, 7.64, 9.96, 10.03],
  xi_116 = [1.20, 0.88, 1.08, 0.87, 0.94, 1.02, 0.94, 0.99, 1.04, 0.88, 9.98, 0.92, 9.69, 1.12, 4.44, 0.95, 0.89, 1.00, 0.98, 1.34, 1.04, 5.73, 1.10, 1.00, 1.39, 0.88, 0.95, 0.97, 0.99, 1.79, 0.94, 7.59, 1.24, 1.13, 1.06, 1.02, 5.95, 4.26, 0.97, 1.02, 7.75, 7.03, 0.99, 1.10, 2.30, 7.34, 1.16, 0.91, 2.54, 1.02],
  xi_117 = [6.85, 4.75, 6.47, 8.17, 5.71, 6.54, 6.95, 7.66, 2.44, 6.63, 6.07, 8.78, 6.11, 8.41, 8.09, 7.63, 5.11, 3.42, 7.76, 8.93, 6.97, 7.21, 7.46, 6.81, 7.76, 9.15, 9.28, 7.38, 7.80, 6.01, 7.78, 6.32, 7.26, 2.88, 6.99, 6.11, 6.53, 6.54, 7.66, 6.32, 7.31, 6.81, 7.48, 7.13, 7.36, 6.57, 3.92, 4.63, 6.64, 6.75],
  xi_118 = [2.03, 5.21, 7.75, 6.04, 2.20, 3.66, 6.04, 2.97, 6.19, 6.26, 5.47, 6.29, 6.37, 9.55, 6.27, 6.30, 5.87, 9.79, 4.28, 5.46, 6.61, 6.34, 7.65, 7.43, 5.36, 8.17, 5.41, 5.94, 2.76, 2.35, 5.16, 1.23, 6.12, 5.67, 6.22, 6.04, 6.00, 4.45, 6.03, 7.58, 5.04, 5.96, 7.13, 9.41, 4.06, 5.14, 5.94, 5.78, 5.56, 5.33],
  xi_119 = [5.81, 4.43, 5.46, 4.80, 9.41, 1.91, 5.23, 6.41, 6.55, 5.57, 4.71, 4.92, 8.39, 5.22, 5.65, 4.94, 4.80, 5.21, 9.22, 5.39, 7.00, 5.87, 3.52, 4.49, 8.12, 4.91, 5.33, 5.18, 4.59, 4.75, 7.71, 6.29, 5.58, 4.39, 5.11, 5.24, 4.17, 9.94, 5.35, 6.23, 5.28, 8.13, 9.98, 1.25, 5.42, 5.28, 1.52, 2.72, 6.18, 5.69],
  xi_120 = [0.95, 1.12, 1.04, 1.12, 1.03, 0.91, 9.30, 1.05, 0.98, 0.92, 1.00, 1.12, 4.97, 9.33, 7.15, 3.72, 0.88, 1.18, 4.63, 1.03, 0.96, 0.90, 0.95, 1.04, 1.06, 0.93, 0.84, 7.40, 1.27, 9.92, 1.10, 1.10, 1.03, 0.95, 1.19, 1.02, 1.01, 1.08, 0.82, 1.12, 1.01, 4.58, 1.06, 1.00, 0.96, 6.92, 1.01, 1.00, 6.83, 0.85],
  xi_21 = [4.55, 8.72, 3.30, 3.10, 6.60, 3.48, 9.06, 6.81, 4.70, 3.64, 7.26, 4.23, 6.96, 7.98, 4.72, 3.95, 4.06, 5.48, 2.23, 1.81, 3.86, 3.92, 9.76, 4.25, 8.63, 4.22, 5.80, 2.25, 4.38, 8.20, 4.67, 7.93, 6.60, 3.85, 4.19, 2.83, 3.19, 4.28, 3.66, 3.39, 1.47, 4.13, 4.11, 8.22, 5.43, 2.91, 6.00, 6.61, 3.92, 3.29],
  xi_22 = [9.65, 5.64, 3.99, 4.90, 10.62, 4.60, 7.55, 4.00, 11.17, 9.79, 8.88, 1.52, 10.77, 10.30, 10.30, 9.70, 10.65, 11.38, 6.21, 11.37, 9.64, 6.22, 5.60, 11.62, 10.77, 8.19, 5.81, 9.77, 9.91, 10.00, 6.67, 9.56, 8.34, 13.61, 5.56, 9.94, 4.75, 6.82, 9.66, 9.76, 10.84, 9.39, 10.26, 9.61, 10.88, 8.06, 10.05, 9.31, 11.54, 10.88],
  xi_23 = [6.10, 5.86, 1.29, 7.44, 8.53, 7.81, 6.74, 6.84, 4.73, 5.74, 9.15, 8.17, 7.29, 7.35, 6.68, 7.08, 8.09, 7.44, 5.50, 9.01, 2.45, 3.06, 1.82, 6.75, 6.90, 4.89, 6.86, 5.73, 7.47, 6.86, 5.29, 5.04, 7.24, 6.29, 7.94, 5.33, 6.85, 7.92, 7.20, 7.34, 7.37, 6.98, 7.19, 6.17, 7.71, 8.11, 7.10, 1.28, 5.85, 9.21],
  xi_24 = [7.96, 8.08, 3.87, 3.32, 1.28, 5.01, 2.47, 4.36, 6.74, 9.70, 3.19, 1.20, 4.17, 6.29, 9.39, 4.58, 6.98, 3.77, 7.44, 4.02, 5.99, 3.80, 5.85, 3.17, 3.43, 3.41, 4.30, 5.67, 4.14, 3.64, 8.90, 4.28, 3.90, 3.84, 3.59, 3.94, 3.35, 4.18, 3.20, 4.33, 3.84, 3.82, 3.86, 3.54, 3.65, 4.93, 2.57, 3.84, 4.28, 6.60],
  xi_25 = [9.80, 11.27, 4.83, 9.75, 3.07, 3.97, 2.23, 9.34, 8.88, 9.62, 2.08, 10.32, 8.93, 11.21, 9.25, 2.57, 4.35, 2.72, 10.28, 9.27, 10.03, 1.03, 4.02, 7.35, 11.43, 8.02, 5.79, 7.94, 8.37, 9.91, 12.19, 9.50, 8.79, 10.28, 5.12, 10.22, 11.03, 9.38, 5.97, 4.11, 10.20, 8.94, 9.54, 5.26, 10.94, 9.60, 9.26, 6.18, 9.88, 3.13],
  xi_26 = [9.64, 3.94, 9.88, 7.53, 8.38, 6.58, 7.65, 8.58, 7.74, 7.73, 5.96, 8.06, 9.04, 7.26, 7.88, 7.74, 7.81, 4.93, 7.26, 8.58, 3.13, 7.61, 7.49, 7.75, 8.33, 7.93, 6.61, 7.63, 9.25, 7.18, 6.29, 7.84, 6.81, 8.38, 9.27, 7.83, 6.18, 9.61, 8.10, 3.73, 8.42, 7.99, 8.46, 8.79, 3.52, 8.14, 7.43, 3.67, 8.44, 4.92],
  xi_27 = [3.11, 2.98, 2.86, 3.13, 5.54, 2.35, 2.96, 3.43, 9.67, 2.87, 2.58, 3.24, 3.41, 3.05, 3.51, 2.71, 3.10, 3.60, 2.87, 1.93, 1.40, 7.74, 3.57, 2.83, 3.13, 9.98, 2.85, 3.30, 2.52, 3.15, 3.08, 2.97, 4.07, 3.15, 8.33, 9.93, 3.50, 3.30, 8.25, 7.97, 2.57, 2.79, 2.95, 3.37, 3.25, 4.25, 1.81, 6.99, 2.47, 3.02],
  xi_28 = [4.99, 5.39, 4.40, 5.75, 4.81, 9.42, 4.09, 7.23, 5.04, 4.96, 4.97, 3.85, 6.33, 6.45, 4.14, 5.15, 1.69, 9.51, 6.18, 4.69, 5.30, 2.25, 5.02, 9.61, 1.23, 4.55, 5.19, 5.37, 5.11, 4.81, 6.30, 5.06, 6.90, 4.32, 4.79, 5.45, 4.68, 4.48, 5.39, 4.53, 5.11, 4.98, 5.66, 9.21, 4.07, 7.91, 5.08, 6.12, 2.35, 4.39],
  xi_29 = [1.69, 9.14, 8.24, 9.58, 7.71, 9.17, 10.24, 7.64, 9.79, 5.00, 7.77, 8.35, 9.99, 9.99, 8.14, 7.73, 9.20, 9.29, 9.33, 8.20, 8.43, 4.66, 8.06, 10.87, 8.29, 11.10, 8.12, 3.11, 3.64, 8.09, 8.71, 8.56, 8.75, 9.42, 8.49, 8.92, 9.89, 8.13, 9.25, 8.89, 9.74, 8.04, 3.64, 9.33, 8.69, 9.78, 9.34, 8.05, 9.42, 8.74],
  xi_210 = [2.66, 3.13, 3.25, 8.07, 2.85, 7.06, 2.45, 3.15, 5.46, 4.75, 3.05, 9.18, 2.98, 1.29, 3.00, 7.11, 3.67, 2.67, 3.02, 7.51, 2.83, 9.50, 3.07, 5.69, 3.46, 3.57, 2.59, 2.64, 5.80, 3.50, 2.37, 2.82, 3.19, 3.18, 3.04, 6.54, 5.47, 5.17, 3.22, 3.47, 2.86, 7.24, 3.55, 2.98, 2.78, 2.81, 3.02, 2.95, 3.09, 8.63],
  xi_211 = [2.08, 5.54, 2.98, 10.38, 9.29, 2.42, 9.78, 7.45, 10.54, 4.57, 8.53, 11.69, 10.69, 10.04, 11.57, 10.11, 1.19, 3.93, 2.31, 8.01, 9.24, 10.69, 10.69, 10.17, 8.98, 3.52, 10.21, 9.04, 11.87, 8.70, 9.34, 7.93, 9.92, 9.20, 4.90, 9.08, 11.95, 11.70, 5.65, 4.33, 8.98, 10.97, 8.87, 6.05, 10.46, 5.58, 9.26, 10.45, 9.52, 9.02],
  xi_212 = [8.69, 9.13, 7.22, 9.37, 5.00, 8.09, 9.43, 6.75, 9.49, 10.62, 3.21, 9.34, 9.22, 9.42, 8.04, 9.44, 10.27, 9.34, 1.02, 8.71, 8.12, 9.93, 9.20, 6.84, 9.16, 9.41, 8.86, 8.79, 10.89, 8.51, 9.37, 6.18, 9.68, 9.92, 9.07, 8.50, 9.52, 6.01, 6.17, 10.13, 1.28, 3.10, 9.50, 9.58, 8.85, 9.10, 8.60, 7.43, 10.10, 5.29],
  xi_213 = [6.26, 6.53, 6.09, 8.46, 6.22, 6.07, 9.97, 6.58, 7.75, 6.41, 7.29, 6.97, 6.96, 5.34, 1.92, 7.04, 6.54, 7.88, 6.44, 7.34, 7.08, 3.24, 6.85, 7.37, 6.40, 7.93, 7.22, 6.85, 6.65, 3.07, 6.40, 6.47, 8.31, 7.52, 6.80, 6.78, 7.19, 7.27, 7.64, 6.59, 6.10, 6.01, 9.09, 7.33, 5.95, 5.92, 5.94, 7.06, 6.74, 7.44],
  xi_214 = [11.66, 9.78, 9.92, 6.05, 8.45, 10.92, 4.38, 4.11, 10.11, 9.79, 10.40, 8.28, 1.63, 8.91, 9.98, 10.37, 8.24, 9.01, 9.36, 9.96, 11.38, 8.64, 7.53, 9.09, 9.86, 6.43, 10.48, 10.08, 10.74, 11.19, 1.08, 10.53, 10.68, 12.02, 10.18, 7.77, 4.56, 2.49, 7.95, 4.80, 10.20, 6.80, 9.37, 2.59, 5.10, 7.48, 11.57, 10.55, 9.99, 9.27],
  xi_215 = [6.92, 9.21, 5.14, 7.50, 8.12, 7.50, 8.64, 7.44, 3.01, 9.40, 6.21, 9.00, 9.21, 9.70, 6.89, 9.96, 7.95, 5.82, 8.42, 8.41, 6.90, 9.06, 5.89, 8.86, 9.28, 8.70, 10.19, 7.89, 8.80, 4.45, 5.39, 9.25, 9.65, 8.86, 9.23, 10.01, 1.42, 10.39, 9.74, 8.92, 9.08, 7.59, 10.78, 6.38, 9.28, 5.70, 8.45, 2.03, 6.10, 8.53],
  xi_216 = [1.19, 1.10, 0.95, 0.78, 0.81, 7.90, 1.04, 1.00, 8.36, 1.14, 0.80, 9.14, 1.07, 4.17, 0.93, 1.05, 7.75, 0.86, 1.03, 1.02, 5.78, 1.04, 1.02, 1.17, 6.37, 0.95, 0.99, 8.21, 0.94, 8.97, 0.98, 0.93, 0.87, 4.61, 0.97, 4.11, 0.95, 0.88, 8.42, 1.01, 0.94, 0.89, 1.03, 4.36, 1.22, 3.32, 9.20, 1.09, 0.90, 1.05],
  xi_217 = [1.04, 1.09, 1.02, 0.96, 7.23, 8.10, 0.90, 6.31, 8.29, 1.06, 1.02, 1.13, 1.07, 4.65, 7.84, 7.75, 1.14, 1.99, 0.91, 1.02, 0.86, 0.96, 1.74, 1.13, 0.94, 1.15, 1.04, 1.97, 1.12, 1.07, 4.58, 0.87, 9.06, 0.92, 6.00, 0.90, 9.96, 0.99, 0.99, 6.82, 1.01, 1.68, 7.07, 4.33, 7.53, 1.11, 5.93, 5.82, 2.29, 3.33],
  xi_218 = [9.70, 10.55, 1.90, 8.54, 9.14, 9.73, 8.09, 7.54, 9.21, 8.21, 11.73, 6.65, 1.08, 3.67, 10.21, 11.58, 11.26, 8.28, 9.37, 8.07, 8.61, 9.28, 10.96, 8.38, 11.24, 11.53, 9.71, 9.21, 10.64, 9.61, 9.63, 10.06, 9.43, 9.86, 5.63, 4.11, 6.47, 5.87, 4.44, 9.76, 9.08, 10.19, 7.33, 10.05, 10.30, 10.48, 9.72, 10.44, 11.33, 10.40],
  xi_219 = [5.41, 9.80, 9.56, 9.27, 11.05, 4.08, 10.64, 10.61, 9.73, 8.95, 9.80, 10.76, 1.81, 11.69, 1.80, 11.62, 1.46, 7.37, 9.52, 10.47, 12.13, 9.77, 10.95, 9.33, 11.36, 10.70, 7.74, 9.10, 5.46, 10.83, 2.72, 9.95, 10.71, 8.47, 9.48, 7.99, 9.27, 9.85, 8.73, 10.38, 4.27, 11.28, 9.85, 9.74, 10.46, 7.61, 10.52, 9.17, 1.11, 10.18],
  xi_220 = [6.92, 9.74, 9.83, 8.37, 10.93, 8.69, 2.42, 1.57, 2.86, 7.83, 9.70, 8.77, 10.40, 7.73, 9.21, 7.79, 10.61, 9.35, 1.57, 9.09, 10.06, 3.96, 7.58, 8.04, 6.74, 9.09, 8.70, 9.48, 12.39, 9.27, 9.46, 9.12, 8.34, 7.34, 4.08, 9.01, 8.87, 8.95, 9.09, 5.46, 8.74, 8.32, 8.16, 8.44, 8.27, 6.77, 9.89, 8.95, 8.94, 10.19],
  xi_31 = [4.27, 3.93, 4.11, 4.06, 4.13, 4.13, 3.99, 3.93, 3.92, 7.12, 3.64, 4.22, 8.16, 3.63, 3.91, 4.14, 1.26, 4.81, 3.85, 4.10, 1.30, 2.00, 3.94, 3.79, 6.35, 3.83, 3.46, 4.38, 3.76, 4.81, 3.64, 4.31, 3.57, 8.18, 4.24, 4.61, 3.20, 4.04, 6.48, 1.37, 7.28, 4.49, 3.59, 6.09, 4.37, 6.22, 3.95, 4.06, 2.23, 4.47],
  xi_32 = [3.69, 7.17, 8.98, 4.93, 7.00, 8.67, 3.36, 9.83, 5.85, 1.74, 9.53, 8.27, 8.68, 8.76, 11.28, 7.93, 3.14, 3.75, 11.06, 4.63, 7.07, 9.18, 7.16, 10.78, 9.33, 8.87, 8.18, 9.44, 8.54, 7.77, 3.08, 9.86, 8.37, 6.15, 9.72, 1.08, 8.19, 9.58, 9.01, 9.04, 10.66, 2.87, 6.72, 9.25, 9.70, 4.94, 8.95, 11.27, 8.41, 9.58],
  xi_33 = [8.07, 8.27, 9.37, 6.30, 8.14, 8.13, 8.16, 8.17, 7.52, 8.25, 8.73, 7.48, 9.05, 7.90, 8.10, 8.60, 8.63, 9.50, 2.89, 2.39, 2.32, 8.85, 9.23, 7.32, 2.89, 8.07, 6.53, 7.08, 9.15, 1.87, 7.70, 8.02, 7.40, 8.03, 3.21, 7.91, 9.70, 6.90, 8.50, 8.96, 7.96, 6.69, 6.35, 1.09, 7.45, 7.51, 7.40, 5.84, 8.36, 8.89],
  xi_34 = [4.30, 4.96, 3.50, 4.51, 8.75, 6.15, 5.03, 9.53, 4.95, 4.35, 4.18, 5.85, 5.10, 1.62, 5.19, 5.20, 6.76, 4.81, 8.54, 5.30, 4.32, 7.46, 4.10, 4.93, 8.89, 4.82, 5.28, 6.37, 5.25, 9.87, 5.28, 4.40, 4.49, 5.05, 4.50, 4.75, 4.71, 5.30, 5.08, 9.37, 4.42, 9.99, 5.18, 5.12, 3.08, 4.93, 4.83, 4.29, 5.17, 5.71],
  xi_35 = [6.58, 9.40, 7.74, 7.18, 4.37, 7.83, 8.69, 7.20, 8.07, 5.73, 8.12, 5.17, 8.27, 8.21, 8.36, 8.69, 7.41, 8.61, 7.18, 2.10, 7.24, 7.38, 7.87, 6.61, 8.02, 7.48, 8.33, 7.81, 8.54, 7.98, 6.46, 3.88, 6.66, 9.10, 6.19, 8.29, 8.95, 9.30, 5.05, 6.66, 8.21, 7.38, 6.96, 9.88, 7.42, 8.06, 2.35, 7.93, 8.67, 8.41],
  xi_36 = [8.06, 6.71, 8.55, 6.24, 9.57, 3.68, 8.41, 8.31, 7.97, 4.44, 9.40, 9.07, 7.84, 7.23, 6.98, 6.60, 7.33, 7.75, 1.42, 8.83, 10.03, 7.71, 7.95, 7.37, 5.63, 2.39, 4.79, 1.95, 5.18, 7.88, 6.21, 8.47, 7.91, 8.28, 7.17, 3.26, 6.69, 7.59, 1.63, 7.92, 4.76, 5.44, 9.80, 7.84, 7.68, 7.53, 6.86, 5.55, 8.36, 8.71],
  xi_37 = [7.73, 5.05, 6.34, 4.35, 6.51, 6.81, 5.13, 6.86, 6.21, 7.45, 7.77, 7.18, 6.45, 8.96, 4.54, 7.81, 6.29, 5.84, 9.34, 6.99, 9.68, 7.42, 5.97, 6.64, 7.79, 7.87, 8.04, 2.32, 8.42, 2.73, 6.94, 6.44, 7.44, 5.67, 7.26, 6.70, 5.78, 9.73, 8.80, 8.14, 7.56, 8.15, 8.20, 7.31, 1.23, 8.44, 6.54, 6.50, 7.32, 7.81],
  xi_38 = [6.56, 9.73, 5.52, 6.21, 6.57, 6.04, 5.87, 2.53, 7.82, 6.22, 6.00, 6.07, 6.24, 5.72, 5.80, 6.38, 5.75, 5.36, 6.54, 5.93, 6.85, 5.36, 8.42, 5.42, 3.56, 6.54, 8.30, 5.52, 5.29, 6.44, 5.21, 5.92, 6.60, 5.38, 7.90, 5.76, 6.77, 1.49, 6.13, 7.78, 6.79, 6.62, 6.59, 7.20, 5.87, 5.82, 9.52, 4.00, 4.85, 6.12],
  xi_39 = [9.05, 8.86, 8.14, 1.50, 8.00, 9.02, 4.61, 2.59, 8.88, 7.80, 9.15, 9.90, 8.69, 8.86, 9.98, 3.53, 6.00, 9.31, 5.60, 8.80, 9.13, 8.70, 10.17, 9.94, 9.87, 9.43, 8.50, 10.18, 9.15, 9.85, 9.03, 9.30, 8.13, 3.29, 6.99, 7.90, 10.66, 9.00, 5.68, 8.26, 9.25, 8.99, 7.45, 6.24, 10.37, 1.61, 5.48, 2.12, 9.04, 8.37],
  xi_310 = [6.48, 5.46, 5.67, 5.90, 6.43, 6.25, 6.03, 4.09, 5.82, 6.02, 5.18, 6.88, 5.33, 4.97, 8.40, 1.77, 6.22, 6.10, 6.45, 6.76, 4.64, 9.70, 5.72, 5.62, 6.33, 6.35, 2.92, 5.68, 5.77, 4.01, 5.78, 5.92, 7.21, 5.82, 5.71, 6.62, 3.82, 6.60, 6.65, 2.75, 7.50, 4.15, 8.39, 4.03, 3.19, 6.25, 5.86, 5.52, 6.21, 5.97],
  xi_311 = [1.03, 2.29, 0.91, 0.94, 0.98, 1.05, 0.99, 1.01, 2.33, 2.12, 9.54, 0.99, 8.38, 1.14, 3.00, 8.89, 1.59, 0.87, 4.27, 0.86, 1.15, 0.91, 5.68, 1.15, 1.12, 1.12, 7.77, 1.52, 3.52, 0.98, 1.10, 2.67, 9.53, 1.02, 4.28, 5.97, 1.03, 9.74, 0.87, 0.94, 0.90, 1.05, 1.08, 7.54, 6.22, 0.90, 0.99, 1.03, 7.59, 4.23],
  xi_312 = [3.00, 3.41, 5.00, 3.25, 2.88, 2.80, 6.02, 3.09, 2.95, 2.81, 3.14, 3.07, 2.55, 2.95, 3.02, 3.85, 2.78, 1.42, 3.02, 7.23, 4.87, 3.09, 3.82, 3.40, 2.63, 3.37, 3.48, 3.85, 7.24, 2.83, 1.45, 2.90, 2.78, 3.02, 2.82, 1.15, 2.71, 2.76, 3.22, 3.09, 9.96, 9.44, 3.11, 2.74, 2.99, 3.27, 3.09, 3.21, 2.96, 1.38],
  xi_313 = [9.75, 7.82, 5.31, 5.99, 5.83, 5.65, 2.17, 6.46, 1.73, 4.44, 6.06, 7.29, 6.82, 7.44, 5.56, 2.13, 6.91, 6.54, 4.97, 1.34, 5.95, 8.29, 5.35, 7.23, 5.14, 5.51, 6.13, 6.49, 6.42, 6.44, 5.77, 3.26, 7.01, 6.23, 6.01, 6.88, 6.80, 1.47, 6.06, 6.17, 6.59, 4.98, 7.01, 3.15, 1.49, 5.89, 6.47, 1.97, 5.36, 5.18],
  xi_314 = [3.99, 8.84, 7.88, 7.67, 7.26, 3.60, 7.53, 6.62, 8.25, 9.42, 6.09, 5.98, 9.22, 1.58, 3.45, 6.88, 3.79, 6.72, 7.34, 4.20, 6.63, 2.97, 7.47, 6.92, 3.51, 6.97, 7.98, 5.69, 5.76, 7.79, 6.97, 7.07, 3.25, 6.26, 9.18, 6.08, 6.40, 8.10, 5.76, 7.22, 7.77, 4.78, 9.02, 7.74, 6.54, 6.77, 5.19, 8.25, 7.35, 5.95],
  xi_315 = [9.31, 0.89, 0.83, 0.90, 0.97, 0.77, 4.26, 0.98, 0.96, 0.87, 1.04, 8.64, 0.73, 1.14, 0.96, 8.67, 1.00, 1.06, 6.54, 2.48, 6.06, 0.99, 0.98, 9.85, 1.05, 1.59, 1.11, 1.05, 2.04, 0.87, 9.81, 5.39, 4.28, 9.78, 0.94, 0.93, 0.93, 0.96, 2.27, 1.72, 0.92, 0.92, 0.99, 1.14, 9.14, 0.83, 1.04, 7.31, 1.11, 1.08],
  xi_316 = [5.87, 8.61, 8.98, 8.36, 7.83, 7.86, 7.24, 8.54, 7.69, 7.53, 4.16, 10.40, 8.16, 1.87, 7.51, 6.45, 6.13, 5.00, 6.95, 7.80, 5.19, 4.78, 1.22, 9.14, 3.49, 7.76, 4.20, 8.85, 4.26, 9.40, 7.64, 7.45, 7.94, 8.25, 5.29, 9.15, 7.70, 8.17, 3.50, 9.22, 5.74, 4.97, 8.18, 5.35, 2.91, 9.00, 7.06, 8.90, 9.26, 9.05],
  xi_317 = [3.98, 3.70, 4.77, 5.05, 4.64, 4.28, 3.30, 1.03, 3.97, 3.61, 4.47, 2.73, 9.56, 4.11, 1.26, 1.86, 4.88, 3.78, 3.98, 3.88, 4.57, 4.30, 6.77, 3.30, 3.15, 5.30, 4.37, 1.41, 3.46, 3.70, 4.16, 4.35, 3.40, 2.95, 4.03, 4.54, 3.52, 3.68, 9.25, 3.65, 4.48, 4.49, 3.81, 4.36, 4.05, 4.08, 4.29, 4.43, 4.29, 4.54],
  xi_318 = [6.61, 5.15, 7.06, 6.20, 2.15, 6.12, 6.18, 6.65, 5.52, 7.83, 6.45, 6.97, 7.71, 5.94, 8.07, 9.87, 8.01, 3.26, 6.69, 5.51, 5.76, 7.73, 7.56, 6.80, 6.51, 2.13, 7.46, 6.09, 2.95, 5.95, 7.02, 9.66, 7.57, 3.06, 6.74, 6.86, 1.42, 6.61, 7.01, 6.84, 7.10, 8.84, 6.07, 2.71, 7.47, 6.46, 4.35, 6.91, 7.20, 9.93],
  xi_319 = [3.29, 8.53, 8.00, 7.56, 8.76, 8.35, 1.97, 3.02, 7.80, 9.00, 2.46, 6.71, 7.61, 4.87, 6.48, 9.00, 8.47, 8.24, 5.62, 7.02, 4.16, 7.10, 7.10, 6.92, 9.02, 7.15, 7.98, 8.17, 8.42, 9.23, 7.97, 7.90, 8.47, 9.20, 8.56, 5.46, 8.45, 9.66, 4.52, 8.83, 6.26, 5.01, 6.59, 8.28, 6.29, 1.89, 8.24, 8.07, 5.04, 9.07],
  xi_320 = [5.98, 5.53, 5.90, 8.99, 5.35, 6.23, 2.78, 6.03, 6.12, 6.31, 5.78, 6.17, 6.74, 6.39, 5.68, 8.08, 7.00, 5.59, 1.66, 9.56, 8.79, 5.32, 1.42, 5.51, 6.12, 3.26, 9.33, 5.75, 5.58, 9.85, 5.88, 5.86, 6.12, 2.36, 3.82, 5.65, 8.18, 6.05, 5.58, 5.25, 6.15, 5.59, 6.25, 6.69, 4.25, 3.41, 5.96, 7.15, 5.61, 3.22],
  xi_41 = [3.52, 4.48, 2.84, 3.57, 4.15, 1.80, 3.70, 4.18, 5.71, 4.10, 2.25, 4.02, 4.16, 3.59, 3.98, 3.84, 4.27, 4.42, 4.21, 4.08, 4.33, 7.86, 3.95, 3.48, 4.08, 5.12, 7.37, 3.93, 4.30, 4.03, 3.19, 4.01, 2.81, 3.61, 3.80, 3.75, 3.75, 3.06, 7.86, 4.58, 4.57, 3.27, 3.92, 4.38, 3.63, 5.19, 3.59, 3.45, 3.67, 4.23],
  xi_42 = [2.13, 7.13, 6.27, 7.75, 5.76, 1.55, 5.67, 5.87, 7.51, 9.54, 7.91, 8.63, 6.34, 6.16, 7.56, 5.97, 7.22, 3.71, 7.93, 7.69, 9.47, 7.20, 6.30, 2.12, 7.60, 5.35, 9.62, 8.22, 6.84, 8.21, 8.00, 6.53, 8.65, 7.61, 7.53, 7.85, 6.57, 7.13, 6.58, 6.53, 5.69, 6.74, 5.68, 7.06, 1.46, 6.46, 7.09, 6.41, 6.94, 2.84],
  xi_43 = [7.14, 6.96, 7.60, 6.43, 5.93, 7.29, 5.89, 5.90, 6.84, 4.79, 7.14, 9.84, 8.49, 5.27, 7.86, 7.29, 8.32, 6.98, 6.49, 7.06, 7.47, 6.75, 4.55, 8.16, 2.01, 7.43, 2.15, 6.93, 6.31, 8.81, 7.60, 6.10, 7.21, 8.32, 6.46, 7.71, 1.86, 6.95, 3.75, 5.96, 7.19, 6.50, 7.61, 6.34, 6.71, 6.30, 6.36, 7.14, 6.84, 4.17],
  xi_44 = [3.45, 9.77, 8.12, 9.81, 8.17, 10.31, 2.03, 9.20, 5.73, 3.05, 9.06, 3.55, 6.73, 10.84, 8.35, 6.00, 9.81, 4.79, 3.57, 7.86, 2.28, 7.20, 1.96, 9.72, 9.01, 9.18, 9.69, 5.04, 4.12, 7.84, 8.98, 9.61, 8.94, 8.08, 6.53, 10.36, 8.86, 8.47, 8.33, 8.79, 10.68, 7.78, 8.97, 8.89, 8.91, 7.94, 8.07, 11.27, 8.69, 9.75],
  xi_45 = [8.22, 1.07, 5.65, 8.03, 8.94, 3.59, 2.94, 2.05, 7.31, 1.76, 2.56, 1.97, 2.09, 2.05, 5.23, 1.96, 1.96, 2.17, 2.19, 1.18, 3.08, 2.40, 1.75, 2.24, 3.21, 1.86, 3.97, 7.87, 8.16, 1.73, 5.31, 2.09, 1.97, 2.79, 1.95, 2.12, 2.01, 2.03, 1.72, 1.77, 1.96, 2.00, 1.96, 1.89, 1.90, 1.86, 1.56, 1.92, 5.79, 1.85],
  xi_46 = [8.19, 7.29, 6.59, 9.71, 7.00, 5.74, 7.01, 7.27, 6.58, 7.80, 7.69, 7.09, 6.68, 6.57, 6.27, 7.50, 5.07, 9.97, 6.24, 8.97, 5.40, 5.72, 6.84, 2.84, 7.42, 5.21, 7.17, 7.23, 6.88, 6.64, 7.00, 7.49, 7.74, 5.15, 6.18, 7.57, 7.74, 6.44, 9.52, 2.82, 7.37, 5.83, 5.91, 7.00, 4.39, 7.27, 6.54, 7.56, 9.02, 7.97],
  xi_47 = [8.92, 1.89, 2.14, 8.53, 2.92, 2.16, 2.06, 2.07, 2.01, 2.22, 1.55, 1.75, 2.19, 2.31, 7.85, 2.07, 1.99, 2.11, 6.72, 2.30, 3.63, 2.02, 6.10, 4.64, 2.07, 7.89, 2.00, 2.03, 2.31, 8.21, 2.33, 6.73, 2.13, 1.94, 1.89, 1.58, 2.81, 2.16, 9.09, 9.26, 4.16, 2.37, 1.33, 5.40, 2.31, 2.13, 6.74, 2.31, 2.16, 3.41],
  xi_48 = [10.36, 7.77, 10.75, 9.42, 9.60, 3.20, 2.10, 10.22, 9.63, 9.00, 7.99, 10.24, 9.11, 5.63, 12.00, 9.38, 9.27, 10.92, 10.02, 10.22, 10.33, 11.77, 9.07, 9.43, 1.05, 2.78, 8.59, 9.15, 10.99, 3.09, 11.17, 3.24, 7.56, 10.50, 10.17, 9.66, 8.26, 1.70, 9.85, 1.35, 4.18, 9.51, 9.69, 5.24, 3.07, 6.04, 9.94, 1.97, 12.39, 9.16],
  xi_49 = [10.50, 9.63, 9.55, 11.13, 5.52, 4.67, 5.99, 10.11, 9.48, 9.91, 10.13, 3.23, 10.70, 9.28, 10.79, 10.47, 4.45, 10.61, 12.63, 8.94, 9.60, 9.17, 1.57, 10.87, 10.59, 8.66, 4.36, 7.92, 3.97, 10.28, 11.39, 6.95, 9.92, 10.98, 9.09, 9.57, 9.46, 6.03, 10.87, 2.68, 10.50, 3.32, 10.88, 5.62, 6.85, 9.34, 7.40, 4.74, 8.90, 8.94],
  xi_410 = [5.61, 9.47, 7.58, 5.28, 1.42, 7.14, 4.40, 6.55, 8.49, 7.46, 9.13, 7.56, 7.09, 6.28, 6.82, 7.38, 6.42, 7.31, 6.31, 2.40, 6.51, 6.28, 8.10, 6.48, 9.13, 7.59, 4.01, 7.81, 7.15, 8.07, 7.58, 7.55, 6.51, 7.91, 1.94, 6.99, 9.48, 7.55, 7.19, 7.25, 6.31, 6.29, 6.30, 6.36, 6.32, 6.36, 6.61, 6.72, 3.44, 6.82],
  xi_411 = [4.67, 6.70, 6.87, 2.73, 4.88, 5.87, 6.06, 8.49, 7.93, 7.08, 4.39, 1.87, 6.84, 6.39, 5.60, 8.88, 1.38, 5.61, 5.59, 6.06, 3.01, 7.58, 7.97, 8.91, 6.74, 6.47, 9.24, 4.60, 7.96, 5.35, 5.31, 6.97, 6.94, 4.21, 5.24, 6.10, 4.57, 5.39, 3.21, 5.12, 6.27, 5.43, 4.18, 6.07, 2.62, 3.27, 6.35, 6.17, 5.71, 6.04],
  xi_412 = [3.79, 9.54, 3.05, 4.93, 4.81, 3.76, 3.55, 9.02, 3.47, 4.02, 4.29, 3.83, 8.07, 3.60, 2.36, 4.18, 3.69, 7.04, 3.61, 9.13, 9.25, 3.89, 3.71, 4.88, 1.17, 4.11, 3.93, 3.72, 4.01, 3.56, 8.61, 4.27, 4.15, 3.61, 4.18, 4.01, 3.65, 4.21, 4.25, 4.44, 3.85, 4.01, 3.75, 4.15, 4.44, 4.28, 2.92, 3.98, 8.05, 3.66],
  xi_413 = [8.52, 1.73, 6.83, 8.64, 8.51, 9.09, 9.72, 4.13, 8.57, 10.91, 9.77, 8.62, 7.83, 9.64, 10.18, 8.15, 8.60, 3.80, 9.18, 5.19, 8.39, 9.33, 7.17, 8.54, 8.43, 9.79, 9.84, 3.12, 8.63, 8.68, 8.07, 8.95, 9.21, 7.69, 8.89, 7.10, 3.90, 8.85, 7.28, 9.48, 9.63, 8.20, 8.65, 9.90, 9.02, 8.44, 1.94, 4.74, 8.33, 1.38],
  xi_414 = [2.02, 1.75, 2.08, 1.76, 1.95, 2.02, 2.44, 6.51, 2.17, 1.78, 3.00, 4.42, 2.01, 1.99, 2.42, 1.85, 5.36, 1.81, 1.82, 4.98, 2.12, 1.92, 1.73, 1.85, 7.30, 1.55, 4.15, 5.44, 1.79, 1.61, 2.05, 1.89, 3.14, 5.69, 7.30, 2.02, 2.15, 1.99, 1.96, 2.05, 2.13, 3.51, 6.93, 5.01, 6.03, 9.07, 1.16, 2.11, 2.07, 1.85],
  xi_415 = [1.72, 1.92, 1.97, 4.82, 2.36, 6.77, 2.39, 1.92, 2.13, 5.43, 2.03, 1.75, 1.57, 5.34, 1.86, 2.01, 1.88, 5.04, 2.17, 1.80, 2.00, 2.51, 5.43, 4.89, 2.30, 2.04, 9.33, 2.17, 2.53, 1.76, 5.23, 2.20, 1.88, 1.93, 2.07, 8.22, 7.82, 1.85, 5.96, 1.66, 2.05, 1.95, 1.95, 7.86, 2.18, 7.10, 1.85, 2.18, 4.92, 1.78],
  xi_416 = [6.07, 5.73, 6.84, 2.42, 2.73, 6.30, 6.15, 6.33, 6.83, 6.63, 7.28, 6.52, 6.97, 6.50, 4.96, 5.84, 6.75, 7.20, 2.07, 6.06, 8.79, 5.96, 5.53, 7.01, 6.24, 6.42, 6.50, 7.63, 6.06, 5.63, 3.85, 6.70, 6.26, 5.81, 2.88, 3.83, 2.54, 6.52, 4.83, 8.45, 6.14, 5.78, 5.76, 5.79, 7.09, 3.65, 6.57, 2.69, 6.68, 5.66],
  xi_417 = [1.21, 0.96, 5.72, 1.06, 2.50, 0.90, 0.88, 2.38, 1.16, 0.77, 9.70, 2.14, 9.34, 0.94, 5.14, 1.00, 0.96, 5.82, 1.04, 0.96, 1.05, 0.92, 5.47, 0.95, 1.04, 1.13, 0.89, 1.01, 0.86, 9.63, 0.94, 0.92, 0.82, 4.45, 6.28, 0.92, 7.44, 0.98, 0.91, 1.00, 0.93, 1.03, 2.28, 1.08, 1.06, 8.80, 0.87, 6.93, 8.60, 1.42],
  xi_418 = [10.02, 11.36, 2.34, 8.71, 4.71, 9.65, 8.68, 1.59, 10.86, 9.27, 9.75, 9.28, 6.39, 7.16, 5.10, 8.45, 10.60, 1.58, 10.70, 7.49, 8.27, 11.56, 10.37, 8.94, 11.27, 9.11, 9.30, 10.11, 5.66, 9.30, 10.15, 8.47, 9.40, 9.41, 9.04, 9.18, 10.92, 3.84, 10.08, 2.78, 10.74, 10.31, 4.08, 1.98, 4.53, 9.19, 9.08, 8.35, 11.86, 9.53],
  xi_419 = [8.29, 5.15, 9.40, 1.84, 2.14, 2.05, 8.54, 2.00, 4.78, 2.15, 2.45, 2.04, 2.09, 1.98, 2.12, 2.13, 2.17, 1.78, 1.80, 2.05, 1.75, 4.75, 2.29, 1.80, 2.06, 1.95, 1.83, 2.07, 2.24, 6.43, 1.97, 2.17, 1.79, 9.02, 1.68, 1.89, 8.94, 1.98, 7.20, 2.09, 7.81, 1.88, 1.65, 1.85, 2.27, 4.49, 5.34, 1.90, 4.08, 2.15],
  xi_420 = [7.13, 4.36, 7.26, 9.91, 7.90, 6.85, 7.58, 4.89, 6.55, 6.66, 7.21, 7.19, 9.49, 5.88, 6.65, 5.69, 8.24, 6.73, 7.30, 6.37, 8.64, 6.29, 5.72, 5.78, 7.42, 8.63, 6.79, 2.12, 6.20, 4.04, 6.11, 7.55, 6.06, 4.69, 7.22, 6.73, 6.81, 6.56, 3.42, 7.67, 5.96, 7.15, 1.30, 7.47, 7.03, 8.01, 6.37, 7.32, 6.92, 7.14],
  xi_51 = [8.17, 9.30, 3.97, 4.22, 4.20, 4.20, 3.16, 3.77, 4.01, 4.19, 4.60, 4.44, 3.99, 4.56, 1.03, 3.46, 3.57, 4.07, 8.06, 4.55, 2.21, 9.43, 3.34, 4.02, 4.24, 4.37, 4.22, 5.05, 5.65, 3.86, 4.22, 4.33, 4.67, 5.50, 5.63, 4.04, 1.88, 5.39, 4.45, 4.17, 7.04, 5.42, 8.69, 3.63, 3.38, 3.81, 1.84, 3.10, 4.32, 4.41],
  xi_52 = [7.09, 4.96, 1.86, 11.20, 8.57, 7.95, 9.13, 7.81, 10.53, 9.68, 9.54, 8.69, 1.23, 8.18, 3.34, 9.19, 8.84, 9.05, 10.17, 10.44, 8.71, 9.50, 9.17, 10.19, 6.91, 2.18, 2.95, 9.21, 8.77, 8.56, 9.44, 1.29, 9.11, 8.95, 9.31, 6.27, 8.06, 5.14, 5.71, 9.07, 8.54, 5.17, 9.77, 7.93, 9.16, 10.49, 8.07, 9.70, 7.62, 8.85],
  xi_53 = [5.73, 7.95, 8.90, 7.69, 7.72, 10.78, 4.12, 8.50, 9.29, 8.73, 9.36, 9.35, 9.16, 10.22, 9.11, 8.79, 3.71, 3.01, 9.07, 8.48, 9.09, 2.48, 6.84, 1.69, 4.94, 8.41, 8.61, 5.24, 8.26, 8.38, 3.92, 4.88, 8.86, 9.37, 9.99, 9.63, 1.20, 9.15, 9.12, 8.11, 8.76, 9.94, 2.89, 7.66, 7.99, 2.62, 9.78, 4.15, 1.18, 1.25],
  xi_54 = [7.17, 5.50, 5.34, 6.05, 4.97, 2.57, 3.31, 5.40, 4.86, 5.18, 5.83, 5.44, 5.07, 4.15, 5.73, 4.94, 4.27, 4.38, 8.56, 5.28, 5.72, 5.61, 5.45, 5.71, 6.44, 4.90, 5.25, 4.87, 6.01, 4.30, 1.22, 2.30, 4.76, 5.27, 4.39, 5.26, 6.01, 5.15, 5.80, 5.08, 5.62, 4.14, 4.76, 4.58, 9.00, 4.66, 8.03, 4.53, 7.37, 4.36],
  xi_55 = [4.63, 4.18, 3.89, 5.19, 3.62, 4.11, 4.21, 3.71, 4.08, 3.47, 4.93, 4.38, 4.09, 3.75, 3.96, 3.47, 3.87, 4.04, 4.63, 3.43, 8.34, 4.01, 4.55, 4.40, 3.82, 3.81, 2.63, 4.70, 7.45, 4.13, 3.83, 4.13, 4.40, 3.95, 4.04, 8.50, 4.42, 3.34, 3.61, 3.75, 4.21, 8.25, 2.80, 3.61, 3.60, 3.89, 5.78, 9.62, 5.87, 3.80],
  xi_56 = [3.83, 4.04, 4.61, 8.85, 3.71, 5.10, 3.86, 8.88, 3.98, 4.21, 4.79, 3.69, 2.71, 3.76, 4.41, 5.32, 3.91, 3.28, 3.79, 5.80, 3.80, 4.36, 3.11, 3.67, 3.57, 3.99, 3.40, 3.68, 3.63, 3.78, 4.09, 4.47, 4.36, 3.34, 4.01, 3.52, 8.06, 3.72, 3.77, 3.53, 7.03, 1.38, 1.07, 3.84, 5.04, 9.77, 4.06, 4.75, 4.41, 3.46],
  xi_57 = [5.20, 5.44, 5.32, 4.19, 8.27, 5.85, 4.93, 4.45, 7.81, 4.75, 4.53, 5.20, 5.06, 4.09, 5.31, 6.03, 4.74, 5.11, 8.36, 4.91, 5.09, 7.38, 5.45, 4.85, 5.19, 5.37, 4.84, 4.38, 4.49, 4.99, 5.45, 4.89, 5.21, 5.88, 2.78, 4.66, 5.15, 5.24, 4.06, 1.65, 4.80, 5.53, 4.75, 5.06, 5.09, 4.90, 4.81, 5.41, 5.30, 5.79],
  xi_58 = [8.95, 8.89, 11.13, 9.29, 10.05, 10.19, 9.43, 10.90, 8.48, 5.61, 9.50, 8.03, 9.21, 7.58, 8.01, 10.59, 8.90, 7.92, 5.50, 1.81, 9.60, 11.85, 10.69, 10.15, 6.49, 8.65, 9.05, 8.85, 9.21, 8.00, 9.84, 10.37, 8.79, 8.72, 3.37, 3.87, 9.12, 9.14, 11.19, 8.94, 6.54, 8.59, 8.59, 8.46, 8.06, 7.88, 2.34, 9.48, 2.88, 6.37],
  xi_59 = [0.90, 0.98, 1.05, 0.94, 1.04, 0.92, 5.10, 1.10, 0.91, 1.00, 1.93, 4.15, 6.92, 0.95, 1.05, 1.02, 1.07, 5.55, 5.13, 0.94, 1.23, 1.08, 7.20, 0.95, 0.96, 7.64, 8.03, 0.91, 1.06, 1.32, 4.81, 1.15, 8.45, 0.94, 1.06, 0.94, 9.21, 0.95, 0.81, 1.11, 1.18, 2.19, 5.20, 0.91, 0.94, 6.69, 1.00, 0.99, 2.08, 0.98],
  xi_510 = [3.77, 6.15, 1.21, 3.04, 2.36, 2.51, 3.31, 3.02, 3.01, 6.06, 4.20, 2.88, 7.56, 7.49, 3.30, 1.48, 2.81, 2.61, 2.91, 3.08, 2.10, 2.74, 3.09, 7.02, 3.13, 1.39, 7.61, 9.33, 4.86, 2.97, 3.05, 3.19, 3.03, 2.88, 8.44, 2.68, 1.91, 2.88, 3.04, 3.71, 2.27, 3.03, 6.05, 2.44, 2.90, 5.67, 2.49, 1.33, 2.99, 2.62],
  xi_511 = [3.70, 3.67, 3.76, 2.69, 3.75, 3.66, 3.53, 1.44, 4.18, 3.43, 3.70, 7.65, 3.83, 4.22, 3.81, 3.75, 2.51, 3.49, 4.21, 4.01, 3.74, 4.40, 2.33, 3.96, 3.65, 4.03, 3.64, 3.96, 4.62, 4.84, 5.51, 4.85, 3.40, 4.74, 4.15, 4.88, 4.25, 3.21, 4.40, 4.28, 4.99, 2.77, 3.61, 2.91, 4.14, 4.15, 4.25, 4.03, 4.16, 3.62],
  xi_512 = [4.18, 4.86, 5.01, 4.64, 4.62, 8.94, 4.87, 3.67, 5.46, 5.15, 3.82, 8.08, 4.29, 5.42, 4.47, 2.73, 4.69, 4.28, 6.01, 4.82, 5.91, 5.58, 5.40, 5.57, 5.42, 3.77, 4.29, 3.20, 3.68, 4.73, 5.39, 6.74, 4.58, 5.85, 5.74, 5.57, 2.05, 5.58, 3.34, 8.97, 6.02, 4.00, 5.44, 4.96, 5.51, 4.91, 4.51, 4.62, 5.66, 7.42],
  xi_513 = [2.18, 2.98, 3.29, 3.27, 3.04, 3.42, 3.02, 3.11, 3.18, 3.50, 3.03, 9.78, 3.22, 3.26, 3.23, 3.13, 2.36, 6.89, 2.87, 3.07, 8.59, 7.34, 3.00, 3.25, 2.42, 1.58, 6.77, 5.27, 2.70, 5.25, 5.30, 8.27, 2.85, 2.94, 8.16, 3.14, 3.54, 2.85, 3.16, 3.23, 2.84, 3.51, 1.81, 3.10, 3.35, 3.05, 3.17, 3.33, 3.17, 1.98],
  xi_514 = [7.71, 4.99, 5.14, 5.49, 5.34, 4.45, 5.10, 4.83, 5.36, 4.76, 4.78, 1.42, 7.32, 5.35, 4.94, 4.61, 9.73, 2.45, 5.69, 5.57, 5.42, 5.34, 4.25, 5.14, 2.76, 2.78, 5.31, 5.43, 4.59, 3.92, 5.43, 5.31, 5.61, 4.58, 4.71, 5.57, 4.98, 4.70, 5.00, 4.93, 9.50, 5.29, 2.80, 5.41, 5.06, 9.86, 5.17, 4.90, 4.77, 2.69],
  xi_515 = [3.61, 10.12, 9.71, 11.36, 2.17, 8.40, 7.50, 10.88, 9.35, 3.78, 5.05, 11.14, 2.83, 4.62, 9.78, 9.50, 3.54, 1.64, 11.79, 9.29, 9.89, 8.45, 11.67, 9.80, 8.99, 1.23, 10.81, 3.95, 9.61, 10.35, 9.05, 10.58, 3.27, 1.48, 9.67, 8.80, 9.38, 6.27, 4.13, 10.14, 11.02, 9.46, 1.06, 10.03, 11.04, 10.16, 9.44, 8.67, 9.27, 7.45],
  xi_516 = [7.43, 6.18, 6.56, 6.03, 4.89, 7.10, 9.44, 4.65, 5.83, 5.84, 3.91, 8.84, 1.40, 3.49, 4.96, 3.08, 6.12, 5.84, 6.09, 5.61, 5.71, 5.10, 3.27, 1.69, 5.96, 5.45, 2.03, 5.78, 4.72, 7.04, 5.94, 5.64, 6.43, 6.13, 6.91, 6.61, 6.69, 6.05, 6.25, 5.29, 6.33, 7.17, 6.81, 6.24, 6.78, 5.28, 5.52, 5.32, 5.73, 4.48],
  xi_517 = [9.62, 4.82, 1.12, 1.10, 1.19, 0.84, 4.33, 1.11, 0.99, 1.12, 1.02, 0.97, 5.20, 1.07, 0.95, 0.79, 1.01, 9.05, 1.13, 4.62, 1.10, 8.91, 0.95, 0.97, 0.99, 8.31, 1.28, 1.00, 1.10, 1.06, 0.96, 0.96, 3.18, 0.91, 1.28, 8.16, 1.02, 0.91, 1.03, 1.06, 0.83, 9.29, 0.97, 1.08, 1.04, 0.98, 1.04, 1.59, 0.98, 1.01],
  xi_518 = [2.96, 7.88, 9.54, 9.11, 8.80, 9.21, 7.90, 6.32, 4.59, 9.66, 9.95, 1.40, 9.52, 10.21, 8.02, 7.69, 10.29, 6.62, 8.29, 9.53, 7.51, 9.32, 9.89, 4.61, 6.47, 8.58, 3.80, 9.63, 9.35, 8.58, 6.79, 4.77, 5.48, 9.20, 9.79, 9.06, 9.52, 5.71, 9.58, 9.01, 8.66, 7.69, 8.29, 1.01, 8.70, 1.75, 6.14, 8.82, 1.02, 9.47],
  xi_519 = [3.45, 9.67, 9.01, 10.09, 8.43, 6.62, 9.61, 12.11, 5.58, 10.66, 10.94, 8.48, 11.40, 8.40, 9.44, 9.47, 5.68, 9.68, 11.12, 10.88, 10.24, 5.50, 9.42, 9.37, 10.21, 10.98, 1.91, 9.43, 8.52, 9.61, 12.29, 10.15, 2.33, 5.89, 9.11, 2.60, 10.69, 10.73, 1.03, 8.58, 9.80, 10.11, 10.22, 10.58, 2.88, 6.51, 10.81, 7.32, 12.75, 9.17],
  xi_520 = [6.42, 7.79, 7.57, 6.40, 8.37, 8.17, 9.28, 6.68, 4.21, 8.21, 3.14, 7.85, 8.68, 9.31, 6.71, 8.04, 7.77, 8.06, 7.79, 5.39, 6.93, 10.12, 6.78, 7.80, 7.86, 6.20, 6.83, 6.21, 5.67, 7.43, 5.82, 4.52, 7.05, 8.01, 7.52, 7.69, 7.27, 2.86, 9.14, 6.71, 3.51, 5.27, 7.31, 4.26, 6.48, 5.18, 2.83, 2.18, 8.51, 7.12],
  xi_61 = [11.46, 10.12, 3.97, 8.85, 9.13, 9.74, 10.25, 10.18, 10.99, 11.10, 9.72, 7.47, 8.13, 9.96, 1.88, 8.85, 9.38, 4.04, 10.31, 8.67, 10.64, 7.90, 8.83, 12.02, 9.23, 8.74, 10.04, 11.43, 9.08, 9.57, 9.32, 2.83, 8.35, 9.74, 8.93, 9.33, 8.58, 9.14, 4.16, 12.39, 11.21, 3.02, 4.45, 11.18, 2.26, 10.58, 4.21, 10.10, 9.62, 1.85],
  xi_62 = [2.46, 4.04, 4.21, 4.19, 2.78, 1.75, 4.32, 8.83, 4.15, 3.54, 2.71, 3.67, 4.35, 4.11, 4.03, 8.94, 3.88, 3.49, 3.71, 4.03, 4.16, 8.19, 6.30, 3.79, 5.11, 7.18, 4.44, 3.52, 4.25, 4.11, 4.83, 6.72, 4.23, 4.52, 4.52, 3.92, 6.32, 4.02, 3.96, 3.80, 3.90, 3.78, 9.99, 4.03, 3.91, 4.15, 4.57, 3.25, 3.92, 4.50],
  xi_63 = [3.84, 9.55, 0.93, 0.92, 8.81, 0.97, 1.01, 1.00, 0.93, 7.64, 9.93, 0.95, 0.89, 0.94, 1.04, 1.06, 5.83, 0.82, 3.80, 1.05, 1.25, 1.04, 0.97, 1.14, 1.03, 1.00, 0.97, 4.15, 1.89, 2.00, 0.95, 1.07, 2.04, 1.11, 1.17, 0.90, 1.00, 1.09, 4.35, 9.12, 7.07, 0.91, 1.06, 5.36, 0.88, 0.84, 0.87, 7.22, 7.59, 6.05],
  xi_64 = [9.93, 9.15, 9.98, 9.35, 9.02, 11.09, 9.74, 9.40, 3.64, 11.30, 8.21, 9.30, 9.12, 4.36, 10.91, 6.45, 4.72, 9.52, 11.39, 6.32, 10.14, 10.03, 9.84, 1.96, 7.83, 3.43, 10.23, 9.56, 8.50, 4.01, 8.76, 9.59, 5.17, 4.10, 10.13, 9.96, 11.63, 9.88, 6.43, 9.96, 4.15, 7.15, 9.47, 10.42, 8.41, 9.32, 9.96, 8.25, 10.23, 7.07],
  xi_65 = [7.21, 7.72, 7.95, 5.68, 9.56, 6.99, 6.68, 8.43, 7.24, 9.23, 7.35, 8.79, 7.54, 7.68, 7.53, 7.13, 8.50, 6.87, 1.12, 3.15, 2.52, 7.31, 5.22, 9.31, 8.53, 7.12, 8.02, 9.70, 6.64, 5.20, 7.38, 7.79, 8.97, 5.71, 9.52, 3.76, 7.69, 8.35, 7.37, 7.75, 8.26, 8.58, 7.03, 9.23, 7.33, 7.83, 8.66, 7.44, 9.90, 9.03],
  xi_66 = [6.26, 1.02, 0.82, 4.97, 5.16, 0.92, 1.12, 5.28, 4.14, 0.86, 0.96, 1.07, 0.91, 0.87, 1.19, 6.85, 7.66, 1.15, 0.83, 1.79, 0.89, 0.96, 0.93, 0.92, 8.10, 3.26, 1.16, 0.98, 0.84, 3.39, 0.91, 0.99, 1.03, 1.17, 1.06, 0.80, 8.93, 5.46, 9.95, 1.00, 0.99, 5.21, 0.87, 1.09, 0.94, 1.07, 1.08, 0.95, 1.05, 0.91],
  xi_67 = [1.12, 2.58, 3.49, 1.06, 5.03, 2.00, 0.99, 2.56, 2.26, 3.78, 1.00, 0.99, 0.92, 1.00, 1.16, 1.04, 3.50, 4.90, 1.10, 1.22, 1.04, 6.58, 7.07, 1.00, 0.91, 1.01, 1.23, 1.27, 0.87, 1.07, 1.10, 1.01, 1.04, 4.42, 1.10, 1.06, 2.78, 0.90, 5.41, 7.74, 1.10, 0.98, 8.07, 6.52, 7.86, 8.59, 1.01, 0.84, 2.81, 5.28],
  xi_68 = [5.68, 5.81, 5.40, 6.79, 6.01, 6.38, 5.34, 5.88, 6.74, 6.10, 6.43, 5.54, 7.27, 5.87, 5.25, 5.75, 5.26, 7.03, 5.99, 6.33, 2.42, 6.08, 5.28, 1.29, 4.58, 3.73, 6.47, 6.01, 4.86, 6.43, 6.33, 5.53, 6.35, 5.72, 8.72, 2.48, 5.84, 6.85, 3.29, 7.93, 5.60, 6.68, 5.50, 1.61, 8.14, 5.65, 5.87, 3.31, 6.20, 5.60],
  xi_69 = [6.27, 8.81, 9.41, 6.70, 7.32, 8.63, 8.00, 4.99, 9.46, 8.24, 4.13, 4.36, 7.39, 7.43, 4.39, 7.34, 6.51, 8.62, 4.59, 8.14, 2.85, 7.02, 7.85, 1.96, 1.50, 8.37, 8.52, 7.50, 7.72, 8.14, 9.60, 7.87, 8.01, 7.86, 6.20, 9.60, 8.89, 7.62, 8.55, 4.16, 7.49, 7.61, 1.60, 8.97, 9.87, 2.05, 7.86, 9.25, 6.86, 8.88],
  xi_610 = [3.57, 1.09, 0.92, 5.55, 1.00, 0.90, 4.77, 9.14, 0.93, 0.87, 1.16, 1.04, 1.02, 1.01, 1.11, 0.93, 0.99, 0.99, 1.00, 0.96, 1.02, 0.95, 1.19, 0.97, 0.88, 0.93, 1.06, 1.01, 8.40, 0.96, 0.92, 1.05, 0.91, 1.03, 1.01, 0.97, 6.94, 0.80, 1.12, 0.98, 1.16, 1.04, 1.00, 0.88, 7.27, 1.18, 1.07, 4.93, 7.63, 8.13],
  xi_611 = [1.25, 1.01, 8.62, 0.93, 2.04, 1.06, 3.25, 6.77, 0.84, 1.03, 1.19, 3.74, 8.18, 0.98, 1.23, 0.97, 1.20, 1.73, 1.15, 1.06, 2.21, 2.02, 1.00, 9.38, 1.03, 0.86, 0.98, 0.87, 0.98, 1.06, 4.31, 2.32, 1.14, 5.50, 0.95, 2.49, 4.29, 0.96, 0.96, 1.09, 1.07, 7.98, 6.73, 1.25, 0.88, 0.97, 1.82, 1.10, 0.91, 1.37],
  xi_612 = [1.23, 1.08, 1.03, 3.07, 0.98, 2.45, 1.05, 8.66, 1.21, 1.02, 1.00, 1.20, 0.83, 1.00, 3.51, 1.90, 9.10, 1.11, 0.89, 1.05, 0.97, 5.37, 0.82, 0.95, 1.13, 1.26, 1.03, 0.87, 9.63, 4.47, 9.90, 3.60, 0.92, 0.96, 0.94, 0.74, 0.83, 4.80, 8.88, 1.14, 1.08, 1.11, 1.23, 1.18, 9.77, 1.13, 0.91, 0.84, 1.14, 0.79],
  xi_613 = [7.20, 5.27, 5.91, 3.31, 6.29, 5.60, 6.55, 5.39, 5.64, 5.99, 9.02, 5.76, 5.89, 5.82, 9.90, 2.54, 5.90, 5.28, 6.37, 4.05, 6.26, 6.42, 7.27, 6.19, 5.72, 5.75, 5.82, 1.89, 5.25, 3.64, 7.20, 6.48, 6.69, 2.92, 5.86, 6.52, 9.98, 6.90, 6.68, 4.23, 7.92, 5.97, 9.47, 7.12, 3.56, 7.43, 7.66, 1.86, 7.87, 5.93],
  xi_614 = [5.13, 4.47, 4.93, 7.73, 5.88, 5.43, 2.15, 3.44, 6.32, 3.44, 4.81, 6.91, 4.81, 5.12, 4.55, 4.98, 1.49, 4.48, 5.48, 4.47, 4.32, 4.30, 4.42, 5.11, 8.54, 4.44, 5.03, 5.49, 4.06, 5.07, 4.82, 4.41, 9.00, 5.35, 4.21, 8.94, 1.88, 5.85, 4.62, 5.43, 9.31, 1.76, 7.77, 4.76, 5.45, 9.44, 3.99, 4.27, 6.95, 5.32],
  xi_615 = [2.04, 1.88, 5.65, 2.00, 2.35, 4.77, 2.09, 2.25, 1.73, 1.83, 1.95, 1.81, 1.74, 1.94, 5.52, 5.10, 1.79, 2.32, 7.53, 1.81, 5.58, 2.21, 2.13, 1.94, 1.95, 2.21, 1.82, 2.37, 6.37, 9.22, 9.47, 1.87, 2.09, 2.18, 1.83, 2.22, 1.81, 1.86, 1.80, 2.32, 4.11, 2.18, 1.98, 1.50, 2.13, 1.85, 2.13, 1.85, 1.88, 2.05],
  xi_616 = [4.23, 3.97, 9.92, 4.35, 9.62, 3.72, 6.01, 4.08, 3.96, 4.27, 5.67, 3.53, 4.85, 7.57, 4.25, 4.04, 3.79, 1.20, 5.06, 2.97, 4.11, 3.97, 3.42, 3.15, 4.74, 3.95, 4.22, 3.58, 4.16, 3.72, 3.64, 3.99, 3.22, 4.01, 4.60, 1.58, 9.42, 3.54, 3.50, 4.54, 3.84, 3.65, 3.75, 3.59, 3.99, 4.91, 1.69, 3.42, 4.29, 3.74],
  xi_617 = [2.82, 3.06, 2.78, 3.50, 3.37, 9.19, 3.05, 2.67, 1.17, 1.90, 3.13, 3.26, 3.54, 2.51, 2.96, 2.51, 3.13, 9.56, 8.43, 7.35, 2.72, 8.72, 2.38, 3.49, 2.70, 5.80, 3.24, 2.91, 2.84, 2.82, 6.97, 2.86, 6.95, 2.74, 3.14, 2.45, 3.54, 7.64, 1.04, 3.17, 2.76, 3.31, 3.65, 5.97, 3.06, 3.39, 4.17, 4.20, 2.40, 2.87],
  xi_618 = [6.26, 6.58, 7.00, 8.70, 6.06, 6.15, 8.13, 7.48, 3.11, 7.42, 5.79, 5.60, 9.45, 6.49, 7.44, 7.92, 7.74, 6.95, 6.34, 9.61, 7.06, 6.77, 1.93, 7.15, 7.80, 7.98, 5.34, 8.36, 6.40, 6.07, 7.12, 6.38, 6.17, 9.81, 7.52, 7.41, 1.20, 8.40, 7.03, 7.22, 6.31, 8.12, 9.10, 7.90, 7.09, 8.26, 5.49, 7.91, 7.53, 6.70],
  xi_619 = [4.33, 4.85, 4.13, 4.59, 5.07, 5.68, 4.99, 4.66, 5.18, 4.59, 5.59, 3.81, 4.89, 5.19, 4.01, 5.58, 4.64, 4.98, 4.79, 4.84, 5.25, 9.95, 5.27, 4.91, 5.60, 6.16, 5.14, 5.33, 3.37, 4.54, 4.99, 4.98, 1.39, 2.58, 4.64, 4.72, 4.30, 1.15, 5.07, 4.38, 5.59, 5.13, 5.17, 5.08, 7.09, 4.40, 4.99, 4.76, 3.19, 5.68],
  xi_620 = [5.17, 7.55, 3.41, 5.13, 5.56, 6.97, 5.00, 6.71, 5.30, 4.96, 5.45, 8.20, 5.62, 2.51, 4.71, 5.50, 4.40, 4.65, 4.58, 3.68, 5.05, 5.06, 4.07, 5.06, 5.47, 6.44, 4.02, 4.82, 4.89, 5.50, 4.77, 3.15, 4.98, 4.26, 5.06, 5.75, 6.70, 5.55, 5.91, 4.69, 2.50, 4.11, 4.31, 3.88, 3.95, 4.91, 5.33, 3.36, 5.27, 4.77],
  xi_71 = [10.30, 10.79, 11.29, 9.07, 8.61, 7.57, 10.74, 10.07, 11.23, 5.45, 10.93, 7.17, 10.85, 9.66, 9.41, 9.05, 10.39, 10.35, 8.32, 11.51, 10.72, 9.81, 8.41, 9.12, 10.47, 8.10, 5.71, 9.48, 10.16, 9.96, 8.68, 4.32, 4.05, 2.01, 6.95, 9.87, 10.39, 9.97, 10.70, 7.99, 7.92, 12.12, 10.95, 9.07, 8.55, 1.79, 9.94, 10.68, 4.93, 4.64],
  xi_72 = [4.29, 3.96, 4.87, 5.68, 5.27, 5.12, 2.03, 5.35, 5.93, 4.03, 5.95, 5.03, 4.63, 4.72, 5.21, 3.84, 6.06, 4.94, 4.76, 3.84, 6.93, 7.53, 5.12, 5.02, 7.86, 3.86, 6.57, 4.34, 4.82, 4.93, 4.64, 4.39, 5.41, 5.36, 5.09, 4.91, 5.45, 5.41, 4.86, 4.29, 5.73, 5.67, 2.20, 5.66, 5.15, 5.32, 4.32, 2.48, 4.60, 1.03],
  xi_73 = [6.81, 6.76, 5.62, 6.65, 2.74, 7.42, 7.88, 6.29, 7.09, 8.25, 7.32, 6.41, 6.92, 6.61, 6.19, 1.09, 6.57, 7.05, 6.56, 2.05, 5.92, 7.40, 9.80, 6.25, 5.77, 4.28, 6.07, 6.47, 8.47, 7.10, 6.79, 8.01, 7.98, 8.42, 8.12, 7.13, 6.61, 2.01, 6.21, 6.91, 7.18, 7.51, 6.86, 6.67, 6.60, 6.35, 3.63, 7.49, 7.97, 7.51],
  xi_74 = [2.86, 2.68, 2.33, 9.32, 3.08, 2.99, 3.12, 6.79, 3.14, 3.17, 2.48, 2.86, 3.64, 9.56, 8.31, 2.99, 3.02, 2.79, 6.57, 7.36, 2.80, 2.88, 3.03, 2.83, 5.35, 2.75, 3.15, 2.49, 2.64, 3.02, 3.05, 5.74, 2.77, 3.53, 2.44, 6.39, 9.18, 3.46, 9.49, 6.95, 3.17, 3.11, 3.15, 4.45, 2.95, 9.11, 2.71, 2.88, 1.80, 8.43],
  xi_75 = [9.80, 4.49, 5.68, 6.00, 4.73, 5.15, 6.38, 6.71, 4.90, 9.22, 4.30, 6.06, 5.31, 5.32, 9.58, 4.34, 5.02, 4.80, 5.12, 5.47, 5.36, 5.16, 4.60, 4.53, 4.89, 4.79, 8.10, 5.50, 7.38, 4.42, 4.74, 4.89, 6.82, 5.14, 4.91, 4.57, 4.48, 2.06, 6.00, 4.35, 8.26, 7.36, 5.00, 5.05, 5.57, 3.47, 7.16, 6.20, 3.19, 4.91],
  xi_76 = [4.90, 5.82, 1.10, 1.76, 7.45, 6.16, 4.33, 4.30, 5.24, 6.11, 3.29, 6.93, 6.09, 5.04, 6.02, 6.03, 5.28, 1.88, 2.67, 5.67, 2.42, 2.59, 7.17, 5.11, 9.07, 6.25, 5.60, 4.90, 6.25, 6.96, 9.55, 6.22, 6.31, 6.03, 6.20, 7.10, 6.31, 1.61, 6.63, 6.47, 4.93, 5.14, 6.12, 6.15, 5.23, 9.28, 6.14, 8.84, 5.86, 5.50],
  xi_77 = [6.58, 9.17, 7.89, 7.82, 8.95, 7.08, 2.19, 9.08, 8.28, 9.36, 8.83, 8.64, 8.31, 8.53, 7.67, 3.05, 3.75, 8.37, 3.95, 7.19, 8.71, 5.84, 7.97, 7.74, 7.39, 8.08, 7.90, 8.45, 7.41, 9.01, 8.75, 7.86, 4.31, 7.59, 9.68, 7.86, 9.94, 7.86, 5.51, 8.23, 6.52, 7.99, 7.19, 7.76, 7.87, 9.64, 8.54, 8.09, 7.58, 1.45],
  xi_78 = [4.13, 3.09, 9.48, 8.78, 9.05, 9.31, 8.17, 9.38, 9.91, 2.66, 9.85, 9.61, 6.85, 7.14, 8.07, 7.73, 9.24, 9.71, 5.96, 8.62, 4.50, 9.70, 6.04, 10.16, 8.37, 11.15, 8.68, 10.37, 9.80, 5.33, 7.54, 9.94, 10.99, 8.56, 9.57, 5.85, 10.74, 6.81, 8.37, 10.60, 9.72, 10.58, 3.13, 10.17, 11.38, 8.02, 10.94, 8.39, 9.76, 9.42],
  xi_79 = [4.27, 3.94, 3.94, 1.58, 4.26, 3.89, 3.93, 2.89, 3.05, 3.87, 5.42, 4.73, 3.82, 9.84, 4.67, 2.88, 1.80, 4.13, 3.42, 3.08, 3.51, 4.24, 3.66, 3.36, 3.40, 4.11, 3.72, 4.08, 3.50, 4.20, 4.46, 4.51, 4.10, 5.81, 3.76, 3.95, 1.44, 1.63, 9.75, 8.46, 9.61, 3.44, 6.10, 3.05, 3.85, 4.14, 9.31, 3.83, 1.57, 6.47],
  xi_710 = [8.36, 2.77, 9.42, 8.75, 10.13, 9.13, 8.35, 8.51, 7.68, 8.58, 5.85, 10.06, 8.60, 2.74, 9.10, 6.44, 7.38, 8.92, 6.04, 7.99, 9.97, 10.22, 8.18, 1.87, 7.83, 9.02, 8.37, 4.75, 9.06, 9.17, 8.98, 1.67, 10.56, 7.97, 4.46, 4.74, 5.44, 8.12, 9.57, 7.93, 9.68, 6.24, 7.63, 9.44, 10.58, 10.22, 8.22, 8.99, 9.06, 8.60],
  xi_711 = [4.98, 4.34, 5.24, 4.96, 4.94, 4.86, 4.84, 3.95, 5.13, 4.68, 5.16, 5.49, 4.82, 4.86, 3.85, 5.67, 4.57, 3.42, 4.37, 5.28, 5.09, 4.29, 4.57, 5.58, 1.71, 5.09, 4.58, 4.87, 4.87, 1.90, 6.70, 4.92, 2.64, 4.90, 4.51, 4.48, 5.35, 9.66, 5.02, 5.33, 4.09, 5.22, 5.57, 4.59, 4.43, 6.55, 5.45, 2.19, 4.64, 5.22],
  xi_712 = [1.55, 1.83, 2.27, 1.79, 2.05, 2.10, 1.98, 2.17, 1.72, 1.88, 3.00, 3.80, 5.07, 1.30, 2.27, 2.30, 2.04, 2.03, 2.05, 2.03, 2.03, 1.96, 4.66, 5.45, 1.82, 7.59, 7.03, 2.03, 1.90, 5.76, 1.64, 2.15, 5.64, 3.13, 5.56, 1.82, 3.76, 1.98, 2.02, 8.72, 1.97, 2.29, 1.81, 2.43, 7.26, 1.90, 5.58, 2.00, 1.85, 1.81],
  xi_713 = [5.42, 5.03, 8.22, 3.41, 5.62, 4.92, 9.65, 9.25, 4.43, 5.11, 5.24, 5.13, 4.18, 5.06, 5.89, 4.94, 5.33, 4.83, 9.78, 4.47, 8.82, 8.24, 4.56, 8.21, 5.51, 4.28, 8.40, 4.56, 8.83, 5.01, 3.69, 5.53, 4.97, 5.07, 1.47, 5.29, 4.86, 4.19, 1.39, 4.89, 4.21, 5.95, 3.12, 8.87, 5.25, 5.11, 4.98, 4.40, 5.11, 7.41],
  xi_714 = [2.56, 3.76, 4.42, 4.32, 3.81, 3.82, 6.65, 4.11, 4.12, 4.72, 3.74, 4.02, 3.57, 3.42, 3.46, 8.26, 2.35, 3.40, 3.66, 4.54, 3.69, 3.87, 5.51, 4.32, 4.54, 4.22, 3.80, 3.90, 3.76, 4.98, 4.46, 3.92, 8.92, 4.03, 4.11, 7.14, 4.20, 3.24, 4.16, 3.57, 1.33, 3.84, 2.35, 4.03, 4.25, 4.41, 4.26, 3.26, 3.56, 4.38],
  xi_715 = [6.21, 7.30, 7.74, 7.92, 7.71, 8.04, 1.38, 7.80, 7.97, 7.50, 7.07, 6.91, 9.23, 1.44, 9.23, 2.15, 1.62, 8.40, 8.25, 8.11, 8.33, 8.41, 7.50, 7.14, 9.02, 7.30, 8.21, 7.58, 4.76, 6.77, 8.63, 8.09, 8.34, 8.90, 5.53, 8.64, 5.49, 8.87, 7.82, 6.89, 3.26, 9.65, 7.99, 1.90, 6.89, 1.30, 6.31, 8.79, 3.64, 9.75],
  xi_716 = [0.92, 1.02, 1.08, 9.89, 1.23, 8.76, 1.01, 0.87, 1.21, 0.99, 0.95, 0.99, 4.75, 1.12, 1.15, 0.82, 5.21, 1.05, 0.92, 0.91, 1.01, 1.35, 1.13, 1.07, 8.08, 1.03, 1.09, 6.49, 0.98, 0.82, 3.33, 3.15, 1.10, 7.43, 1.09, 3.06, 9.45, 1.06, 1.11, 3.81, 1.13, 1.04, 0.87, 1.15, 0.97, 1.05, 5.27, 8.80, 1.09, 3.59],
  xi_717 = [2.92, 3.22, 5.06, 8.23, 2.97, 2.80, 2.86, 2.70, 3.36, 2.67, 6.49, 3.12, 2.77, 7.48, 9.83, 2.95, 2.72, 2.93, 1.37, 7.11, 2.70, 5.88, 3.17, 3.47, 2.64, 5.38, 2.71, 3.19, 3.03, 2.97, 2.88, 9.09, 3.45, 4.81, 3.55, 8.33, 3.04, 6.97, 2.79, 3.18, 3.15, 3.01, 6.71, 3.05, 3.39, 2.67, 3.47, 2.91, 3.10, 3.11],
  xi_718 = [4.00, 4.50, 4.01, 4.17, 3.75, 3.47, 3.37, 3.87, 3.88, 3.69, 6.97, 3.44, 4.18, 4.48, 4.06, 2.09, 4.12, 1.92, 8.34, 4.13, 4.80, 4.34, 3.36, 3.95, 4.26, 4.08, 7.77, 9.28, 3.45, 7.64, 3.99, 4.14, 3.87, 4.95, 4.27, 3.97, 7.44, 3.61, 4.52, 3.90, 3.53, 3.25, 3.65, 3.74, 2.22, 3.62, 3.85, 4.06, 3.58, 4.15],
  xi_719 = [3.24, 2.85, 3.23, 2.82, 2.82, 5.04, 3.40, 3.02, 2.56, 3.04, 2.95, 6.54, 4.66, 2.96, 7.46, 2.84, 2.98, 2.60, 3.17, 2.94, 4.98, 6.35, 3.36, 3.58, 3.10, 2.78, 2.83, 3.05, 3.19, 3.21, 8.43, 3.73, 2.40, 2.98, 7.35, 3.01, 2.52, 1.93, 3.49, 3.40, 3.05, 3.43, 2.83, 3.14, 3.05, 3.02, 5.77, 9.67, 4.55, 3.16],
  xi_720 = [5.04, 3.55, 3.32, 7.83, 9.99, 2.72, 7.11, 1.96, 2.77, 3.06, 3.73, 2.80, 6.64, 2.68, 9.67, 7.05, 2.90, 3.10, 2.65, 3.29, 3.66, 2.98, 2.66, 4.66, 3.03, 8.44, 3.17, 9.83, 9.21, 9.73, 2.57, 3.07, 2.92, 3.23, 2.82, 3.34, 3.44, 2.64, 2.75, 7.01, 2.92, 2.79, 1.85, 2.49, 2.60, 7.46, 2.89, 2.93, 3.30, 2.97],
  xi_81 = [2.78, 3.41, 2.91, 5.23, 3.79, 9.15, 3.30, 3.28, 3.27, 3.09, 3.00, 3.29, 1.69, 9.27, 1.03, 2.84, 4.80, 2.60, 2.78, 2.64, 3.00, 2.94, 2.63, 2.91, 7.96, 2.73, 3.42, 2.37, 6.53, 2.94, 2.58, 5.90, 5.13, 2.63, 2.64, 3.02, 3.21, 3.86, 3.07, 3.08, 3.45, 2.92, 8.01, 7.34, 3.02, 2.23, 7.23, 3.37, 3.27, 2.69],
  xi_82 = [6.03, 6.42, 4.09, 7.08, 6.55, 6.45, 7.75, 8.05, 5.61, 7.12, 8.02, 5.96, 9.15, 1.27, 7.83, 5.83, 7.37, 6.65, 7.90, 8.13, 5.48, 5.94, 7.68, 4.02, 7.76, 8.31, 2.85, 4.35, 4.48, 7.07, 8.20, 6.81, 6.71, 6.90, 6.95, 5.46, 6.27, 6.13, 6.09, 1.85, 1.84, 7.83, 8.12, 4.36, 5.32, 6.28, 6.33, 7.91, 6.72, 8.33],
  xi_83 = [6.36, 5.54, 5.34, 6.81, 5.69, 5.81, 9.68, 5.74, 6.81, 4.83, 6.12, 5.44, 5.54, 5.18, 8.38, 1.29, 6.24, 6.61, 6.04, 5.89, 6.67, 5.52, 5.28, 6.87, 6.13, 6.29, 4.94, 6.66, 5.74, 1.89, 7.22, 6.96, 7.19, 5.84, 5.89, 4.15, 6.76, 6.12, 2.76, 6.78, 5.65, 1.74, 6.05, 5.58, 6.70, 6.34, 2.76, 6.49, 1.06, 6.62],
  xi_84 = [1.19, 2.32, 1.92, 2.35, 1.92, 1.35, 8.99, 1.72, 4.45, 2.13, 2.25, 1.97, 2.33, 2.03, 1.68, 2.34, 2.93, 2.28, 1.99, 6.48, 1.77, 5.34, 2.27, 1.88, 1.81, 4.43, 1.59, 2.77, 2.14, 2.03, 1.81, 1.83, 3.01, 8.41, 9.68, 1.76, 1.80, 7.03, 2.39, 3.80, 2.67, 2.17, 8.93, 8.92, 1.95, 2.01, 2.45, 2.22, 2.11, 1.98],
  xi_85 = [4.93, 3.57, 5.02, 4.97, 4.85, 5.11, 6.01, 4.65, 5.64, 5.28, 5.23, 4.64, 4.72, 7.07, 2.15, 4.93, 4.76, 5.24, 2.01, 9.95, 9.09, 1.05, 4.50, 7.65, 4.77, 4.89, 5.48, 6.47, 5.67, 2.41, 3.27, 2.95, 5.09, 4.31, 5.30, 9.25, 6.21, 4.55, 4.74, 6.42, 5.30, 4.61, 4.88, 5.82, 4.24, 4.64, 8.84, 4.25, 5.54, 6.27],
  xi_86 = [2.89, 2.16, 1.94, 1.95, 6.42, 1.98, 5.07, 3.76, 1.95, 3.54, 8.62, 2.00, 2.97, 1.95, 2.00, 1.75, 1.98, 1.74, 3.14, 8.08, 2.16, 1.99, 6.71, 1.87, 1.87, 9.98, 7.70, 2.01, 1.97, 2.11, 2.18, 6.26, 1.93, 2.05, 1.96, 2.29, 4.94, 1.83, 1.97, 3.08, 1.60, 1.83, 1.96, 1.99, 6.09, 1.83, 2.31, 2.07, 2.81, 3.94],
  xi_87 = [7.32, 8.51, 6.82, 7.90, 6.35, 8.18, 6.71, 1.58, 7.46, 6.10, 6.72, 7.61, 6.95, 9.89, 9.34, 7.80, 1.32, 5.26, 7.32, 7.18, 6.43, 5.84, 6.89, 7.33, 1.02, 7.44, 7.03, 5.02, 2.56, 7.10, 7.77, 6.56, 7.46, 9.58, 7.21, 7.72, 3.40, 7.44, 6.81, 8.38, 7.16, 7.53, 6.83, 7.47, 7.47, 4.39, 5.27, 1.86, 6.05, 1.28],
  xi_88 = [3.39, 7.56, 6.50, 5.88, 5.91, 6.39, 6.74, 5.21, 8.01, 9.04, 9.20, 6.77, 6.11, 8.99, 6.05, 5.77, 6.02, 5.49, 7.31, 6.93, 3.35, 5.92, 6.63, 6.88, 5.74, 2.97, 4.39, 6.23, 6.62, 4.99, 5.85, 5.38, 6.05, 6.37, 5.69, 6.05, 6.03, 5.28, 1.63, 5.83, 7.74, 9.43, 4.72, 6.14, 7.18, 9.33, 5.64, 3.02, 6.17, 3.37],
  xi_89 = [3.12, 4.07, 2.61, 3.02, 3.23, 2.66, 5.75, 5.09, 3.05, 3.13, 3.18, 2.75, 4.62, 1.12, 2.93, 2.92, 1.26, 3.36, 3.01, 2.43, 5.80, 3.15, 7.26, 8.69, 2.92, 2.87, 3.13, 3.20, 2.91, 1.58, 3.01, 9.15, 4.73, 3.58, 2.64, 4.66, 1.11, 3.31, 3.24, 2.93, 7.92, 2.67, 3.15, 3.41, 3.50, 3.28, 3.01, 3.16, 9.72, 3.36],
  xi_810 = [9.89, 8.86, 7.46, 5.32, 6.32, 6.79, 5.43, 6.84, 4.47, 7.25, 3.72, 4.60, 3.38, 6.06, 5.84, 6.41, 3.87, 5.86, 5.70, 1.07, 5.86, 7.80, 5.34, 5.53, 5.51, 6.30, 5.13, 1.46, 6.26, 7.66, 7.19, 5.82, 7.01, 6.01, 6.24, 6.69, 6.79, 4.67, 6.11, 3.92, 4.96, 4.16, 6.52, 5.02, 7.12, 2.10, 5.66, 8.17, 6.49, 5.61],
  xi_811 = [3.02, 7.00, 7.91, 3.29, 2.76, 2.69, 3.20, 1.82, 3.19, 1.09, 2.98, 9.78, 2.97, 3.45, 2.96, 2.70, 2.48, 1.06, 2.78, 2.95, 3.73, 2.54, 2.31, 7.77, 2.21, 3.12, 1.74, 2.83, 2.69, 2.40, 2.66, 2.60, 3.26, 3.38, 3.46, 8.88, 6.74, 3.36, 7.24, 2.85, 3.22, 3.31, 3.08, 1.05, 5.59, 3.10, 2.80, 2.82, 3.21, 6.16],
  xi_812 = [7.92, 7.97, 7.76, 1.84, 8.89, 8.38, 8.05, 9.07, 6.64, 6.47, 7.81, 1.22, 8.78, 9.03, 7.42, 8.10, 6.75, 7.20, 7.99, 7.46, 7.19, 2.20, 8.18, 7.72, 6.71, 8.96, 8.88, 8.48, 6.97, 3.33, 7.57, 7.89, 9.13, 7.40, 8.35, 7.57, 8.16, 7.46, 7.75, 7.56, 5.50, 10.39, 6.95, 7.49, 7.39, 7.50, 7.53, 8.55, 6.96, 7.48],
  xi_813 = [9.34, 9.80, 5.44, 1.98, 9.06, 6.34, 9.19, 9.82, 12.24, 10.00, 1.05, 9.00, 10.29, 2.68, 10.07, 6.35, 9.57, 5.46, 9.88, 9.51, 12.01, 9.93, 10.09, 3.84, 2.49, 8.49, 9.64, 2.89, 10.52, 9.89, 8.70, 3.24, 9.40, 5.88, 10.78, 9.00, 7.35, 1.29, 11.12, 10.70, 10.07, 9.89, 10.25, 10.51, 9.97, 3.68, 10.54, 9.35, 9.79, 10.65],
  xi_814 = [6.18, 4.58, 9.80, 7.65, 5.78, 5.33, 5.12, 4.61, 7.65, 4.96, 4.94, 6.99, 4.82, 9.46, 4.55, 5.15, 6.17, 4.53, 7.09, 4.41, 5.75, 4.87, 4.80, 4.87, 4.99, 3.76, 1.24, 4.87, 1.09, 5.26, 2.74, 6.46, 6.66, 4.41, 1.87, 3.93, 4.18, 5.29, 5.55, 5.41, 4.43, 5.46, 5.61, 5.15, 4.52, 4.63, 5.19, 4.93, 7.85, 5.67],
  xi_815 = [4.43, 3.86, 8.09, 4.32, 4.19, 4.43, 3.65, 9.05, 7.44, 2.81, 4.28, 5.53, 2.63, 4.36, 1.51, 3.96, 4.01, 4.16, 4.33, 9.73, 9.21, 4.34, 4.03, 7.27, 4.31, 3.79, 3.42, 5.92, 4.21, 9.72, 4.22, 4.64, 3.91, 6.38, 8.06, 5.60, 3.08, 9.69, 3.61, 3.91, 9.82, 4.05, 3.95, 3.83, 3.39, 4.20, 3.19, 3.99, 2.14, 3.52],
  xi_816 = [12.01, 3.58, 9.83, 10.00, 2.25, 9.50, 5.49, 9.92, 10.17, 7.80, 9.62, 10.20, 6.32, 9.31, 2.39, 9.60, 7.00, 9.05, 10.63, 8.93, 5.62, 12.17, 8.47, 9.41, 10.35, 9.59, 5.27, 9.74, 2.36, 6.21, 7.77, 2.11, 9.34, 9.71, 11.38, 9.21, 11.13, 11.57, 8.59, 4.65, 8.18, 11.66, 10.05, 9.58, 2.77, 10.23, 10.03, 9.91, 9.97, 8.30],
  xi_817 = [9.47, 8.13, 8.60, 8.14, 9.74, 6.07, 1.84, 9.13, 3.73, 9.26, 3.00, 8.78, 9.64, 10.25, 8.87, 10.16, 8.50, 8.15, 11.48, 10.11, 8.67, 8.50, 8.11, 8.73, 6.18, 9.66, 10.49, 5.03, 8.72, 8.63, 2.21, 8.59, 8.95, 2.47, 8.76, 8.60, 8.29, 4.54, 8.52, 8.43, 7.63, 8.66, 10.54, 3.60, 8.88, 8.12, 10.76, 9.14, 8.18, 8.36],
  xi_818 = [6.72, 6.57, 5.63, 3.84, 5.76, 5.16, 2.35, 6.96, 7.66, 5.44, 3.97, 2.91, 6.10, 6.36, 5.00, 7.24, 5.09, 5.11, 5.48, 5.76, 5.28, 7.56, 6.11, 5.30, 5.77, 1.60, 6.73, 8.63, 6.28, 6.24, 5.33, 6.08, 5.18, 5.35, 8.36, 6.91, 6.11, 7.35, 5.63, 8.38, 5.34, 6.90, 5.97, 6.73, 5.46, 7.01, 6.31, 4.96, 9.24, 1.86],
  xi_819 = [9.09, 5.59, 4.79, 2.22, 5.91, 1.91, 1.93, 2.02, 1.99, 2.20, 2.49, 8.98, 1.96, 1.85, 1.81, 1.90, 1.88, 6.10, 1.97, 1.76, 1.77, 2.90, 1.76, 2.00, 1.84, 1.87, 2.45, 2.02, 1.89, 9.02, 6.16, 1.95, 1.99, 1.99, 2.30, 2.59, 1.72, 2.22, 1.90, 2.05, 1.81, 2.36, 8.18, 1.73, 1.95, 3.06, 2.65, 2.59, 2.19, 7.33],
  xi_820 = [8.11, 6.37, 5.77, 3.86, 9.13, 7.49, 7.43, 7.63, 4.82, 7.94, 9.03, 8.07, 9.89, 10.11, 9.07, 7.56, 4.50, 6.93, 8.14, 8.48, 8.44, 8.18, 7.74, 8.03, 8.30, 5.77, 8.75, 7.83, 6.96, 8.35, 8.71, 8.53, 8.41, 7.90, 7.94, 8.17, 8.70, 9.37, 7.63, 7.99, 2.94, 9.60, 4.58, 5.15, 8.14, 7.38, 2.62, 7.92, 1.74, 8.05],
  xi_91 = [3.68, 8.38, 5.40, 1.83, 8.84, 9.68, 7.71, 6.56, 8.98, 8.78, 5.02, 7.96, 7.51, 4.78, 8.13, 4.03, 3.42, 8.74, 4.58, 6.70, 2.51, 8.38, 8.88, 1.80, 7.84, 7.30, 7.77, 8.47, 8.35, 9.57, 1.80, 7.65, 8.51, 7.73, 8.16, 3.07, 8.12, 9.20, 8.10, 9.70, 8.94, 7.90, 8.60, 7.82, 4.04, 8.91, 9.90, 8.16, 7.53, 8.25],
  xi_92 = [4.32, 5.14, 4.84, 4.48, 5.36, 3.97, 3.10, 8.04, 5.98, 4.57, 6.04, 3.26, 4.52, 4.90, 8.97, 4.46, 8.32, 8.74, 4.75, 6.95, 5.17, 4.71, 4.59, 5.29, 4.73, 4.13, 3.94, 1.51, 5.27, 5.96, 4.64, 4.80, 8.39, 6.71, 5.16, 4.95, 1.40, 5.36, 4.94, 5.05, 5.60, 1.54, 2.83, 5.09, 3.61, 9.16, 4.63, 4.86, 4.79, 4.72],
  xi_93 = [6.56, 9.87, 9.70, 6.30, 7.84, 5.39, 9.28, 3.57, 8.88, 5.39, 8.20, 7.54, 9.16, 8.22, 10.21, 10.08, 7.42, 8.69, 3.63, 1.40, 7.84, 4.41, 3.38, 9.35, 9.83, 9.01, 1.64, 9.79, 8.34, 8.80, 6.41, 9.11, 9.39, 8.29, 7.51, 8.89, 8.07, 8.00, 8.90, 9.38, 1.12, 7.17, 9.21, 8.74, 9.10, 10.24, 1.82, 8.24, 8.86, 9.19],
  xi_94 = [7.56, 1.03, 1.61, 6.45, 4.94, 5.09, 0.92, 1.97, 1.01, 0.91, 0.81, 6.95, 0.98, 6.77, 1.03, 1.00, 1.07, 6.20, 1.09, 3.43, 1.09, 1.10, 2.71, 1.02, 0.97, 7.56, 0.97, 0.98, 0.96, 0.89, 0.99, 0.99, 1.01, 0.92, 4.83, 8.50, 4.44, 6.26, 0.96, 4.19, 5.80, 0.98, 0.87, 0.87, 1.07, 0.96, 0.94, 1.00, 0.99, 4.37],
  xi_95 = [6.88, 6.19, 7.50, 6.82, 7.00, 7.50, 6.03, 6.94, 9.23, 7.47, 7.19, 3.01, 7.56, 5.07, 5.79, 8.82, 5.37, 6.85, 7.60, 8.08, 7.41, 7.57, 7.13, 6.49, 7.44, 2.49, 6.37, 6.58, 7.11, 6.54, 7.65, 7.78, 6.99, 7.95, 2.16, 6.93, 7.06, 7.99, 7.40, 7.85, 3.10, 7.33, 6.78, 7.23, 7.56, 3.17, 7.25, 8.31, 6.38, 6.70],
  xi_96 = [3.78, 3.45, 3.26, 3.47, 2.84, 2.75, 3.06, 2.67, 2.92, 7.30, 3.22, 2.51, 3.32, 8.28, 5.32, 9.02, 3.27, 3.13, 2.85, 2.89, 2.59, 8.05, 8.07, 3.66, 2.69, 9.18, 1.20, 9.54, 5.88, 9.32, 2.81, 1.65, 1.96, 2.84, 2.93, 5.34, 3.34, 2.84, 3.10, 8.36, 3.58, 2.33, 3.16, 7.51, 3.66, 2.83, 1.57, 6.54, 2.40, 7.90],
  xi_97 = [3.61, 5.96, 8.82, 6.13, 5.77, 6.71, 6.95, 9.94, 7.37, 6.74, 6.90, 5.08, 5.65, 5.30, 5.91, 6.30, 7.23, 9.99, 6.69, 6.39, 6.78, 2.84, 5.57, 5.16, 5.81, 5.76, 6.10, 8.26, 7.30, 9.42, 6.45, 5.54, 9.62, 5.51, 5.41, 6.87, 3.70, 6.58, 6.18, 6.03, 6.03, 6.29, 6.91, 4.93, 5.42, 3.85, 5.81, 7.57, 5.93, 5.80],
  xi_98 = [5.22, 4.67, 4.37, 4.84, 4.72, 5.58, 4.11, 5.38, 4.55, 6.14, 8.67, 5.30, 5.51, 4.45, 4.60, 5.15, 5.16, 2.69, 4.16, 5.52, 5.50, 5.74, 5.29, 5.72, 5.40, 4.84, 7.09, 5.04, 7.15, 8.80, 5.43, 4.18, 7.33, 2.08, 1.49, 7.51, 4.75, 5.26, 5.78, 4.24, 5.97, 4.29, 5.23, 4.08, 5.03, 5.31, 1.32, 5.40, 5.34, 4.58],
  xi_99 = [4.78, 6.71, 4.43, 5.53, 5.15, 5.20, 4.70, 5.66, 4.50, 4.91, 5.18, 3.04, 4.90, 5.68, 4.56, 4.89, 5.80, 8.15, 4.38, 4.84, 1.32, 3.78, 5.06, 9.44, 5.22, 4.35, 5.32, 4.51, 4.94, 5.71, 4.85, 5.54, 4.30, 4.85, 4.86, 4.91, 5.07, 6.72, 9.22, 4.94, 7.31, 5.30, 4.79, 5.77, 4.58, 4.93, 5.22, 4.61, 3.94, 8.00],
  xi_910 = [6.28, 6.80, 6.42, 6.94, 7.70, 8.29, 9.24, 7.98, 6.04, 2.87, 7.89, 6.70, 2.86, 6.92, 7.13, 7.11, 3.48, 6.42, 7.83, 6.47, 6.80, 7.07, 6.40, 2.98, 6.71, 5.15, 8.88, 6.85, 4.27, 8.19, 8.05, 7.44, 6.76, 4.23, 6.98, 7.29, 6.99, 8.09, 6.03, 7.54, 9.86, 1.87, 6.98, 1.98, 7.65, 7.18, 6.02, 7.39, 3.16, 7.85],
  xi_911 = [6.66, 6.28, 7.18, 6.24, 7.72, 9.26, 4.27, 7.30, 6.25, 7.68, 6.18, 6.22, 6.93, 7.77, 2.43, 5.98, 5.83, 6.55, 7.08, 7.07, 3.20, 7.03, 7.18, 7.06, 6.66, 7.23, 4.53, 8.18, 6.83, 6.56, 6.74, 7.11, 6.21, 6.11, 3.94, 6.38, 6.80, 6.85, 7.35, 9.93, 7.45, 7.53, 7.08, 6.54, 3.36, 7.90, 6.46, 7.88, 5.77, 6.16],
  xi_912 = [1.10, 4.54, 9.84, 0.99, 0.99, 0.94, 1.10, 1.74, 0.98, 0.91, 0.94, 8.22, 2.44, 4.14, 1.00, 7.50, 1.26, 1.10, 5.01, 5.79, 1.09, 8.27, 7.61, 0.95, 1.01, 8.75, 1.08, 1.06, 6.58, 0.81, 4.23, 1.16, 1.03, 1.82, 1.03, 0.85, 1.00, 4.50, 1.17, 0.97, 1.08, 1.14, 0.99, 1.19, 0.87, 9.67, 1.00, 8.84, 1.98, 6.80],
  xi_913 = [3.70, 4.68, 9.58, 3.73, 5.64, 6.22, 4.68, 1.44, 6.18, 3.90, 7.74, 4.09, 7.99, 7.43, 7.27, 1.22, 3.59, 4.23, 9.96, 4.17, 3.86, 6.71, 4.03, 2.98, 3.26, 4.40, 4.36, 3.68, 3.76, 3.45, 3.12, 4.30, 2.00, 4.04, 5.96, 3.38, 3.96, 3.36, 3.41, 3.93, 6.04, 8.07, 3.05, 8.36, 4.44, 3.75, 3.86, 6.05, 4.20, 4.30],
  xi_914 = [7.90, 4.51, 7.39, 9.37, 3.83, 7.77, 7.50, 7.45, 7.54, 9.74, 6.59, 9.38, 7.79, 1.25, 6.88, 8.33, 8.25, 8.35, 8.60, 2.59, 5.15, 7.79, 7.02, 7.79, 5.58, 8.49, 9.73, 8.28, 7.62, 7.13, 9.04, 7.42, 7.71, 8.03, 7.89, 4.87, 9.44, 8.10, 1.68, 7.39, 7.57, 6.14, 7.89, 7.85, 6.18, 9.30, 8.09, 8.73, 6.45, 9.65],
  xi_915 = [3.02, 8.36, 8.62, 2.68, 3.14, 2.67, 3.29, 4.76, 3.25, 4.09, 3.39, 3.47, 3.02, 2.85, 2.86, 2.80, 2.64, 3.49, 2.95, 9.45, 2.96, 3.61, 3.48, 2.39, 8.77, 9.42, 3.38, 2.78, 3.19, 3.12, 3.21, 3.45, 3.29, 3.11, 6.34, 2.99, 3.50, 2.78, 3.01, 4.63, 1.00, 3.10, 5.15, 8.30, 8.59, 2.76, 3.46, 2.72, 2.56, 3.38],
  xi_916 = [7.87, 3.83, 8.10, 8.56, 8.07, 7.11, 8.05, 8.80, 7.74, 7.64, 7.95, 9.56, 6.95, 7.81, 8.69, 2.33, 7.51, 8.51, 8.99, 8.03, 6.49, 2.71, 7.56, 9.69, 9.46, 7.61, 9.84, 6.84, 8.83, 7.69, 6.80, 7.07, 7.33, 8.53, 1.73, 3.83, 9.26, 8.83, 7.66, 7.57, 8.21, 7.47, 5.62, 8.70, 7.35, 8.21, 8.30, 8.14, 6.62, 10.11],
  xi_917 = [1.19, 2.89, 2.98, 2.92, 2.93, 5.93, 2.78, 3.18, 2.67, 2.63, 3.15, 4.24, 2.69, 2.71, 2.89, 2.95, 3.14, 1.35, 9.22, 3.21, 3.37, 5.06, 3.88, 2.84, 3.23, 2.87, 2.81, 2.80, 3.03, 2.80, 2.75, 2.76, 6.46, 3.00, 7.30, 9.16, 8.72, 3.08, 3.09, 2.79, 2.93, 2.80, 2.66, 3.06, 2.50, 2.63, 2.78, 3.49, 3.39, 2.71],
  xi_918 = [2.92, 2.41, 3.09, 2.94, 2.32, 2.77, 3.05, 2.70, 8.27, 5.81, 2.72, 3.93, 2.43, 3.15, 2.62, 2.95, 7.06, 9.59, 5.61, 3.14, 3.08, 3.56, 3.29, 3.61, 3.08, 2.93, 2.86, 3.03, 1.18, 3.04, 9.54, 3.38, 2.79, 3.57, 4.89, 5.71, 3.35, 2.47, 3.70, 2.93, 2.73, 3.09, 3.51, 4.86, 5.54, 7.95, 2.91, 2.87, 2.93, 2.86],
  xi_919 = [7.68, 2.99, 8.25, 3.24, 2.56, 7.04, 2.59, 2.86, 6.61, 3.02, 1.44, 3.10, 4.50, 2.95, 3.65, 2.83, 4.24, 5.15, 9.60, 2.67, 2.44, 2.83, 2.92, 3.14, 2.71, 3.36, 2.82, 3.37, 2.70, 3.01, 3.37, 2.85, 2.82, 9.53, 3.18, 2.98, 2.04, 3.28, 3.41, 3.02, 2.85, 6.84, 6.86, 9.49, 3.15, 3.16, 5.44, 2.88, 2.89, 3.25],
  xi_920 = [4.39, 4.64, 9.82, 4.15, 8.20, 5.00, 8.10, 4.75, 4.76, 5.01, 5.49, 6.03, 5.21, 4.60, 3.85, 2.66, 6.07, 4.85, 5.62, 4.62, 5.08, 5.57, 5.24, 5.23, 4.08, 4.25, 5.60, 4.79, 9.87, 1.27, 4.57, 9.69, 4.33, 5.08, 4.76, 2.03, 5.05, 3.98, 5.37, 5.36, 5.13, 2.99, 3.92, 5.44, 1.57, 4.61, 3.27, 5.30, 4.59, 4.37],
  xi_101 = [1.07, 0.88, 0.96, 4.52, 0.86, 9.62, 0.88, 0.90, 1.00, 1.28, 1.05, 1.04, 0.92, 1.13, 0.81, 5.23, 0.84, 5.17, 8.35, 1.01, 1.05, 1.43, 1.01, 1.25, 0.96, 4.44, 6.14, 1.09, 1.11, 1.93, 1.00, 0.91, 7.06, 1.12, 1.16, 6.96, 8.94, 0.98, 3.41, 1.11, 0.82, 1.14, 1.46, 1.20, 1.04, 0.92, 1.05, 9.53, 7.27, 0.91],
  xi_102 = [2.43, 6.63, 7.59, 6.85, 6.49, 6.50, 3.10, 5.57, 7.39, 7.69, 6.21, 7.59, 6.37, 8.44, 6.33, 6.78, 6.64, 6.34, 7.44, 6.55, 6.07, 2.44, 7.53, 2.57, 6.88, 6.66, 6.65, 6.95, 7.83, 6.63, 2.25, 6.13, 7.06, 6.72, 8.15, 6.79, 5.88, 6.28, 7.21, 8.85, 5.83, 6.12, 8.67, 6.59, 6.48, 9.46, 8.39, 3.50, 6.33, 5.58],
  xi_103 = [3.11, 3.00, 3.23, 3.43, 2.59, 5.97, 3.16, 4.67, 3.34, 2.52, 2.74, 3.09, 3.29, 2.73, 3.56, 2.99, 3.01, 3.00, 3.18, 1.25, 7.39, 2.54, 4.82, 3.66, 3.21, 3.38, 2.70, 2.82, 5.87, 6.66, 7.71, 1.09, 2.78, 2.69, 2.46, 2.87, 2.93, 3.02, 8.73, 3.16, 6.15, 2.98, 2.84, 3.69, 3.15, 2.43, 2.68, 6.06, 2.65, 1.76],
  xi_104 = [6.95, 4.23, 5.63, 5.45, 5.46, 4.58, 5.32, 5.02, 5.00, 4.62, 4.43, 4.54, 7.08, 5.85, 1.50, 4.02, 5.49, 5.40, 4.61, 3.92, 2.18, 4.51, 8.14, 5.67, 9.71, 4.83, 4.85, 5.35, 4.89, 4.86, 6.42, 4.68, 6.92, 5.06, 9.64, 4.54, 5.61, 4.57, 4.80, 4.64, 4.44, 4.27, 5.34, 4.41, 4.61, 4.86, 4.25, 6.50, 6.30, 4.75],
  xi_105 = [10.35, 5.07, 10.00, 7.30, 11.12, 9.87, 11.71, 10.85, 8.87, 9.58, 5.92, 10.23, 8.98, 10.26, 8.21, 4.24, 1.12, 10.07, 9.92, 10.02, 10.26, 9.77, 9.09, 10.72, 11.49, 9.53, 10.77, 10.91, 9.58, 9.46, 10.32, 9.82, 3.47, 8.46, 10.84, 3.71, 12.68, 9.05, 12.81, 8.91, 9.33, 8.86, 11.78, 8.98, 9.29, 1.67, 7.49, 10.77, 9.84, 8.91],
  xi_106 = [1.88, 2.42, 1.78, 9.22, 3.58, 1.80, 2.16, 3.28, 3.74, 2.07, 1.15, 1.94, 2.14, 3.77, 2.00, 8.62, 1.84, 2.32, 1.89, 6.75, 6.77, 6.86, 2.87, 6.29, 1.94, 8.89, 1.93, 4.42, 2.30, 1.84, 2.36, 4.76, 2.32, 1.95, 2.30, 1.90, 2.01, 1.95, 7.57, 2.05, 1.80, 2.40, 1.77, 2.04, 1.89, 8.72, 7.73, 8.11, 1.88, 2.07],
  xi_107 = [5.22, 4.90, 4.79, 6.38, 4.79, 8.86, 4.73, 5.47, 5.82, 5.69, 4.03, 4.73, 4.66, 4.85, 5.51, 5.73, 5.39, 2.95, 5.54, 5.83, 5.57, 2.28, 4.75, 5.10, 9.36, 5.56, 4.60, 6.78, 4.80, 4.75, 4.70, 8.57, 5.03, 9.27, 3.10, 4.92, 5.02, 9.18, 4.56, 4.60, 4.53, 6.01, 2.15, 4.80, 8.82, 5.41, 5.71, 3.83, 5.22, 5.33],
  xi_108 = [2.59, 1.16, 7.68, 1.61, 3.42, 2.77, 2.44, 2.92, 3.05, 2.04, 6.59, 1.07, 2.62, 2.98, 3.41, 7.48, 2.92, 2.72, 2.71, 9.77, 5.16, 6.39, 4.22, 3.49, 3.08, 2.91, 3.66, 5.59, 2.97, 3.16, 2.86, 2.83, 1.92, 3.22, 3.14, 3.52, 2.77, 2.90, 6.49, 9.58, 8.85, 6.28, 7.29, 2.76, 2.91, 2.94, 5.51, 2.53, 3.37, 3.08],
  xi_109 = [3.69, 3.33, 6.89, 7.30, 6.55, 3.88, 8.73, 7.91, 3.06, 7.08, 5.92, 7.98, 6.31, 7.97, 8.03, 9.63, 7.06, 7.16, 3.90, 6.75, 2.24, 1.20, 7.03, 6.65, 7.30, 8.00, 1.03, 8.72, 6.60, 7.46, 6.96, 5.91, 1.96, 8.38, 8.78, 6.78, 1.96, 7.89, 7.31, 6.77, 3.44, 6.54, 7.10, 6.30, 6.65, 7.39, 6.43, 2.95, 2.49, 7.17],
  xi_1010 = [2.77, 2.56, 3.07, 3.18, 4.99, 2.63, 2.79, 3.04, 9.81, 2.96, 1.60, 3.43, 5.24, 3.48, 3.55, 3.33, 3.32, 2.68, 2.73, 3.59, 2.86, 3.19, 2.86, 3.21, 3.38, 3.04, 3.18, 3.20, 3.21, 2.68, 3.09, 1.87, 3.22, 8.76, 2.72, 2.95, 2.92, 3.20, 2.38, 3.11, 1.41, 6.54, 3.00, 2.76, 2.96, 2.43, 3.69, 3.06, 2.57, 3.71],
  xi_1011 = [3.77, 3.42, 3.39, 4.09, 3.85, 1.59, 4.06, 8.08, 4.71, 4.18, 3.30, 1.07, 4.16, 8.85, 4.67, 4.46, 4.29, 4.70, 4.62, 3.37, 3.34, 4.23, 3.94, 4.36, 3.42, 4.20, 4.26, 4.25, 4.31, 7.17, 4.39, 3.70, 8.48, 6.72, 3.89, 4.44, 3.65, 4.02, 1.09, 4.32, 3.73, 6.85, 3.44, 2.58, 3.56, 3.68, 4.20, 1.77, 3.61, 3.31],
  xi_1012 = [2.03, 1.19, 1.09, 1.15, 0.78, 1.07, 1.03, 1.11, 8.92, 1.05, 1.13, 0.88, 0.95, 0.99, 0.86, 0.93, 0.85, 1.03, 1.37, 5.83, 1.00, 4.49, 0.99, 1.16, 0.89, 1.08, 4.50, 0.83, 1.09, 8.75, 2.62, 8.98, 1.10, 1.17, 3.02, 4.18, 7.13, 0.89, 1.00, 1.04, 0.95, 0.87, 2.13, 1.20, 0.91, 0.90, 6.30, 1.02, 7.35, 1.76],
  xi_1013 = [5.51, 6.18, 5.11, 5.32, 3.28, 6.84, 3.21, 6.00, 5.09, 6.47, 5.79, 5.61, 9.77, 1.78, 6.13, 5.97, 5.35, 6.72, 3.00, 6.60, 6.54, 5.28, 6.03, 3.82, 5.28, 2.71, 6.46, 6.00, 9.46, 6.03, 6.90, 5.48, 7.24, 6.21, 5.75, 1.16, 6.44, 8.01, 7.74, 5.32, 5.65, 7.54, 6.10, 5.19, 6.28, 6.51, 6.59, 6.62, 7.02, 5.55],
  xi_1014 = [8.88, 9.64, 8.73, 8.86, 8.79, 4.10, 9.36, 7.57, 9.06, 8.76, 6.58, 7.53, 8.51, 8.46, 10.08, 7.21, 8.13, 8.49, 7.73, 2.08, 9.62, 7.13, 7.38, 4.90, 7.50, 1.46, 7.94, 6.93, 4.39, 3.01, 2.12, 7.01, 7.94, 8.74, 1.60, 7.43, 9.82, 7.51, 1.92, 7.25, 5.22, 9.27, 7.23, 7.32, 8.65, 6.12, 8.65, 8.30, 8.51, 8.02],
  xi_1015 = [3.94, 5.44, 5.37, 7.17, 5.35, 5.22, 5.14, 5.67, 5.20, 5.30, 4.09, 5.18, 5.02, 5.40, 5.19, 5.59, 1.55, 4.79, 4.47, 3.60, 5.51, 2.00, 4.69, 8.91, 3.89, 5.63, 5.32, 9.70, 4.66, 4.70, 4.51, 4.89, 9.71, 4.98, 5.44, 6.25, 4.85, 1.41, 8.83, 6.92, 4.80, 5.27, 7.15, 4.41, 4.59, 8.79, 5.49, 5.38, 4.33, 5.91],
  xi_1016 = [5.91, 2.38, 6.85, 5.80, 5.33, 7.28, 6.07, 4.83, 6.46, 5.08, 5.85, 4.97, 3.07, 5.41, 4.32, 5.69, 5.35, 6.62, 5.73, 9.30, 6.02, 5.86, 2.88, 4.75, 6.25, 5.49, 7.65, 5.41, 5.62, 2.66, 9.95, 5.01, 6.17, 4.97, 9.74, 7.87, 5.93, 6.54, 6.79, 2.45, 5.23, 5.83, 6.71, 6.41, 5.89, 1.97, 8.33, 5.53, 7.22, 5.54],
  xi_1017 = [2.30, 7.52, 8.23, 6.42, 7.97, 9.69, 3.16, 6.49, 7.98, 6.18, 7.97, 4.47, 8.35, 9.99, 7.47, 2.35, 4.48, 8.63, 7.99, 7.20, 7.03, 8.23, 8.21, 7.80, 8.99, 7.26, 7.11, 8.02, 1.56, 6.43, 7.15, 9.43, 7.45, 8.21, 3.29, 8.65, 6.86, 6.62, 8.31, 7.96, 4.82, 5.59, 7.23, 9.70, 7.59, 8.42, 8.16, 1.72, 7.42, 8.14],
  xi_1018 = [8.39, 6.01, 7.76, 9.01, 9.13, 9.35, 10.89, 4.01, 9.62, 5.05, 8.06, 11.27, 6.61, 7.82, 10.98, 5.63, 4.19, 9.45, 7.31, 8.14, 8.14, 7.53, 8.46, 9.59, 4.54, 10.36, 8.61, 9.05, 9.86, 8.36, 9.07, 6.72, 1.37, 8.93, 4.87, 10.14, 9.58, 8.98, 9.74, 7.26, 8.38, 5.05, 9.55, 5.39, 6.80, 8.68, 5.74, 5.83, 5.64, 9.57],
  xi_1019 = [2.56, 3.46, 2.49, 3.84, 2.59, 7.44, 3.91, 2.80, 2.95, 2.72, 2.91, 3.03, 2.76, 2.86, 3.44, 9.35, 2.98, 2.72, 2.88, 2.46, 9.40, 2.00, 2.62, 3.19, 3.54, 7.85, 3.48, 2.39, 3.22, 2.59, 3.34, 2.33, 3.41, 2.95, 2.52, 3.28, 2.51, 3.04, 2.99, 3.22, 7.63, 2.99, 2.80, 3.12, 9.65, 9.76, 3.09, 3.22, 2.84, 2.77],
  xi_1020 = [9.14, 9.77, 8.57, 10.30, 2.93, 7.33, 3.64, 2.88, 8.90, 8.60, 8.98, 9.43, 6.65, 7.74, 6.00, 7.86, 8.73, 7.90, 9.82, 9.40, 5.94, 2.14, 10.67, 3.29, 9.78, 4.67, 9.94, 2.03, 9.21, 8.42, 8.95, 10.09, 4.89, 9.21, 9.45, 9.65, 8.52, 7.79, 5.65, 8.73, 8.17, 5.85, 9.52, 8.83, 9.47, 8.54, 10.97, 7.74, 8.43, 3.90],
  xi_111 = [4.24, 8.83, 7.00, 9.54, 1.55, 3.23, 1.32, 8.21, 8.67, 6.58, 9.73, 8.39, 3.60, 8.75, 6.40, 9.01, 1.07, 9.38, 7.22, 2.89, 8.33, 1.59, 7.76, 7.79, 7.82, 8.42, 6.77, 7.28, 7.84, 7.04, 8.92, 6.44, 9.01, 3.05, 6.68, 6.99, 7.79, 8.56, 8.59, 8.77, 7.83, 7.90, 7.05, 3.86, 8.35, 2.68, 9.64, 7.63, 9.08, 7.68],
  xi_112 = [2.68, 4.77, 1.35, 2.23, 1.98, 2.17, 6.43, 7.43, 5.47, 1.75, 2.12, 1.87, 5.62, 8.81, 5.56, 1.96, 1.68, 2.06, 1.78, 2.11, 6.77, 2.12, 1.81, 1.13, 1.77, 8.19, 8.42, 2.37, 6.92, 7.29, 1.02, 2.20, 2.05, 3.28, 2.19, 6.34, 1.74, 1.63, 2.14, 1.72, 2.17, 2.19, 2.17, 2.18, 2.29, 2.13, 1.86, 2.25, 1.87, 8.99],
  xi_113 = [7.05, 6.38, 1.81, 5.24, 6.08, 6.07, 8.14, 4.02, 6.11, 6.64, 8.20, 6.53, 6.83, 5.95, 6.17, 5.26, 9.31, 5.93, 5.57, 6.65, 5.31, 6.60, 5.31, 5.56, 5.75, 7.02, 5.77, 8.43, 6.13, 6.67, 5.51, 5.85, 3.78, 6.47, 5.35, 8.66, 5.13, 6.59, 6.04, 9.09, 5.54, 5.41, 7.58, 5.44, 6.29, 5.66, 5.46, 6.09, 5.57, 6.36],
  xi_114 = [7.87, 7.73, 8.37, 8.28, 8.03, 7.72, 6.96, 8.94, 3.04, 9.07, 9.51, 3.17, 8.00, 7.49, 7.57, 7.67, 2.09, 7.54, 6.83, 7.65, 6.34, 8.31, 6.33, 7.83, 3.48, 7.77, 8.34, 2.78, 8.62, 4.89, 8.65, 7.20, 8.35, 9.13, 7.65, 6.74, 8.55, 6.41, 6.48, 8.23, 8.06, 8.73, 9.56, 7.01, 9.47, 7.32, 7.75, 3.36, 7.34, 6.81],
  xi_115 = [5.70, 7.76, 5.99, 4.95, 5.66, 3.93, 4.41, 4.96, 5.82, 1.26, 5.21, 5.46, 4.66, 3.73, 5.06, 4.92, 1.66, 4.81, 5.73, 4.97, 4.99, 5.25, 5.63, 5.39, 4.50, 5.38, 4.46, 4.22, 4.53, 2.81, 4.66, 4.64, 1.97, 6.82, 4.12, 5.12, 3.19, 5.00, 1.19, 4.95, 5.37, 2.73, 4.74, 4.39, 5.07, 5.33, 4.41, 4.52, 4.91, 2.33],
  xi_116 = [5.78, 5.50, 6.22, 6.21, 6.85, 5.98, 5.71, 5.43, 6.51, 5.58, 9.24, 5.74, 5.78, 5.63, 5.23, 6.75, 6.17, 5.78, 5.10, 6.32, 6.40, 6.83, 5.72, 5.65, 8.48, 7.11, 4.66, 5.94, 6.20, 6.46, 6.84, 9.39, 6.03, 5.63, 2.21, 5.74, 6.39, 6.16, 5.69, 1.59, 7.89, 6.06, 5.55, 5.70, 8.81, 4.53, 3.17, 5.35, 8.01, 5.85],
  xi_117 = [6.07, 7.62, 5.98, 6.08, 1.82, 8.43, 6.92, 7.73, 7.92, 6.86, 7.21, 6.85, 7.69, 2.95, 7.11, 6.39, 5.75, 6.89, 3.28, 6.28, 7.74, 6.02, 6.91, 7.65, 7.05, 9.25, 1.04, 8.04, 7.19, 7.35, 7.27, 7.93, 7.42, 8.15, 6.31, 6.84, 7.05, 6.59, 9.42, 6.48, 5.74, 8.05, 7.09, 2.42, 4.36, 6.97, 4.24, 7.09, 6.80, 9.00],
  xi_118 = [9.14, 9.86, 9.78, 10.03, 1.44, 10.26, 10.19, 7.76, 9.37, 11.36, 7.48, 6.26, 4.74, 12.47, 6.62, 11.87, 10.28, 11.02, 3.13, 8.58, 10.07, 12.08, 9.77, 9.38, 9.81, 10.82, 10.54, 6.07, 2.16, 7.46, 12.26, 9.90, 4.40, 9.52, 7.50, 8.98, 10.52, 11.40, 2.47, 11.40, 8.94, 11.22, 2.14, 9.08, 11.59, 9.74, 8.34, 10.06, 9.12, 6.76],
  xi_119 = [7.18, 2.18, 9.06, 2.00, 1.72, 1.86, 1.81, 2.03, 7.53, 2.14, 1.73, 1.75, 1.87, 2.21, 2.21, 1.95, 1.99, 2.01, 9.48, 6.28, 2.13, 5.44, 6.44, 1.94, 2.21, 1.99, 1.73, 2.13, 1.21, 1.67, 1.63, 2.04, 2.16, 1.99, 1.90, 1.92, 1.95, 2.23, 2.22, 5.26, 1.64, 2.34, 2.08, 3.93, 1.90, 8.56, 1.83, 2.59, 9.05, 2.27],
  xi_1110 = [7.83, 6.69, 8.19, 6.25, 6.12, 6.57, 6.55, 7.23, 7.63, 6.16, 3.58, 7.13, 5.84, 7.81, 7.56, 6.77, 7.18, 6.40, 1.45, 7.97, 8.59, 2.54, 9.40, 7.82, 6.01, 6.85, 7.08, 7.04, 6.52, 8.34, 8.27, 6.78, 7.64, 7.63, 8.68, 5.99, 6.29, 7.77, 4.93, 8.61, 7.51, 7.07, 7.59, 6.41, 2.29, 7.01, 7.08, 4.98, 5.97, 5.72],
  xi_1111 = [1.56, 7.83, 6.44, 3.06, 1.25, 7.19, 7.24, 6.27, 6.49, 7.56, 10.40, 7.37, 8.82, 7.90, 8.92, 6.91, 7.33, 8.47, 9.39, 8.57, 6.27, 6.26, 6.89, 8.14, 3.76, 4.83, 6.83, 8.24, 7.82, 8.47, 9.82, 5.05, 8.89, 8.08, 7.76, 7.51, 8.19, 1.09, 3.41, 8.71, 8.56, 8.86, 7.01, 9.90, 6.73, 8.62, 8.34, 9.04, 6.99, 8.34],
  xi_1112 = [5.26, 4.56, 4.27, 3.23, 3.88, 4.63, 3.97, 3.05, 3.75, 3.79, 6.29, 4.19, 3.76, 4.06, 4.05, 4.21, 3.97, 3.84, 3.76, 4.07, 4.36, 3.19, 3.63, 5.86, 7.67, 4.11, 4.18, 5.19, 3.89, 5.44, 4.50, 9.00, 3.68, 4.36, 2.62, 1.91, 3.68, 4.14, 4.97, 3.75, 1.99, 6.88, 9.60, 7.62, 3.90, 3.56, 4.19, 3.83, 4.00, 3.85],
  xi_1113 = [4.43, 9.36, 10.40, 3.73, 9.41, 10.18, 10.08, 3.72, 9.19, 10.01, 7.29, 9.42, 10.47, 10.56, 9.57, 11.05, 10.55, 10.35, 8.69, 8.95, 9.94, 7.51, 4.48, 9.14, 9.43, 9.56, 10.08, 3.26, 8.64, 8.93, 8.28, 8.82, 1.94, 10.78, 8.85, 10.07, 9.43, 11.47, 7.32, 8.31, 9.48, 8.56, 9.65, 11.24, 4.41, 10.04, 8.99, 10.41, 9.86, 8.78],
  xi_1114 = [2.96, 2.90, 8.96, 2.33, 3.05, 3.29, 7.33, 3.12, 2.94, 7.21, 2.36, 2.85, 3.14, 3.28, 3.01, 3.09, 4.50, 2.80, 2.61, 3.09, 5.48, 3.01, 7.51, 2.77, 4.49, 1.48, 2.77, 3.08, 6.20, 3.23, 3.09, 2.82, 3.32, 3.60, 2.52, 3.06, 2.86, 2.98, 2.43, 3.28, 3.04, 3.60, 1.77, 2.55, 2.90, 4.65, 3.53, 3.05, 7.61, 2.43],
  xi_1115 = [4.46, 2.32, 6.90, 2.22, 9.31, 1.84, 5.36, 1.94, 7.12, 1.93, 2.36, 2.55, 2.13, 5.83, 2.12, 1.80, 4.78, 2.01, 1.69, 1.73, 9.81, 3.89, 2.35, 1.02, 2.13, 1.98, 1.76, 8.70, 6.46, 7.56, 2.07, 5.33, 1.65, 1.36, 3.76, 1.90, 2.08, 1.69, 2.07, 2.13, 2.22, 2.24, 6.70, 2.01, 2.26, 5.28, 2.01, 1.67, 6.68, 2.08],
  xi_1116 = [1.92, 2.19, 1.74, 1.16, 5.19, 2.53, 1.54, 2.27, 1.82, 1.94, 2.28, 2.08, 8.51, 2.09, 2.08, 2.01, 1.98, 2.43, 2.36, 2.31, 7.47, 5.88, 1.98, 2.14, 1.80, 2.05, 5.16, 2.11, 1.70, 2.12, 2.32, 2.04, 1.95, 6.92, 2.14, 1.91, 2.64, 2.24, 2.09, 1.95, 2.02, 1.60, 1.83, 1.96, 9.76, 1.81, 1.66, 7.38, 2.16, 1.73],
  xi_1117 = [6.98, 5.64, 4.46, 5.36, 6.37, 5.43, 5.72, 6.26, 6.60, 4.25, 5.62, 6.05, 5.72, 6.48, 5.22, 5.38, 6.29, 5.20, 6.75, 1.68, 3.18, 1.49, 6.08, 5.32, 6.27, 5.63, 5.85, 5.83, 1.83, 5.09, 7.00, 8.96, 5.38, 9.01, 5.56, 5.74, 6.03, 1.17, 6.19, 6.61, 5.02, 8.78, 6.64, 4.45, 5.13, 6.46, 6.24, 6.21, 2.40, 7.84],
  xi_1118 = [0.92, 7.99, 1.09, 9.79, 7.94, 3.14, 0.97, 0.99, 4.09, 0.91, 8.54, 2.75, 1.00, 0.87, 1.03, 9.52, 1.03, 7.90, 0.82, 4.67, 1.04, 0.96, 8.15, 0.86, 0.86, 1.11, 4.38, 1.00, 0.94, 1.12, 1.03, 1.09, 0.96, 3.69, 1.00, 1.00, 1.09, 0.92, 0.86, 0.91, 1.34, 0.95, 1.08, 4.57, 1.14, 4.53, 1.08, 8.81, 1.01, 1.09],
  xi_1119 = [3.92, 3.99, 9.12, 4.32, 8.58, 3.61, 3.79, 4.06, 4.19, 3.12, 5.13, 4.64, 3.62, 4.02, 4.28, 2.45, 3.00, 3.93, 4.17, 3.80, 4.02, 4.68, 4.44, 2.87, 4.30, 4.46, 3.82, 5.02, 3.86, 4.07, 2.50, 5.29, 4.18, 3.81, 3.57, 3.88, 3.89, 5.27, 3.38, 8.24, 4.37, 1.56, 3.39, 7.92, 2.05, 3.60, 9.96, 3.38, 3.50, 3.81],
  xi_1120 = [9.25, 10.22, 9.74, 3.08, 5.99, 9.15, 8.68, 3.59, 9.84, 8.64, 1.86, 9.57, 11.13, 5.05, 11.10, 1.88, 10.45, 1.06, 9.72, 8.76, 9.63, 10.01, 9.77, 8.46, 9.50, 9.61, 10.11, 2.26, 10.29, 9.45, 11.01, 5.62, 9.41, 10.01, 4.33, 3.57, 6.40, 3.91, 7.27, 10.50, 4.16, 8.45, 4.38, 9.34, 4.86, 11.37, 8.94, 8.14, 10.79, 1.18],
  xi_121 = [4.54, 3.08, 7.12, 5.80, 6.80, 3.61, 8.86, 3.59, 7.38, 3.78, 4.02, 4.29, 3.77, 5.41, 4.28, 4.11, 8.08, 4.23, 4.25, 3.81, 4.90, 4.21, 4.00, 3.98, 2.88, 4.11, 6.08, 6.33, 3.25, 3.71, 5.80, 3.76, 3.67, 6.61, 3.83, 4.02, 4.18, 2.79, 3.87, 5.63, 3.76, 3.74, 4.70, 3.29, 3.39, 1.88, 3.11, 2.30, 6.48, 4.00],
  xi_122 = [7.79, 1.04, 5.45, 0.88, 1.03, 0.87, 0.97, 9.30, 1.59, 0.89, 0.96, 9.14, 2.46, 1.09, 4.78, 1.11, 1.63, 6.98, 1.12, 0.96, 5.92, 0.90, 9.09, 8.39, 1.09, 4.77, 0.95, 9.96, 4.00, 8.03, 1.03, 6.42, 5.74, 1.07, 1.10, 1.12, 1.14, 1.03, 1.02, 1.02, 1.22, 1.01, 0.94, 9.28, 4.25, 1.05, 2.42, 0.77, 0.81, 5.15],
  xi_123 = [10.49, 8.96, 3.07, 8.04, 7.90, 5.24, 4.68, 8.50, 1.40, 8.04, 9.39, 9.56, 8.49, 8.17, 8.94, 8.92, 5.77, 8.25, 8.79, 5.31, 9.76, 8.20, 5.52, 8.46, 7.51, 9.84, 9.49, 9.37, 3.28, 8.56, 7.73, 8.71, 7.71, 9.60, 3.48, 8.68, 7.22, 9.86, 9.16, 9.45, 9.84, 7.67, 3.46, 5.51, 2.58, 5.73, 8.65, 8.86, 8.03, 9.02],
  xi_124 = [0.98, 0.95, 0.99, 0.91, 0.83, 1.16, 0.99, 0.70, 1.04, 9.50, 1.03, 8.71, 1.16, 0.83, 3.63, 1.03, 0.98, 6.71, 0.97, 0.78, 1.03, 1.08, 1.14, 1.14, 1.03, 1.05, 0.82, 0.94, 0.96, 6.40, 1.04, 7.67, 0.87, 1.00, 0.96, 3.68, 7.37, 1.00, 3.68, 1.73, 0.98, 1.04, 1.00, 0.91, 1.04, 0.90, 1.03, 0.97, 2.53, 0.99],
  xi_125 = [4.96, 5.85, 2.61, 4.77, 4.58, 3.49, 4.56, 4.28, 2.76, 9.22, 5.63, 5.17, 7.75, 4.51, 4.54, 5.77, 1.73, 5.51, 8.90, 5.21, 5.64, 4.85, 3.30, 4.71, 5.15, 2.68, 6.62, 5.52, 5.58, 4.42, 4.47, 4.62, 4.30, 4.88, 4.79, 5.57, 2.82, 4.16, 6.96, 4.94, 3.77, 9.80, 6.21, 5.75, 3.92, 9.32, 4.94, 5.18, 4.92, 5.03],
  xi_126 = [4.01, 4.26, 5.80, 4.25, 7.46, 3.68, 2.56, 2.95, 4.06, 5.03, 1.09, 3.78, 3.86, 3.99, 4.50, 5.11, 3.98, 4.54, 4.07, 4.25, 5.85, 4.78, 9.67, 4.03, 4.06, 6.94, 4.22, 8.95, 4.29, 8.87, 4.59, 4.97, 4.52, 4.30, 3.96, 4.21, 1.58, 5.10, 3.66, 5.79, 4.07, 9.28, 9.93, 3.68, 4.61, 3.50, 5.20, 4.07, 3.60, 4.29],
  xi_127 = [3.63, 5.09, 3.02, 2.94, 4.26, 2.40, 2.82, 6.11, 3.07, 7.96, 3.46, 3.26, 3.00, 2.44, 3.12, 2.64, 2.69, 3.16, 2.91, 3.11, 7.28, 5.01, 5.95, 5.03, 3.09, 3.80, 3.58, 2.20, 3.03, 2.94, 3.31, 2.62, 9.13, 8.64, 3.07, 2.50, 3.52, 3.03, 2.71, 6.98, 3.36, 3.06, 3.26, 3.12, 9.42, 9.54, 2.93, 3.08, 9.39, 1.14],
  xi_128 = [5.09, 5.06, 4.82, 9.22, 4.50, 4.90, 1.56, 4.83, 4.28, 4.86, 5.15, 4.75, 7.77, 4.94, 1.17, 9.85, 4.63, 5.18, 2.70, 4.57, 8.37, 4.60, 8.86, 5.85, 4.93, 5.23, 5.51, 4.67, 8.66, 2.12, 4.82, 5.53, 5.45, 5.90, 5.46, 8.68, 4.94, 4.65, 7.48, 5.28, 4.27, 5.34, 6.96, 2.22, 6.94, 1.09, 4.44, 4.27, 2.04, 4.56],
  xi_129 = [3.22, 1.07, 3.37, 1.06, 0.85, 1.13, 5.97, 0.85, 0.92, 1.00, 4.59, 0.95, 1.11, 0.84, 1.09, 5.53, 1.08, 1.00, 0.89, 2.84, 6.28, 1.24, 0.90, 9.76, 1.11, 1.00, 1.09, 3.84, 1.03, 1.05, 3.47, 5.96, 1.08, 1.05, 0.98, 1.02, 9.60, 0.80, 1.11, 1.09, 1.10, 0.87, 8.73, 1.85, 1.06, 0.78, 2.72, 0.97, 6.82, 1.06],
  xi_1210 = [8.70, 2.13, 5.48, 4.72, 4.74, 5.06, 8.38, 4.97, 4.74, 9.14, 6.19, 4.06, 4.79, 5.02, 5.87, 4.84, 4.95, 5.47, 4.85, 5.79, 5.31, 4.30, 5.56, 4.83, 4.32, 4.14, 4.95, 6.94, 5.63, 9.31, 5.30, 7.06, 4.63, 4.84, 4.78, 2.04, 4.62, 3.08, 4.90, 4.79, 9.97, 4.39, 4.42, 1.57, 5.46, 4.85, 4.38, 5.13, 1.76, 4.51],
  xi_1211 = [3.18, 2.73, 2.48, 2.53, 2.86, 3.18, 3.29, 2.80, 8.90, 9.40, 2.96, 3.24, 2.45, 1.95, 3.26, 2.93, 3.04, 3.01, 2.50, 4.31, 2.97, 3.17, 1.89, 3.81, 2.85, 2.91, 2.76, 3.41, 1.62, 2.90, 2.47, 3.08, 3.12, 3.03, 2.88, 2.60, 1.39, 4.44, 3.28, 2.77, 3.03, 2.19, 9.52, 1.47, 6.90, 2.88, 7.13, 4.02, 4.66, 1.44],
  xi_1212 = [1.08, 9.60, 9.79, 1.00, 1.07, 1.17, 0.95, 9.42, 4.91, 1.01, 0.94, 0.96, 2.98, 0.96, 0.88, 1.14, 1.10, 1.12, 3.14, 8.56, 1.08, 1.08, 0.99, 1.15, 0.98, 0.93, 7.16, 0.86, 0.85, 1.12, 6.63, 1.01, 0.92, 0.98, 9.92, 8.61, 3.01, 1.07, 1.07, 0.91, 0.95, 9.72, 0.99, 1.04, 8.70, 6.88, 1.16, 1.01, 3.01, 1.07],
  xi_1213 = [5.93, 4.89, 2.74, 6.96, 7.21, 5.58, 5.70, 5.17, 6.47, 9.38, 5.52, 3.07, 6.50, 5.52, 8.07, 8.53, 5.57, 6.22, 2.47, 6.31, 5.34, 5.80, 5.95, 5.20, 6.08, 6.93, 6.43, 6.74, 7.68, 5.49, 5.05, 2.32, 6.47, 5.74, 6.07, 5.83, 6.04, 5.33, 5.19, 6.59, 7.14, 6.04, 6.72, 6.43, 5.24, 5.25, 5.92, 5.50, 6.68, 6.27],
  xi_1214 = [7.65, 7.21, 6.58, 8.22, 7.38, 6.33, 7.49, 6.13, 7.13, 7.97, 5.37, 8.57, 5.52, 7.49, 6.75, 6.18, 6.68, 6.65, 7.08, 8.20, 5.19, 7.83, 6.85, 1.41, 9.94, 7.79, 6.81, 3.91, 6.95, 1.21, 8.01, 6.93, 1.80, 3.86, 8.05, 1.29, 8.32, 7.48, 6.63, 6.60, 7.12, 3.14, 6.53, 8.39, 4.90, 6.00, 2.29, 5.66, 8.34, 7.11],
  xi_1215 = [10.83, 10.79, 2.65, 8.69, 8.10, 9.58, 8.97, 10.57, 7.24, 10.27, 3.96, 9.88, 11.63, 8.87, 8.03, 9.45, 10.69, 9.86, 8.59, 9.21, 10.25, 8.04, 10.54, 10.61, 3.11, 10.19, 6.98, 7.49, 3.76, 8.24, 11.40, 10.99, 9.40, 9.72, 10.25, 11.05, 9.31, 6.82, 10.75, 9.66, 11.63, 7.38, 9.86, 1.85, 9.96, 5.37, 11.30, 8.83, 8.54, 9.94],
  xi_1216 = [2.70, 2.94, 3.23, 3.32, 2.78, 9.44, 3.28, 2.87, 2.92, 2.79, 3.17, 9.91, 2.55, 2.96, 2.85, 3.96, 3.09, 3.36, 7.55, 3.25, 3.17, 7.03, 7.46, 2.65, 1.20, 9.40, 6.96, 3.75, 7.59, 3.08, 9.98, 2.95, 7.95, 5.22, 3.35, 2.94, 3.87, 5.97, 3.57, 3.21, 2.77, 3.13, 3.26, 3.31, 3.13, 6.59, 3.10, 3.59, 2.94, 2.81],
  xi_1217 = [3.78, 3.81, 7.41, 4.42, 7.83, 6.46, 5.64, 5.61, 1.57, 6.81, 6.15, 5.98, 6.23, 6.15, 8.28, 7.14, 8.97, 7.12, 6.94, 6.60, 5.38, 7.45, 7.51, 7.55, 3.99, 6.82, 6.79, 9.60, 4.65, 6.73, 6.70, 9.07, 5.71, 7.09, 5.58, 7.26, 9.96, 7.59, 6.76, 6.29, 4.36, 2.75, 9.10, 2.59, 2.04, 6.61, 6.59, 5.80, 5.21, 5.99],
  xi_1218 = [2.04, 7.23, 2.22, 2.63, 2.30, 9.39, 9.46, 1.91, 3.89, 1.88, 1.77, 8.02, 2.10, 2.01, 1.95, 1.19, 2.36, 1.84, 2.19, 2.25, 1.24, 1.98, 2.19, 9.64, 2.70, 1.66, 2.12, 2.19, 8.90, 2.15, 2.03, 2.38, 2.06, 2.24, 2.10, 3.63, 1.99, 2.06, 2.12, 1.63, 2.02, 1.83, 1.93, 1.92, 4.80, 9.31, 1.75, 1.52, 2.12, 1.98],
  xi_1219 = [6.81, 9.86, 2.62, 5.18, 4.08, 3.43, 2.97, 2.95, 9.31, 1.57, 2.73, 2.69, 2.56, 9.87, 7.21, 3.06, 3.46, 2.82, 9.06, 3.16, 6.49, 2.77, 2.98, 1.59, 6.27, 2.96, 2.84, 3.20, 2.84, 2.17, 3.02, 3.17, 5.02, 2.85, 7.86, 2.59, 2.59, 3.17, 3.02, 3.16, 3.33, 2.86, 3.30, 3.27, 6.07, 2.78, 2.63, 1.68, 3.09, 2.53],
  xi_1220 = [7.35, 1.05, 4.72, 0.95, 0.98, 1.00, 1.03, 5.05, 1.25, 1.11, 0.95, 0.98, 0.96, 0.96, 1.00, 0.88, 1.10, 0.96, 0.99, 9.57, 0.92, 1.03, 0.96, 0.95, 1.02, 1.10, 1.00, 1.04, 1.05, 9.72, 1.08, 1.12, 1.07, 0.94, 0.93, 0.92, 1.00, 5.26, 1.12, 1.09, 1.06, 0.85, 1.02, 0.96, 0.97, 1.18, 8.31, 0.79, 1.03, 0.94],
  xi_131 = [1.86, 1.75, 2.45, 4.24, 4.21, 9.33, 1.92, 2.33, 2.47, 2.15, 2.23, 2.08, 1.96, 1.70, 1.69, 8.24, 1.90, 2.08, 1.80, 1.58, 2.09, 1.99, 2.12, 1.87, 2.45, 2.12, 8.11, 1.99, 9.29, 1.81, 1.65, 2.00, 1.75, 1.75, 4.71, 1.78, 5.55, 1.92, 1.99, 8.15, 2.03, 2.30, 8.14, 5.78, 2.12, 2.03, 1.85, 1.81, 2.12, 1.95],
  xi_132 = [9.56, 8.56, 7.84, 6.34, 9.61, 8.91, 8.47, 8.07, 8.89, 8.63, 2.80, 9.91, 7.97, 6.70, 8.17, 8.78, 7.72, 8.45, 9.59, 6.90, 5.19, 7.62, 7.48, 8.55, 8.29, 9.52, 4.46, 8.64, 9.84, 9.21, 9.10, 7.71, 7.55, 1.16, 9.24, 2.10, 7.60, 8.95, 5.09, 1.06, 6.86, 3.05, 2.48, 7.84, 7.99, 7.12, 3.93, 6.20, 3.23, 8.60],
  xi_133 = [5.16, 5.41, 5.65, 4.33, 5.33, 2.29, 6.08, 4.81, 4.58, 1.66, 2.18, 5.20, 3.46, 4.70, 4.79, 5.09, 5.06, 4.84, 4.95, 5.10, 5.50, 5.48, 2.82, 5.17, 4.37, 4.80, 4.58, 7.87, 5.07, 5.99, 5.51, 4.43, 5.18, 3.72, 5.44, 5.02, 5.46, 5.07, 1.90, 5.08, 4.59, 5.96, 5.49, 1.34, 3.38, 4.77, 5.06, 4.99, 4.91, 5.60],
  xi_134 = [6.41, 5.89, 7.44, 9.26, 6.43, 3.05, 6.23, 7.69, 7.43, 2.62, 9.57, 6.74, 5.71, 1.34, 1.29, 7.38, 7.26, 5.75, 6.31, 1.60, 6.98, 6.93, 6.98, 6.07, 4.47, 6.29, 6.79, 6.23, 3.78, 6.84, 9.14, 1.27, 6.65, 6.45, 5.47, 5.43, 3.47, 7.36, 8.26, 6.37, 6.21, 8.11, 9.76, 7.30, 7.64, 7.93, 5.68, 7.83, 6.55, 8.59],
  xi_135 = [7.19, 6.94, 6.97, 6.78, 7.00, 7.60, 2.81, 9.56, 2.44, 4.64, 8.01, 9.09, 6.45, 6.12, 7.35, 6.65, 6.93, 6.89, 6.51, 8.87, 6.61, 4.84, 2.27, 4.21, 7.11, 7.74, 1.02, 7.46, 6.41, 4.97, 5.96, 2.12, 8.60, 8.16, 6.85, 2.61, 6.79, 6.13, 5.35, 8.47, 7.75, 6.71, 9.18, 4.74, 9.69, 7.09, 8.70, 6.78, 6.29, 9.78],
  xi_136 = [4.68, 7.55, 1.08, 1.82, 4.46, 4.06, 5.33, 4.00, 3.57, 6.72, 3.64, 3.71, 3.85, 8.35, 3.89, 4.64, 3.65, 3.45, 4.14, 4.10, 8.98, 4.05, 3.76, 4.53, 3.24, 3.87, 9.34, 4.26, 4.58, 3.68, 5.21, 3.46, 3.42, 4.59, 9.00, 3.58, 4.19, 6.33, 4.35, 8.42, 3.75, 4.71, 2.58, 4.62, 3.89, 3.94, 4.25, 4.57, 4.99, 3.70],
  xi_137 = [1.11, 0.93, 0.92, 1.01, 1.05, 7.01, 0.95, 4.71, 1.11, 1.02, 7.37, 0.98, 1.08, 7.49, 1.09, 6.85, 9.67, 1.02, 1.28, 9.64, 8.57, 3.89, 1.00, 1.58, 0.96, 0.89, 0.77, 6.70, 1.02, 1.08, 1.10, 1.09, 2.72, 0.85, 1.05, 1.06, 1.06, 1.23, 5.59, 1.07, 1.15, 7.23, 0.99, 1.01, 0.93, 4.35, 0.94, 5.33, 0.96, 0.93],
  xi_138 = [10.61, 8.63, 8.83, 8.84, 9.31, 1.25, 5.10, 7.75, 9.54, 8.04, 3.10, 9.71, 8.51, 8.61, 4.06, 10.88, 7.15, 9.96, 9.70, 8.96, 1.67, 9.56, 8.49, 3.72, 9.12, 9.45, 6.03, 9.28, 8.28, 8.63, 2.79, 9.71, 8.15, 8.67, 8.04, 2.26, 7.37, 8.99, 4.92, 1.77, 7.28, 8.59, 8.88, 8.99, 9.70, 9.62, 2.35, 8.23, 9.32, 5.09],
  xi_139 = [3.23, 8.76, 5.85, 8.14, 5.53, 8.73, 6.51, 6.28, 5.48, 7.11, 5.13, 6.67, 8.63, 4.72, 4.66, 5.79, 5.78, 5.83, 5.20, 5.58, 5.64, 5.73, 5.31, 5.64, 5.62, 8.74, 5.76, 9.89, 5.05, 6.40, 5.54, 6.25, 9.29, 8.64, 1.76, 6.35, 1.08, 5.60, 4.89, 6.01, 4.89, 5.07, 6.98, 7.28, 5.72, 1.99, 6.53, 5.74, 5.99, 6.05],
  xi_1310 = [2.11, 8.14, 1.86, 1.87, 1.85, 7.68, 1.99, 1.86, 2.15, 1.83, 2.25, 1.79, 2.18, 1.83, 1.92, 7.17, 2.20, 2.55, 2.05, 1.91, 2.03, 9.26, 1.67, 1.94, 1.94, 1.82, 3.97, 1.84, 1.62, 2.18, 6.50, 2.18, 1.99, 6.83, 2.00, 2.03, 2.22, 5.00, 4.24, 9.85, 1.85, 1.74, 2.03, 1.27, 1.67, 1.42, 2.01, 1.45, 9.42, 2.49],
  xi_1311 = [2.79, 9.12, 2.12, 9.10, 9.98, 7.72, 8.40, 10.22, 8.50, 9.61, 9.01, 8.99, 3.33, 9.72, 8.60, 6.21, 8.29, 8.59, 8.72, 9.18, 2.41, 8.96, 9.39, 2.07, 8.51, 10.68, 9.62, 10.41, 3.64, 9.35, 4.46, 8.97, 10.88, 7.78, 9.91, 8.88, 5.13, 10.49, 8.92, 8.62, 8.34, 10.15, 8.77, 6.33, 9.05, 7.42, 3.98, 11.23, 7.82, 8.68],
  xi_1312 = [0.96, 0.79, 1.10, 0.98, 1.03, 9.08, 0.88, 1.08, 4.12, 0.88, 1.17, 7.40, 1.01, 1.00, 1.00, 1.11, 0.83, 0.99, 1.09, 1.13, 1.01, 8.35, 4.57, 5.03, 0.94, 1.13, 1.02, 9.02, 2.93, 1.21, 7.40, 0.88, 1.00, 5.91, 1.12, 1.06, 0.96, 1.02, 2.58, 1.16, 2.75, 1.13, 1.01, 1.02, 1.13, 1.06, 0.98, 6.47, 1.11, 2.66],
  xi_1313 = [8.00, 7.95, 9.33, 9.09, 9.27, 8.04, 10.06, 8.64, 8.32, 8.13, 5.84, 5.05, 2.39, 9.69, 8.54, 9.33, 10.85, 7.95, 8.98, 8.66, 11.02, 9.43, 9.41, 8.33, 8.37, 3.06, 4.07, 8.76, 8.60, 6.72, 8.82, 9.87, 8.95, 8.65, 8.80, 9.16, 10.96, 7.75, 8.03, 10.43, 9.89, 8.89, 9.35, 9.10, 8.52, 5.06, 9.92, 8.74, 9.36, 9.20],
  xi_1314 = [6.74, 4.17, 7.53, 7.37, 7.55, 5.77, 6.20, 7.43, 7.45, 6.23, 7.52, 7.68, 6.72, 9.93, 7.98, 2.96, 5.78, 6.39, 7.21, 6.09, 8.82, 6.05, 6.71, 6.18, 6.27, 6.88, 8.35, 7.51, 6.46, 6.76, 6.02, 6.66, 6.89, 2.45, 5.98, 7.49, 8.33, 8.55, 6.58, 6.41, 7.18, 7.50, 6.47, 6.37, 7.31, 8.19, 6.50, 3.46, 9.88, 1.59],
  xi_1315 = [7.96, 7.59, 8.33, 3.11, 6.41, 7.76, 2.05, 5.18, 8.82, 7.03, 8.93, 6.58, 1.29, 9.23, 8.56, 9.37, 6.71, 8.29, 8.43, 3.15, 1.98, 9.00, 6.29, 9.05, 7.72, 9.79, 7.34, 8.27, 9.17, 9.14, 9.51, 7.29, 8.49, 9.03, 3.62, 2.47, 6.72, 7.58, 7.86, 8.65, 6.81, 6.32, 7.77, 6.87, 1.17, 8.33, 8.55, 8.63, 8.69, 7.03],
  xi_1316 = [5.34, 6.16, 5.76, 6.28, 4.57, 2.26, 6.04, 4.21, 2.15, 6.76, 6.66, 5.67, 9.21, 6.62, 5.86, 5.01, 7.67, 5.04, 4.80, 5.84, 6.62, 5.82, 6.00, 6.84, 5.69, 7.86, 5.88, 6.94, 5.91, 7.11, 5.86, 5.29, 7.48, 8.99, 5.31, 5.97, 5.91, 8.68, 6.02, 5.91, 6.54, 3.63, 7.19, 6.04, 4.53, 5.37, 6.23, 1.24, 5.93, 4.62],
  xi_1317 = [4.07, 3.54, 4.10, 6.15, 7.95, 4.08, 3.59, 3.29, 3.84, 6.04, 4.56, 3.56, 3.90, 4.25, 8.61, 6.96, 4.32, 3.89, 3.24, 8.51, 3.44, 4.96, 5.94, 4.16, 4.56, 4.08, 9.94, 4.04, 2.13, 3.87, 3.43, 3.56, 3.68, 4.22, 3.86, 1.73, 4.13, 3.87, 3.85, 3.58, 3.94, 1.46, 4.41, 4.06, 3.87, 5.04, 4.14, 2.01, 5.23, 4.32],
  xi_1318 = [6.82, 1.13, 1.04, 1.08, 5.32, 1.16, 1.05, 8.58, 8.20, 1.05, 1.03, 0.93, 8.65, 1.11, 7.23, 6.47, 9.75, 7.01, 1.53, 0.84, 3.36, 0.93, 5.88, 0.94, 0.89, 1.03, 1.06, 5.78, 1.06, 8.48, 0.97, 4.54, 1.08, 0.99, 0.96, 0.95, 1.04, 1.06, 0.92, 1.07, 1.20, 9.29, 1.00, 0.93, 1.18, 0.75, 3.71, 1.06, 2.49, 3.65],
  xi_1319 = [3.98, 3.53, 4.05, 2.90, 3.83, 3.99, 1.10, 3.98, 4.30, 3.37, 5.06, 5.02, 3.02, 4.54, 4.14, 4.88, 4.16, 8.47, 1.95, 4.12, 3.75, 3.65, 4.06, 6.38, 3.96, 5.12, 7.35, 3.80, 4.05, 4.25, 3.41, 4.95, 4.57, 4.11, 4.02, 3.69, 4.16, 6.03, 6.20, 3.59, 4.09, 4.11, 4.23, 3.60, 6.45, 3.94, 3.79, 2.74, 4.66, 4.16],
  xi_1320 = [12.16, 8.35, 7.58, 12.05, 6.25, 7.86, 6.62, 12.66, 10.39, 8.62, 8.44, 10.41, 10.01, 6.91, 10.28, 9.65, 8.05, 6.81, 5.42, 11.70, 2.29, 9.66, 9.72, 6.68, 13.09, 10.72, 7.40, 8.66, 9.94, 10.93, 12.22, 10.61, 9.65, 10.03, 2.27, 10.74, 10.56, 9.49, 10.54, 5.83, 9.75, 5.88, 10.03, 10.77, 1.45, 9.10, 9.83, 5.49, 10.73, 10.36],
  xi_141 = [11.54, 7.61, 10.45, 9.39, 9.75, 8.91, 2.18, 10.08, 10.20, 10.56, 3.60, 6.91, 6.90, 10.75, 8.35, 1.64, 1.06, 8.38, 10.61, 8.07, 10.82, 6.69, 9.51, 10.12, 9.45, 4.74, 8.94, 10.38, 11.69, 1.26, 10.23, 6.98, 10.51, 9.20, 8.77, 12.22, 11.86, 8.68, 8.55, 9.70, 6.54, 11.65, 8.75, 2.04, 1.73, 11.57, 9.66, 10.30, 10.50, 7.19],
  xi_142 = [4.84, 5.80, 4.47, 5.81, 6.12, 8.08, 8.32, 5.62, 5.13, 6.03, 5.69, 6.08, 6.02, 3.39, 5.59, 9.21, 5.50, 1.17, 6.69, 5.78, 5.72, 5.52, 5.80, 6.13, 5.92, 5.71, 5.00, 6.49, 6.04, 6.18, 5.23, 6.92, 6.00, 4.75, 7.42, 5.83, 6.13, 8.11, 6.21, 1.11, 6.69, 5.95, 7.03, 3.65, 7.31, 6.14, 5.67, 5.55, 6.51, 7.01],
  xi_143 = [4.64, 1.48, 6.33, 7.99, 7.09, 8.66, 7.64, 8.68, 7.95, 6.08, 9.20, 3.89, 9.05, 7.36, 4.67, 4.05, 8.14, 3.98, 1.62, 7.94, 2.00, 8.42, 9.37, 5.20, 4.99, 7.98, 9.04, 7.99, 8.33, 8.22, 2.83, 8.11, 7.89, 6.50, 7.74, 7.06, 8.42, 7.15, 9.44, 4.24, 7.38, 6.88, 6.02, 9.36, 7.65, 3.11, 10.24, 7.54, 6.01, 9.43],
  xi_144 = [8.19, 6.94, 7.36, 6.54, 4.43, 6.84, 7.20, 2.99, 7.71, 7.89, 5.90, 3.21, 8.13, 7.54, 4.77, 6.53, 6.88, 4.28, 6.45, 6.46, 6.52, 5.24, 7.39, 5.69, 8.54, 3.71, 7.68, 6.95, 7.12, 6.89, 7.16, 6.41, 2.67, 6.93, 4.49, 1.26, 6.62, 6.93, 5.31, 2.58, 6.68, 6.41, 7.45, 5.36, 5.99, 7.11, 6.86, 6.54, 3.59, 5.63],
  xi_145 = [1.13, 1.19, 0.88, 1.00, 1.07, 6.41, 1.00, 0.87, 1.21, 7.06, 1.01, 1.50, 0.97, 0.84, 1.05, 1.14, 9.00, 0.87, 1.05, 0.83, 0.84, 10.00, 9.45, 1.05, 0.75, 1.07, 3.95, 6.45, 1.21, 0.85, 0.96, 2.86, 1.05, 1.05, 0.85, 0.95, 0.97, 5.54, 1.01, 4.65, 0.93, 0.93, 7.81, 5.12, 8.87, 1.10, 7.13, 2.82, 0.94, 1.12],
  xi_146 = [0.94, 1.01, 4.50, 0.93, 3.27, 1.17, 1.03, 0.94, 0.84, 2.31, 0.98, 9.19, 0.99, 3.94, 0.97, 0.99, 1.01, 1.01, 1.85, 0.90, 0.92, 8.32, 0.96, 0.93, 0.94, 1.08, 6.98, 0.91, 0.85, 1.01, 8.96, 0.99, 1.05, 1.05, 0.99, 1.03, 0.90, 6.42, 3.99, 1.08, 0.95, 0.92, 3.72, 1.11, 0.99, 1.14, 0.97, 4.75, 1.07, 6.59],
  xi_147 = [8.59, 8.32, 4.79, 4.27, 4.20, 9.04, 4.82, 4.33, 5.69, 5.42, 4.13, 5.29, 5.32, 4.97, 4.37, 5.93, 2.01, 4.73, 4.55, 5.37, 5.26, 5.06, 7.49, 8.92, 5.82, 4.94, 4.74, 8.09, 6.53, 9.83, 5.62, 4.61, 7.55, 4.84, 5.45, 4.84, 4.25, 9.27, 5.99, 5.69, 1.85, 5.69, 7.19, 4.41, 5.59, 5.64, 5.72, 4.47, 4.38, 5.99],
  xi_148 = [2.10, 1.88, 2.01, 1.92, 5.52, 2.02, 5.44, 2.06, 2.58, 2.21, 5.59, 2.37, 2.17, 5.43, 1.87, 2.34, 4.77, 1.72, 1.59, 4.49, 1.93, 2.05, 2.89, 2.28, 2.44, 6.77, 2.35, 4.38, 2.12, 1.95, 2.21, 9.92, 2.11, 2.05, 9.46, 2.16, 2.24, 2.10, 2.30, 1.73, 1.72, 8.63, 2.07, 1.90, 2.17, 3.27, 4.75, 6.17, 5.07, 8.69],
  xi_149 = [3.05, 3.24, 2.47, 3.64, 3.13, 2.79, 2.59, 2.28, 1.26, 2.88, 6.31, 3.02, 2.99, 2.42, 3.02, 5.05, 7.55, 2.86, 2.71, 7.89, 3.08, 3.02, 2.90, 2.92, 3.01, 6.98, 2.97, 7.58, 2.74, 6.03, 4.33, 2.76, 3.07, 2.84, 9.57, 5.23, 8.64, 2.58, 3.04, 1.62, 2.92, 1.62, 3.06, 2.94, 3.35, 2.66, 8.02, 2.65, 1.63, 9.08],
  xi_1410 = [6.12, 7.87, 8.09, 1.46, 10.47, 6.73, 7.93, 3.72, 2.85, 8.76, 3.47, 8.15, 8.11, 8.14, 8.61, 9.31, 7.08, 7.33, 8.05, 7.57, 8.64, 9.01, 8.07, 7.78, 8.51, 6.00, 9.11, 8.24, 9.12, 8.91, 8.10, 7.52, 7.74, 6.36, 7.27, 8.13, 8.07, 7.36, 9.56, 7.54, 7.37, 6.18, 6.53, 7.64, 7.86, 9.45, 6.94, 8.14, 9.08, 7.39],
  xi_1411 = [7.23, 3.99, 4.02, 3.99, 1.15, 9.50, 2.61, 5.33, 3.62, 3.14, 6.19, 8.41, 4.42, 9.82, 4.08, 4.11, 4.30, 3.79, 3.98, 4.16, 9.99, 4.27, 1.50, 5.61, 6.95, 3.55, 9.81, 4.44, 2.27, 4.54, 3.81, 4.60, 3.82, 3.68, 4.87, 7.15, 1.82, 3.80, 3.98, 7.19, 7.14, 1.44, 7.64, 3.79, 4.11, 7.06, 3.76, 4.03, 3.62, 9.99],
  xi_1412 = [1.91, 4.25, 0.81, 0.80, 3.15, 6.62, 1.05, 1.01, 0.82, 7.26, 0.85, 1.04, 1.09, 1.03, 1.18, 0.91, 1.12, 2.62, 9.61, 1.18, 9.86, 8.89, 0.95, 1.04, 7.47, 2.44, 3.79, 1.00, 1.13, 1.10, 0.98, 1.04, 0.98, 9.06, 2.45, 1.04, 1.20, 1.06, 1.18, 0.91, 0.88, 1.07, 1.01, 2.46, 1.01, 7.62, 0.94, 1.05, 0.94, 1.12],
  xi_1413 = [8.21, 7.44, 2.71, 3.78, 5.45, 3.85, 3.86, 4.08, 6.08, 4.41, 3.40, 3.65, 4.00, 3.99, 3.78, 4.29, 4.43, 3.72, 4.02, 6.93, 4.32, 3.66, 4.02, 2.02, 3.79, 6.03, 3.76, 4.68, 4.10, 3.95, 5.63, 3.89, 4.45, 4.37, 4.67, 4.66, 4.66, 3.85, 3.40, 3.72, 4.07, 6.51, 3.98, 2.30, 3.52, 8.21, 4.04, 4.38, 3.70, 3.91],
  xi_1414 = [9.26, 0.98, 2.51, 1.05, 1.18, 9.47, 2.73, 5.69, 0.90, 2.62, 2.10, 1.03, 1.06, 6.34, 4.30, 6.34, 0.97, 0.98, 1.03, 0.90, 0.78, 0.98, 1.15, 0.99, 0.97, 7.74, 1.02, 5.59, 1.08, 0.95, 1.19, 0.80, 1.97, 1.04, 2.50, 1.18, 1.07, 1.06, 7.14, 1.06, 0.93, 3.38, 0.87, 4.73, 7.63, 1.12, 0.92, 0.82, 1.11, 9.47],
  xi_1415 = [3.52, 5.71, 7.03, 8.58, 4.52, 4.51, 4.33, 4.50, 4.41, 4.65, 4.35, 4.23, 4.22, 3.56, 4.33, 4.13, 3.08, 4.05, 4.59, 4.49, 3.76, 4.23, 9.26, 7.81, 4.14, 4.33, 3.21, 9.17, 8.34, 4.45, 3.76, 4.17, 4.86, 4.64, 7.60, 4.24, 3.81, 4.47, 3.56, 3.47, 4.21, 3.94, 4.25, 4.54, 4.10, 6.24, 7.74, 4.25, 4.25, 5.69],
  xi_1416 = [8.00, 5.25, 0.95, 1.05, 0.94, 0.79, 2.45, 1.13, 5.52, 1.09, 0.96, 1.03, 1.19, 1.05, 1.11, 1.11, 1.04, 6.03, 9.88, 1.15, 8.33, 1.02, 1.01, 0.89, 0.87, 0.87, 8.03, 8.78, 1.06, 1.05, 7.56, 1.09, 3.52, 0.98, 1.23, 1.12, 1.09, 0.97, 3.16, 1.00, 2.89, 0.91, 5.60, 1.13, 0.97, 0.93, 6.32, 9.53, 2.64, 6.82],
  xi_1417 = [5.29, 6.03, 1.10, 6.40, 7.07, 5.73, 6.90, 1.37, 5.66, 1.18, 6.02, 3.48, 9.12, 6.69, 5.41, 5.55, 5.61, 2.81, 6.50, 6.15, 6.80, 5.60, 6.37, 4.57, 6.31, 4.99, 6.65, 6.50, 1.66, 6.47, 6.23, 6.20, 5.84, 1.01, 6.28, 6.52, 6.07, 6.63, 5.59, 5.09, 6.65, 5.55, 1.62, 5.88, 6.40, 6.08, 1.30, 5.39, 8.10, 5.30],
  xi_1418 = [5.10, 5.56, 3.27, 4.51, 3.72, 3.66, 4.02, 2.80, 3.92, 4.73, 3.99, 3.93, 4.25, 3.78, 3.63, 3.44, 7.58, 4.01, 4.00, 3.84, 8.18, 4.23, 4.11, 5.47, 9.44, 4.32, 4.99, 3.59, 4.36, 4.47, 4.12, 3.96, 3.10, 4.11, 7.51, 3.72, 9.24, 4.19, 4.27, 3.72, 3.98, 4.18, 3.77, 3.44, 8.57, 3.86, 6.57, 6.74, 1.44, 4.57],
  xi_1419 = [2.66, 8.93, 8.98, 9.01, 8.49, 8.91, 8.81, 10.13, 8.80, 9.44, 7.37, 8.83, 8.79, 8.74, 9.06, 2.41, 8.65, 9.15, 7.50, 9.70, 7.40, 8.14, 9.08, 7.86, 9.15, 6.84, 9.14, 9.75, 9.52, 7.42, 7.93, 1.15, 8.55, 8.34, 6.78, 9.01, 9.50, 9.59, 7.47, 8.09, 9.13, 9.38, 9.87, 6.77, 8.22, 7.77, 8.84, 8.14, 9.46, 8.13],
  xi_1420 = [7.09, 6.25, 6.31, 6.94, 9.75, 6.40, 1.42, 5.91, 7.23, 8.74, 6.88, 1.61, 6.32, 7.68, 7.78, 7.31, 1.17, 6.70, 6.34, 8.36, 6.98, 5.05, 6.60, 5.90, 3.32, 3.25, 6.92, 5.86, 6.72, 6.08, 6.47, 6.95, 7.78, 4.83, 7.31, 1.34, 6.89, 6.53, 3.03, 7.69, 8.74, 6.86, 6.84, 1.80, 8.19, 2.09, 6.74, 7.47, 4.42, 7.72],
  xi_151 = [2.50, 4.14, 4.20, 6.93, 2.91, 4.12, 4.91, 3.85, 3.85, 3.66, 3.40, 3.78, 4.07, 8.23, 4.21, 3.97, 5.03, 5.51, 3.34, 4.17, 3.84, 5.62, 4.26, 4.05, 3.85, 3.70, 9.61, 5.79, 4.34, 2.46, 3.92, 3.71, 1.78, 5.44, 9.88, 4.37, 3.76, 3.93, 6.29, 4.29, 3.84, 6.79, 3.86, 4.03, 4.02, 4.43, 8.25, 3.51, 6.50, 3.75],
  xi_152 = [7.49, 2.04, 1.62, 4.27, 2.02, 1.87, 2.11, 2.23, 5.92, 3.16, 6.84, 4.48, 2.24, 1.88, 1.77, 1.34, 1.71, 7.87, 2.19, 1.75, 9.78, 2.26, 1.96, 2.65, 9.46, 2.15, 2.34, 2.03, 2.14, 2.13, 1.80, 1.99, 1.71, 1.92, 1.94, 2.18, 1.46, 2.11, 2.00, 2.11, 1.56, 2.11, 8.00, 2.03, 2.38, 1.34, 6.21, 1.98, 2.05, 4.85],
  xi_153 = [2.92, 6.00, 2.01, 1.92, 2.00, 2.08, 3.15, 3.97, 7.99, 2.27, 1.69, 7.38, 1.84, 1.86, 7.36, 2.07, 1.89, 1.77, 2.00, 2.17, 2.08, 1.97, 2.00, 1.92, 1.94, 2.06, 1.92, 1.84, 5.81, 2.70, 9.10, 2.08, 1.97, 1.79, 2.06, 1.72, 2.16, 1.93, 1.82, 1.99, 2.27, 1.72, 2.20, 2.19, 1.94, 9.18, 2.43, 4.79, 1.77, 2.25],
  xi_154 = [4.81, 10.20, 9.45, 9.58, 9.92, 9.22, 10.28, 11.52, 10.47, 3.59, 10.79, 8.92, 4.63, 8.79, 4.26, 11.72, 9.76, 8.88, 8.86, 9.38, 9.49, 9.70, 7.33, 9.10, 10.57, 3.99, 10.18, 10.85, 9.02, 8.97, 8.81, 8.29, 8.14, 9.04, 11.17, 8.33, 11.12, 2.59, 9.11, 11.08, 8.34, 9.46, 5.23, 9.39, 9.92, 7.96, 9.50, 10.66, 11.72, 5.34],
  xi_155 = [2.50, 4.24, 6.84, 3.15, 6.21, 3.37, 9.29, 3.13, 3.57, 2.45, 2.50, 3.45, 3.17, 3.43, 6.54, 2.68, 5.74, 2.70, 2.76, 2.39, 8.82, 2.81, 3.41, 6.85, 2.94, 3.02, 3.13, 5.78, 8.21, 8.36, 3.08, 4.88, 3.13, 2.96, 3.99, 2.67, 2.78, 2.64, 2.92, 3.11, 3.28, 2.90, 8.91, 3.32, 3.12, 3.08, 5.60, 3.26, 3.20, 5.50],
  xi_156 = [1.02, 1.10, 2.41, 1.06, 1.00, 9.27, 4.36, 1.09, 1.07, 0.88, 4.10, 0.88, 1.01, 1.12, 1.04, 0.95, 4.25, 1.22, 6.29, 2.69, 7.32, 1.14, 6.90, 0.84, 1.20, 0.80, 0.91, 1.08, 1.00, 5.88, 4.85, 1.23, 1.07, 5.38, 0.98, 6.25, 2.65, 0.85, 0.93, 0.92, 1.06, 1.16, 1.20, 8.40, 6.78, 1.04, 3.29, 2.00, 1.15, 1.03],
  xi_157 = [3.07, 2.75, 2.70, 3.59, 1.46, 2.89, 2.87, 3.02, 1.80, 3.20, 3.01, 3.21, 2.71, 9.55, 3.81, 3.54, 2.77, 9.45, 3.59, 3.13, 2.99, 8.08, 2.32, 1.57, 3.00, 3.54, 2.81, 9.04, 3.76, 2.81, 3.12, 3.42, 3.19, 3.86, 3.38, 3.20, 2.62, 3.04, 7.85, 2.92, 2.78, 4.02, 2.68, 2.98, 2.90, 2.37, 2.84, 4.39, 3.28, 7.50],
  xi_158 = [7.84, 3.24, 5.19, 9.39, 6.90, 5.35, 7.43, 7.18, 8.09, 8.90, 8.42, 6.99, 7.35, 8.07, 8.97, 9.12, 6.40, 8.01, 9.14, 8.32, 8.36, 7.79, 5.49, 8.89, 8.20, 9.36, 8.10, 8.31, 8.30, 7.84, 8.07, 8.30, 8.96, 8.31, 6.16, 2.80, 6.58, 7.15, 7.52, 7.24, 9.19, 8.22, 8.17, 3.03, 5.78, 9.09, 8.16, 8.78, 8.39, 7.95],
  xi_159 = [8.33, 7.13, 2.29, 1.81, 1.87, 2.23, 6.85, 6.39, 1.90, 1.97, 2.15, 2.37, 6.46, 2.48, 1.63, 2.13, 2.25, 2.05, 2.19, 1.82, 1.87, 2.04, 8.03, 1.65, 8.94, 1.49, 4.50, 2.16, 9.70, 1.85, 1.90, 9.63, 2.22, 8.04, 5.28, 2.11, 1.91, 1.94, 1.80, 2.18, 6.91, 1.97, 2.21, 1.92, 1.87, 2.09, 1.82, 8.32, 1.84, 4.43],
  xi_1510 = [4.64, 4.98, 1.56, 5.63, 2.77, 4.63, 5.32, 4.98, 5.25, 3.96, 4.51, 5.44, 4.04, 4.09, 4.65, 4.58, 3.70, 4.41, 4.67, 4.83, 5.51, 5.15, 5.32, 8.60, 3.92, 5.72, 5.28, 7.15, 4.41, 5.21, 5.42, 5.59, 4.52, 5.17, 5.37, 4.43, 4.48, 5.08, 5.01, 4.57, 5.02, 5.70, 4.91, 4.78, 5.05, 4.40, 4.86, 4.40, 4.63, 4.94],
  xi_1511 = [5.74, 5.41, 4.44, 9.98, 1.37, 5.90, 4.81, 5.94, 7.90, 5.51, 2.07, 9.30, 4.39, 5.32, 4.46, 4.95, 5.16, 3.50, 5.59, 5.22, 5.07, 5.01, 3.00, 5.13, 4.66, 8.43, 5.29, 4.93, 4.84, 4.75, 4.33, 5.14, 5.25, 5.86, 6.87, 5.41, 5.13, 5.24, 5.14, 4.52, 5.67, 5.25, 5.12, 5.17, 1.22, 5.04, 5.16, 4.73, 8.31, 4.42],
  xi_1512 = [9.82, 1.50, 9.97, 3.41, 9.48, 4.02, 7.18, 7.12, 6.64, 4.02, 2.22, 9.24, 7.46, 7.21, 6.85, 8.05, 8.99, 9.34, 6.88, 7.93, 5.79, 5.04, 2.23, 3.38, 5.94, 6.88, 7.35, 5.23, 8.61, 7.54, 8.21, 6.85, 8.32, 7.62, 8.13, 6.72, 8.24, 6.16, 9.26, 5.79, 7.33, 7.54, 7.56, 7.68, 6.42, 6.51, 7.54, 3.25, 8.69, 8.07],
  xi_1513 = [2.23, 1.84, 2.09, 1.84, 1.96, 1.73, 6.39, 3.06, 1.94, 1.98, 9.75, 3.18, 1.98, 1.78, 2.33, 2.13, 5.64, 2.00, 2.12, 1.63, 3.89, 2.07, 2.26, 1.79, 2.09, 2.67, 1.93, 2.25, 2.18, 5.48, 7.91, 2.25, 2.50, 2.13, 1.89, 2.61, 1.76, 1.84, 2.10, 3.22, 2.18, 4.21, 1.97, 2.66, 1.61, 2.06, 2.25, 8.27, 1.89, 4.38],
  xi_1514 = [1.96, 1.57, 6.49, 5.63, 1.91, 1.95, 5.86, 2.05, 3.42, 1.98, 2.20, 1.90, 2.08, 5.66, 1.45, 2.15, 5.04, 2.03, 1.92, 2.04, 4.47, 2.06, 3.49, 1.93, 9.79, 2.08, 2.26, 2.18, 1.95, 2.66, 1.89, 1.97, 1.92, 9.06, 2.03, 2.21, 1.97, 2.25, 2.12, 1.98, 2.09, 7.21, 3.86, 2.18, 1.83, 1.91, 3.62, 2.02, 2.21, 1.97],
  xi_1515 = [1.04, 1.00, 0.98, 3.74, 0.83, 0.93, 1.18, 5.98, 5.01, 1.01, 1.01, 0.94, 0.95, 1.08, 0.97, 3.69, 1.02, 1.02, 1.08, 0.83, 0.98, 0.94, 1.02, 0.91, 0.94, 1.00, 9.89, 1.29, 8.34, 3.74, 1.05, 3.43, 8.48, 1.01, 8.87, 0.90, 0.98, 1.24, 0.97, 6.55, 5.04, 0.94, 6.71, 1.24, 0.92, 1.07, 1.00, 1.06, 6.20, 1.04],
  xi_1516 = [9.61, 9.79, 8.54, 10.15, 8.05, 10.85, 11.02, 6.27, 2.40, 9.64, 8.93, 11.28, 10.33, 10.12, 2.75, 11.91, 11.37, 8.71, 10.59, 1.39, 10.90, 11.15, 1.77, 9.47, 12.98, 9.00, 10.22, 9.32, 8.01, 12.43, 9.28, 9.89, 10.42, 9.86, 10.69, 10.67, 9.82, 9.05, 8.26, 10.82, 2.70, 10.18, 10.09, 4.75, 8.08, 1.65, 9.88, 10.05, 9.70, 8.39],
  xi_1517 = [2.62, 3.19, 2.35, 2.73, 3.16, 3.83, 2.79, 3.00, 2.13, 3.03, 5.86, 3.00, 2.79, 2.98, 3.00, 7.00, 2.67, 7.95, 6.04, 2.75, 5.40, 2.81, 2.76, 8.51, 2.92, 3.25, 2.93, 5.16, 2.55, 3.22, 3.48, 3.13, 2.65, 3.09, 2.94, 3.28, 3.53, 2.87, 2.54, 3.06, 2.65, 3.09, 3.13, 5.14, 2.44, 2.67, 1.13, 3.03, 3.61, 7.32],
  xi_1518 = [6.76, 8.00, 6.97, 8.05, 5.12, 9.97, 6.58, 6.08, 7.91, 6.79, 7.23, 6.69, 9.07, 7.56, 1.78, 6.59, 7.02, 4.87, 6.34, 8.26, 7.51, 5.92, 4.23, 6.01, 1.45, 7.58, 7.34, 6.69, 6.87, 7.32, 7.86, 7.42, 6.57, 5.35, 5.48, 4.99, 7.33, 5.85, 7.40, 6.53, 6.76, 6.96, 9.02, 6.40, 7.26, 7.68, 2.61, 7.45, 6.95, 7.53],
  xi_1519 = [3.63, 5.98, 6.04, 6.11, 5.66, 6.14, 1.40, 7.33, 7.17, 5.08, 5.93, 7.73, 6.36, 6.19, 6.20, 6.38, 5.85, 5.60, 6.44, 2.23, 5.76, 5.38, 6.23, 6.43, 2.94, 5.98, 7.25, 7.52, 2.79, 5.26, 7.30, 7.73, 5.18, 7.48, 6.02, 7.79, 4.37, 5.67, 4.46, 3.07, 3.17, 4.93, 2.05, 6.80, 6.13, 1.11, 5.37, 6.28, 1.06, 9.82],
  xi_1520 = [4.23, 8.17, 6.79, 4.73, 3.75, 3.71, 2.61, 3.87, 3.80, 1.37, 5.38, 4.07, 3.31, 4.09, 3.72, 4.07, 3.81, 3.92, 3.68, 4.50, 4.39, 1.92, 4.65, 3.74, 4.86, 4.37, 3.99, 4.50, 4.38, 8.92, 7.94, 5.01, 1.39, 7.37, 3.89, 3.76, 4.34, 5.62, 7.81, 4.66, 3.43, 5.56, 4.70, 4.06, 1.31, 7.02, 3.82, 3.64, 3.58, 3.36],
  xi_161 = [4.84, 5.59, 3.23, 6.15, 6.84, 4.90, 6.15, 6.37, 5.52, 4.60, 6.91, 9.06, 8.19, 6.79, 4.81, 6.19, 8.92, 2.90, 5.25, 8.89, 4.73, 6.78, 6.69, 6.75, 4.35, 5.31, 6.30, 4.11, 6.51, 5.63, 6.89, 6.37, 5.85, 6.75, 7.30, 5.51, 5.59, 8.02, 3.92, 6.31, 5.76, 6.49, 6.70, 5.77, 5.43, 7.09, 4.50, 5.62, 4.76, 6.60],
  xi_162 = [8.23, 6.63, 8.28, 7.55, 8.00, 8.08, 8.94, 8.04, 7.41, 6.83, 8.68, 8.30, 8.39, 7.24, 9.72, 9.37, 7.66, 3.69, 7.60, 7.35, 7.96, 1.64, 3.46, 9.22, 6.74, 9.97, 8.28, 5.92, 7.78, 8.20, 8.86, 8.73, 8.34, 6.45, 7.36, 8.20, 8.31, 8.86, 9.30, 3.10, 8.03, 6.82, 8.15, 8.41, 8.33, 7.08, 8.97, 8.26, 8.05, 9.02],
  xi_163 = [7.61, 6.48, 7.00, 1.98, 6.83, 6.37, 3.63, 8.45, 9.87, 5.11, 6.91, 8.29, 7.79, 1.59, 6.23, 7.10, 6.02, 7.59, 6.26, 7.63, 6.59, 7.89, 6.03, 6.95, 7.16, 4.50, 6.99, 6.77, 7.52, 6.70, 6.51, 6.98, 5.61, 7.32, 5.70, 6.55, 7.23, 6.26, 6.37, 7.02, 6.59, 5.51, 6.77, 7.84, 7.38, 6.58, 6.88, 5.52, 7.93, 6.68],
  xi_164 = [8.43, 11.11, 10.80, 12.03, 8.91, 8.60, 9.31, 10.54, 11.30, 4.37, 9.08, 11.25, 10.56, 9.19, 10.35, 12.07, 9.90, 2.75, 9.31, 5.76, 10.77, 9.42, 9.28, 6.49, 8.99, 10.53, 9.15, 5.40, 10.71, 10.69, 4.46, 10.02, 9.78, 9.44, 8.13, 9.98, 10.84, 8.75, 12.03, 9.41, 10.84, 11.27, 10.02, 2.36, 10.47, 10.51, 10.53, 2.24, 9.63, 8.12],
  xi_165 = [5.17, 5.21, 4.92, 5.62, 5.78, 4.97, 4.94, 4.70, 5.16, 5.05, 8.13, 4.92, 5.12, 5.16, 5.38, 8.12, 5.41, 4.97, 8.02, 7.00, 4.45, 2.78, 5.14, 9.73, 6.17, 4.43, 5.45, 2.96, 2.39, 5.27, 5.08, 5.30, 4.30, 3.03, 5.31, 4.73, 5.25, 5.15, 2.10, 4.59, 5.03, 5.42, 5.14, 5.04, 5.98, 3.21, 5.38, 5.35, 4.84, 5.12],
  xi_166 = [4.65, 5.39, 1.10, 4.99, 5.41, 3.91, 3.01, 4.93, 6.31, 4.74, 5.73, 6.80, 5.85, 2.88, 4.82, 5.36, 6.10, 5.16, 5.01, 4.46, 5.35, 2.31, 5.23, 4.55, 5.22, 6.08, 1.12, 8.09, 5.59, 4.49, 4.91, 4.58, 5.29, 5.30, 1.02, 1.89, 5.68, 2.45, 4.96, 3.85, 4.54, 5.00, 2.07, 5.16, 5.42, 6.53, 4.40, 1.41, 4.65, 5.94],
  xi_167 = [10.30, 2.49, 9.83, 8.70, 10.79, 10.03, 10.06, 8.94, 3.67, 9.80, 9.32, 11.20, 9.71, 11.99, 9.16, 9.05, 2.59, 9.90, 9.23, 12.34, 10.61, 10.73, 7.41, 10.10, 7.71, 6.32, 3.65, 8.54, 8.72, 7.17, 10.11, 10.01, 8.44, 2.95, 9.64, 8.06, 1.60, 9.79, 6.12, 9.39, 9.71, 9.79, 9.25, 8.99, 5.58, 10.83, 9.96, 8.83, 9.53, 11.24],
  xi_168 = [6.60, 8.31, 8.17, 5.31, 7.41, 1.36, 4.22, 9.33, 7.56, 9.31, 7.76, 7.87, 3.80, 7.36, 6.81, 7.22, 3.33, 7.75, 8.08, 8.43, 1.85, 8.94, 9.24, 9.07, 9.21, 7.62, 7.94, 6.96, 8.57, 8.83, 8.46, 7.84, 8.75, 7.51, 2.32, 8.03, 8.63, 8.11, 8.17, 5.77, 6.38, 9.36, 2.94, 7.51, 6.99, 7.58, 8.46, 4.61, 6.02, 7.82],
  xi_169 = [6.03, 5.34, 4.47, 4.60, 5.18, 6.73, 4.60, 5.24, 4.66, 5.99, 4.95, 4.61, 1.25, 1.56, 4.45, 5.05, 4.20, 5.40, 6.41, 4.29, 3.51, 4.95, 5.91, 3.81, 4.84, 4.87, 5.43, 5.39, 5.13, 5.04, 5.27, 1.32, 8.81, 1.58, 5.76, 4.29, 4.92, 4.35, 5.31, 4.70, 4.86, 9.81, 4.74, 4.26, 3.94, 7.38, 8.86, 3.06, 5.74, 1.21],
  xi_1610 = [3.49, 2.62, 2.74, 2.54, 7.12, 3.15, 3.64, 2.89, 2.88, 3.13, 2.91, 2.96, 3.33, 2.47, 5.61, 4.55, 6.76, 6.74, 2.63, 9.12, 3.20, 3.31, 1.52, 2.98, 4.18, 3.11, 2.40, 3.05, 2.88, 2.82, 3.10, 1.29, 3.04, 6.39, 2.68, 2.91, 3.27, 3.17, 3.15, 2.84, 4.02, 3.30, 9.20, 2.68, 3.70, 3.38, 6.77, 3.05, 2.81, 6.96],
  xi_1611 = [2.30, 1.71, 2.06, 7.00, 2.01, 2.16, 1.61, 2.18, 2.04, 9.87, 2.18, 1.68, 2.15, 2.15, 1.75, 1.96, 2.40, 2.35, 1.74, 3.14, 1.95, 7.60, 7.07, 1.68, 2.44, 1.92, 2.04, 1.91, 2.08, 1.85, 5.40, 3.22, 7.49, 2.19, 1.80, 1.84, 2.23, 1.84, 1.97, 2.06, 1.69, 1.91, 1.93, 8.61, 1.96, 6.78, 2.26, 1.80, 2.13, 4.21],
  xi_1612 = [6.90, 5.56, 6.67, 6.12, 7.04, 2.52, 4.59, 7.54, 6.40, 7.28, 8.00, 5.88, 7.48, 7.86, 6.44, 6.33, 5.96, 7.74, 7.61, 8.68, 6.26, 7.34, 6.54, 9.15, 6.61, 6.29, 7.59, 6.40, 2.80, 1.50, 6.90, 7.19, 6.06, 6.42, 3.61, 5.91, 1.04, 6.09, 5.79, 3.08, 9.55, 7.11, 8.74, 6.41, 6.25, 5.74, 1.18, 7.35, 8.14, 4.43],
  xi_1613 = [8.63, 4.68, 8.98, 6.56, 8.01, 7.28, 8.25, 8.84, 9.95, 8.85, 7.40, 8.76, 8.33, 7.63, 7.52, 8.21, 8.25, 8.25, 9.21, 8.08, 8.39, 7.30, 3.29, 1.76, 7.75, 6.99, 7.54, 7.41, 7.39, 9.17, 3.75, 9.04, 7.46, 7.25, 7.19, 8.02, 8.44, 5.09, 4.73, 8.25, 4.18, 6.31, 8.18, 7.19, 3.29, 6.83, 1.27, 4.98, 8.87, 6.45],
  xi_1614 = [1.11, 1.19, 0.99, 1.11, 0.96, 1.09, 1.18, 1.05, 1.09, 3.82, 0.95, 5.02, 0.92, 0.90, 1.04, 1.11, 0.92, 6.18, 6.37, 4.94, 4.28, 0.87, 9.24, 1.33, 9.07, 0.95, 1.18, 0.99, 6.17, 7.64, 3.68, 0.79, 0.96, 1.05, 9.83, 0.99, 1.13, 1.15, 1.55, 0.89, 6.98, 9.36, 0.99, 7.50, 1.12, 4.02, 0.92, 1.01, 1.03, 1.07],
  xi_1615 = [3.48, 3.97, 3.35, 7.77, 4.60, 3.61, 3.95, 2.81, 4.48, 3.79, 2.97, 3.61, 3.89, 7.57, 3.87, 4.76, 1.34, 4.07, 2.85, 4.73, 5.71, 4.11, 3.48, 3.96, 1.34, 3.33, 4.07, 8.74, 4.04, 4.11, 3.87, 3.82, 4.67, 3.43, 4.65, 4.09, 3.68, 4.31, 5.06, 3.28, 4.04, 3.91, 5.69, 6.59, 4.17, 9.13, 3.81, 4.48, 3.49, 3.52],
  xi_1616 = [2.26, 1.29, 8.21, 7.80, 1.31, 8.81, 8.28, 7.85, 8.39, 9.11, 7.64, 7.57, 8.17, 7.06, 8.18, 7.44, 6.49, 7.19, 9.50, 7.75, 8.03, 9.07, 4.52, 8.71, 7.78, 8.60, 8.23, 4.43, 8.22, 7.82, 5.56, 6.12, 8.50, 4.56, 1.16, 7.84, 7.67, 7.34, 8.18, 8.30, 7.39, 3.10, 6.77, 8.48, 7.37, 9.09, 9.55, 4.14, 7.82, 8.52],
  xi_1617 = [7.37, 4.05, 4.68, 8.35, 6.68, 5.22, 7.15, 7.41, 8.28, 3.58, 7.48, 8.23, 7.84, 8.92, 6.42, 8.29, 8.40, 8.83, 8.29, 5.43, 8.44, 8.50, 6.40, 9.11, 8.96, 7.94, 7.91, 9.81, 9.13, 8.59, 8.04, 1.06, 8.76, 1.36, 6.09, 4.83, 9.53, 5.80, 7.22, 7.35, 9.87, 7.46, 8.95, 9.61, 6.93, 3.43, 8.44, 8.26, 9.73, 5.62],
  xi_1618 = [0.88, 1.01, 1.01, 1.10, 1.10, 0.95, 0.94, 4.26, 7.36, 0.87, 0.98, 7.71, 0.96, 0.95, 0.99, 1.01, 1.13, 5.88, 0.90, 1.04, 0.97, 1.28, 1.82, 2.74, 2.66, 0.95, 5.66, 1.08, 1.16, 1.02, 1.01, 0.95, 1.80, 1.19, 0.86, 1.02, 1.50, 1.01, 7.33, 1.11, 1.03, 0.94, 6.36, 1.20, 0.96, 1.05, 0.93, 1.03, 1.10, 1.00],
  xi_1619 = [1.06, 3.93, 4.04, 3.70, 3.67, 3.73, 3.44, 4.55, 8.18, 9.59, 4.36, 4.37, 4.41, 4.00, 3.80, 3.58, 3.81, 4.55, 4.43, 4.27, 3.93, 4.56, 4.15, 7.24, 3.66, 4.30, 4.40, 3.34, 1.60, 4.71, 8.87, 4.89, 4.36, 9.03, 7.85, 3.52, 4.09, 3.55, 6.01, 3.80, 4.44, 4.07, 4.16, 3.58, 7.56, 4.03, 4.74, 3.28, 9.72, 3.69],
  xi_1620 = [4.28, 4.48, 5.35, 6.49, 5.91, 3.64, 3.59, 3.91, 3.64, 3.30, 7.57, 4.94, 1.30, 4.47, 3.63, 1.79, 4.09, 2.58, 3.80, 3.64, 3.85, 2.24, 5.17, 3.98, 4.34, 2.88, 9.29, 4.46, 7.16, 2.12, 4.81, 3.97, 4.00, 4.70, 3.98, 3.50, 3.95, 3.20, 3.69, 5.01, 8.56, 3.18, 3.72, 4.05, 3.65, 1.99, 8.28, 3.86, 1.56, 3.52],
  xi_171 = [8.69, 6.15, 11.15, 8.98, 9.90, 9.66, 10.74, 9.22, 10.62, 12.22, 2.30, 9.92, 8.17, 9.39, 12.23, 2.84, 11.24, 9.97, 1.20, 10.31, 7.47, 9.01, 8.07, 5.40, 10.64, 8.73, 11.54, 10.00, 7.45, 6.49, 9.01, 10.92, 11.26, 10.06, 8.92, 7.77, 10.32, 11.12, 9.96, 9.47, 4.21, 9.78, 9.05, 4.53, 2.79, 9.55, 9.11, 6.34, 5.43, 4.04],
  xi_172 = [3.08, 8.87, 3.14, 1.36, 3.23, 2.92, 3.35, 3.62, 3.05, 3.53, 2.69, 2.67, 3.32, 3.36, 2.29, 2.01, 5.89, 2.95, 1.83, 2.88, 3.54, 2.50, 2.76, 2.92, 3.34, 3.49, 3.16, 5.93, 2.88, 9.15, 3.28, 2.93, 3.15, 2.70, 2.76, 2.58, 4.94, 7.80, 3.10, 9.06, 4.29, 3.39, 2.81, 2.60, 3.47, 7.34, 2.73, 2.49, 2.78, 2.15],
  xi_173 = [5.67, 5.93, 6.70, 6.23, 6.56, 5.96, 5.14, 5.81, 5.06, 3.65, 5.86, 5.25, 5.47, 5.24, 5.51, 5.63, 4.86, 6.09, 6.49, 2.24, 6.74, 1.14, 2.30, 5.56, 5.63, 6.74, 3.64, 6.40, 6.44, 2.57, 4.30, 7.01, 6.32, 6.76, 5.63, 6.34, 5.74, 9.57, 8.95, 6.44, 6.10, 8.36, 4.35, 4.13, 6.96, 6.56, 6.27, 6.46, 6.56, 5.92],
  xi_174 = [9.34, 9.03, 7.43, 8.57, 9.18, 9.37, 10.36, 3.88, 9.78, 8.66, 7.33, 9.44, 7.30, 8.87, 8.65, 8.86, 10.10, 1.36, 9.78, 9.21, 8.17, 6.22, 8.76, 8.73, 2.69, 8.60, 9.54, 9.34, 8.86, 8.35, 7.83, 7.76, 8.20, 9.87, 7.45, 7.69, 3.50, 9.66, 7.61, 1.82, 9.28, 4.33, 8.25, 10.08, 8.73, 8.15, 8.55, 7.50, 9.77, 9.03],
  xi_175 = [1.39, 8.62, 7.63, 4.95, 7.16, 3.45, 3.77, 3.99, 3.79, 4.66, 4.34, 3.50, 9.18, 3.29, 5.27, 5.25, 3.46, 4.06, 2.91, 8.46, 3.55, 6.34, 4.86, 3.91, 9.66, 4.36, 4.04, 3.83, 4.12, 6.19, 1.41, 3.84, 6.42, 4.33, 3.88, 2.54, 4.17, 4.79, 4.38, 4.69, 8.98, 4.14, 4.30, 4.28, 4.33, 3.59, 4.77, 8.94, 7.73, 4.32],
  xi_176 = [0.90, 1.01, 0.86, 2.08, 1.90, 6.60, 0.84, 0.85, 0.98, 1.10, 0.98, 7.16, 3.52, 0.97, 5.12, 2.77, 0.91, 1.01, 1.03, 0.98, 0.95, 0.95, 1.06, 0.92, 1.00, 6.89, 8.46, 9.45, 1.11, 1.08, 8.78, 5.66, 0.93, 0.94, 1.01, 0.98, 4.25, 1.14, 1.11, 0.95, 1.00, 5.75, 0.95, 1.12, 1.23, 1.02, 0.99, 4.15, 1.11, 5.31],
  xi_177 = [1.54, 2.67, 4.62, 4.63, 4.84, 4.16, 4.91, 5.52, 5.84, 5.11, 5.03, 4.80, 5.00, 5.58, 4.86, 1.04, 5.16, 4.64, 1.20, 3.45, 5.32, 5.33, 6.05, 4.82, 6.78, 5.56, 4.94, 4.77, 4.73, 4.83, 4.26, 8.97, 4.78, 3.14, 4.98, 5.49, 9.44, 9.54, 5.62, 4.90, 4.89, 6.27, 4.74, 5.88, 4.33, 4.71, 4.40, 3.88, 5.24, 8.56],
  xi_178 = [1.29, 1.09, 1.19, 1.01, 3.32, 0.98, 0.99, 3.04, 1.21, 0.92, 1.10, 0.94, 0.88, 4.00, 0.99, 1.26, 1.03, 0.95, 0.99, 0.75, 0.95, 8.65, 0.92, 4.61, 0.95, 1.11, 6.17, 0.92, 0.99, 0.91, 1.02, 0.97, 1.01, 6.96, 1.00, 5.79, 5.16, 0.98, 8.94, 0.91, 0.82, 1.08, 1.49, 0.94, 6.09, 4.97, 3.88, 1.06, 1.22, 3.57],
  xi_179 = [2.80, 9.71, 3.00, 3.08, 6.75, 3.14, 2.69, 3.04, 3.32, 4.79, 2.84, 2.82, 8.59, 2.17, 3.20, 2.85, 3.15, 2.88, 3.15, 6.89, 3.51, 3.77, 3.35, 2.56, 3.34, 6.87, 5.63, 3.28, 3.23, 2.43, 2.37, 2.64, 8.34, 3.51, 3.01, 2.88, 2.46, 3.49, 3.02, 3.31, 2.65, 2.62, 2.85, 3.04, 3.00, 3.07, 3.08, 2.64, 9.10, 3.19],
  xi_1710 = [10.30, 10.91, 6.24, 11.17, 8.71, 10.79, 10.42, 3.05, 5.43, 9.20, 8.89, 10.19, 10.68, 11.80, 9.46, 9.43, 8.11, 9.10, 10.26, 2.55, 9.85, 10.06, 9.22, 8.68, 10.74, 1.55, 10.54, 9.69, 10.96, 11.39, 1.24, 8.91, 11.28, 10.01, 9.30, 1.59, 7.80, 10.06, 10.43, 12.87, 10.44, 9.15, 10.57, 13.41, 10.44, 9.93, 7.73, 9.43, 10.34, 11.39],
  xi_1711 = [9.67, 9.56, 8.87, 6.35, 7.63, 8.47, 7.66, 7.40, 8.09, 8.39, 9.10, 8.29, 9.34, 9.79, 7.66, 8.42, 5.00, 9.17, 7.59, 6.34, 2.74, 6.59, 8.29, 7.42, 7.47, 9.41, 8.03, 8.08, 7.67, 7.04, 7.91, 9.69, 7.75, 9.72, 8.00, 6.57, 10.14, 1.62, 2.33, 9.14, 7.85, 9.27, 5.28, 8.07, 6.77, 7.89, 8.02, 3.42, 8.44, 7.46],
  xi_1712 = [7.33, 8.61, 8.90, 8.96, 6.99, 7.65, 7.71, 8.68, 7.86, 9.16, 6.48, 8.55, 8.18, 8.50, 7.82, 8.18, 1.23, 6.79, 7.85, 9.36, 4.39, 9.94, 7.73, 8.64, 7.86, 6.86, 6.57, 9.50, 8.88, 7.54, 6.90, 7.96, 7.08, 9.13, 7.46, 8.21, 3.88, 8.78, 10.55, 9.11, 5.30, 3.03, 9.46, 6.48, 3.03, 7.44, 8.78, 7.14, 8.01, 6.32],
  xi_1713 = [7.82, 5.74, 6.78, 7.15, 7.84, 5.73, 5.88, 5.93, 9.21, 6.36, 5.10, 9.29, 6.05, 6.95, 6.90, 8.90, 5.34, 5.92, 5.95, 5.66, 1.63, 5.92, 6.05, 5.79, 6.85, 7.01, 1.17, 8.56, 6.70, 3.21, 7.06, 6.41, 6.67, 4.66, 6.52, 6.14, 3.01, 6.32, 5.87, 6.05, 5.37, 1.34, 6.48, 5.36, 4.95, 5.97, 5.00, 6.80, 5.68, 6.25],
  xi_1714 = [5.30, 9.79, 8.61, 10.15, 7.25, 10.82, 8.46, 8.84, 11.37, 9.96, 9.81, 9.55, 10.27, 1.24, 9.86, 9.70, 1.72, 8.56, 8.47, 10.78, 9.55, 5.82, 9.23, 4.92, 9.57, 9.86, 9.44, 10.65, 4.47, 12.20, 11.44, 9.30, 8.99, 8.85, 10.56, 11.38, 10.70, 10.29, 8.52, 9.30, 8.41, 9.81, 7.90, 2.09, 1.25, 9.59, 9.64, 2.16, 11.51, 8.61],
  xi_1715 = [10.27, 8.78, 7.12, 8.90, 3.34, 8.64, 7.54, 11.00, 10.87, 7.96, 9.33, 3.77, 9.47, 10.67, 3.36, 4.71, 11.32, 8.56, 2.00, 2.98, 10.46, 9.32, 11.37, 10.85, 2.14, 4.53, 10.19, 9.24, 11.12, 6.16, 3.10, 10.34, 9.41, 9.76, 7.25, 12.72, 9.25, 8.99, 10.41, 11.11, 5.74, 1.44, 10.25, 5.06, 8.90, 10.55, 10.35, 9.97, 9.07, 9.97],
  xi_1716 = [7.68, 4.18, 5.07, 7.05, 5.50, 2.29, 4.92, 5.15, 4.70, 5.21, 4.51, 6.21, 5.26, 5.81, 5.59, 2.69, 4.34, 4.23, 4.31, 4.79, 4.89, 5.53, 5.23, 1.94, 3.53, 5.98, 6.16, 5.04, 5.27, 3.30, 8.80, 5.39, 4.49, 5.25, 5.86, 3.77, 5.36, 4.69, 5.48, 3.61, 7.12, 4.48, 3.48, 4.69, 7.04, 1.77, 1.79, 5.05, 5.40, 1.24],
  xi_1717 = [1.92, 1.98, 1.91, 2.34, 2.02, 2.01, 1.38, 6.07, 5.12, 1.62, 1.92, 2.35, 1.88, 1.88, 2.40, 4.46, 2.06, 2.48, 2.02, 4.84, 1.91, 2.10, 6.25, 2.12, 7.90, 1.83, 1.85, 9.39, 1.73, 6.16, 6.14, 2.31, 2.37, 1.97, 2.10, 3.56, 2.01, 2.28, 1.82, 2.05, 6.99, 2.23, 1.83, 2.06, 2.04, 2.28, 2.20, 1.95, 4.33, 9.97],
  xi_1718 = [10.11, 5.86, 10.18, 8.90, 10.39, 11.83, 12.08, 9.45, 9.77, 5.03, 5.78, 9.84, 9.14, 10.42, 8.45, 12.30, 1.19, 7.46, 4.70, 1.99, 9.37, 8.56, 9.96, 9.81, 9.47, 10.39, 10.51, 9.82, 9.39, 7.08, 2.95, 8.69, 9.73, 9.93, 10.96, 9.31, 9.38, 3.34, 10.18, 11.22, 11.63, 9.44, 10.98, 8.74, 8.66, 10.65, 10.58, 8.78, 10.97, 5.20],
  xi_1719 = [8.89, 2.19, 6.37, 6.28, 6.66, 6.84, 7.73, 6.68, 9.20, 6.41, 9.92, 5.35, 4.63, 6.08, 6.70, 5.17, 2.10, 5.35, 6.07, 5.80, 5.30, 6.85, 6.00, 7.55, 5.40, 5.90, 6.75, 6.26, 7.02, 1.70, 1.05, 5.48, 6.35, 6.90, 6.03, 5.47, 5.04, 6.08, 3.92, 5.58, 6.70, 1.53, 6.56, 5.99, 6.11, 3.05, 6.81, 7.11, 9.20, 1.36],
  xi_1720 = [3.82, 3.60, 5.09, 3.67, 3.90, 2.03, 4.04, 4.48, 4.70, 3.99, 4.21, 4.35, 7.47, 3.98, 4.08, 1.25, 4.19, 8.56, 3.92, 5.12, 7.90, 8.26, 3.76, 1.67, 3.15, 3.80, 4.17, 4.23, 3.62, 3.91, 3.51, 4.69, 8.65, 3.86, 4.29, 3.65, 3.65, 4.19, 4.85, 5.96, 2.10, 4.98, 7.44, 3.60, 3.74, 6.64, 3.70, 3.68, 3.57, 5.80],
  xi_181 = [10.27, 9.61, 10.53, 10.72, 9.24, 9.78, 10.06, 11.20, 10.76, 1.41, 8.56, 3.98, 8.05, 10.46, 9.67, 9.83, 9.54, 2.35, 11.19, 9.87, 7.99, 10.16, 9.38, 11.10, 3.47, 9.66, 3.22, 10.68, 9.74, 10.98, 10.44, 10.81, 10.10, 3.75, 10.61, 8.97, 10.04, 8.59, 10.90, 10.62, 9.61, 9.09, 6.31, 1.14, 10.92, 7.23, 11.05, 4.74, 3.01, 11.36],
  xi_182 = [5.16, 7.16, 6.07, 6.18, 6.25, 4.96, 5.40, 7.46, 9.41, 6.04, 6.18, 5.91, 6.29, 6.08, 6.38, 6.79, 6.73, 5.95, 5.36, 6.25, 4.74, 1.53, 6.43, 5.08, 6.47, 5.91, 6.12, 6.10, 5.87, 5.30, 6.79, 5.82, 6.24, 7.36, 5.42, 3.39, 3.25, 1.80, 6.38, 6.17, 6.21, 6.37, 5.96, 9.60, 4.47, 5.61, 1.61, 5.67, 6.56, 5.35],
  xi_183 = [7.91, 9.00, 7.10, 5.70, 2.87, 6.24, 6.28, 1.48, 4.33, 9.00, 8.52, 8.72, 6.88, 5.80, 7.48, 3.15, 6.57, 7.34, 6.24, 6.50, 7.62, 6.96, 7.28, 7.42, 8.50, 8.10, 7.07, 8.28, 9.31, 6.74, 7.06, 9.70, 6.28, 4.95, 6.39, 7.19, 6.45, 7.28, 5.95, 1.79, 6.61, 7.59, 7.41, 6.95, 6.48, 7.23, 6.97, 7.21, 6.89, 5.61],
  xi_184 = [6.76, 7.70, 8.20, 7.58, 8.64, 6.63, 8.25, 7.72, 7.55, 2.21, 8.08, 8.31, 7.71, 7.37, 8.99, 1.17, 8.35, 5.03, 8.39, 9.11, 8.36, 6.63, 9.19, 8.89, 8.22, 6.10, 3.28, 7.37, 6.32, 8.47, 8.08, 8.12, 8.34, 8.98, 4.16, 1.97, 9.26, 7.33, 7.78, 8.03, 6.51, 8.31, 3.34, 8.40, 7.82, 7.17, 2.14, 7.29, 8.91, 7.22],
  xi_185 = [6.02, 5.49, 9.16, 7.70, 6.30, 6.17, 6.92, 9.66, 6.81, 6.78, 1.42, 6.42, 3.34, 6.76, 7.02, 7.24, 7.06, 7.22, 7.62, 7.26, 7.42, 5.72, 7.03, 6.52, 7.73, 7.37, 2.26, 6.95, 6.14, 6.76, 6.12, 6.87, 7.12, 6.58, 6.61, 8.32, 9.38, 7.49, 7.13, 6.35, 6.06, 6.95, 7.33, 5.51, 7.50, 7.25, 3.93, 6.00, 8.63, 7.15],
  xi_186 = [7.08, 7.02, 6.49, 7.66, 6.49, 8.29, 6.41, 5.24, 5.04, 6.87, 3.68, 6.74, 9.79, 8.06, 6.59, 7.44, 7.57, 7.16, 5.20, 3.00, 6.99, 3.20, 6.59, 6.20, 9.47, 4.67, 7.41, 7.10, 7.68, 7.29, 7.63, 6.24, 6.91, 6.61, 8.08, 4.89, 5.16, 4.86, 6.60, 8.20, 7.65, 8.09, 6.24, 1.32, 2.29, 6.41, 6.47, 7.53, 3.55, 6.36],
  xi_187 = [2.04, 1.76, 1.92, 1.30, 2.94, 5.26, 2.83, 2.34, 3.58, 8.72, 2.29, 4.11, 2.32, 2.06, 2.21, 2.62, 2.20, 2.35, 1.82, 2.16, 2.23, 1.99, 2.07, 2.06, 2.16, 5.78, 1.71, 2.07, 2.03, 1.99, 2.43, 1.97, 1.70, 1.54, 3.71, 1.83, 2.00, 1.82, 2.07, 9.43, 2.05, 2.12, 2.11, 1.93, 2.34, 2.26, 3.68, 2.09, 1.80, 6.59],
  xi_188 = [1.48, 3.16, 2.75, 3.10, 3.38, 3.26, 3.32, 2.55, 2.98, 2.72, 3.19, 2.94, 3.35, 2.67, 2.78, 3.57, 2.85, 2.97, 2.68, 2.39, 3.01, 8.56, 2.93, 2.88, 3.48, 2.83, 3.61, 3.69, 3.05, 5.01, 5.79, 2.39, 3.11, 3.00, 3.30, 3.55, 8.45, 2.99, 3.29, 3.27, 3.25, 1.91, 2.85, 9.75, 2.93, 9.20, 2.91, 1.18, 2.99, 6.02],
  xi_189 = [5.99, 7.85, 7.09, 1.14, 2.56, 0.90, 1.07, 1.19, 0.94, 0.95, 6.32, 0.92, 1.09, 1.11, 0.92, 1.70, 6.62, 1.27, 0.97, 4.56, 1.04, 8.49, 1.08, 1.01, 1.02, 9.53, 7.67, 0.90, 1.07, 1.00, 8.90, 4.29, 3.69, 0.90, 0.94, 7.13, 5.56, 4.34, 1.11, 1.08, 7.66, 1.04, 3.63, 8.95, 8.39, 3.48, 7.03, 0.97, 1.00, 1.00],
  xi_1810 = [2.14, 2.16, 1.81, 6.99, 2.16, 1.83, 1.63, 2.10, 1.81, 2.30, 6.20, 1.97, 1.68, 2.02, 2.81, 1.13, 2.06, 3.48, 8.53, 2.16, 1.77, 2.43, 5.90, 2.21, 1.47, 2.25, 6.29, 2.21, 2.02, 1.67, 8.40, 2.20, 2.13, 2.18, 1.83, 1.52, 2.03, 1.92, 2.16, 2.05, 2.08, 2.24, 1.63, 1.98, 2.00, 1.89, 2.21, 2.14, 4.47, 2.30],
  xi_1811 = [7.11, 1.56, 9.77, 6.19, 6.69, 7.65, 6.60, 6.41, 5.60, 6.51, 5.96, 9.68, 8.78, 9.62, 6.24, 6.10, 6.61, 3.06, 9.97, 1.24, 4.82, 8.42, 7.68, 6.38, 7.23, 5.37, 6.42, 5.11, 5.81, 6.76, 5.95, 4.96, 7.99, 6.89, 6.05, 7.45, 1.11, 5.39, 6.92, 1.54, 6.33, 5.85, 5.79, 5.54, 5.80, 6.90, 6.40, 6.68, 7.03, 5.86],
  xi_1812 = [3.93, 4.85, 3.48, 3.75, 3.72, 4.50, 3.53, 4.32, 3.98, 3.73, 5.67, 4.86, 9.88, 4.55, 4.23, 4.04, 3.52, 6.54, 4.07, 4.69, 4.04, 3.72, 3.93, 1.50, 4.25, 4.05, 7.12, 2.63, 3.01, 3.86, 3.88, 5.25, 3.94, 3.78, 4.08, 2.30, 4.02, 4.01, 2.39, 3.58, 3.74, 6.40, 1.51, 2.76, 3.74, 3.93, 1.04, 6.58, 3.66, 3.53],
  xi_1813 = [5.81, 5.54, 4.66, 5.98, 1.85, 3.82, 6.18, 6.08, 5.14, 1.25, 1.90, 6.76, 6.23, 6.73, 6.00, 3.65, 6.79, 8.59, 6.05, 6.36, 1.37, 5.84, 6.14, 3.42, 1.36, 7.32, 5.90, 5.90, 5.00, 6.88, 6.14, 6.00, 6.32, 6.29, 5.39, 6.31, 5.45, 5.34, 4.68, 5.38, 4.44, 6.09, 5.73, 6.47, 5.32, 6.26, 5.11, 9.14, 5.67, 5.79],
  xi_1814 = [3.13, 2.85, 2.72, 9.41, 2.63, 2.90, 2.64, 2.67, 2.08, 2.66, 3.23, 9.68, 3.10, 2.80, 4.27, 3.42, 2.81, 4.85, 2.75, 9.49, 2.71, 2.74, 2.50, 2.80, 2.67, 3.40, 3.06, 2.98, 3.53, 2.99, 9.35, 7.47, 2.87, 9.57, 2.72, 2.92, 2.80, 2.69, 3.24, 2.92, 5.48, 3.07, 7.59, 3.23, 2.96, 5.01, 8.78, 3.10, 5.02, 4.96],
  xi_1815 = [7.43, 7.18, 8.62, 7.66, 7.87, 6.58, 7.99, 7.66, 7.00, 4.11, 7.45, 5.05, 6.09, 7.23, 7.46, 7.59, 7.59, 6.85, 7.23, 6.44, 6.91, 6.84, 5.84, 6.27, 3.82, 6.97, 3.04, 5.99, 4.84, 3.39, 9.25, 2.11, 4.13, 7.36, 9.72, 1.79, 7.09, 6.54, 8.25, 7.47, 7.48, 8.46, 6.70, 6.30, 6.81, 7.86, 7.65, 3.10, 7.42, 5.57],
  xi_1816 = [1.98, 10.17, 9.14, 6.84, 8.98, 7.50, 8.37, 8.37, 9.10, 2.12, 9.50, 9.46, 10.21, 9.80, 2.81, 8.54, 9.51, 2.25, 7.96, 2.23, 9.95, 8.18, 10.51, 9.14, 10.10, 9.86, 8.90, 11.82, 10.72, 10.11, 2.09, 10.10, 9.63, 2.37, 11.75, 8.69, 4.52, 10.51, 8.96, 8.96, 10.24, 8.68, 11.05, 8.92, 12.18, 11.83, 1.72, 10.63, 9.43, 8.76],
  xi_1817 = [2.85, 3.42, 2.80, 3.58, 2.85, 2.87, 3.05, 7.29, 2.80, 3.07, 4.84, 2.92, 2.86, 3.01, 1.18, 4.10, 2.80, 3.03, 5.73, 4.06, 3.66, 2.79, 3.53, 2.98, 3.39, 3.20, 3.27, 2.97, 3.14, 9.86, 3.22, 2.73, 3.70, 9.40, 3.39, 2.89, 7.16, 2.88, 7.82, 3.04, 2.82, 4.89, 8.65, 1.81, 3.26, 7.17, 2.60, 3.10, 2.41, 2.35],
  xi_1818 = [4.41, 4.31, 4.08, 4.14, 3.53, 3.30, 3.75, 1.55, 8.67, 4.57, 3.91, 4.78, 3.75, 9.57, 3.94, 3.88, 4.18, 4.24, 4.65, 3.77, 8.23, 4.52, 4.44, 3.48, 3.46, 4.62, 5.58, 4.76, 4.13, 4.05, 3.65, 2.56, 3.91, 4.18, 8.01, 4.03, 1.30, 3.58, 3.96, 4.04, 4.14, 3.83, 4.07, 4.11, 4.04, 8.51, 3.72, 4.04, 8.18, 3.88],
  xi_1819 = [9.54, 3.17, 9.08, 2.04, 9.48, 8.15, 4.36, 9.44, 9.55, 8.73, 7.39, 8.22, 8.59, 6.86, 8.00, 9.90, 9.73, 8.56, 4.04, 8.46, 8.23, 2.37, 8.16, 8.33, 8.44, 9.15, 8.96, 9.36, 2.62, 8.15, 9.81, 10.48, 9.69, 8.74, 2.49, 1.64, 10.23, 7.57, 5.15, 2.95, 8.61, 9.51, 5.49, 8.58, 9.43, 7.97, 7.82, 3.27, 5.71, 4.45],
  xi_1820 = [10.77, 9.58, 9.64, 10.71, 10.24, 10.55, 11.20, 7.50, 10.07, 9.23, 7.35, 10.27, 9.57, 4.01, 6.98, 10.33, 11.86, 10.64, 13.54, 8.72, 10.98, 9.52, 7.90, 11.40, 11.48, 2.18, 11.25, 9.04, 1.64, 7.52, 8.65, 8.16, 7.55, 8.44, 9.75, 11.25, 10.41, 7.93, 10.62, 9.83, 1.10, 10.23, 9.22, 10.62, 10.86, 8.95, 10.95, 10.20, 9.81, 11.20],
  xi_191 = [4.21, 1.64, 4.57, 4.33, 4.29, 4.28, 9.64, 6.28, 4.61, 4.41, 3.68, 3.90, 3.86, 3.31, 7.98, 3.99, 3.78, 1.00, 2.14, 3.96, 3.69, 8.03, 4.58, 4.36, 4.10, 8.77, 3.75, 3.38, 3.12, 3.64, 8.00, 4.07, 4.47, 3.70, 1.08, 6.74, 4.63, 3.60, 9.43, 7.43, 3.94, 4.05, 4.23, 3.86, 3.97, 3.47, 3.41, 4.18, 3.89, 1.75],
  xi_192 = [8.34, 5.41, 8.75, 9.27, 8.60, 1.19, 7.98, 9.42, 8.27, 7.58, 7.69, 5.99, 7.45, 9.20, 8.89, 8.34, 6.24, 6.96, 7.91, 7.97, 7.92, 5.92, 7.47, 7.64, 7.24, 9.19, 5.83, 8.29, 2.27, 6.14, 8.84, 9.00, 4.91, 7.69, 8.17, 2.54, 9.38, 8.92, 1.29, 8.99, 7.28, 8.50, 8.17, 7.82, 8.63, 8.09, 8.69, 7.46, 7.81, 8.04],
  xi_193 = [3.55, 3.57, 4.10, 3.77, 3.94, 3.92, 4.66, 3.37, 3.26, 4.12, 7.80, 7.58, 3.86, 4.56, 5.79, 2.40, 9.39, 2.67, 4.19, 7.33, 3.64, 4.58, 4.00, 7.90, 3.42, 3.90, 4.02, 3.70, 6.94, 2.71, 3.95, 4.06, 9.90, 3.66, 1.45, 9.01, 3.68, 4.47, 4.80, 4.30, 3.19, 4.13, 4.51, 3.80, 3.66, 7.58, 3.16, 4.26, 2.67, 3.94],
  xi_194 = [4.40, 4.70, 4.20, 8.57, 4.14, 4.19, 4.34, 4.87, 4.18, 4.22, 4.67, 3.96, 4.20, 6.95, 3.84, 3.85, 3.90, 7.90, 3.92, 4.50, 2.14, 3.56, 4.17, 7.49, 3.91, 4.45, 4.55, 3.62, 3.63, 3.30, 6.52, 4.32, 3.34, 4.38, 4.20, 7.99, 4.64, 5.05, 3.62, 3.64, 4.82, 3.75, 3.47, 4.35, 4.09, 9.10, 3.38, 3.93, 3.98, 4.32],
  xi_195 = [9.45, 7.36, 9.37, 9.77, 9.14, 8.41, 9.73, 9.33, 8.72, 2.23, 9.88, 7.32, 7.65, 8.63, 2.73, 3.81, 9.09, 9.29, 8.75, 9.04, 10.02, 4.05, 8.89, 8.92, 8.80, 8.96, 9.40, 9.38, 9.27, 9.94, 8.53, 2.97, 7.92, 9.45, 3.27, 9.39, 9.17, 8.42, 5.71, 10.11, 2.54, 8.67, 9.17, 8.12, 9.70, 7.81, 8.30, 10.22, 9.48, 10.76],
  xi_196 = [8.98, 6.42, 6.61, 8.88, 7.27, 5.59, 6.44, 6.48, 6.26, 5.89, 8.38, 6.02, 5.94, 6.17, 5.71, 5.51, 6.43, 5.72, 1.78, 5.51, 1.28, 6.62, 6.72, 7.30, 6.37, 6.34, 6.52, 6.67, 5.10, 8.79, 7.83, 7.27, 6.72, 6.07, 5.92, 5.47, 8.04, 6.29, 9.71, 5.56, 5.98, 5.38, 2.66, 6.78, 1.62, 5.68, 5.83, 5.51, 5.87, 6.43],
  xi_197 = [9.83, 3.28, 9.41, 3.28, 2.95, 3.16, 3.31, 2.88, 2.70, 2.50, 3.35, 3.01, 8.67, 3.17, 3.80, 7.00, 3.03, 3.12, 2.79, 9.49, 3.50, 3.37, 2.21, 3.20, 3.38, 6.11, 5.91, 5.83, 4.13, 3.46, 9.96, 1.39, 2.94, 6.85, 2.60, 3.12, 9.92, 2.75, 2.95, 2.62, 3.28, 2.76, 9.11, 9.51, 3.21, 2.66, 2.56, 3.27, 2.85, 7.95],
  xi_198 = [5.50, 8.32, 7.81, 6.04, 7.78, 5.32, 6.87, 6.81, 8.15, 6.42, 6.73, 7.43, 6.98, 7.28, 7.00, 1.37, 8.25, 7.00, 1.59, 6.65, 1.47, 6.44, 7.90, 7.30, 7.29, 5.73, 9.07, 8.17, 6.89, 8.43, 6.87, 6.81, 6.88, 8.19, 6.92, 2.66, 7.43, 3.21, 6.92, 6.45, 1.76, 6.81, 7.71, 7.30, 8.91, 6.79, 7.57, 7.71, 6.94, 1.25],
  xi_199 = [4.20, 8.44, 4.60, 3.41, 3.83, 6.90, 3.64, 3.75, 3.44, 4.64, 3.60, 4.42, 3.29, 4.29, 3.29, 3.90, 3.79, 3.28, 5.70, 9.14, 4.08, 8.43, 4.19, 4.01, 4.40, 4.02, 3.99, 4.36, 3.77, 3.55, 4.28, 3.73, 3.99, 3.75, 4.61, 3.57, 5.98, 4.06, 1.40, 4.11, 4.02, 4.17, 4.45, 2.06, 4.15, 3.72, 7.18, 3.86, 3.69, 4.26],
  xi_1910 = [11.64, 11.30, 9.05, 10.37, 10.96, 9.70, 9.50, 9.74, 5.21, 9.55, 3.18, 10.22, 1.56, 4.46, 8.13, 10.97, 6.96, 8.35, 7.15, 10.32, 9.44, 9.98, 10.65, 8.68, 9.29, 10.52, 9.28, 1.94, 10.09, 11.56, 7.86, 10.70, 9.56, 8.14, 6.73, 11.52, 11.40, 12.08, 9.06, 11.16, 4.75, 3.47, 5.95, 4.11, 8.50, 11.52, 9.23, 9.53, 7.89, 3.56],
  xi_1911 = [9.13, 6.83, 10.97, 5.56, 10.59, 11.10, 1.54, 10.22, 8.72, 4.13, 9.74, 10.27, 9.24, 3.81, 8.70, 1.57, 9.16, 9.77, 9.37, 3.75, 2.34, 8.67, 9.10, 10.29, 9.96, 9.96, 9.43, 6.14, 10.91, 9.17, 6.02, 6.98, 5.77, 11.12, 10.16, 8.44, 8.95, 9.36, 8.79, 9.17, 9.31, 11.77, 7.81, 10.76, 7.24, 8.73, 10.06, 10.25, 4.87, 9.83],
  xi_1912 = [7.59, 6.29, 4.91, 5.17, 6.03, 6.40, 3.02, 5.85, 6.38, 5.93, 6.58, 5.19, 6.03, 2.07, 3.22, 5.92, 6.16, 7.39, 8.96, 5.10, 6.54, 6.76, 5.62, 5.44, 9.69, 5.94, 6.15, 5.46, 5.41, 6.20, 5.38, 5.99, 5.81, 5.36, 6.16, 6.89, 6.06, 6.44, 5.87, 1.51, 5.94, 9.87, 5.05, 9.98, 5.67, 4.01, 4.66, 1.59, 5.20, 5.75],
  xi_1913 = [4.78, 4.49, 4.48, 9.68, 8.28, 3.54, 3.89, 2.68, 3.19, 3.31, 4.34, 1.48, 4.32, 4.16, 5.87, 3.51, 4.06, 5.80, 4.57, 4.23, 4.67, 1.85, 4.44, 3.23, 4.01, 4.57, 3.74, 3.56, 3.29, 4.01, 3.38, 4.25, 7.89, 3.99, 3.74, 5.44, 3.70, 4.48, 3.40, 3.66, 7.19, 8.62, 4.27, 4.21, 3.71, 4.68, 4.25, 4.49, 9.97, 2.29],
  xi_1914 = [8.27, 9.73, 9.08, 8.55, 3.54, 10.26, 9.40, 7.78, 10.80, 11.63, 5.23, 9.85, 10.90, 10.83, 7.06, 5.85, 9.67, 6.83, 6.14, 11.19, 10.53, 8.49, 8.54, 10.61, 10.40, 10.78, 8.28, 10.08, 12.43, 10.90, 9.41, 3.21, 9.51, 9.92, 9.74, 9.15, 11.75, 10.47, 10.50, 8.97, 4.37, 9.77, 1.06, 9.31, 6.01, 9.95, 9.99, 10.50, 4.69, 11.32],
  xi_1915 = [1.07, 0.89, 0.99, 2.94, 0.97, 5.55, 0.87, 9.20, 0.96, 1.03, 5.80, 4.53, 3.64, 0.93, 0.89, 6.97, 0.91, 0.98, 1.48, 9.80, 1.18, 5.53, 1.02, 1.23, 1.19, 6.07, 0.98, 1.06, 8.00, 0.81, 3.30, 1.13, 1.06, 1.11, 0.88, 0.95, 0.94, 0.89, 0.99, 9.31, 1.14, 1.16, 1.03, 1.15, 9.97, 9.25, 9.95, 9.53, 0.97, 1.09],
  xi_1916 = [7.68, 11.27, 8.71, 9.35, 9.67, 9.41, 9.02, 7.87, 9.56, 8.77, 5.80, 1.23, 5.91, 9.91, 9.04, 9.47, 8.08, 9.57, 8.23, 2.46, 7.61, 8.19, 8.27, 8.53, 8.35, 7.33, 6.26, 8.76, 8.74, 8.05, 6.16, 10.22, 10.02, 8.73, 8.76, 7.86, 9.98, 9.56, 9.41, 8.51, 10.82, 8.99, 9.91, 8.57, 8.03, 10.95, 1.22, 9.70, 9.45, 10.37],
  xi_1917 = [7.08, 3.58, 6.31, 4.81, 5.92, 7.14, 5.97, 5.11, 6.33, 7.42, 5.41, 5.89, 7.16, 5.86, 5.86, 6.77, 5.58, 6.40, 6.16, 1.58, 5.25, 5.63, 9.53, 5.57, 6.53, 5.91, 7.10, 5.79, 2.97, 5.25, 4.97, 9.88, 6.79, 5.54, 6.13, 4.91, 7.47, 6.38, 5.40, 6.47, 7.75, 5.47, 6.65, 7.91, 5.97, 6.73, 4.02, 5.55, 2.90, 5.81],
  xi_1918 = [2.01, 9.05, 2.12, 1.84, 1.91, 2.21, 5.50, 2.04, 2.25, 1.93, 6.47, 2.13, 3.98, 2.29, 2.13, 1.88, 2.09, 2.06, 7.22, 2.06, 1.94, 5.70, 2.23, 2.36, 2.34, 3.29, 1.93, 1.98, 2.22, 2.32, 1.78, 8.25, 2.18, 6.49, 2.17, 2.01, 1.96, 1.91, 2.09, 1.81, 7.75, 2.16, 2.51, 2.22, 1.64, 9.57, 2.09, 2.00, 2.05, 2.03],
  xi_1919 = [9.50, 7.93, 7.55, 8.67, 4.50, 8.15, 7.55, 7.98, 8.64, 7.22, 5.14, 8.69, 9.49, 7.83, 7.37, 8.49, 6.27, 7.60, 7.29, 7.67, 7.03, 8.02, 7.90, 5.52, 7.66, 9.30, 7.66, 8.30, 9.60, 3.29, 7.73, 8.34, 7.49, 3.78, 6.56, 1.63, 7.92, 4.52, 8.59, 5.17, 9.25, 8.47, 7.06, 9.38, 7.81, 8.33, 8.91, 7.94, 8.21, 7.23],
  xi_1920 = [6.39, 5.57, 6.58, 5.60, 5.12, 3.49, 7.56, 4.53, 5.47, 5.65, 5.74, 6.34, 5.82, 2.71, 5.40, 6.49, 6.34, 4.96, 5.78, 6.80, 5.47, 5.88, 5.09, 4.70, 2.70, 5.33, 9.21, 5.68, 6.77, 6.25, 6.13, 6.92, 6.09, 5.99, 6.60, 6.31, 7.64, 5.79, 9.35, 6.68, 3.28, 5.89, 9.63, 5.76, 4.04, 5.38, 7.20, 4.55, 5.63, 6.16],
  xi_201 = [3.87, 3.27, 3.20, 1.65, 3.28, 4.25, 2.91, 4.12, 6.21, 3.93, 3.88, 5.44, 4.65, 6.56, 3.66, 6.25, 2.48, 3.45, 8.68, 3.72, 4.58, 7.90, 3.63, 4.57, 3.77, 3.48, 9.08, 3.04, 4.54, 5.01, 7.29, 4.48, 9.39, 4.56, 9.87, 4.66, 3.72, 2.53, 3.56, 8.04, 3.76, 3.93, 3.87, 4.58, 3.50, 4.84, 2.35, 4.28, 2.76, 3.67],
  xi_202 = [0.96, 1.17, 0.97, 0.98, 1.21, 1.13, 0.95, 1.08, 5.69, 0.97, 1.01, 1.15, 0.93, 1.06, 1.13, 8.03, 1.07, 1.01, 7.67, 1.24, 0.74, 1.01, 1.70, 0.92, 0.95, 8.18, 0.97, 0.83, 1.01, 0.98, 4.71, 1.17, 0.99, 0.92, 1.07, 0.84, 5.47, 1.08, 0.89, 9.76, 4.15, 0.99, 8.75, 4.78, 2.80, 3.96, 6.28, 1.02, 1.01, 0.94],
  xi_203 = [10.34, 4.74, 7.86, 10.58, 6.00, 9.47, 9.53, 3.77, 10.01, 9.58, 6.78, 9.31, 9.29, 2.40, 8.69, 9.93, 8.70, 9.22, 8.20, 9.64, 10.42, 8.21, 10.49, 10.93, 5.75, 9.04, 9.98, 8.25, 9.78, 6.98, 2.55, 4.69, 1.64, 10.45, 4.65, 8.67, 9.23, 9.39, 11.57, 10.28, 8.52, 10.29, 9.50, 9.04, 9.06, 1.37, 3.18, 9.92, 5.66, 9.63],
  xi_204 = [5.41, 7.54, 7.56, 6.59, 6.50, 5.48, 7.78, 7.12, 6.65, 7.32, 6.29, 6.62, 9.23, 4.80, 8.42, 7.42, 7.46, 6.42, 9.36, 7.56, 5.76, 7.30, 7.31, 6.44, 6.58, 7.31, 6.93, 6.15, 7.21, 6.30, 7.35, 7.31, 4.42, 5.04, 8.02, 7.24, 10.00, 3.33, 7.18, 2.95, 6.86, 7.07, 9.55, 4.07, 8.12, 8.07, 7.07, 8.10, 5.91, 6.52],
  xi_205 = [2.25, 8.14, 4.23, 1.83, 9.25, 9.50, 5.23, 6.55, 7.58, 1.88, 1.83, 1.95, 1.94, 1.86, 2.38, 2.07, 2.22, 8.81, 2.24, 1.65, 2.11, 2.12, 1.67, 5.16, 2.06, 2.07, 1.75, 1.78, 2.41, 1.98, 5.03, 2.09, 1.62, 1.21, 1.99, 2.11, 2.32, 2.18, 2.53, 1.07, 3.75, 4.13, 2.17, 2.00, 3.34, 2.00, 2.03, 4.84, 2.15, 2.16],
  xi_206 = [2.12, 5.61, 2.07, 1.97, 2.00, 2.21, 1.33, 5.64, 1.91, 1.97, 1.74, 1.18, 1.73, 9.06, 9.80, 2.24, 2.29, 1.89, 5.86, 2.88, 2.27, 2.30, 2.45, 5.63, 2.08, 7.52, 2.21, 2.12, 2.63, 1.86, 2.04, 1.92, 2.29, 1.89, 1.87, 1.83, 1.74, 4.62, 1.46, 1.87, 2.20, 2.42, 2.05, 3.93, 2.08, 2.30, 1.50, 1.98, 2.03, 2.79],
  xi_207 = [4.46, 7.65, 8.93, 5.92, 3.42, 7.69, 7.32, 2.96, 7.13, 2.43, 6.63, 7.19, 7.85, 9.51, 5.43, 8.18, 7.97, 7.32, 8.43, 8.58, 4.86, 9.24, 7.68, 8.39, 8.90, 8.58, 8.60, 5.80, 9.11, 8.01, 7.46, 8.80, 7.16, 7.57, 8.00, 9.64, 6.38, 8.05, 1.64, 8.04, 8.34, 3.84, 6.17, 8.60, 8.32, 6.60, 7.21, 8.75, 8.56, 8.82],
  xi_208 = [2.86, 8.37, 2.78, 7.72, 3.09, 2.56, 2.99, 5.65, 2.58, 3.00, 2.68, 2.77, 2.81, 1.11, 1.76, 3.22, 1.63, 2.60, 8.65, 3.11, 6.74, 3.11, 2.76, 3.39, 8.81, 8.82, 3.01, 3.63, 6.91, 5.81, 1.94, 2.68, 2.46, 2.75, 8.10, 2.33, 5.44, 8.26, 1.94, 2.69, 2.67, 7.88, 3.32, 2.82, 9.08, 2.45, 2.66, 2.16, 2.79, 6.73],
  xi_209 = [8.12, 6.94, 4.71, 6.92, 3.37, 4.82, 1.33, 1.97, 4.76, 5.43, 8.86, 6.26, 5.03, 4.60, 8.20, 5.07, 6.37, 1.55, 5.07, 4.59, 5.19, 5.44, 5.10, 6.11, 4.81, 5.50, 2.97, 8.43, 1.04, 4.52, 6.00, 4.90, 4.59, 5.38, 4.50, 4.70, 6.29, 3.40, 4.05, 5.70, 2.56, 4.57, 5.84, 4.83, 5.08, 5.51, 5.33, 4.34, 4.21, 5.78],
  xi_2010 = [2.54, 7.83, 2.77, 3.09, 2.68, 2.85, 3.54, 3.10, 2.90, 2.93, 3.35, 2.91, 3.25, 6.08, 3.09, 2.98, 7.89, 4.85, 3.77, 7.18, 3.00, 2.80, 5.10, 3.13, 3.24, 7.44, 7.22, 3.82, 2.85, 2.94, 9.14, 2.84, 2.86, 3.06, 2.60, 3.60, 3.01, 2.80, 3.11, 2.79, 2.87, 4.68, 3.12, 7.69, 3.47, 2.85, 3.35, 3.33, 3.35, 2.29],
  xi_2011 = [1.68, 9.95, 7.80, 4.31, 8.90, 2.39, 8.53, 2.51, 8.61, 8.31, 9.26, 7.17, 8.82, 9.06, 9.31, 8.70, 1.54, 9.81, 8.61, 10.09, 8.75, 9.94, 9.42, 9.47, 6.97, 8.13, 10.58, 7.70, 10.14, 8.01, 9.39, 8.53, 9.73, 10.27, 4.19, 8.91, 8.43, 8.93, 8.31, 9.92, 8.87, 9.09, 8.56, 9.44, 7.63, 9.41, 10.69, 6.72, 3.89, 10.31],
  xi_2012 = [3.99, 8.80, 6.92, 2.93, 4.21, 6.15, 5.93, 4.95, 5.26, 4.02, 5.88, 4.65, 5.38, 5.27, 4.83, 5.11, 3.00, 4.67, 4.81, 4.98, 3.75, 4.84, 6.04, 5.44, 7.62, 3.81, 4.86, 2.42, 7.82, 5.01, 5.59, 4.95, 5.13, 4.90, 4.10, 4.81, 5.60, 5.09, 4.34, 4.37, 8.26, 5.43, 5.40, 6.87, 5.50, 4.49, 6.79, 5.52, 5.09, 5.32],
  xi_2013 = [3.53, 3.93, 0.88, 0.75, 0.90, 1.00, 1.12, 0.99, 1.17, 0.83, 1.02, 1.79, 0.87, 0.98, 0.92, 0.87, 0.93, 1.07, 1.01, 0.93, 0.83, 0.89, 1.03, 1.03, 7.09, 7.22, 0.93, 1.13, 4.11, 1.03, 7.14, 0.98, 8.23, 1.12, 0.97, 6.65, 4.05, 2.19, 3.94, 1.08, 0.96, 7.58, 1.04, 1.10, 1.59, 1.10, 5.84, 0.86, 0.93, 0.92],
  xi_2014 = [1.08, 4.33, 0.95, 1.10, 2.61, 1.05, 1.02, 1.10, 1.00, 0.95, 3.21, 1.02, 1.10, 5.79, 7.78, 1.26, 5.41, 1.00, 0.83, 0.91, 9.74, 0.94, 1.16, 0.93, 0.89, 1.02, 0.99, 0.92, 1.07, 1.18, 0.98, 0.95, 1.08, 1.08, 0.93, 1.01, 1.09, 0.98, 8.47, 1.04, 0.90, 1.00, 0.95, 0.86, 0.98, 1.06, 1.11, 1.46, 1.08, 0.86],
  xi_2015 = [6.41, 7.69, 2.80, 6.13, 8.98, 4.73, 2.14, 6.53, 5.91, 8.02, 7.10, 9.81, 7.25, 7.50, 6.52, 6.94, 6.96, 5.97, 8.36, 5.82, 1.17, 1.52, 5.74, 4.74, 4.27, 5.95, 9.27, 8.04, 6.23, 6.66, 7.00, 6.51, 6.60, 7.98, 9.80, 2.18, 7.28, 1.80, 7.61, 6.94, 6.45, 7.45, 8.04, 7.78, 6.91, 2.69, 8.45, 9.18, 6.70, 4.99],
  xi_2016 = [6.22, 2.98, 6.06, 1.76, 5.71, 6.75, 6.90, 7.17, 7.57, 7.51, 5.40, 5.12, 9.62, 6.92, 4.76, 5.16, 5.98, 6.93, 5.38, 7.19, 7.09, 7.67, 6.83, 7.03, 7.18, 7.13, 8.52, 6.75, 8.71, 6.81, 6.73, 6.23, 6.88, 6.87, 7.24, 7.96, 8.91, 7.36, 7.27, 6.55, 7.36, 7.03, 5.96, 7.72, 6.67, 7.52, 7.76, 7.56, 7.34, 6.58],
  xi_2017 = [6.43, 5.99, 5.84, 5.69, 1.55, 6.57, 2.78, 5.22, 6.38, 5.85, 4.83, 5.72, 6.23, 6.10, 6.71, 5.70, 6.23, 6.29, 5.87, 1.09, 6.27, 2.30, 5.16, 5.46, 5.95, 5.09, 6.56, 5.97, 5.84, 6.25, 5.57, 5.77, 9.20, 7.85, 2.62, 6.60, 6.03, 5.86, 6.19, 5.90, 5.76, 4.97, 6.12, 5.87, 1.04, 5.54, 5.05, 6.21, 8.60, 6.41],
  xi_2018 = [9.46, 9.82, 5.25, 10.65, 7.75, 5.26, 10.50, 3.48, 5.06, 8.80, 10.63, 8.79, 10.66, 10.59, 11.75, 7.21, 3.34, 10.84, 7.12, 10.75, 8.72, 3.08, 10.63, 9.23, 10.23, 10.34, 9.23, 6.02, 8.83, 5.23, 1.10, 4.41, 8.93, 11.93, 10.20, 2.35, 8.91, 9.60, 10.86, 7.87, 11.87, 2.13, 9.76, 9.46, 5.63, 11.27, 9.79, 5.70, 1.52, 11.60],
  xi_2019 = [1.84, 3.07, 2.97, 3.09, 3.00, 2.88, 2.71, 5.05, 2.97, 3.08, 3.37, 3.54, 4.14, 7.68, 2.54, 2.91, 8.91, 2.57, 3.07, 2.80, 9.52, 4.37, 3.18, 1.69, 1.83, 3.03, 2.66, 3.13, 2.95, 2.92, 1.23, 3.01, 3.02, 3.32, 7.80, 3.21, 3.45, 3.62, 3.16, 9.14, 2.91, 3.70, 2.99, 4.73, 3.38, 3.11, 3.09, 2.91, 2.84, 2.77],
  xi_2020 = [8.08, 8.23, 1.65, 9.44, 9.25, 9.20, 9.48, 10.32, 8.10, 10.08, 2.11, 9.85, 9.30, 10.33, 9.07, 8.56, 9.31, 9.93, 9.79, 8.54, 6.30, 9.26, 10.57, 9.45, 5.93, 9.07, 9.60, 10.45, 4.59, 8.53, 4.27, 8.93, 8.59, 8.69, 9.48, 9.50, 8.44, 9.24, 4.87, 8.83, 9.07, 9.49, 8.76, 10.56, 8.02, 2.59, 5.49, 7.19, 4.84, 8.91],
  xi_211 = [3.65, 7.89, 9.89, 2.65, 2.33, 3.09, 3.21, 3.32, 9.11, 3.02, 7.11, 3.21, 2.82, 2.51, 2.77, 3.22, 2.74, 3.29, 2.94, 4.16, 3.23, 3.17, 9.74, 2.93, 3.03, 2.73, 3.54, 3.35, 2.73, 2.87, 3.33, 5.22, 4.35, 2.94, 2.26, 2.88, 4.99, 2.71, 2.74, 4.87, 3.20, 3.20, 2.85, 3.17, 2.92, 9.36, 3.19, 3.67, 6.36, 2.22],
  xi_212 = [7.10, 6.67, 8.41, 5.13, 7.07, 7.74, 8.07, 8.15, 8.05, 9.51, 7.03, 5.49, 4.19, 6.93, 6.78, 7.00, 7.56, 7.16, 7.28, 7.60, 6.53, 7.19, 7.27, 6.68, 7.50, 7.41, 6.83, 6.89, 6.63, 6.82, 8.88, 6.51, 8.05, 7.28, 7.58, 7.03, 9.92, 6.64, 6.93, 6.75, 5.92, 8.59, 6.33, 6.94, 8.25, 6.11, 8.28, 7.18, 4.10, 7.16],
  xi_213 = [4.16, 4.37, 5.35, 4.53, 3.96, 4.09, 4.03, 3.41, 4.48, 3.99, 5.97, 4.73, 4.41, 1.32, 4.54, 3.83, 4.05, 4.28, 6.34, 4.40, 4.40, 3.66, 3.85, 3.83, 8.00, 4.59, 4.02, 3.27, 4.32, 4.41, 3.97, 4.40, 4.17, 3.60, 3.69, 8.72, 4.43, 6.99, 3.78, 4.91, 3.78, 3.62, 7.76, 4.51, 4.08, 4.28, 3.85, 3.44, 1.71, 3.46],
  xi_214 = [4.59, 4.43, 4.54, 3.72, 9.66, 2.33, 3.61, 4.19, 3.95, 4.01, 4.52, 3.84, 8.97, 3.79, 4.04, 4.42, 3.19, 1.78, 3.77, 8.05, 1.29, 7.53, 4.77, 7.92, 4.17, 3.92, 4.72, 3.83, 4.29, 4.50, 3.54, 4.43, 4.25, 3.81, 3.76, 3.27, 4.22, 4.02, 7.95, 4.26, 4.16, 7.74, 4.81, 7.97, 4.08, 4.06, 4.08, 3.69, 4.34, 3.97],
  xi_215 = [4.12, 3.99, 5.58, 3.94, 7.70, 4.28, 7.42, 4.33, 2.52, 4.12, 4.81, 1.43, 1.03, 2.41, 4.20, 3.76, 3.39, 4.69, 4.46, 4.05, 7.93, 4.02, 3.93, 3.27, 9.11, 4.31, 6.09, 4.37, 3.79, 3.61, 4.44, 8.01, 3.80, 6.23, 4.17, 4.28, 1.89, 3.93, 3.94, 3.58, 2.67, 5.96, 3.99, 3.95, 4.18, 3.70, 6.52, 1.89, 3.27, 3.45],
  xi_216 = [4.44, 4.64, 5.69, 4.14, 4.09, 3.77, 6.06, 9.95, 3.30, 4.10, 4.22, 1.00, 2.93, 8.81, 4.38, 3.82, 6.58, 4.81, 3.28, 3.98, 3.56, 3.60, 4.20, 7.42, 5.03, 4.28, 4.60, 1.51, 3.79, 3.77, 3.74, 3.23, 4.50, 4.19, 3.59, 4.50, 4.22, 7.62, 3.78, 3.99, 4.35, 4.24, 3.88, 3.36, 4.35, 4.16, 4.37, 4.85, 4.15, 4.08],
  xi_217 = [2.24, 1.10, 9.48, 9.56, 0.91, 1.09, 3.36, 0.98, 1.11, 1.23, 1.11, 1.09, 1.00, 4.80, 1.03, 0.92, 0.86, 0.99, 0.91, 2.18, 4.78, 1.04, 1.23, 0.99, 4.55, 1.15, 1.01, 6.92, 1.09, 0.85, 4.86, 1.04, 1.03, 5.25, 4.49, 1.03, 1.03, 0.89, 1.00, 0.92, 1.01, 0.84, 6.21, 1.14, 0.83, 1.00, 0.88, 8.40, 8.89, 7.22],
  xi_218 = [9.79, 8.52, 8.54, 8.22, 11.07, 9.71, 6.62, 7.14, 8.62, 8.47, 8.40, 8.96, 9.12, 7.44, 8.84, 3.07, 7.92, 8.68, 3.86, 8.73, 8.58, 8.15, 9.77, 9.13, 10.11, 8.61, 8.75, 3.84, 8.47, 9.23, 9.72, 6.07, 8.22, 6.70, 8.53, 9.47, 8.02, 9.07, 9.19, 9.53, 1.63, 9.86, 9.17, 10.43, 8.84, 5.74, 4.82, 4.77, 8.60, 9.29],
  xi_219 = [8.42, 2.03, 3.52, 6.15, 8.99, 6.17, 7.41, 5.60, 7.27, 4.92, 3.71, 7.16, 7.56, 7.45, 9.99, 6.88, 5.53, 6.41, 3.00, 7.18, 1.11, 7.36, 9.06, 7.62, 7.67, 5.37, 3.39, 5.14, 7.07, 7.43, 1.91, 7.85, 5.70, 7.27, 7.52, 1.82, 6.74, 6.87, 6.83, 9.85, 7.67, 6.60, 6.04, 6.39, 5.82, 6.98, 5.93, 2.07, 5.47, 6.40],
  xi_2110 = [3.22, 2.87, 8.73, 7.85, 3.54, 3.60, 2.89, 3.20, 5.89, 4.76, 3.13, 3.05, 3.32, 2.80, 3.07, 3.01, 8.93, 9.75, 2.87, 3.51, 7.60, 3.75, 2.72, 2.87, 2.56, 3.57, 5.16, 1.78, 2.99, 2.73, 2.54, 3.09, 3.42, 2.74, 3.25, 3.11, 3.51, 7.12, 8.76, 2.74, 8.09, 3.03, 1.99, 2.64, 2.90, 3.21, 2.96, 2.83, 2.82, 3.10],
  xi_2111 = [7.29, 6.53, 2.79, 3.14, 3.39, 3.23, 2.48, 2.69, 3.32, 3.50, 3.17, 3.37, 1.61, 5.67, 3.56, 2.67, 1.28, 2.91, 3.09, 5.46, 2.66, 5.90, 3.37, 6.05, 2.57, 9.02, 1.47, 2.81, 2.70, 3.74, 3.08, 3.11, 9.87, 2.92, 6.11, 3.02, 4.71, 1.99, 2.93, 4.87, 2.42, 9.22, 2.38, 6.53, 2.89, 4.57, 9.68, 3.36, 2.39, 2.64],
  xi_2112 = [3.87, 4.14, 3.51, 3.59, 2.42, 4.47, 4.69, 3.73, 7.29, 7.89, 3.96, 3.73, 3.92, 3.02, 3.81, 1.16, 3.50, 7.57, 3.44, 5.42, 4.17, 3.93, 4.20, 3.70, 5.06, 4.02, 9.50, 4.66, 4.02, 4.85, 3.69, 1.60, 7.40, 4.07, 3.85, 4.55, 3.53, 3.80, 3.75, 4.20, 3.78, 4.62, 4.09, 9.07, 3.39, 3.71, 8.57, 3.85, 8.88, 4.06],
  xi_2113 = [1.33, 8.84, 5.56, 9.87, 7.18, 6.03, 4.62, 8.37, 6.37, 8.90, 5.83, 6.85, 7.49, 5.83, 6.87, 5.58, 6.39, 8.15, 7.13, 6.87, 8.64, 4.77, 7.74, 7.49, 2.07, 6.23, 6.58, 8.22, 7.32, 2.77, 8.01, 7.27, 5.87, 1.63, 9.99, 6.40, 5.96, 7.82, 7.03, 7.02, 7.15, 5.91, 7.03, 7.84, 7.00, 8.17, 7.17, 8.19, 5.57, 7.10],
  xi_2114 = [10.32, 7.75, 3.05, 7.75, 2.72, 11.58, 4.73, 1.36, 10.10, 10.37, 10.86, 11.94, 9.77, 8.67, 9.49, 9.32, 8.91, 9.95, 11.30, 5.30, 8.00, 9.99, 9.25, 6.34, 9.42, 10.70, 9.64, 6.28, 10.78, 11.41, 1.36, 9.47, 8.09, 9.19, 10.49, 9.65, 8.84, 9.54, 5.82, 8.92, 9.75, 7.56, 10.73, 9.30, 10.21, 11.87, 10.14, 3.57, 10.30, 9.91],
  xi_2115 = [1.00, 1.21, 1.09, 0.99, 1.13, 6.11, 0.93, 5.35, 1.02, 1.07, 8.92, 7.68, 1.14, 7.70, 1.10, 1.11, 0.89, 0.97, 1.15, 1.13, 1.03, 1.04, 1.00, 1.06, 2.13, 0.96, 0.94, 1.03, 6.29, 2.29, 1.13, 3.58, 0.96, 1.04, 1.02, 1.58, 1.04, 0.88, 0.92, 0.93, 1.05, 0.94, 9.00, 0.94, 8.54, 1.03, 0.97, 1.30, 1.01, 1.14],
  xi_2116 = [9.17, 1.88, 1.86, 1.99, 6.67, 2.16, 9.55, 2.01, 9.72, 2.75, 1.94, 7.54, 2.10, 2.18, 1.78, 5.49, 4.98, 8.01, 2.13, 6.61, 1.96, 1.61, 8.55, 1.89, 1.96, 8.02, 2.03, 3.18, 2.00, 2.11, 3.03, 1.40, 2.19, 1.97, 3.18, 7.54, 1.64, 1.99, 2.05, 2.55, 6.04, 1.95, 8.74, 2.20, 1.90, 3.48, 2.04, 9.82, 5.35, 1.95],
  xi_2117 = [4.64, 7.43, 6.56, 7.73, 7.02, 3.13, 6.82, 7.04, 6.12, 6.35, 3.02, 6.83, 6.31, 6.39, 6.81, 7.30, 7.21, 3.68, 7.00, 6.94, 8.28, 7.35, 1.66, 2.66, 7.30, 5.47, 7.99, 7.29, 2.45, 8.09, 8.26, 6.53, 6.63, 8.89, 6.71, 8.29, 7.49, 7.54, 7.81, 6.19, 7.51, 6.92, 6.86, 4.93, 6.04, 7.57, 7.04, 6.18, 6.46, 5.81],
  xi_2118 = [4.90, 4.92, 5.33, 5.22, 9.76, 2.47, 9.88, 4.98, 5.73, 3.85, 8.71, 4.51, 5.50, 5.05, 4.46, 4.80, 6.49, 5.85, 8.43, 5.04, 5.23, 6.37, 5.02, 4.59, 4.59, 4.84, 3.41, 4.63, 3.95, 7.20, 6.22, 4.78, 2.59, 6.69, 6.52, 3.04, 5.61, 7.67, 4.98, 1.25, 5.64, 7.06, 1.30, 4.51, 4.70, 4.67, 1.89, 7.17, 6.19, 5.02],
  xi_2119 = [1.52, 3.07, 3.06, 3.59, 3.19, 8.81, 4.32, 2.60, 6.39, 3.03, 3.01, 3.61, 8.71, 7.31, 3.58, 3.16, 1.85, 3.22, 3.96, 2.92, 1.95, 3.70, 9.77, 7.46, 3.18, 3.55, 3.39, 8.39, 4.52, 2.49, 5.94, 3.47, 3.07, 7.98, 3.53, 3.15, 3.05, 3.38, 3.22, 4.91, 9.43, 1.40, 3.15, 3.23, 2.92, 3.16, 8.55, 4.07, 2.99, 2.71],
  xi_2120 = [3.38, 2.90, 2.82, 3.38, 9.48, 2.86, 3.07, 3.49, 2.64, 6.89, 7.38, 3.22, 3.01, 4.19, 2.89, 3.29, 3.44, 3.26, 3.38, 2.81, 2.79, 2.65, 2.67, 2.42, 2.85, 3.12, 3.11, 2.59, 3.11, 3.15, 3.96, 6.35, 2.78, 4.19, 2.62, 9.43, 2.65, 3.13, 3.03, 3.22, 3.18, 5.04, 3.09, 5.93, 3.50, 3.25, 9.92, 3.51, 2.31, 3.43],
  xi_221 = [2.87, 2.33, 2.55, 2.18, 2.27, 2.97, 1.88, 1.58, 7.53, 7.44, 2.29, 1.78, 2.03, 1.98, 2.69, 1.78, 2.43, 2.22, 2.68, 1.95, 1.82, 1.84, 7.21, 3.58, 2.04, 1.43, 2.17, 3.17, 2.13, 2.01, 1.07, 2.13, 1.73, 1.76, 7.59, 1.87, 1.97, 1.89, 2.11, 9.22, 9.69, 2.20, 1.73, 2.10, 2.49, 2.12, 6.31, 7.10, 1.94, 2.12],
  xi_222 = [2.11, 5.46, 6.12, 2.17, 1.95, 1.55, 4.62, 2.20, 6.50, 2.15, 1.93, 1.86, 8.98, 2.32, 1.74, 2.11, 2.37, 1.99, 3.89, 6.62, 2.10, 2.32, 2.09, 2.14, 6.37, 1.94, 2.02, 2.43, 1.96, 2.06, 1.96, 5.72, 2.20, 1.87, 2.02, 1.87, 1.84, 7.25, 1.97, 2.10, 5.05, 1.81, 9.33, 5.32, 2.06, 2.02, 2.17, 2.29, 2.13, 2.21],
  xi_223 = [5.76, 5.01, 2.33, 5.94, 7.08, 4.93, 4.85, 5.21, 4.92, 4.02, 4.92, 5.48, 4.91, 3.59, 5.22, 4.71, 4.59, 4.78, 6.08, 8.87, 5.29, 4.76, 4.55, 4.95, 9.10, 4.04, 4.15, 5.03, 4.63, 4.72, 4.36, 4.59, 5.07, 4.98, 6.61, 5.12, 4.58, 5.08, 1.56, 4.63, 9.01, 4.66, 5.69, 4.80, 4.39, 8.86, 5.12, 5.33, 4.43, 5.66],
  xi_224 = [0.96, 2.21, 1.13, 1.05, 1.04, 4.36, 0.92, 1.05, 1.20, 1.18, 1.08, 0.99, 6.32, 8.69, 0.97, 2.21, 3.38, 1.09, 4.39, 0.91, 1.28, 3.69, 0.87, 0.95, 1.07, 0.95, 1.13, 1.07, 0.95, 4.20, 0.87, 0.76, 1.00, 0.83, 0.91, 0.96, 3.45, 6.31, 1.49, 1.06, 1.17, 2.98, 0.94, 1.13, 1.90, 0.99, 1.07, 3.35, 8.01, 0.91],
  xi_225 = [3.89, 2.68, 4.43, 4.01, 4.11, 3.52, 4.28, 3.53, 3.68, 5.34, 2.78, 3.78, 3.83, 4.27, 3.37, 3.38, 4.49, 4.92, 3.71, 4.33, 7.88, 4.02, 3.68, 4.18, 3.89, 7.09, 4.00, 3.45, 1.22, 3.64, 3.53, 3.59, 7.15, 8.48, 3.84, 4.08, 4.26, 8.71, 3.70, 4.05, 3.75, 4.18, 4.08, 4.02, 7.44, 2.96, 3.85, 4.16, 4.23, 4.03],
  xi_226 = [6.53, 3.05, 7.87, 7.83, 9.49, 8.87, 8.24, 7.45, 9.11, 1.51, 7.48, 9.31, 6.81, 7.27, 8.45, 6.89, 7.49, 3.45, 8.11, 6.92, 6.29, 7.40, 2.73, 1.38, 7.00, 7.98, 9.24, 7.40, 7.44, 10.11, 8.95, 6.32, 8.21, 6.82, 6.86, 7.89, 7.99, 6.64, 8.63, 7.45, 6.69, 7.44, 8.39, 8.91, 7.10, 8.84, 7.26, 9.06, 8.89, 8.23],
  xi_227 = [4.26, 5.12, 3.74, 8.96, 8.73, 1.14, 8.63, 8.23, 7.39, 9.41, 8.15, 8.35, 8.87, 7.60, 1.41, 9.28, 8.04, 1.79, 6.65, 2.51, 7.76, 8.32, 4.85, 7.22, 10.16, 7.35, 6.77, 4.50, 7.84, 8.43, 8.39, 6.31, 5.96, 7.33, 6.90, 9.43, 2.73, 8.83, 7.48, 7.37, 9.09, 5.70, 8.83, 5.40, 9.06, 8.58, 9.01, 9.77, 9.60, 9.15],
  xi_228 = [7.34, 2.39, 2.01, 1.90, 6.45, 2.07, 1.89, 2.51, 1.85, 2.76, 2.07, 6.66, 2.02, 1.96, 8.40, 1.94, 1.91, 2.17, 6.15, 1.86, 2.22, 2.02, 2.23, 2.10, 1.66, 2.06, 9.63, 2.23, 2.06, 2.96, 2.05, 2.30, 1.38, 2.07, 3.85, 2.05, 9.57, 1.64, 2.27, 2.01, 2.04, 1.94, 8.46, 4.64, 2.32, 1.97, 1.84, 1.77, 2.45, 6.58],
  xi_229 = [4.00, 3.35, 4.07, 3.78, 3.93, 4.07, 4.20, 9.37, 1.29, 1.14, 6.46, 4.02, 3.83, 3.61, 3.58, 3.73, 3.92, 6.86, 4.66, 2.97, 4.62, 4.26, 4.45, 4.02, 3.79, 1.17, 8.39, 4.30, 5.66, 3.82, 3.76, 3.47, 4.18, 4.16, 3.77, 3.73, 4.71, 3.55, 4.01, 3.73, 4.06, 4.10, 4.90, 4.53, 6.47, 4.07, 3.50, 4.12, 3.17, 3.24],
  xi_2210 = [9.27, 9.31, 4.74, 6.91, 7.64, 8.87, 7.77, 6.83, 8.81, 8.00, 7.19, 4.47, 8.90, 9.19, 7.09, 8.03, 7.03, 7.96, 8.49, 4.81, 7.77, 1.19, 7.48, 7.61, 3.66, 7.50, 7.47, 5.62, 6.97, 8.65, 2.43, 7.03, 8.74, 4.55, 9.09, 9.09, 8.09, 8.06, 8.22, 7.48, 2.76, 8.00, 7.53, 4.44, 8.49, 1.60, 7.79, 9.59, 8.20, 3.90],
  xi_2211 = [4.95, 4.05, 5.22, 2.77, 4.92, 7.32, 5.31, 4.95, 5.00, 6.77, 5.10, 5.09, 1.68, 5.24, 5.16, 7.47, 5.86, 5.30, 2.18, 4.84, 4.17, 4.86, 4.80, 1.70, 5.30, 4.45, 4.98, 5.74, 7.70, 4.51, 4.98, 4.37, 9.02, 4.68, 3.92, 5.25, 5.24, 2.87, 5.69, 9.91, 6.05, 3.99, 5.53, 4.84, 4.69, 8.13, 3.83, 5.07, 8.49, 4.34],
  xi_2212 = [8.93, 10.12, 8.72, 8.81, 6.35, 1.11, 7.09, 9.96, 8.38, 11.35, 7.83, 7.62, 5.87, 7.43, 7.93, 6.96, 9.62, 8.35, 8.72, 8.60, 4.59, 8.65, 10.51, 8.18, 2.35, 8.88, 9.23, 10.65, 7.62, 7.88, 4.57, 8.48, 9.72, 8.45, 10.32, 10.68, 1.36, 9.81, 7.73, 10.33, 10.09, 5.79, 9.41, 8.59, 8.07, 10.12, 7.46, 9.68, 3.27, 8.65],
  xi_2213 = [6.02, 7.03, 4.27, 6.74, 7.62, 9.47, 6.52, 1.21, 6.09, 7.60, 2.26, 6.87, 6.92, 7.40, 2.52, 7.58, 8.14, 5.36, 3.16, 6.79, 6.60, 7.25, 5.54, 7.85, 8.83, 5.99, 2.72, 7.78, 6.60, 6.61, 5.53, 1.26, 5.72, 6.24, 6.74, 6.31, 6.78, 7.37, 9.50, 7.10, 2.75, 7.55, 4.02, 7.54, 7.66, 8.27, 1.41, 7.39, 5.71, 1.65],
  xi_2214 = [2.16, 5.63, 2.16, 1.89, 2.12, 3.54, 2.16, 6.94, 1.65, 1.84, 2.02, 1.73, 1.85, 2.12, 2.40, 2.04, 2.14, 5.87, 1.60, 1.84, 1.78, 2.01, 4.85, 1.50, 7.99, 2.14, 6.44, 4.46, 2.10, 2.05, 1.95, 2.17, 6.99, 2.27, 2.82, 1.77, 2.15, 2.09, 1.94, 2.22, 2.29, 2.01, 2.00, 2.08, 2.12, 2.03, 2.03, 2.21, 4.69, 3.85],
  xi_2215 = [1.69, 1.07, 9.16, 4.19, 1.24, 5.09, 1.03, 1.10, 0.99, 1.16, 9.81, 9.54, 1.14, 5.17, 0.93, 9.91, 1.00, 1.16, 8.66, 0.92, 0.99, 7.12, 0.94, 1.22, 0.88, 1.08, 0.89, 1.09, 1.03, 4.94, 1.10, 1.06, 0.95, 1.12, 0.99, 1.01, 7.17, 8.60, 4.11, 1.00, 1.22, 0.88, 1.10, 1.02, 0.68, 1.00, 0.98, 1.16, 1.04, 5.36],
  xi_2216 = [6.34, 6.76, 7.27, 6.60, 6.40, 4.71, 6.90, 2.40, 9.88, 4.06, 9.56, 7.27, 6.19, 6.46, 1.21, 6.90, 6.87, 6.09, 6.81, 6.42, 6.58, 7.20, 7.19, 7.73, 6.39, 6.62, 6.01, 2.73, 5.99, 6.98, 7.58, 6.82, 6.51, 8.38, 1.60, 6.94, 5.84, 9.19, 6.23, 7.71, 8.97, 6.94, 4.85, 5.19, 7.34, 2.12, 5.57, 2.59, 2.71, 7.84],
  xi_2217 = [4.08, 5.27, 4.48, 5.03, 5.41, 4.64, 4.68, 2.23, 5.20, 4.75, 7.59, 5.10, 4.58, 5.16, 8.02, 5.41, 4.28, 5.76, 4.76, 4.47, 9.78, 5.04, 5.01, 8.08, 4.26, 5.03, 5.43, 5.09, 1.33, 1.47, 5.15, 8.94, 6.08, 3.62, 7.11, 4.61, 4.17, 5.31, 4.65, 7.48, 5.51, 4.90, 4.55, 6.67, 5.15, 5.14, 6.97, 1.08, 5.43, 4.81],
  xi_2218 = [6.99, 9.08, 2.34, 2.42, 10.20, 10.03, 7.64, 8.42, 10.17, 10.05, 8.44, 9.52, 2.88, 9.94, 9.82, 9.50, 3.58, 12.81, 10.00, 9.69, 2.78, 9.85, 10.00, 1.07, 2.47, 9.01, 9.35, 11.81, 3.95, 10.71, 2.51, 10.02, 2.08, 11.84, 9.93, 10.39, 9.96, 11.01, 1.61, 9.53, 9.51, 8.79, 6.21, 8.77, 3.55, 2.11, 9.05, 10.17, 6.18, 7.75],
  xi_2219 = [3.32, 8.85, 4.82, 8.45, 1.39, 8.53, 9.96, 6.61, 1.32, 9.41, 5.51, 8.59, 10.49, 7.26, 7.73, 3.33, 10.61, 7.16, 8.81, 10.02, 9.22, 9.24, 10.44, 8.52, 3.85, 9.49, 9.48, 9.86, 7.68, 7.06, 5.24, 10.18, 8.65, 9.50, 9.77, 9.70, 7.00, 9.34, 9.82, 8.81, 9.07, 6.88, 8.44, 8.53, 7.02, 8.75, 4.42, 9.16, 7.60, 9.78],
  xi_2220 = [0.84, 0.96, 0.94, 3.04, 0.98, 4.25, 0.98, 0.97, 6.50, 3.49, 1.17, 1.16, 0.85, 0.99, 1.06, 4.11, 1.91, 7.70, 0.95, 1.04, 1.15, 7.50, 9.44, 0.80, 0.96, 1.01, 0.75, 0.88, 1.12, 0.94, 0.87, 2.82, 0.84, 0.96, 8.37, 0.91, 5.80, 1.03, 1.06, 0.94, 1.14, 1.01, 1.03, 1.00, 0.94, 1.19, 1.22, 9.83, 0.98, 1.13],
  xi_231 = [8.43, 7.04, 5.98, 6.05, 6.04, 5.75, 5.82, 8.94, 6.03, 5.29, 4.27, 1.22, 5.06, 5.77, 1.35, 6.09, 6.38, 2.45, 1.09, 4.37, 1.31, 5.99, 6.48, 5.80, 1.76, 6.38, 5.30, 5.79, 4.68, 6.09, 9.36, 6.15, 5.75, 5.85, 2.53, 5.38, 5.45, 5.04, 5.87, 6.63, 6.10, 6.26, 6.93, 5.70, 6.74, 4.44, 6.13, 5.45, 6.20, 6.03],
  xi_232 = [7.05, 3.24, 4.42, 4.87, 7.70, 6.16, 6.56, 7.71, 6.76, 7.37, 7.29, 2.55, 1.38, 4.26, 8.36, 5.63, 7.44, 7.52, 3.56, 3.87, 7.34, 6.47, 7.36, 6.94, 6.75, 7.32, 7.81, 1.99, 7.57, 7.95, 7.55, 6.57, 7.24, 6.08, 6.73, 8.69, 7.77, 6.79, 6.52, 6.27, 6.45, 7.07, 2.82, 6.95, 6.29, 7.69, 1.51, 8.73, 4.01, 6.54],
  xi_233 = [9.19, 9.47, 4.85, 8.97, 9.75, 9.08, 9.04, 8.44, 9.08, 6.34, 10.77, 10.12, 8.06, 5.43, 7.30, 9.47, 4.50, 8.52, 8.04, 4.63, 8.28, 7.86, 9.31, 8.70, 10.66, 2.94, 9.13, 7.73, 8.79, 7.72, 5.71, 9.82, 9.23, 9.46, 9.40, 8.61, 7.89, 8.84, 5.60, 1.14, 8.91, 8.66, 7.95, 6.69, 7.47, 2.84, 8.28, 10.16, 8.70, 9.26],
  xi_234 = [7.40, 4.95, 1.03, 0.91, 2.64, 4.30, 1.06, 2.07, 0.94, 1.03, 1.05, 1.06, 4.00, 1.12, 1.06, 0.89, 1.41, 0.89, 8.77, 5.45, 0.81, 1.07, 1.20, 0.94, 3.58, 0.99, 0.88, 1.09, 0.89, 1.04, 7.45, 4.85, 1.02, 1.07, 0.93, 6.41, 1.01, 0.94, 1.85, 0.91, 0.96, 0.92, 1.26, 1.07, 7.30, 1.09, 3.32, 1.06, 5.81, 7.75],
  xi_235 = [3.11, 2.51, 3.32, 3.11, 2.62, 7.07, 2.95, 3.60, 9.06, 3.08, 8.06, 3.28, 3.43, 2.93, 2.74, 2.38, 4.59, 3.62, 3.36, 7.57, 3.02, 3.31, 5.23, 2.53, 7.32, 2.40, 2.84, 2.09, 2.54, 9.13, 2.39, 8.79, 8.48, 3.80, 3.04, 2.92, 3.98, 2.48, 2.97, 6.71, 3.37, 2.53, 3.06, 6.62, 3.05, 9.97, 3.19, 3.22, 3.22, 4.56],
  xi_236 = [1.02, 4.46, 7.92, 0.89, 1.01, 1.09, 0.97, 0.84, 1.04, 0.98, 0.74, 7.84, 1.23, 3.07, 1.02, 1.12, 7.90, 2.20, 5.44, 1.09, 0.96, 0.93, 0.84, 1.01, 3.81, 1.14, 1.08, 0.92, 1.03, 0.83, 6.89, 3.85, 0.93, 0.90, 2.67, 0.99, 0.89, 1.00, 1.03, 4.63, 0.97, 7.10, 1.00, 4.89, 1.06, 1.09, 9.19, 1.85, 4.29, 0.80],
  xi_237 = [6.48, 5.74, 4.49, 7.04, 5.37, 4.12, 4.30, 3.38, 5.76, 6.27, 4.49, 5.18, 4.92, 4.44, 6.48, 5.11, 6.00, 5.99, 6.43, 3.55, 4.41, 4.81, 9.36, 4.86, 4.47, 5.26, 5.59, 5.14, 4.94, 5.18, 4.30, 5.86, 5.13, 4.74, 5.03, 4.90, 5.28, 6.34, 7.74, 5.25, 3.90, 4.38, 4.96, 6.14, 8.52, 4.98, 6.39, 8.07, 5.43, 4.76],
  xi_238 = [9.89, 7.83, 8.52, 8.47, 7.09, 10.31, 9.27, 7.76, 6.87, 2.11, 8.28, 7.14, 8.07, 7.98, 8.26, 7.68, 8.43, 8.13, 2.22, 2.09, 6.92, 8.57, 7.00, 8.44, 3.82, 8.24, 8.68, 1.21, 8.64, 1.60, 9.35, 6.69, 7.55, 6.65, 7.84, 7.84, 10.38, 9.47, 7.84, 7.34, 7.95, 7.41, 6.77, 8.54, 9.41, 8.12, 7.91, 7.88, 7.25, 7.39],
  xi_239 = [4.08, 6.27, 3.89, 2.03, 4.01, 7.54, 9.03, 4.57, 2.68, 4.97, 1.37, 4.04, 4.10, 3.75, 3.97, 2.51, 9.95, 4.10, 4.44, 3.96, 7.23, 3.58, 3.94, 4.59, 1.36, 3.14, 4.40, 7.64, 9.48, 1.67, 3.42, 6.35, 3.77, 3.53, 3.76, 4.27, 4.40, 4.27, 4.57, 3.65, 4.16, 4.19, 4.23, 4.30, 3.45, 4.32, 3.79, 3.98, 4.29, 2.40],
  xi_2310 = [2.00, 1.72, 1.85, 9.80, 1.96, 2.19, 2.27, 2.00, 1.94, 1.64, 2.08, 3.98, 6.53, 1.22, 2.28, 2.08, 1.97, 1.98, 1.63, 1.71, 1.65, 2.08, 1.81, 2.37, 5.95, 1.29, 1.97, 2.11, 2.36, 1.97, 2.23, 2.29, 9.06, 9.46, 2.07, 2.20, 2.35, 9.08, 1.79, 1.81, 2.36, 2.01, 8.82, 1.94, 9.38, 5.08, 2.00, 2.11, 9.65, 2.19],
  xi_2311 = [0.98, 1.10, 1.06, 0.96, 1.90, 1.02, 1.07, 4.49, 0.92, 1.06, 7.04, 0.87, 8.12, 3.35, 0.94, 2.09, 1.02, 5.00, 1.10, 1.04, 0.90, 0.84, 1.27, 7.55, 1.21, 1.10, 4.15, 0.88, 3.28, 1.15, 0.88, 0.95, 1.03, 0.95, 0.94, 0.96, 4.21, 0.96, 0.95, 0.86, 9.13, 4.68, 1.02, 0.85, 0.97, 2.13, 7.19, 2.14, 7.82, 0.91],
  xi_2312 = [9.02, 6.30, 7.54, 9.55, 8.79, 7.81, 4.59, 2.92, 9.30, 7.49, 8.42, 7.75, 9.32, 7.40, 10.18, 7.12, 8.96, 8.19, 9.20, 5.45, 9.26, 9.03, 8.09, 8.35, 6.89, 9.62, 8.36, 7.68, 7.95, 7.19, 4.20, 3.44, 3.33, 7.40, 8.22, 7.50, 7.55, 9.09, 8.28, 7.55, 7.01, 7.49, 6.14, 7.05, 7.28, 2.62, 7.59, 6.23, 7.61, 8.73],
  xi_2313 = [2.96, 5.24, 2.54, 8.45, 10.15, 11.56, 8.78, 9.63, 9.32, 8.59, 10.65, 8.81, 5.59, 2.15, 8.57, 9.82, 8.63, 7.29, 9.65, 9.10, 6.69, 8.05, 8.15, 11.00, 9.99, 9.16, 10.10, 4.31, 2.51, 2.28, 8.80, 9.71, 9.38, 8.49, 9.68, 7.14, 9.50, 9.90, 10.16, 4.14, 8.88, 6.76, 9.05, 10.63, 8.72, 7.96, 8.11, 8.91, 9.97, 10.49],
  xi_2314 = [7.42, 1.47, 4.17, 8.56, 5.35, 8.28, 7.15, 9.73, 9.02, 6.85, 3.65, 4.98, 7.41, 8.71, 3.65, 4.38, 6.85, 7.98, 3.56, 9.36, 3.70, 8.03, 8.96, 9.00, 8.33, 3.92, 4.05, 1.74, 7.97, 8.68, 8.08, 9.76, 7.93, 8.42, 7.97, 8.58, 3.24, 7.22, 6.52, 4.25, 7.02, 8.35, 8.45, 7.61, 7.99, 7.65, 1.21, 8.73, 9.04, 7.00],
  xi_2315 = [3.62, 3.84, 4.21, 4.12, 3.65, 3.92, 1.50, 4.06, 3.97, 3.69, 1.99, 2.09, 4.10, 3.33, 3.77, 4.39, 4.09, 3.30, 4.36, 3.86, 9.28, 3.44, 4.14, 1.48, 4.45, 1.97, 3.39, 5.01, 4.35, 4.43, 5.08, 4.24, 4.25, 4.75, 4.21, 4.10, 3.85, 4.25, 3.76, 4.36, 4.07, 3.13, 3.85, 4.32, 3.52, 4.49, 9.91, 3.71, 3.82, 5.97],
  xi_2316 = [2.60, 2.04, 6.83, 1.73, 3.19, 2.00, 1.64, 1.99, 2.17, 2.90, 1.98, 1.71, 2.03, 2.30, 1.15, 6.11, 6.91, 5.04, 2.48, 2.12, 8.62, 1.44, 5.91, 4.45, 2.19, 2.05, 1.67, 1.98, 2.08, 7.27, 2.14, 1.89, 1.86, 5.91, 1.98, 1.76, 4.65, 2.19, 6.55, 1.77, 1.98, 1.87, 2.02, 6.54, 1.96, 2.22, 1.72, 2.18, 2.28, 2.21],
  xi_2317 = [8.93, 8.46, 9.36, 4.18, 7.72, 4.73, 9.45, 8.53, 2.48, 8.36, 1.82, 2.33, 8.12, 9.17, 6.96, 6.81, 8.13, 7.62, 8.37, 8.21, 7.41, 7.12, 8.12, 8.31, 8.16, 7.58, 9.10, 8.94, 7.47, 7.40, 8.23, 7.16, 8.80, 7.63, 1.50, 7.73, 6.94, 5.89, 8.86, 8.95, 8.09, 7.32, 7.34, 2.16, 9.54, 8.05, 7.70, 8.04, 8.08, 8.20],
  xi_2318 = [5.96, 5.92, 7.46, 5.03, 5.13, 5.93, 6.25, 5.98, 4.84, 5.79, 6.04, 7.74, 5.57, 6.22, 5.05, 1.40, 6.42, 6.26, 6.33, 7.33, 6.69, 7.06, 5.43, 5.55, 9.12, 8.48, 6.20, 2.32, 6.37, 1.25, 2.55, 6.44, 5.95, 6.42, 5.91, 6.32, 6.37, 5.90, 6.13, 5.18, 4.30, 6.14, 6.32, 5.75, 4.82, 1.73, 5.93, 6.42, 5.90, 6.89],
  xi_2319 = [5.63, 1.32, 4.96, 5.00, 4.07, 4.20, 4.61, 4.85, 4.06, 5.57, 5.17, 5.32, 2.98, 4.06, 4.95, 5.28, 5.06, 5.27, 9.08, 4.81, 5.64, 4.76, 2.32, 4.41, 5.56, 5.26, 1.64, 4.89, 4.69, 4.20, 4.92, 2.51, 4.92, 4.11, 5.92, 5.25, 6.31, 5.69, 4.94, 8.56, 5.47, 4.81, 4.78, 6.54, 4.51, 5.18, 5.28, 7.80, 4.82, 4.75],
  xi_2320 = [6.38, 7.59, 1.47, 7.59, 8.72, 6.91, 7.30, 6.51, 8.42, 8.38, 5.99, 7.85, 6.81, 7.36, 1.54, 7.71, 6.29, 7.74, 6.55, 7.14, 5.35, 6.16, 6.90, 5.96, 7.37, 6.71, 6.17, 7.19, 8.89, 6.77, 7.75, 5.81, 6.11, 7.22, 7.84, 7.41, 6.69, 6.71, 9.59, 6.82, 6.44, 6.87, 7.25, 6.86, 6.08, 6.40, 9.82, 7.37, 8.31, 7.15],
  xi_241 = [5.66, 1.92, 5.05, 4.84, 1.54, 4.43, 5.02, 3.70, 6.78, 9.56, 6.64, 4.48, 9.61, 4.56, 5.69, 4.99, 5.47, 4.88, 4.30, 2.29, 4.25, 6.15, 4.09, 5.31, 4.97, 5.03, 6.20, 9.48, 6.13, 9.29, 5.55, 7.32, 5.92, 4.79, 5.23, 5.43, 5.65, 4.98, 8.41, 4.75, 5.56, 4.65, 9.38, 6.53, 4.17, 8.02, 1.92, 8.29, 4.49, 5.42],
  xi_242 = [5.19, 4.79, 5.26, 5.52, 5.07, 4.39, 9.58, 5.47, 5.83, 5.55, 4.88, 4.77, 5.04, 7.15, 5.13, 4.03, 5.25, 4.56, 4.03, 4.67, 9.37, 4.83, 5.05, 5.21, 5.21, 5.29, 5.43, 4.39, 5.55, 9.96, 6.27, 7.72, 3.53, 5.18, 5.37, 4.78, 5.12, 5.46, 4.88, 7.21, 4.53, 2.86, 4.31, 5.11, 4.35, 5.07, 4.48, 5.06, 5.38, 9.54],
  xi_243 = [3.50, 3.10, 2.81, 3.33, 2.70, 5.97, 3.41, 3.38, 1.71, 2.76, 3.20, 2.74, 6.88, 4.04, 3.74, 3.12, 3.37, 2.78, 2.75, 2.92, 3.44, 3.66, 4.35, 9.20, 3.15, 2.82, 3.06, 3.14, 2.99, 3.25, 2.80, 2.76, 3.52, 3.20, 3.49, 9.24, 4.16, 3.32, 2.85, 2.87, 7.34, 2.98, 2.81, 3.03, 3.26, 3.02, 3.02, 3.19, 4.69, 3.38],
  xi_244 = [9.79, 9.15, 3.82, 9.60, 9.17, 8.85, 9.67, 7.41, 4.08, 10.14, 2.47, 9.29, 1.18, 8.33, 8.27, 8.31, 8.37, 11.17, 9.48, 4.69, 8.79, 4.70, 8.11, 4.41, 7.07, 3.32, 7.67, 8.60, 8.72, 9.52, 3.87, 9.91, 10.14, 8.00, 3.09, 9.44, 9.81, 9.47, 7.32, 8.53, 9.14, 8.50, 2.91, 7.36, 8.51, 10.73, 9.13, 8.41, 7.29, 8.26],
  xi_245 = [7.16, 6.13, 5.69, 5.62, 1.00, 6.89, 4.70, 5.85, 6.38, 2.56, 4.22, 5.99, 6.91, 5.73, 6.67, 5.37, 5.87, 6.10, 6.22, 6.37, 7.56, 9.17, 5.90, 4.74, 8.81, 7.06, 7.85, 9.54, 5.02, 7.15, 6.28, 6.67, 5.63, 6.03, 5.67, 5.88, 5.97, 5.57, 6.82, 8.89, 6.68, 5.36, 8.41, 4.45, 5.95, 5.73, 5.08, 9.15, 4.40, 2.85],
  xi_246 = [7.70, 3.64, 6.89, 6.56, 6.40, 7.65, 7.45, 7.25, 7.34, 6.68, 3.63, 6.93, 6.89, 6.43, 7.99, 8.08, 7.28, 4.89, 8.67, 7.62, 7.05, 5.38, 6.72, 6.65, 7.76, 6.69, 6.99, 8.04, 7.95, 8.74, 8.03, 4.20, 6.18, 6.39, 8.19, 7.25, 8.35, 8.89, 6.55, 7.52, 8.23, 8.82, 6.18, 6.13, 7.01, 8.50, 8.66, 9.10, 6.31, 7.10],
  xi_247 = [6.20, 4.75, 6.63, 8.50, 4.70, 3.01, 5.03, 4.87, 2.23, 6.49, 2.70, 5.72, 2.10, 5.07, 5.11, 5.39, 6.17, 4.07, 5.98, 4.44, 4.83, 5.38, 1.25, 4.73, 6.90, 5.91, 4.79, 5.01, 4.81, 5.64, 5.35, 6.78, 5.25, 4.35, 5.04, 4.90, 4.64, 5.23, 2.60, 5.05, 5.15, 4.89, 5.17, 4.67, 4.54, 8.02, 8.69, 9.91, 2.03, 4.39],
  xi_248 = [6.42, 5.96, 5.64, 5.43, 5.91, 6.14, 5.59, 6.65, 5.62, 6.11, 3.86, 5.90, 1.68, 3.81, 6.13, 5.32, 6.63, 5.98, 5.91, 6.51, 6.53, 7.05, 2.63, 5.46, 6.34, 6.50, 6.41, 5.86, 6.71, 6.43, 6.96, 3.99, 6.86, 5.11, 1.30, 6.23, 3.13, 6.71, 5.74, 6.53, 5.37, 5.36, 5.92, 6.49, 5.98, 6.31, 5.84, 6.77, 5.57, 9.75],
  xi_249 = [6.58, 8.07, 1.92, 8.94, 2.13, 1.87, 7.28, 1.66, 2.10, 2.05, 1.98, 1.95, 9.40, 1.62, 2.07, 2.14, 1.76, 2.17, 2.26, 3.22, 4.85, 1.86, 2.12, 2.04, 6.50, 2.16, 1.86, 2.11, 2.24, 5.28, 2.33, 4.80, 1.94, 2.18, 6.06, 2.30, 8.75, 2.18, 4.31, 1.76, 2.05, 2.33, 1.89, 2.11, 1.72, 1.96, 2.27, 2.03, 2.24, 1.70],
  xi_2410 = [3.30, 2.19, 2.63, 3.01, 4.54, 3.44, 3.31, 6.45, 7.75, 2.71, 2.77, 2.85, 1.88, 3.13, 2.88, 2.74, 2.80, 2.62, 3.15, 9.26, 3.64, 2.71, 2.84, 5.77, 2.82, 2.80, 3.22, 3.75, 3.41, 3.27, 3.05, 2.28, 3.48, 3.37, 2.84, 3.39, 3.24, 6.67, 2.63, 2.99, 3.30, 2.46, 3.14, 2.90, 4.58, 2.46, 7.97, 1.54, 2.70, 1.68],
  xi_2411 = [7.96, 6.49, 3.21, 6.75, 9.29, 5.94, 3.81, 7.59, 6.11, 8.63, 7.68, 2.05, 6.20, 6.91, 6.08, 7.06, 6.09, 6.58, 6.58, 5.68, 9.87, 1.12, 6.68, 7.63, 6.70, 6.71, 7.68, 6.28, 6.80, 6.09, 6.93, 1.46, 6.09, 8.80, 7.42, 8.14, 6.04, 7.96, 8.33, 7.65, 6.51, 6.73, 6.38, 6.63, 5.76, 1.07, 7.27, 7.02, 6.22, 7.92],
  xi_2412 = [7.85, 1.85, 2.20, 6.49, 2.00, 2.17, 1.61, 9.71, 2.06, 2.97, 2.16, 1.96, 5.55, 2.45, 7.31, 4.40, 2.16, 1.99, 1.78, 2.43, 1.95, 1.97, 2.11, 1.81, 1.99, 2.30, 1.82, 1.83, 2.07, 2.07, 1.87, 1.77, 2.05, 1.81, 5.86, 1.19, 2.10, 8.57, 4.37, 2.22, 7.19, 2.25, 6.71, 1.81, 2.16, 2.18, 1.82, 2.02, 1.85, 1.95],
  xi_2413 = [8.61, 12.43, 8.34, 5.37, 4.83, 9.71, 9.14, 9.09, 10.36, 8.72, 9.60, 9.24, 4.96, 6.50, 10.44, 1.83, 9.85, 10.76, 9.49, 5.03, 11.85, 7.21, 9.85, 5.81, 5.14, 7.38, 11.68, 11.62, 9.63, 8.39, 8.52, 11.35, 9.49, 12.28, 9.98, 10.18, 8.87, 10.40, 10.27, 4.85, 10.09, 9.22, 9.44, 1.45, 11.27, 9.24, 10.34, 8.30, 7.92, 9.94],
  xi_2414 = [8.17, 6.08, 4.66, 5.39, 2.47, 7.74, 4.70, 4.76, 1.09, 4.86, 5.73, 4.63, 2.73, 5.11, 5.07, 4.46, 5.51, 5.11, 4.54, 4.24, 4.17, 4.90, 5.30, 5.31, 5.45, 5.96, 5.67, 4.15, 4.10, 4.11, 5.16, 3.81, 3.16, 5.77, 6.50, 4.61, 6.50, 5.76, 5.10, 5.84, 4.44, 4.81, 5.13, 8.30, 9.55, 6.83, 4.31, 4.45, 5.49, 4.87],
  xi_2415 = [6.87, 6.83, 6.65, 6.83, 7.35, 7.95, 7.06, 7.98, 8.80, 6.98, 6.60, 7.14, 6.37, 6.97, 6.25, 2.38, 7.30, 7.89, 7.07, 7.50, 6.37, 1.89, 8.31, 6.86, 6.25, 5.10, 6.87, 6.74, 6.82, 7.41, 4.31, 2.16, 5.67, 7.73, 2.89, 4.72, 7.11, 8.11, 8.07, 6.79, 6.89, 7.03, 7.35, 7.05, 3.67, 9.19, 6.90, 4.08, 7.87, 7.46],
  xi_2416 = [1.74, 2.05, 6.53, 8.07, 2.13, 2.35, 1.89, 1.89, 1.86, 2.39, 1.88, 2.20, 2.11, 2.08, 1.93, 1.53, 5.06, 2.27, 1.88, 7.86, 1.54, 1.80, 1.91, 1.94, 4.18, 1.49, 2.07, 2.24, 2.18, 1.79, 1.83, 2.99, 2.20, 6.86, 2.19, 2.28, 2.08, 2.01, 2.21, 1.67, 1.69, 6.69, 2.02, 5.89, 2.15, 9.86, 3.24, 2.08, 1.99, 2.30],
  xi_2417 = [6.21, 6.98, 5.70, 7.13, 6.72, 6.62, 7.45, 7.71, 7.12, 7.08, 7.23, 7.57, 6.05, 6.52, 6.68, 7.97, 7.85, 7.74, 5.94, 5.86, 6.35, 7.99, 8.99, 6.57, 3.86, 6.88, 7.36, 5.99, 7.19, 1.67, 6.41, 5.86, 7.90, 6.42, 2.13, 7.80, 1.65, 9.20, 1.84, 4.07, 7.19, 6.91, 6.86, 2.18, 5.21, 8.42, 7.22, 8.46, 9.28, 7.80],
  xi_2418 = [5.82, 8.35, 6.06, 7.50, 6.15, 7.62, 4.82, 6.55, 6.83, 6.15, 6.07, 7.66, 7.41, 7.30, 5.94, 4.40, 4.59, 7.41, 7.00, 9.61, 2.25, 6.17, 6.57, 7.56, 6.76, 7.20, 5.75, 7.66, 4.48, 6.27, 7.61, 6.16, 5.96, 8.16, 6.27, 7.67, 3.82, 5.73, 8.07, 8.09, 4.48, 1.58, 6.08, 7.07, 6.65, 6.21, 7.28, 5.98, 6.47, 6.62],
  xi_2419 = [4.34, 3.25, 6.50, 4.80, 8.72, 4.71, 6.82, 1.58, 6.39, 6.73, 5.87, 6.35, 5.74, 8.59, 6.91, 6.43, 5.46, 6.02, 5.46, 6.53, 6.11, 9.79, 6.32, 5.71, 6.79, 6.43, 5.67, 5.63, 6.17, 3.95, 6.11, 5.55, 6.93, 6.53, 7.19, 5.75, 2.79, 5.77, 6.06, 1.28, 6.02, 5.68, 6.44, 8.97, 1.41, 6.21, 6.26, 6.26, 9.18, 6.04],
  xi_2420 = [4.11, 7.29, 3.22, 4.97, 4.03, 3.95, 4.14, 6.59, 4.42, 4.13, 3.87, 3.93, 4.14, 4.10, 5.06, 3.77, 4.01, 3.88, 3.83, 3.95, 3.38, 4.41, 2.01, 4.50, 4.08, 3.64, 3.91, 3.47, 3.93, 4.10, 4.00, 6.12, 5.78, 4.73, 3.63, 3.95, 3.61, 4.02, 3.86, 6.70, 4.14, 4.41, 2.18, 3.64, 3.71, 4.76, 8.13, 4.08, 2.83, 3.90],
  xi_251 = [6.63, 2.87, 9.42, 1.33, 7.25, 6.31, 4.18, 6.19, 6.97, 3.09, 7.68, 6.31, 3.84, 8.31, 3.09, 8.87, 6.89, 7.31, 7.19, 6.72, 6.22, 7.42, 6.25, 6.26, 7.26, 7.63, 7.40, 3.88, 5.06, 7.66, 4.99, 7.79, 3.25, 3.59, 6.13, 5.11, 7.87, 4.05, 6.15, 8.48, 7.21, 6.00, 6.26, 7.52, 8.34, 8.53, 6.80, 9.48, 7.52, 8.00],
  xi_252 = [6.46, 6.75, 6.16, 5.28, 5.56, 2.23, 9.44, 6.46, 5.62, 5.78, 3.32, 6.17, 6.39, 5.84, 3.30, 5.61, 6.71, 3.61, 4.81, 5.87, 9.28, 6.01, 6.44, 2.28, 6.64, 3.56, 5.12, 3.67, 6.11, 6.30, 5.85, 1.20, 6.07, 6.34, 5.84, 6.37, 5.94, 5.95, 2.53, 7.28, 6.50, 2.52, 5.73, 7.82, 6.79, 4.94, 1.06, 6.14, 6.18, 5.78],
  xi_253 = [9.97, 0.93, 4.36, 1.03, 0.89, 1.08, 0.86, 1.02, 4.80, 0.97, 1.10, 0.99, 0.94, 1.04, 1.11, 1.08, 0.96, 0.95, 0.97, 1.02, 9.58, 1.00, 1.15, 1.13, 2.54, 0.97, 7.89, 1.73, 1.05, 0.97, 1.02, 0.69, 1.10, 2.30, 1.11, 1.05, 1.06, 1.09, 1.02, 5.10, 0.93, 3.20, 8.10, 7.93, 8.38, 0.94, 9.18, 1.97, 0.93, 1.95],
  xi_254 = [7.45, 8.64, 8.76, 9.80, 2.08, 9.11, 9.66, 3.23, 3.35, 3.49, 7.30, 8.93, 9.40, 9.53, 8.56, 8.74, 8.30, 7.76, 9.20, 9.11, 9.01, 9.39, 8.43, 7.82, 3.30, 9.97, 9.99, 8.34, 8.44, 5.03, 8.39, 7.44, 12.71, 9.87, 9.94, 9.05, 10.08, 11.18, 7.90, 5.89, 1.02, 8.00, 8.10, 6.53, 7.27, 9.35, 8.96, 3.48, 9.04, 2.34],
  xi_255 = [6.05, 9.24, 2.39, 8.90, 8.65, 9.26, 8.70, 9.97, 1.92, 7.87, 7.87, 3.13, 4.72, 1.48, 9.75, 8.13, 7.27, 5.65, 5.67, 8.92, 5.00, 8.35, 9.76, 10.23, 9.05, 7.42, 8.94, 5.10, 9.12, 6.22, 9.68, 4.20, 1.08, 11.29, 9.23, 8.47, 9.53, 8.40, 8.98, 7.91, 8.05, 7.54, 9.72, 4.81, 4.64, 8.69, 3.19, 7.79, 9.09, 9.76],
  xi_256 = [8.39, 11.22, 8.98, 2.74, 9.18, 9.64, 8.88, 10.65, 10.37, 4.81, 4.80, 1.42, 11.09, 10.74, 3.10, 4.84, 9.09, 7.85, 8.64, 5.32, 8.77, 11.88, 6.60, 2.92, 10.55, 11.08, 9.74, 10.36, 4.63, 6.92, 6.63, 9.51, 9.81, 9.28, 10.79, 10.78, 11.18, 3.59, 8.04, 9.67, 10.74, 6.68, 12.65, 5.41, 10.02, 3.04, 2.44, 11.43, 9.23, 10.14],
  xi_257 = [4.20, 4.58, 2.87, 2.49, 3.56, 5.12, 3.10, 6.58, 2.80, 2.87, 3.12, 8.98, 2.43, 3.37, 7.02, 3.05, 2.95, 2.96, 4.76, 3.12, 9.20, 2.57, 7.98, 3.03, 8.23, 2.83, 3.05, 5.64, 2.77, 3.39, 3.01, 3.01, 2.64, 2.76, 3.82, 3.27, 2.97, 3.01, 3.14, 3.18, 2.91, 3.22, 2.68, 3.24, 9.13, 2.76, 2.90, 3.44, 3.07, 1.28],
  xi_258 = [1.88, 1.70, 2.05, 1.58, 2.08, 1.90, 1.88, 2.17, 6.44, 1.86, 2.94, 1.60, 9.29, 1.58, 2.82, 2.00, 7.68, 2.11, 2.68, 2.10, 2.08, 1.87, 1.95, 2.26, 1.95, 1.97, 1.73, 1.88, 9.31, 1.83, 2.16, 2.12, 3.87, 1.63, 1.77, 3.23, 1.77, 1.85, 2.11, 4.19, 1.84, 2.18, 1.93, 2.44, 2.02, 2.17, 4.40, 1.86, 4.58, 2.29],
  xi_259 = [8.56, 7.53, 7.34, 7.62, 7.49, 6.74, 8.04, 6.88, 7.22, 8.62, 7.01, 7.33, 7.01, 8.46, 8.24, 8.28, 7.75, 7.71, 6.92, 8.17, 4.51, 8.08, 3.33, 2.87, 8.30, 8.33, 1.29, 10.08, 8.09, 1.42, 1.13, 1.81, 7.78, 8.98, 7.77, 9.19, 7.83, 7.81, 7.79, 7.93, 5.76, 8.19, 3.55, 7.61, 8.12, 9.42, 8.68, 7.15, 8.32, 8.96],
  xi_2510 = [9.01, 7.99, 9.82, 6.31, 4.64, 9.07, 7.91, 1.69, 9.23, 8.98, 9.12, 9.03, 7.86, 6.23, 6.99, 10.63, 8.91, 8.97, 8.28, 9.71, 7.34, 8.20, 9.34, 8.55, 7.62, 9.18, 4.19, 9.14, 9.72, 8.44, 5.98, 8.71, 9.71, 10.60, 5.98, 10.98, 8.57, 8.32, 9.52, 8.79, 9.64, 9.08, 3.73, 7.88, 10.12, 1.79, 10.03, 9.16, 11.34, 10.36],
  xi_2511 = [2.26, 4.28, 4.32, 3.31, 3.84, 3.39, 3.62, 9.09, 6.06, 8.99, 9.66, 3.79, 3.64, 4.27, 3.67, 6.09, 4.24, 7.31, 4.33, 7.50, 4.10, 4.24, 1.81, 3.59, 3.75, 4.50, 3.51, 3.55, 4.27, 3.85, 3.72, 2.36, 3.21, 3.18, 3.81, 3.46, 3.56, 3.17, 4.65, 8.36, 7.94, 3.94, 3.83, 2.03, 3.70, 3.94, 3.92, 3.69, 4.28, 4.02],
  xi_2512 = [6.01, 5.36, 5.85, 6.15, 5.83, 5.91, 6.51, 4.76, 5.63, 5.38, 9.94, 6.36, 5.20, 5.78, 5.80, 5.46, 4.43, 6.74, 2.14, 6.16, 6.47, 6.18, 5.17, 4.46, 6.99, 6.65, 6.64, 5.75, 6.17, 3.20, 6.29, 6.10, 6.54, 7.90, 5.15, 4.58, 3.52, 3.71, 6.03, 5.39, 5.56, 7.25, 6.63, 8.11, 5.25, 8.80, 5.84, 7.37, 7.63, 2.35],
  xi_2513 = [4.20, 4.56, 8.23, 4.55, 9.48, 3.92, 4.37, 3.47, 4.18, 3.78, 4.86, 3.45, 4.54, 4.09, 4.20, 4.21, 1.34, 1.78, 3.75, 3.10, 3.73, 3.98, 7.62, 1.02, 5.42, 3.64, 3.78, 3.86, 7.49, 3.30, 3.65, 3.55, 4.31, 4.46, 3.76, 5.10, 4.81, 4.07, 4.63, 4.16, 4.13, 5.86, 7.15, 3.40, 5.28, 4.62, 1.06, 4.44, 3.93, 3.77],
  xi_2514 = [6.53, 4.50, 6.43, 2.49, 4.62, 7.62, 6.15, 7.29, 6.62, 6.31, 5.50, 5.85, 7.44, 7.75, 6.15, 7.27, 1.72, 7.62, 6.60, 6.82, 7.16, 6.51, 7.85, 4.15, 8.52, 5.42, 6.17, 7.51, 8.07, 7.71, 2.27, 7.26, 6.37, 7.01, 5.86, 6.60, 9.70, 7.14, 8.08, 6.97, 7.26, 6.05, 7.44, 6.52, 8.59, 6.72, 7.69, 6.97, 1.59, 7.09],
  xi_2515 = [1.14, 6.59, 0.99, 4.27, 0.99, 9.58, 0.92, 1.00, 6.81, 0.94, 1.12, 1.00, 8.53, 3.72, 1.06, 0.91, 5.47, 0.94, 2.03, 0.88, 0.79, 1.11, 4.90, 3.02, 0.87, 0.92, 0.94, 0.96, 0.98, 0.91, 0.87, 0.95, 7.00, 9.99, 0.92, 1.04, 1.73, 1.03, 1.07, 0.93, 1.08, 2.02, 0.85, 0.81, 1.06, 0.98, 1.16, 1.00, 6.12, 1.01],
  xi_2516 = [3.68, 3.57, 2.50, 5.44, 4.28, 3.79, 6.37, 4.08, 3.48, 3.39, 4.37, 2.06, 3.64, 3.76, 4.28, 5.99, 5.88, 4.11, 4.00, 2.86, 4.35, 3.74, 3.60, 9.46, 4.26, 4.43, 6.68, 3.37, 3.72, 3.79, 4.67, 3.47, 3.88, 3.79, 7.07, 2.80, 7.98, 3.00, 4.20, 5.60, 3.81, 4.76, 7.27, 3.96, 4.78, 3.39, 1.18, 3.49, 3.50, 4.22],
  xi_2517 = [9.64, 9.27, 10.91, 9.68, 9.15, 10.01, 8.45, 9.39, 9.63, 8.78, 8.34, 5.91, 5.00, 9.85, 11.20, 8.27, 8.19, 9.74, 8.11, 8.78, 8.12, 8.53, 7.47, 5.44, 7.21, 4.89, 7.01, 6.89, 8.54, 5.19, 8.40, 10.21, 5.75, 8.03, 11.82, 1.60, 9.92, 10.02, 9.74, 7.05, 2.46, 8.44, 9.34, 10.46, 8.68, 7.25, 8.34, 8.66, 8.77, 8.57],
  xi_2518 = [5.07, 5.00, 4.73, 4.26, 7.35, 4.58, 1.60, 5.30, 5.16, 5.00, 9.11, 4.04, 5.31, 4.86, 4.74, 1.59, 3.21, 5.54, 4.49, 5.60, 5.33, 5.60, 3.54, 5.56, 4.05, 6.91, 4.42, 4.05, 8.04, 4.81, 6.33, 5.29, 5.49, 6.78, 5.49, 4.61, 4.48, 5.03, 8.20, 4.68, 9.36, 4.66, 4.92, 4.06, 5.37, 8.95, 8.98, 5.50, 5.69, 5.67],
  xi_2519 = [11.14, 9.49, 8.93, 10.75, 8.00, 10.25, 10.30, 9.66, 3.00, 9.25, 2.96, 8.87, 9.35, 7.74, 9.98, 11.25, 9.94, 7.63, 9.31, 9.30, 10.34, 9.25, 8.26, 9.45, 9.69, 3.21, 6.10, 12.05, 5.72, 10.27, 9.47, 8.24, 9.08, 10.42, 11.76, 10.44, 8.30, 10.61, 1.23, 8.98, 8.58, 8.92, 1.36, 6.08, 8.90, 9.40, 12.22, 12.46, 10.92, 4.22],
  xi_2520 = [0.92, 0.99, 1.10, 0.93, 1.46, 0.97, 8.68, 0.96, 0.90, 1.29, 9.24, 2.79, 0.90, 0.96, 1.27, 1.18, 1.04, 1.02, 3.33, 4.75, 9.45, 1.01, 6.09, 1.04, 1.17, 1.06, 1.71, 8.15, 1.12, 0.90, 1.08, 0.88, 0.89, 1.06, 3.78, 0.91, 0.91, 1.00, 4.77, 5.39, 0.92, 1.12, 1.44, 1.04, 0.89, 1.23, 4.11, 1.18, 1.08, 0.99],
  xi_261 = [6.75, 7.85, 8.09, 8.16, 8.12, 6.34, 8.12, 9.78, 7.52, 7.96, 7.24, 7.89, 8.85, 6.82, 8.91, 9.48, 9.84, 6.36, 7.32, 2.84, 8.19, 6.61, 9.05, 8.70, 7.69, 8.14, 8.16, 6.99, 6.32, 8.11, 8.92, 7.86, 7.77, 7.59, 6.66, 8.21, 6.52, 1.88, 7.54, 7.94, 8.69, 8.96, 7.71, 9.25, 4.23, 8.36, 8.17, 7.65, 8.11, 4.28],
  xi_262 = [10.65, 9.16, 10.15, 9.74, 8.86, 6.47, 11.21, 9.54, 9.16, 9.64, 5.53, 11.47, 12.95, 11.17, 2.41, 10.44, 9.59, 9.83, 9.80, 4.66, 11.26, 11.08, 6.37, 9.64, 10.47, 10.86, 11.43, 9.57, 7.51, 8.95, 8.81, 9.06, 10.15, 9.86, 11.06, 10.73, 11.83, 10.95, 6.80, 8.54, 3.99, 11.08, 3.38, 11.76, 11.58, 9.27, 8.93, 4.30, 10.24, 5.68],
  xi_263 = [9.95, 5.71, 4.82, 5.96, 5.88, 4.88, 5.24, 6.35, 3.73, 4.85, 9.15, 5.23, 6.01, 6.28, 6.03, 5.23, 6.10, 9.73, 6.72, 4.91, 5.74, 4.85, 2.25, 7.41, 9.86, 5.21, 5.42, 7.98, 5.43, 5.68, 5.05, 6.75, 5.81, 6.81, 5.32, 6.51, 5.82, 4.55, 5.02, 8.25, 4.67, 5.68, 6.63, 8.46, 6.09, 5.29, 6.14, 4.85, 5.94, 6.61],
  xi_264 = [3.02, 9.42, 3.19, 3.23, 3.05, 6.85, 3.21, 8.78, 1.78, 2.44, 3.85, 9.80, 4.14, 3.15, 3.03, 5.97, 2.76, 6.24, 3.40, 2.98, 2.73, 6.71, 2.75, 2.71, 3.45, 3.19, 2.99, 2.94, 3.09, 2.71, 3.18, 2.81, 2.95, 8.66, 3.88, 3.79, 6.09, 2.63, 3.13, 3.10, 9.63, 3.07, 2.99, 3.12, 2.98, 2.88, 1.61, 3.13, 3.14, 2.79],
  xi_265 = [0.95, 1.02, 1.21, 0.86, 1.03, 0.99, 0.93, 6.34, 2.95, 3.81, 1.03, 0.97, 1.19, 3.66, 0.95, 3.17, 0.79, 0.84, 1.13, 5.87, 1.12, 4.60, 1.06, 0.93, 0.98, 1.07, 0.97, 1.01, 9.76, 6.29, 1.17, 7.25, 8.61, 1.15, 0.91, 0.93, 0.91, 1.06, 1.10, 2.64, 1.03, 0.98, 1.03, 5.98, 0.96, 0.95, 0.97, 0.92, 0.98, 1.01],
  xi_266 = [3.54, 3.73, 3.27, 2.71, 3.09, 3.08, 3.00, 1.52, 2.94, 2.82, 2.72, 3.37, 2.80, 2.79, 2.73, 7.57, 2.95, 2.43, 2.96, 7.81, 2.89, 3.50, 2.79, 2.65, 3.53, 1.66, 3.40, 2.93, 3.47, 4.27, 3.20, 2.88, 3.09, 3.32, 3.17, 3.37, 2.89, 3.43, 3.12, 3.19, 2.05, 2.86, 3.77, 2.78, 2.66, 2.61, 3.57, 2.68, 5.40, 2.41],
  xi_267 = [2.90, 3.10, 1.38, 9.04, 6.85, 2.85, 2.63, 3.11, 2.91, 2.96, 2.79, 3.27, 3.04, 2.74, 3.60, 6.06, 2.87, 2.70, 2.52, 4.14, 3.09, 2.97, 3.62, 2.39, 2.86, 3.22, 2.81, 3.37, 9.06, 3.44, 3.22, 9.52, 3.22, 8.46, 2.13, 7.73, 2.74, 3.46, 3.12, 2.92, 8.74, 2.68, 2.97, 3.27, 3.60, 3.22, 5.79, 3.78, 2.79, 2.57],
  xi_268 = [6.09, 3.60, 6.43, 7.16, 5.12, 7.69, 7.07, 6.71, 7.55, 7.90, 2.89, 9.98, 7.04, 7.38, 7.68, 8.83, 2.86, 2.28, 3.02, 6.53, 6.71, 4.29, 6.02, 5.92, 6.70, 7.45, 4.83, 5.62, 2.29, 8.50, 6.00, 8.94, 5.71, 3.52, 7.19, 6.30, 6.58, 7.30, 6.53, 5.64, 5.68, 6.84, 8.08, 4.28, 6.45, 6.79, 6.78, 6.18, 7.54, 6.48],
  xi_269 = [3.12, 5.28, 5.15, 5.14, 5.74, 4.49, 5.54, 5.26, 4.82, 5.01, 9.85, 4.30, 6.28, 2.81, 4.87, 5.85, 3.93, 2.97, 4.28, 1.12, 5.07, 4.02, 4.78, 4.75, 4.99, 5.93, 4.73, 6.31, 5.38, 6.41, 4.85, 1.04, 5.16, 5.14, 5.25, 2.17, 4.45, 4.88, 4.87, 4.92, 3.33, 5.16, 4.62, 4.54, 6.01, 6.43, 5.51, 4.48, 3.87, 4.65],
  xi_2610 = [0.81, 0.97, 0.92, 1.03, 3.11, 4.85, 0.98, 4.26, 7.49, 0.94, 3.02, 2.41, 0.88, 1.00, 3.76, 8.30, 4.93, 1.20, 4.16, 5.04, 0.84, 0.96, 1.00, 0.89, 0.91, 1.07, 1.09, 0.93, 7.10, 1.40, 0.90, 2.03, 0.99, 1.10, 1.17, 9.13, 0.97, 1.02, 0.80, 3.61, 1.16, 1.00, 1.12, 1.12, 1.11, 1.02, 1.00, 6.71, 4.02, 0.89],
  xi_2611 = [7.15, 2.66, 6.18, 6.57, 3.83, 5.61, 6.38, 4.10, 4.39, 7.13, 6.43, 7.05, 7.35, 5.93, 7.16, 5.99, 6.13, 7.18, 8.91, 6.56, 7.56, 5.11, 7.89, 6.77, 6.99, 7.37, 6.88, 6.90, 5.64, 6.53, 6.93, 1.36, 6.50, 7.88, 6.15, 8.63, 6.39, 7.99, 6.59, 8.25, 6.70, 6.28, 8.75, 7.31, 5.91, 7.23, 5.46, 6.70, 6.27, 7.08],
  xi_2612 = [8.08, 9.19, 8.79, 7.91, 5.09, 2.61, 9.74, 6.79, 8.96, 8.26, 9.89, 8.37, 7.51, 7.34, 4.06, 9.22, 8.72, 2.06, 7.74, 7.69, 7.61, 3.59, 4.68, 1.43, 8.81, 1.55, 8.14, 8.12, 9.57, 8.37, 8.13, 7.37, 9.46, 9.07, 8.51, 8.63, 9.19, 2.83, 8.87, 8.49, 6.93, 7.37, 7.10, 5.50, 8.74, 10.02, 7.87, 7.43, 8.17, 6.18],
  xi_2613 = [1.41, 1.63, 2.15, 3.87, 2.30, 2.12, 1.95, 2.19, 2.10, 2.07, 2.25, 1.87, 2.01, 2.27, 1.82, 2.01, 5.50, 8.13, 1.83, 2.12, 8.91, 8.69, 1.41, 2.06, 2.14, 7.80, 2.04, 9.15, 9.79, 1.97, 1.95, 1.26, 9.89, 4.03, 1.74, 8.26, 7.67, 2.10, 1.85, 1.83, 3.70, 8.87, 1.83, 2.23, 2.12, 1.80, 1.84, 2.22, 6.96, 1.51],
  xi_2614 = [2.24, 9.93, 9.46, 4.40, 10.32, 9.37, 9.96, 10.86, 12.76, 10.05, 10.46, 3.21, 9.52, 9.46, 9.60, 9.49, 9.68, 9.07, 10.31, 4.47, 9.09, 10.67, 9.46, 10.90, 6.04, 8.07, 9.47, 9.25, 11.34, 12.06, 7.70, 12.08, 9.20, 9.35, 8.46, 11.10, 7.94, 10.33, 8.80, 1.31, 9.69, 4.60, 9.27, 10.90, 9.08, 4.99, 10.66, 4.93, 9.49, 1.56],
  xi_2615 = [8.63, 9.96, 10.40, 9.26, 9.13, 9.90, 1.93, 5.63, 3.87, 8.20, 9.05, 8.13, 4.16, 1.91, 2.41, 5.94, 8.79, 8.27, 5.69, 9.71, 8.87, 7.26, 4.97, 8.59, 7.79, 6.39, 10.49, 9.20, 9.66, 7.11, 10.08, 7.58, 11.12, 8.43, 9.79, 1.06, 8.92, 2.34, 8.99, 9.45, 6.76, 8.55, 10.10, 8.95, 1.36, 8.66, 8.04, 8.24, 4.63, 8.83],
  xi_2616 = [1.14, 2.86, 4.62, 0.99, 1.04, 0.99, 0.99, 7.17, 0.96, 0.98, 0.91, 3.67, 1.20, 0.96, 2.77, 0.96, 0.94, 9.39, 3.85, 0.92, 0.95, 0.99, 0.95, 0.98, 0.98, 6.03, 1.16, 1.06, 1.32, 0.91, 1.08, 0.78, 4.85, 6.48, 1.15, 4.22, 4.26, 7.52, 0.95, 8.34, 2.75, 6.22, 0.96, 0.89, 1.02, 2.81, 9.55, 0.86, 5.71, 7.06],
  xi_2617 = [8.66, 4.28, 8.25, 3.98, 3.94, 3.99, 3.62, 3.82, 7.36, 4.88, 3.96, 4.10, 4.38, 8.07, 4.06, 2.96, 3.32, 4.57, 3.92, 4.24, 3.74, 3.98, 1.44, 3.86, 4.42, 5.60, 3.81, 4.02, 2.71, 4.50, 4.03, 6.91, 6.66, 4.86, 3.58, 4.25, 4.19, 3.45, 3.88, 3.23, 2.08, 3.57, 7.14, 9.62, 4.49, 4.01, 5.00, 4.76, 8.52, 4.30],
  xi_2618 = [1.78, 6.16, 7.21, 4.49, 6.01, 5.52, 7.31, 5.19, 7.54, 6.96, 5.17, 6.60, 7.25, 7.59, 7.20, 7.90, 6.93, 7.03, 1.98, 4.16, 6.26, 6.97, 6.00, 6.69, 5.90, 4.80, 7.21, 6.92, 3.03, 9.81, 7.37, 4.72, 7.12, 6.34, 6.82, 7.76, 7.64, 8.26, 8.04, 8.11, 7.10, 7.03, 3.14, 7.42, 6.58, 8.31, 7.83, 9.75, 9.36, 7.74],
  xi_2619 = [5.62, 8.04, 5.62, 3.94, 2.73, 5.62, 6.52, 5.08, 7.07, 2.56, 7.55, 8.97, 5.05, 5.10, 5.90, 5.99, 8.96, 5.63, 5.54, 5.18, 6.58, 4.94, 6.98, 5.18, 7.61, 7.03, 6.47, 5.58, 4.83, 7.11, 8.83, 6.52, 6.01, 5.70, 9.99, 6.87, 5.42, 6.06, 3.81, 6.19, 5.97, 5.70, 5.84, 2.94, 5.04, 7.43, 6.23, 1.49, 4.42, 3.38],
  xi_2620 = [1.38, 8.58, 1.95, 2.21, 1.85, 4.64, 9.86, 4.91, 2.18, 7.49, 2.20, 2.55, 5.17, 7.34, 2.15, 2.38, 4.66, 1.87, 2.20, 1.67, 2.15, 4.53, 1.92, 2.31, 9.52, 2.41, 1.97, 2.05, 4.78, 1.96, 9.94, 2.41, 2.03, 2.05, 2.13, 4.16, 2.60, 1.70, 1.72, 1.91, 2.39, 2.14, 1.86, 2.24, 1.94, 9.72, 7.40, 1.96, 2.04, 2.03],
  xi_271 = [8.37, 4.02, 5.96, 4.19, 9.05, 8.48, 8.46, 5.94, 8.39, 8.88, 7.16, 6.10, 7.52, 6.16, 7.65, 7.65, 7.42, 4.53, 8.32, 8.97, 4.50, 7.18, 7.16, 7.32, 8.41, 2.01, 6.93, 7.58, 7.69, 8.29, 4.17, 8.07, 8.84, 4.67, 7.35, 8.35, 3.07, 7.96, 8.55, 3.79, 5.96, 9.03, 8.05, 7.33, 8.09, 2.91, 4.95, 8.12, 8.58, 8.98],
  xi_272 = [6.29, 8.46, 8.26, 3.14, 8.30, 8.48, 8.26, 7.83, 8.72, 8.01, 8.60, 6.16, 8.36, 9.74, 6.88, 8.19, 7.08, 8.05, 6.26, 1.54, 7.90, 7.66, 7.02, 7.24, 7.70, 8.09, 8.02, 9.30, 3.77, 7.25, 7.75, 8.81, 7.97, 8.58, 7.90, 8.74, 8.07, 1.62, 8.27, 9.51, 7.71, 7.88, 2.30, 7.40, 7.32, 9.17, 8.42, 8.32, 8.11, 7.39],
  xi_273 = [10.18, 11.24, 9.43, 3.86, 10.01, 8.79, 7.17, 8.45, 10.34, 5.18, 9.90, 10.84, 8.87, 10.63, 9.58, 8.37, 8.67, 12.40, 8.97, 11.77, 5.11, 7.42, 8.39, 9.62, 9.26, 8.81, 6.72, 9.74, 9.96, 8.19, 1.71, 7.93, 10.97, 11.80, 10.64, 9.58, 4.45, 4.16, 9.99, 9.60, 10.15, 11.11, 9.24, 1.91, 9.87, 10.96, 11.81, 10.43, 9.25, 10.76],
  xi_274 = [3.35, 5.86, 4.96, 4.78, 2.52, 4.44, 6.21, 8.62, 5.25, 4.78, 3.96, 6.44, 4.48, 5.57, 2.09, 4.90, 5.36, 5.12, 3.86, 4.26, 2.57, 5.08, 4.87, 5.08, 5.20, 5.16, 6.20, 1.08, 5.51, 4.71, 8.95, 4.86, 4.76, 8.72, 4.75, 9.04, 5.07, 4.36, 2.96, 5.12, 9.29, 4.96, 9.17, 4.17, 4.36, 3.22, 6.13, 4.48, 4.77, 4.92],
  xi_275 = [7.32, 7.34, 6.74, 6.14, 2.85, 7.39, 6.04, 8.46, 4.68, 1.75, 7.93, 7.00, 6.30, 2.52, 7.38, 7.08, 9.92, 5.59, 3.27, 7.98, 7.64, 5.94, 6.13, 6.67, 5.28, 4.87, 2.90, 7.22, 8.53, 7.58, 6.34, 4.74, 6.55, 6.41, 5.65, 1.41, 7.27, 7.82, 9.03, 6.98, 7.66, 6.70, 6.80, 7.32, 9.36, 3.70, 7.49, 8.20, 7.75, 7.47],
  xi_276 = [3.97, 3.91, 4.42, 3.74, 3.85, 3.75, 3.77, 4.07, 9.33, 4.15, 3.59, 3.79, 3.61, 3.78, 4.00, 4.08, 3.92, 3.97, 3.75, 5.53, 4.97, 4.06, 3.74, 3.87, 3.76, 8.21, 9.27, 4.62, 3.98, 5.50, 3.95, 1.29, 3.67, 4.15, 1.63, 4.14, 3.38, 4.19, 3.35, 1.22, 9.25, 3.76, 4.54, 3.73, 4.10, 5.29, 4.15, 3.83, 5.10, 3.68],
  xi_277 = [5.24, 8.16, 2.20, 7.40, 3.76, 7.79, 7.01, 7.70, 1.14, 7.26, 7.62, 8.16, 9.37, 8.05, 6.95, 8.77, 7.94, 5.30, 8.15, 7.73, 8.88, 3.64, 6.40, 9.45, 9.58, 8.98, 7.95, 9.20, 7.54, 8.56, 7.98, 7.37, 8.99, 7.51, 9.51, 8.85, 7.40, 8.31, 7.29, 8.49, 4.27, 5.16, 9.07, 7.70, 6.99, 8.12, 6.85, 6.02, 9.34, 6.89],
  xi_278 = [9.85, 9.74, 10.68, 10.45, 11.32, 10.46, 12.19, 10.68, 9.74, 11.55, 9.62, 8.65, 5.09, 9.59, 8.60, 10.32, 9.58, 10.34, 10.91, 11.63, 8.19, 8.78, 10.50, 10.53, 3.57, 8.82, 9.62, 2.80, 9.72, 7.77, 9.02, 11.58, 10.20, 9.91, 10.47, 10.33, 2.42, 5.17, 9.19, 7.74, 1.88, 7.58, 9.01, 9.46, 5.18, 9.59, 10.67, 9.65, 9.98, 10.67],
  xi_279 = [9.28, 9.46, 1.97, 6.67, 9.23, 2.47, 9.75, 9.55, 3.21, 4.71, 10.59, 9.85, 7.89, 9.47, 11.89, 7.05, 9.92, 8.87, 10.38, 11.23, 3.52, 9.66, 10.69, 9.18, 11.24, 10.65, 8.71, 4.26, 9.16, 5.72, 9.71, 3.57, 3.33, 9.13, 10.69, 4.04, 10.97, 10.53, 9.21, 9.82, 9.26, 10.00, 1.86, 10.45, 10.43, 9.46, 8.61, 9.84, 11.45, 5.93],
  xi_2710 = [8.77, 8.25, 8.95, 7.44, 11.17, 8.56, 10.52, 8.74, 9.33, 9.64, 9.87, 10.87, 9.60, 8.30, 8.93, 1.79, 4.59, 10.15, 7.04, 4.03, 7.64, 7.86, 3.47, 9.16, 1.20, 5.87, 9.53, 10.79, 8.82, 10.04, 9.44, 8.42, 8.87, 8.42, 8.75, 8.65, 8.20, 9.44, 9.58, 8.25, 9.71, 9.81, 9.02, 4.22, 7.40, 9.22, 7.72, 7.47, 7.48, 7.90],
  xi_2711 = [2.33, 2.07, 1.88, 4.92, 6.21, 1.96, 2.03, 3.46, 1.91, 5.44, 8.35, 5.08, 5.17, 6.11, 8.87, 2.14, 1.79, 2.05, 2.22, 2.00, 1.97, 1.90, 1.74, 1.93, 2.10, 2.16, 2.24, 2.20, 4.26, 1.81, 1.34, 1.91, 1.73, 8.76, 1.82, 8.69, 1.81, 2.01, 6.71, 1.66, 1.93, 2.75, 1.92, 3.27, 5.00, 1.77, 2.15, 2.11, 1.74, 1.73],
  xi_2712 = [5.95, 1.71, 6.23, 6.28, 5.87, 7.02, 1.49, 1.16, 7.20, 7.13, 6.40, 6.64, 10.00, 5.54, 5.35, 5.45, 5.40, 6.00, 6.01, 6.86, 8.94, 6.81, 1.68, 5.84, 5.88, 6.29, 6.76, 5.71, 5.71, 4.40, 5.78, 4.26, 5.53, 5.48, 8.22, 6.44, 1.06, 6.09, 2.83, 4.68, 5.79, 5.85, 1.53, 6.43, 5.08, 6.41, 5.71, 5.78, 6.28, 5.27],
  xi_2713 = [3.84, 3.91, 6.31, 4.01, 4.31, 3.34, 3.05, 4.49, 8.68, 7.33, 4.05, 4.15, 4.18, 5.21, 3.79, 3.84, 6.01, 4.07, 4.29, 4.08, 4.61, 3.28, 3.73, 1.97, 4.55, 5.74, 8.06, 8.37, 3.91, 3.69, 3.35, 3.31, 3.67, 3.86, 3.55, 10.00, 3.84, 3.81, 4.48, 3.23, 5.65, 4.27, 3.09, 4.53, 9.93, 4.12, 3.48, 3.88, 8.43, 3.90],
  xi_2714 = [9.04, 10.30, 7.84, 6.83, 8.03, 8.87, 7.36, 8.58, 7.65, 4.54, 10.30, 8.15, 10.22, 8.79, 7.65, 8.22, 7.65, 7.55, 4.13, 9.34, 2.76, 5.48, 9.12, 8.59, 10.56, 8.63, 10.12, 2.71, 8.07, 7.59, 9.73, 9.90, 9.67, 8.65, 9.25, 1.06, 7.89, 10.42, 7.46, 8.08, 6.60, 9.77, 10.60, 8.14, 9.74, 6.98, 8.02, 9.73, 9.61, 9.68],
  xi_2715 = [6.43, 6.26, 5.04, 5.71, 4.69, 6.34, 6.36, 6.23, 7.83, 5.08, 5.56, 5.74, 5.04, 6.79, 6.03, 5.54, 6.61, 5.84, 6.08, 5.43, 6.45, 4.91, 7.53, 5.84, 8.00, 5.09, 6.32, 6.25, 3.70, 6.10, 5.81, 5.92, 6.49, 6.55, 8.40, 6.19, 5.49, 5.46, 5.59, 9.95, 5.37, 5.37, 7.19, 3.32, 5.38, 2.35, 1.81, 7.04, 7.09, 2.93],
  xi_2716 = [3.05, 2.25, 7.96, 3.92, 3.13, 3.06, 6.61, 2.65, 2.01, 3.04, 3.12, 3.41, 3.28, 2.77, 2.80, 2.90, 6.33, 7.01, 3.01, 7.43, 3.04, 3.18, 3.22, 5.10, 3.32, 3.01, 6.81, 2.33, 2.82, 2.72, 2.79, 9.86, 8.70, 6.07, 2.23, 3.09, 9.51, 2.73, 2.70, 2.74, 2.88, 2.96, 4.86, 9.35, 2.57, 3.44, 3.32, 2.69, 1.11, 1.48],
  xi_2717 = [4.93, 4.71, 4.05, 4.23, 3.70, 4.19, 3.97, 3.59, 1.28, 3.87, 3.59, 4.21, 3.44, 3.94, 4.93, 6.89, 5.03, 3.71, 3.71, 9.83, 2.96, 3.55, 3.98, 4.14, 5.51, 3.97, 4.87, 4.84, 6.06, 3.67, 3.76, 7.81, 4.81, 3.79, 4.58, 4.00, 4.30, 7.13, 3.78, 3.81, 4.13, 4.21, 3.53, 8.62, 3.65, 4.62, 4.25, 4.11, 4.34, 3.54],
  xi_2718 = [8.74, 10.58, 9.24, 10.30, 7.77, 10.05, 10.57, 10.60, 10.61, 8.98, 10.42, 1.50, 2.82, 2.10, 9.81, 9.78, 8.51, 9.13, 9.24, 5.34, 3.97, 11.14, 10.91, 1.83, 8.67, 8.67, 10.43, 10.43, 11.71, 9.32, 4.27, 3.69, 8.86, 5.59, 8.67, 1.78, 1.13, 2.50, 11.15, 10.73, 6.52, 1.20, 2.37, 8.80, 11.49, 5.00, 10.98, 9.88, 9.32, 8.26],
  xi_2719 = [8.51, 3.21, 3.02, 2.75, 7.80, 2.45, 1.41, 3.33, 6.43, 3.22, 2.73, 2.47, 3.15, 3.15, 3.70, 6.29, 9.81, 9.47, 2.39, 9.23, 4.80, 2.99, 3.00, 4.23, 4.53, 7.77, 1.98, 3.81, 6.58, 2.90, 2.95, 2.88, 3.49, 4.50, 2.80, 3.54, 2.94, 2.97, 2.78, 3.04, 1.67, 2.15, 8.64, 2.82, 2.66, 8.67, 2.77, 2.73, 5.63, 2.81],
  xi_2720 = [2.34, 2.50, 6.88, 6.10, 7.54, 9.23, 3.15, 3.81, 9.16, 6.07, 8.07, 5.48, 6.32, 6.25, 5.04, 8.65, 7.70, 6.23, 8.10, 2.85, 5.21, 7.61, 6.37, 5.33, 1.87, 6.30, 6.73, 6.41, 5.81, 4.89, 3.14, 6.86, 9.25, 6.04, 7.68, 5.16, 5.89, 5.45, 2.45, 5.06, 6.77, 5.97, 5.25, 6.54, 6.26, 5.64, 2.26, 6.06, 5.69, 5.22],
  xi_281 = [2.02, 2.28, 8.77, 2.17, 7.30, 1.70, 2.18, 4.73, 2.04, 8.06, 2.16, 7.55, 7.05, 2.09, 2.31, 2.16, 7.79, 2.04, 2.01, 1.88, 8.02, 6.04, 2.02, 4.69, 2.15, 6.61, 6.68, 2.01, 5.97, 9.36, 2.44, 8.91, 2.20, 9.45, 2.01, 8.94, 1.82, 5.33, 9.39, 5.89, 4.90, 1.81, 5.67, 1.78, 2.14, 2.01, 8.04, 6.94, 5.57, 2.10],
  xi_282 = [3.98, 6.27, 2.38, 4.58, 4.86, 2.41, 5.27, 5.16, 4.85, 8.84, 2.14, 4.68, 4.76, 1.70, 4.64, 4.23, 5.27, 5.24, 5.04, 5.88, 1.88, 5.28, 5.26, 4.92, 2.78, 5.25, 6.00, 5.09, 7.84, 7.00, 5.08, 2.55, 3.57, 4.94, 9.66, 4.73, 5.33, 5.10, 5.05, 1.47, 4.69, 5.54, 6.41, 4.95, 4.87, 5.29, 4.89, 6.21, 2.36, 9.51],
  xi_283 = [4.58, 3.85, 4.00, 3.99, 3.84, 3.67, 3.75, 4.26, 9.43, 4.64, 3.70, 1.05, 3.94, 3.95, 7.12, 4.41, 3.21, 3.82, 3.39, 6.53, 4.70, 3.98, 3.62, 4.51, 5.02, 8.24, 8.79, 3.76, 3.76, 4.37, 4.19, 3.67, 3.22, 3.92, 9.39, 4.30, 3.03, 6.55, 4.28, 3.78, 4.42, 7.99, 3.57, 4.66, 3.90, 1.03, 3.67, 4.29, 3.45, 3.94],
  xi_284 = [8.38, 3.22, 2.90, 2.39, 3.23, 2.81, 3.87, 4.63, 6.75, 2.66, 3.28, 8.95, 1.96, 9.88, 2.85, 2.89, 2.54, 2.86, 3.06, 7.18, 2.90, 2.67, 2.96, 9.43, 2.67, 5.03, 2.54, 3.10, 3.19, 8.99, 3.04, 8.25, 3.50, 6.44, 1.07, 4.10, 3.00, 3.65, 7.18, 6.27, 3.49, 6.34, 2.92, 3.08, 3.13, 6.25, 7.74, 3.24, 3.32, 2.78],
  xi_285 = [8.55, 7.86, 5.28, 4.00, 8.82, 9.41, 8.61, 9.08, 9.75, 8.87, 9.99, 9.80, 7.90, 9.28, 8.60, 8.13, 8.23, 6.40, 2.37, 7.94, 8.45, 11.25, 8.21, 8.37, 8.00, 2.16, 8.22, 4.30, 9.77, 8.40, 1.29, 9.95, 7.54, 4.66, 8.09, 9.81, 5.76, 9.95, 6.30, 10.80, 8.84, 9.17, 1.95, 8.70, 7.44, 2.04, 9.97, 8.45, 4.05, 9.99],
  xi_286 = [9.96, 3.67, 8.64, 8.44, 9.17, 9.14, 7.89, 6.01, 8.83, 7.44, 7.72, 7.17, 8.77, 7.74, 7.08, 8.23, 7.98, 9.11, 7.67, 1.77, 8.28, 7.39, 8.31, 3.03, 2.77, 8.45, 7.13, 5.77, 1.64, 8.63, 8.44, 9.41, 8.13, 9.73, 6.89, 4.91, 7.67, 3.96, 8.77, 6.64, 4.18, 6.45, 6.66, 5.96, 4.03, 7.98, 6.03, 3.38, 7.16, 8.43],
  xi_287 = [5.81, 5.32, 5.24, 4.66, 5.04, 4.50, 4.95, 5.02, 5.75, 5.40, 5.53, 4.63, 4.23, 4.06, 6.11, 4.53, 5.52, 3.91, 5.38, 5.78, 5.44, 4.90, 5.12, 5.92, 4.92, 8.86, 9.00, 4.59, 5.00, 5.29, 5.67, 4.35, 2.39, 5.25, 5.01, 4.98, 3.78, 5.59, 4.48, 5.56, 5.06, 4.15, 4.49, 4.76, 5.03, 3.64, 1.15, 9.49, 5.34, 1.98],
  xi_288 = [5.65, 1.98, 1.56, 2.17, 1.93, 6.58, 2.17, 1.80, 1.89, 1.95, 1.80, 1.59, 3.46, 2.03, 1.99, 2.08, 2.13, 2.05, 7.60, 2.03, 1.84, 3.20, 1.25, 8.00, 2.97, 1.95, 7.10, 2.08, 2.03, 2.07, 1.79, 5.71, 1.93, 2.24, 5.01, 1.93, 6.39, 2.35, 8.95, 1.76, 2.21, 2.09, 1.87, 2.16, 2.02, 8.43, 4.22, 2.15, 2.09, 2.04],
  xi_289 = [1.28, 0.94, 1.11, 0.97, 6.16, 7.19, 1.00, 1.33, 0.92, 1.06, 2.21, 4.05, 0.83, 0.94, 0.86, 0.74, 1.37, 0.84, 1.04, 1.20, 1.00, 1.12, 8.50, 1.24, 0.94, 1.03, 0.94, 0.96, 1.07, 0.79, 1.04, 9.30, 9.44, 0.90, 1.03, 0.84, 0.98, 4.22, 1.18, 1.12, 3.51, 0.94, 6.37, 8.24, 0.91, 1.07, 0.82, 4.81, 1.07, 0.99],
  xi_2810 = [4.96, 4.79, 4.64, 8.75, 5.41, 6.68, 9.86, 5.48, 4.41, 4.80, 4.94, 4.45, 3.42, 5.30, 5.02, 4.13, 3.93, 5.21, 4.87, 4.52, 5.33, 5.05, 5.78, 4.01, 4.49, 5.09, 7.17, 5.01, 3.05, 5.02, 5.36, 5.17, 3.60, 4.94, 3.94, 6.80, 5.05, 3.09, 4.49, 5.45, 5.54, 3.55, 7.81, 6.25, 5.38, 5.41, 5.46, 3.15, 4.42, 4.19],
  xi_2811 = [5.56, 4.86, 4.11, 4.32, 4.83, 5.76, 5.80, 4.54, 5.36, 9.30, 4.33, 2.55, 3.19, 5.67, 5.09, 8.06, 4.52, 4.82, 5.15, 5.62, 9.62, 5.24, 4.69, 5.44, 4.41, 5.37, 5.21, 5.13, 5.23, 4.88, 5.53, 4.55, 2.14, 4.46, 5.03, 4.49, 5.02, 4.70, 3.24, 4.80, 3.85, 5.97, 4.42, 8.76, 8.51, 4.84, 4.58, 5.02, 5.47, 4.79],
  xi_2812 = [4.21, 3.96, 3.61, 5.17, 4.45, 4.33, 3.78, 3.30, 3.79, 4.54, 3.72, 3.77, 4.60, 9.30, 4.37, 5.10, 4.05, 4.31, 3.78, 3.54, 9.87, 3.73, 4.02, 4.66, 4.76, 4.28, 4.12, 7.26, 1.08, 3.91, 3.88, 3.72, 5.00, 4.49, 4.42, 3.98, 3.86, 9.50, 4.27, 4.22, 3.96, 4.36, 3.50, 3.90, 3.93, 4.02, 4.40, 3.01, 4.12, 6.96],
  xi_2813 = [5.28, 4.88, 6.07, 6.89, 6.44, 6.59, 5.07, 2.82, 7.11, 4.88, 6.75, 6.14, 5.07, 5.09, 6.93, 5.91, 7.00, 6.06, 5.60, 3.56, 5.31, 5.86, 5.78, 6.49, 6.42, 5.68, 5.51, 5.76, 9.08, 6.72, 6.33, 5.06, 6.48, 5.57, 5.20, 3.81, 6.11, 3.64, 6.31, 5.90, 1.29, 8.19, 7.25, 9.66, 6.12, 5.95, 9.37, 6.34, 6.14, 7.81],
  xi_2814 = [6.22, 4.45, 9.51, 3.74, 8.67, 5.33, 5.80, 5.72, 8.86, 5.46, 6.47, 5.28, 5.03, 6.12, 6.41, 5.47, 5.88, 5.63, 5.42, 6.08, 5.58, 2.93, 1.65, 6.22, 6.83, 6.50, 5.64, 5.76, 9.32, 4.79, 5.53, 6.71, 6.11, 5.46, 5.43, 5.27, 6.85, 2.94, 5.52, 5.28, 1.92, 3.77, 5.77, 5.55, 6.40, 5.79, 7.68, 6.41, 9.99, 4.88],
  xi_2815 = [7.74, 8.12, 7.60, 7.97, 9.34, 6.68, 2.03, 4.08, 3.20, 2.10, 9.80, 7.28, 7.15, 2.22, 9.43, 5.93, 1.86, 5.88, 8.13, 6.40, 5.97, 6.53, 7.08, 8.51, 6.66, 7.16, 7.39, 6.21, 1.93, 7.37, 8.45, 7.38, 5.53, 7.26, 7.24, 7.34, 7.71, 7.56, 3.34, 6.54, 5.69, 8.21, 1.66, 4.69, 7.27, 7.93, 6.77, 8.44, 5.70, 7.54],
  xi_2816 = [6.82, 6.45, 4.83, 7.66, 7.20, 1.72, 4.19, 7.55, 3.69, 8.43, 6.16, 1.24, 7.08, 7.85, 9.86, 7.51, 7.44, 8.43, 7.07, 6.75, 6.30, 7.34, 6.64, 6.46, 7.79, 6.78, 8.08, 8.28, 6.58, 7.61, 6.33, 6.74, 6.80, 7.71, 7.06, 2.95, 6.82, 7.01, 5.84, 5.36, 9.58, 6.98, 6.18, 7.22, 7.28, 3.48, 1.69, 6.90, 7.37, 6.38],
  xi_2817 = [8.82, 7.65, 9.23, 6.27, 7.60, 2.15, 8.65, 8.03, 6.43, 8.59, 7.94, 8.44, 8.59, 9.42, 9.09, 7.87, 6.52, 6.52, 7.03, 3.37, 8.03, 5.81, 7.32, 8.61, 7.25, 8.12, 8.57, 7.20, 8.14, 8.02, 7.56, 7.42, 8.48, 7.39, 9.81, 7.49, 7.54, 9.11, 4.56, 7.57, 9.03, 7.98, 2.77, 2.63, 7.93, 8.39, 7.54, 9.54, 8.49, 7.69],
  xi_2818 = [10.18, 9.25, 8.97, 10.04, 6.00, 9.83, 10.02, 8.25, 7.65, 10.01, 10.82, 8.48, 8.61, 9.62, 9.87, 6.08, 9.25, 9.28, 9.77, 11.77, 11.42, 9.44, 9.77, 12.20, 12.13, 5.32, 10.32, 1.36, 8.67, 1.60, 9.12, 3.45, 2.86, 8.75, 6.17, 8.89, 7.09, 8.97, 9.47, 9.50, 1.29, 9.27, 10.37, 8.93, 10.37, 9.29, 10.43, 6.40, 7.64, 2.59],
  xi_2819 = [2.73, 9.98, 3.99, 3.47, 2.62, 3.36, 3.32, 1.90, 2.68, 2.79, 3.25, 2.59, 1.71, 2.86, 3.25, 2.46, 3.29, 2.87, 9.11, 2.01, 3.64, 2.97, 3.09, 3.36, 7.47, 3.77, 2.55, 2.91, 3.18, 6.02, 6.18, 2.85, 2.47, 8.35, 2.72, 2.65, 3.22, 3.54, 3.34, 3.33, 6.34, 2.89, 2.93, 3.49, 3.07, 2.90, 2.77, 5.18, 2.64, 7.94],
  xi_2820 = [0.95, 0.93, 7.27, 0.91, 6.22, 0.98, 1.12, 6.97, 0.98, 3.48, 0.89, 1.17, 0.98, 1.12, 1.00, 1.00, 5.35, 1.28, 0.95, 8.55, 4.94, 1.04, 1.20, 1.11, 7.60, 1.13, 2.27, 5.98, 8.67, 0.93, 1.08, 0.94, 1.64, 9.62, 1.21, 6.93, 7.83, 1.07, 1.03, 4.47, 0.87, 1.63, 1.01, 1.76, 5.64, 0.82, 0.83, 1.11, 3.47, 1.10],
  xi_291 = [4.82, 5.87, 4.32, 3.15, 4.99, 4.75, 5.45, 9.52, 5.22, 7.94, 3.78, 4.68, 5.31, 5.41, 4.75, 4.40, 5.02, 4.93, 5.02, 9.49, 2.78, 5.57, 5.05, 1.79, 6.37, 4.48, 4.98, 4.04, 2.32, 6.00, 5.08, 8.39, 4.89, 6.83, 3.75, 5.05, 4.03, 4.92, 4.71, 4.97, 4.76, 5.01, 5.34, 4.81, 3.97, 4.05, 5.33, 1.22, 4.65, 5.96],
  xi_292 = [5.35, 4.95, 3.61, 4.48, 4.83, 4.04, 3.23, 6.66, 5.73, 5.44, 4.39, 4.35, 5.48, 1.24, 5.50, 5.37, 5.88, 5.00, 4.52, 5.02, 9.64, 5.70, 4.53, 9.67, 5.07, 7.14, 5.54, 4.37, 5.33, 5.41, 5.31, 4.80, 4.75, 6.77, 4.84, 7.21, 3.13, 4.73, 4.92, 2.39, 4.96, 1.16, 5.63, 4.19, 5.11, 4.97, 5.57, 4.42, 5.44, 6.65],
  xi_293 = [4.62, 9.43, 3.48, 3.93, 1.34, 4.26, 4.49, 2.49, 4.24, 3.73, 7.44, 3.77, 7.17, 4.18, 7.48, 4.29, 5.67, 4.19, 3.80, 4.39, 3.74, 3.65, 9.19, 4.32, 4.47, 1.49, 9.51, 3.43, 7.42, 3.75, 3.62, 3.77, 4.36, 3.95, 3.77, 3.55, 4.20, 2.80, 3.63, 2.99, 3.80, 4.49, 2.01, 2.70, 4.85, 4.12, 5.45, 4.09, 6.53, 3.92],
  xi_294 = [2.03, 2.25, 2.02, 4.90, 2.01, 5.62, 1.79, 2.07, 2.32, 6.44, 1.27, 8.51, 2.03, 7.26, 2.11, 3.88, 1.57, 1.60, 2.09, 3.30, 2.12, 2.12, 2.13, 1.97, 1.86, 1.94, 5.33, 1.87, 3.93, 1.98, 2.00, 8.66, 1.98, 1.59, 2.12, 1.57, 2.06, 6.85, 2.01, 2.30, 2.01, 7.66, 8.88, 2.05, 2.16, 1.91, 9.65, 2.11, 2.14, 1.71],
  xi_295 = [5.82, 5.63, 7.83, 5.52, 6.52, 5.52, 9.89, 6.18, 5.46, 5.63, 7.09, 5.62, 7.66, 5.92, 6.41, 6.75, 8.26, 4.10, 6.52, 5.66, 5.27, 6.64, 2.04, 4.59, 6.17, 6.84, 5.58, 6.62, 6.09, 8.98, 5.91, 7.22, 2.29, 5.82, 3.67, 6.46, 9.28, 7.38, 6.57, 5.02, 5.88, 5.44, 5.41, 8.97, 7.94, 2.07, 5.07, 5.48, 8.66, 1.83],
  xi_296 = [7.62, 9.93, 6.96, 9.25, 9.93, 9.74, 9.39, 3.71, 9.21, 7.79, 8.56, 9.84, 6.28, 8.72, 7.89, 2.58, 8.85, 9.42, 8.66, 8.72, 7.57, 7.65, 10.07, 10.35, 7.20, 9.06, 10.13, 7.95, 10.79, 10.36, 7.08, 9.11, 10.65, 9.10, 9.10, 8.64, 7.87, 9.88, 5.17, 2.43, 8.93, 3.58, 8.00, 9.02, 8.08, 4.00, 9.77, 6.25, 10.26, 5.97],
  xi_297 = [4.33, 5.89, 4.00, 4.90, 4.84, 4.84, 8.21, 6.29, 4.39, 4.91, 5.57, 4.25, 5.11, 1.92, 5.24, 4.77, 8.20, 5.56, 5.09, 8.82, 4.79, 6.87, 9.37, 6.36, 1.32, 4.39, 5.17, 4.37, 4.55, 8.19, 4.75, 5.37, 4.33, 4.91, 3.06, 5.69, 9.95, 3.83, 5.12, 2.94, 4.80, 5.79, 4.72, 4.73, 5.04, 5.22, 5.27, 5.11, 7.06, 5.00],
  xi_298 = [2.88, 2.56, 3.20, 2.93, 9.21, 3.48, 3.00, 3.18, 3.01, 1.37, 3.40, 3.13, 3.09, 6.88, 3.08, 2.18, 2.60, 3.13, 3.44, 3.83, 2.91, 3.22, 2.35, 2.79, 5.63, 1.11, 2.78, 3.02, 7.28, 2.66, 3.18, 3.53, 3.25, 3.09, 2.86, 2.97, 3.13, 3.13, 7.04, 6.73, 1.39, 2.81, 2.84, 3.70, 2.53, 8.57, 3.51, 3.66, 2.91, 9.67],
  xi_299 = [8.88, 4.54, 10.14, 9.50, 9.36, 2.21, 7.75, 8.79, 9.22, 8.23, 9.58, 10.95, 1.21, 8.48, 2.71, 9.01, 8.83, 8.65, 8.94, 9.99, 8.28, 9.83, 10.65, 10.41, 3.04, 10.35, 10.51, 9.11, 5.92, 10.30, 9.94, 9.01, 9.45, 10.80, 9.74, 9.09, 6.49, 1.20, 3.60, 7.32, 8.61, 9.26, 9.34, 7.69, 8.42, 8.73, 8.90, 8.80, 7.99, 7.71],
  xi_2910 = [8.62, 8.95, 8.37, 3.27, 7.45, 9.24, 6.59, 5.08, 7.00, 5.78, 7.40, 8.55, 6.57, 8.14, 7.65, 3.50, 7.92, 7.58, 9.58, 9.69, 6.83, 7.84, 7.29, 5.81, 8.26, 3.41, 8.82, 9.17, 7.46, 6.79, 6.76, 7.32, 7.41, 7.46, 6.12, 1.88, 8.18, 9.71, 8.53, 8.55, 7.85, 8.99, 10.09, 9.20, 6.85, 8.22, 7.40, 7.72, 9.17, 8.75],
  xi_2911 = [4.73, 7.41, 6.66, 4.34, 4.08, 4.93, 5.59, 4.51, 1.99, 4.82, 6.06, 9.89, 5.49, 4.01, 4.47, 4.82, 4.90, 8.95, 4.72, 4.13, 5.38, 4.37, 5.17, 4.77, 4.88, 4.58, 2.86, 4.53, 2.34, 4.74, 5.04, 6.62, 4.55, 7.52, 5.25, 6.05, 5.43, 4.80, 5.16, 9.27, 8.53, 1.71, 4.76, 5.16, 7.96, 4.10, 7.68, 4.34, 4.64, 7.63],
  xi_2912 = [3.67, 4.28, 3.67, 3.92, 3.15, 3.86, 3.87, 3.61, 4.21, 9.46, 3.10, 3.73, 3.83, 4.27, 4.24, 3.83, 4.07, 4.76, 9.98, 2.13, 7.39, 4.27, 4.36, 3.68, 4.01, 5.59, 2.71, 5.69, 3.61, 9.08, 3.92, 4.15, 5.83, 7.33, 3.63, 3.07, 3.95, 4.16, 3.69, 3.42, 4.79, 2.80, 3.77, 3.06, 9.23, 7.79, 3.98, 3.68, 3.48, 9.76],
  xi_2913 = [5.68, 4.44, 4.93, 9.90, 5.55, 7.30, 2.03, 5.00, 5.62, 4.65, 5.40, 4.59, 5.13, 5.26, 6.05, 5.83, 4.09, 4.98, 6.06, 4.91, 5.70, 5.23, 4.49, 5.15, 8.51, 5.31, 2.28, 4.90, 4.94, 5.07, 5.26, 3.35, 5.36, 4.64, 4.28, 4.46, 8.69, 4.89, 5.27, 4.65, 9.22, 5.21, 5.08, 4.15, 6.90, 3.41, 7.22, 4.72, 8.60, 3.18],
  xi_2914 = [8.35, 5.46, 7.49, 7.15, 7.21, 7.80, 8.43, 3.29, 1.88, 8.82, 7.68, 8.88, 9.36, 7.53, 7.99, 5.74, 6.80, 9.63, 5.87, 8.29, 6.97, 5.05, 7.81, 8.29, 6.70, 2.73, 8.37, 8.35, 1.58, 8.80, 7.68, 8.79, 9.94, 9.57, 1.14, 7.00, 9.87, 2.93, 8.26, 1.52, 9.01, 7.06, 8.03, 8.29, 7.64, 6.92, 8.19, 8.41, 8.48, 3.36],
  xi_2915 = [7.46, 4.63, 7.85, 4.99, 4.36, 5.28, 9.27, 5.30, 9.80, 4.90, 5.00, 3.39, 5.05, 5.07, 5.52, 5.29, 4.79, 4.71, 6.78, 5.97, 8.79, 5.38, 4.61, 4.94, 4.93, 4.99, 4.35, 5.68, 4.94, 5.38, 4.48, 2.46, 8.27, 4.44, 7.62, 4.92, 4.93, 5.10, 5.55, 4.55, 5.13, 4.90, 3.63, 4.73, 1.86, 4.88, 5.55, 1.91, 4.78, 4.19],
  xi_2916 = [8.76, 5.49, 8.40, 8.90, 10.28, 6.48, 9.10, 9.50, 1.47, 8.69, 9.59, 11.15, 11.01, 8.65, 9.46, 6.60, 9.88, 8.97, 9.91, 10.55, 9.77, 8.51, 8.97, 8.90, 9.70, 11.47, 10.47, 3.89, 3.48, 8.36, 1.24, 10.89, 9.99, 9.63, 9.24, 11.56, 12.76, 7.34, 7.17, 10.26, 1.64, 1.21, 9.38, 7.13, 2.17, 9.64, 4.48, 6.75, 9.73, 8.63],
  xi_2917 = [4.98, 5.05, 3.35, 2.65, 2.94, 5.31, 2.79, 6.42, 3.25, 2.62, 3.04, 5.90, 2.51, 3.18, 3.15, 2.79, 3.03, 3.05, 2.57, 5.22, 2.53, 2.69, 9.08, 8.48, 3.25, 2.86, 3.22, 9.91, 9.18, 4.07, 3.52, 6.80, 2.97, 2.98, 3.07, 3.23, 3.30, 2.72, 1.98, 2.96, 3.11, 1.86, 4.35, 4.60, 1.43, 3.08, 7.32, 2.55, 2.89, 3.03],
  xi_2918 = [5.97, 5.18, 4.38, 5.31, 4.98, 4.15, 2.01, 3.15, 4.64, 5.49, 4.84, 5.20, 5.60, 4.68, 4.89, 4.85, 6.15, 5.15, 8.61, 4.41, 3.22, 8.76, 4.71, 5.06, 7.42, 5.14, 7.34, 4.65, 1.37, 5.55, 1.32, 4.02, 4.62, 4.43, 4.33, 4.68, 5.44, 4.87, 4.75, 7.87, 4.76, 4.94, 1.37, 5.11, 5.21, 5.71, 9.05, 3.99, 2.85, 5.06],
  xi_2919 = [5.30, 5.40, 4.35, 5.46, 5.17, 9.12, 7.61, 1.03, 4.51, 2.19, 4.69, 9.55, 4.29, 5.20, 4.94, 7.50, 5.35, 5.47, 4.67, 4.07, 5.11, 5.42, 1.51, 5.13, 5.06, 3.68, 5.37, 4.82, 4.61, 2.70, 4.92, 4.96, 5.41, 4.66, 1.26, 5.04, 5.12, 5.05, 4.26, 5.33, 6.08, 4.11, 4.99, 7.04, 5.52, 4.95, 4.94, 4.26, 5.87, 4.82],
  xi_2920 = [5.97, 1.33, 6.42, 4.32, 4.81, 5.60, 5.53, 5.48, 4.57, 6.53, 2.90, 6.59, 6.70, 5.12, 6.43, 5.36, 5.85, 5.03, 7.81, 6.81, 6.49, 6.88, 2.69, 6.87, 6.00, 7.25, 6.56, 6.17, 7.02, 5.92, 6.13, 5.59, 6.91, 6.13, 6.40, 6.65, 5.41, 6.24, 8.60, 1.30, 8.43, 5.93, 3.62, 9.87, 7.04, 6.50, 6.05, 6.88, 5.41, 7.25],
  xi_301 = [11.68, 9.22, 8.27, 5.57, 9.01, 11.21, 9.33, 8.88, 9.20, 8.91, 10.55, 9.40, 9.91, 9.96, 9.78, 11.12, 12.70, 10.45, 11.34, 12.05, 5.01, 5.28, 11.66, 8.63, 8.98, 5.07, 8.84, 8.53, 4.97, 9.52, 9.28, 11.13, 10.01, 10.76, 10.84, 9.79, 9.77, 10.51, 4.77, 10.46, 8.61, 9.93, 11.52, 10.75, 3.33, 9.14, 9.41, 9.38, 8.67, 10.48],
  xi_302 = [2.39, 2.79, 3.22, 3.70, 4.15, 3.47, 3.13, 7.59, 2.93, 3.33, 3.18, 2.78, 3.44, 6.25, 7.34, 1.96, 3.70, 3.48, 3.44, 2.96, 3.08, 2.42, 2.43, 3.80, 7.30, 3.28, 9.69, 2.97, 6.96, 2.60, 3.41, 2.77, 8.30, 3.60, 2.90, 3.14, 3.18, 3.03, 2.85, 2.77, 8.95, 9.50, 3.09, 2.87, 3.09, 8.59, 7.74, 2.80, 6.82, 3.12],
  xi_303 = [9.03, 6.62, 8.16, 6.69, 8.50, 2.83, 9.25, 10.25, 8.78, 8.76, 9.05, 9.60, 6.56, 11.02, 9.69, 7.80, 4.09, 9.27, 8.82, 8.56, 9.40, 7.09, 9.00, 3.15, 8.85, 9.65, 3.00, 9.87, 9.46, 9.09, 9.25, 7.24, 1.66, 2.53, 2.38, 9.20, 1.03, 8.72, 8.68, 7.54, 9.22, 6.09, 9.16, 8.41, 9.92, 8.82, 9.03, 7.96, 7.95, 5.45],
  xi_304 = [7.08, 7.26, 7.27, 6.54, 7.69, 7.91, 9.18, 6.61, 5.10, 7.34, 9.82, 7.40, 6.53, 1.89, 7.50, 7.77, 8.48, 1.09, 6.53, 8.50, 8.83, 8.46, 6.62, 6.67, 8.08, 8.08, 7.25, 7.65, 1.70, 7.27, 6.96, 7.01, 8.29, 1.25, 7.50, 8.43, 8.08, 8.11, 7.04, 8.64, 9.54, 8.01, 8.25, 9.62, 7.67, 8.23, 6.05, 7.55, 9.49, 2.64],
  xi_305 = [3.26, 9.72, 9.44, 3.48, 3.72, 8.08, 3.59, 8.38, 8.32, 10.15, 4.73, 8.97, 8.02, 9.88, 5.11, 9.12, 9.90, 6.07, 7.75, 7.68, 1.36, 8.14, 8.95, 9.21, 5.92, 4.13, 2.25, 9.64, 7.24, 8.82, 4.38, 6.12, 7.55, 1.17, 8.78, 10.42, 7.38, 1.90, 9.25, 3.10, 9.77, 7.39, 1.40, 8.83, 9.05, 8.83, 9.07, 7.92, 9.79, 8.78],
  xi_306 = [3.08, 9.72, 6.83, 1.98, 2.12, 1.70, 1.86, 2.20, 1.98, 2.24, 2.12, 8.73, 2.01, 7.04, 2.48, 1.72, 1.95, 1.51, 2.10, 2.10, 2.30, 1.84, 1.60, 1.82, 2.05, 2.12, 1.31, 1.62, 2.81, 2.13, 1.97, 1.91, 1.87, 1.82, 2.17, 2.02, 2.41, 4.21, 2.32, 2.44, 5.68, 1.98, 2.06, 1.80, 2.22, 2.35, 4.14, 1.94, 9.06, 4.18],
  xi_307 = [5.09, 5.15, 1.15, 5.38, 6.24, 6.08, 5.23, 5.61, 6.31, 6.65, 6.28, 6.21, 6.12, 8.78, 6.45, 6.03, 9.39, 6.32, 5.37, 5.88, 9.47, 4.00, 5.92, 6.78, 4.94, 5.42, 6.73, 6.01, 5.28, 6.51, 1.51, 6.39, 5.99, 5.78, 7.26, 6.01, 5.69, 5.63, 5.16, 5.53, 7.91, 6.31, 6.07, 1.24, 5.46, 6.37, 4.44, 5.90, 3.95, 6.45],
  xi_308 = [3.77, 3.54, 5.04, 4.79, 3.43, 3.92, 3.85, 3.59, 3.48, 4.23, 4.00, 4.35, 6.02, 3.64, 3.94, 3.34, 4.16, 6.34, 3.45, 7.53, 4.40, 4.07, 3.75, 8.65, 4.05, 3.04, 3.92, 4.55, 3.64, 6.79, 3.60, 3.80, 3.89, 4.07, 3.93, 3.58, 4.26, 9.44, 5.90, 1.64, 7.20, 4.05, 4.06, 3.95, 3.51, 4.37, 4.52, 3.88, 3.65, 3.07],
  xi_309 = [9.21, 9.02, 7.26, 3.52, 9.57, 5.13, 6.97, 8.64, 5.87, 9.16, 8.41, 1.92, 7.54, 8.01, 7.51, 7.65, 3.16, 8.65, 7.82, 7.44, 5.38, 7.81, 7.66, 6.50, 8.59, 8.23, 2.73, 4.01, 7.15, 9.05, 7.26, 6.53, 8.83, 7.70, 7.98, 3.21, 7.07, 7.84, 8.17, 7.35, 9.81, 8.67, 7.35, 7.49, 2.37, 8.11, 7.60, 7.06, 7.98, 7.41],
  xi_3010 = [3.20, 7.48, 3.31, 3.77, 2.41, 2.29, 5.91, 3.13, 2.72, 2.97, 3.07, 2.58, 2.70, 3.32, 3.35, 3.41, 2.57, 3.13, 4.61, 3.02, 2.81, 2.46, 2.78, 5.40, 6.71, 3.04, 2.82, 2.96, 2.32, 2.92, 9.37, 8.78, 2.92, 3.30, 2.99, 2.96, 2.83, 3.05, 9.85, 3.02, 2.62, 3.28, 3.47, 5.41, 2.03, 5.90, 2.28, 3.33, 2.91, 2.09],
  xi_3011 = [7.74, 8.21, 7.56, 7.26, 1.03, 2.29, 2.34, 7.19, 3.99, 7.21, 6.63, 7.10, 9.43, 1.74, 8.16, 8.53, 5.95, 7.66, 9.07, 5.86, 4.07, 7.32, 9.13, 8.07, 4.17, 6.14, 8.48, 6.28, 6.33, 7.50, 7.37, 8.49, 6.85, 6.42, 5.72, 6.20, 2.88, 8.34, 2.22, 6.51, 6.10, 6.74, 6.26, 7.14, 8.47, 5.25, 2.70, 6.29, 7.13, 6.57],
  xi_3012 = [8.99, 1.41, 7.02, 4.92, 9.21, 9.96, 4.44, 8.80, 8.19, 5.17, 2.26, 10.27, 9.72, 8.71, 7.12, 6.59, 9.25, 8.81, 7.84, 7.64, 2.59, 7.94, 7.23, 8.99, 5.29, 4.51, 8.48, 5.82, 9.07, 7.88, 6.33, 4.48, 6.99, 3.23, 8.21, 3.41, 10.20, 7.72, 7.88, 7.14, 6.42, 10.00, 2.17, 11.04, 9.04, 9.36, 7.39, 10.75, 9.17, 3.08],
  xi_3013 = [1.75, 5.91, 3.97, 5.38, 5.07, 2.50, 4.87, 5.01, 7.95, 5.04, 4.86, 4.24, 3.89, 5.06, 6.57, 4.69, 4.88, 4.92, 9.33, 4.85, 4.93, 2.51, 5.91, 5.58, 6.18, 4.73, 5.62, 4.62, 5.31, 4.63, 4.00, 8.64, 2.05, 2.91, 5.40, 9.44, 7.82, 5.47, 5.46, 6.25, 4.50, 5.61, 2.40, 1.23, 5.21, 5.04, 4.52, 5.06, 5.20, 5.65],
  xi_3014 = [6.09, 2.94, 8.60, 7.28, 7.49, 8.25, 7.54, 8.11, 7.18, 8.22, 8.20, 8.09, 8.16, 8.35, 8.47, 8.18, 7.10, 7.11, 7.68, 8.48, 7.74, 8.96, 9.85, 2.81, 8.72, 7.32, 7.52, 8.93, 3.46, 8.16, 8.19, 7.87, 6.95, 9.65, 8.38, 8.22, 4.11, 7.18, 7.09, 7.04, 7.40, 8.29, 7.42, 7.65, 8.05, 7.72, 9.61, 6.81, 8.41, 7.77],
  xi_3015 = [6.97, 6.37, 5.82, 4.84, 2.68, 5.58, 5.63, 4.71, 6.15, 5.13, 6.85, 5.25, 5.55, 5.74, 9.86, 6.26, 8.90, 5.57, 6.48, 5.34, 7.40, 5.91, 1.72, 5.15, 6.77, 6.37, 6.29, 4.32, 6.13, 6.02, 7.77, 5.70, 7.28, 8.28, 3.92, 1.37, 7.43, 6.52, 4.35, 6.10, 1.51, 5.68, 5.83, 5.37, 7.07, 5.01, 6.00, 8.52, 6.49, 4.15],
  xi_3016 = [9.70, 9.77, 2.88, 10.38, 8.85, 2.34, 6.27, 8.62, 8.54, 9.36, 10.15, 9.93, 10.92, 9.76, 9.67, 7.94, 10.07, 9.39, 9.77, 10.23, 8.68, 9.06, 3.68, 2.70, 9.34, 9.87, 6.51, 10.33, 3.73, 4.20, 9.68, 10.51, 9.51, 2.88, 9.15, 11.95, 4.69, 7.68, 7.43, 4.19, 7.18, 9.02, 8.35, 7.09, 11.96, 9.75, 9.61, 9.03, 8.16, 8.87],
  xi_3017 = [4.88, 4.50, 2.21, 5.72, 4.98, 5.34, 4.49, 3.41, 5.51, 5.05, 5.26, 4.53, 4.90, 5.49, 2.67, 5.10, 6.00, 4.42, 5.38, 3.50, 4.70, 5.36, 5.13, 1.37, 4.45, 5.27, 6.25, 6.18, 6.71, 4.95, 5.52, 5.08, 4.59, 4.87, 4.86, 5.01, 4.50, 5.91, 4.29, 4.79, 5.28, 4.40, 6.63, 4.65, 5.30, 5.07, 4.89, 9.42, 9.43, 5.43],
  xi_3018 = [5.10, 4.60, 4.98, 5.70, 4.83, 5.60, 9.00, 1.72, 3.64, 6.46, 5.11, 5.55, 4.95, 2.65, 4.70, 5.08, 5.35, 4.82, 4.47, 5.76, 9.22, 4.72, 4.69, 5.26, 4.14, 4.43, 4.76, 4.89, 4.14, 1.12, 6.75, 4.83, 5.33, 4.15, 5.36, 6.39, 4.42, 5.22, 6.02, 3.22, 2.76, 5.58, 1.10, 4.72, 8.20, 4.96, 5.38, 5.68, 5.04, 3.95],
  xi_3019 = [3.12, 4.71, 3.17, 3.31, 2.82, 3.83, 4.20, 2.74, 9.96, 2.95, 2.75, 3.18, 3.12, 3.35, 3.27, 3.00, 2.80, 2.81, 2.77, 1.88, 5.93, 8.78, 7.81, 7.56, 3.06, 3.01, 1.92, 6.64, 3.43, 2.09, 2.83, 4.68, 2.77, 8.88, 3.68, 3.25, 2.31, 3.05, 3.07, 9.55, 3.08, 3.08, 2.96, 2.79, 8.49, 3.49, 3.07, 1.00, 3.67, 6.96],
  xi_3020 = [10.27, 9.35, 10.77, 8.55, 10.19, 10.03, 2.43, 11.47, 9.69, 11.62, 10.63, 10.17, 11.96, 9.81, 7.45, 11.02, 10.73, 9.05, 9.03, 8.45, 8.95, 6.71, 8.42, 9.10, 10.79, 5.36, 10.28, 11.23, 9.93, 6.71, 10.35, 10.06, 10.71, 9.35, 9.42, 8.88, 8.98, 9.96, 11.31, 10.64, 10.15, 5.72, 11.50, 10.94, 9.88, 11.34, 2.04, 9.67, 9.86, 9.94],
  xi_311 = [3.48, 3.86, 4.87, 5.67, 4.10, 3.21, 1.97, 4.13, 3.56, 4.11, 1.22, 4.99, 2.67, 4.11, 3.52, 4.22, 4.42, 2.38, 5.87, 8.34, 4.10, 8.00, 1.84, 1.33, 8.00, 3.68, 3.62, 4.43, 3.72, 8.19, 3.84, 3.39, 6.49, 8.42, 5.05, 4.71, 3.62, 8.48, 4.48, 4.51, 5.07, 9.83, 7.81, 8.96, 6.35, 5.92, 9.75, 4.05, 4.03, 9.50],
  xi_312 = [2.46, 1.98, 2.22, 2.01, 1.83, 4.81, 3.43, 1.77, 1.91, 2.05, 2.22, 2.29, 1.63, 2.12, 1.89, 2.41, 2.03, 2.40, 1.93, 3.88, 2.36, 3.32, 2.40, 1.86, 5.50, 6.94, 2.10, 1.82, 2.37, 1.95, 1.88, 8.36, 8.74, 3.64, 1.70, 2.20, 1.55, 1.86, 2.29, 2.22, 1.73, 1.99, 8.32, 2.01, 2.16, 1.88, 2.07, 7.28, 8.67, 2.23],
  xi_313 = [4.62, 4.98, 3.89, 4.73, 4.09, 3.33, 3.45, 3.88, 3.51, 3.80, 3.70, 7.30, 3.92, 3.69, 4.52, 2.86, 4.18, 3.89, 3.73, 9.84, 4.26, 4.07, 3.30, 4.61, 9.96, 2.68, 4.86, 4.79, 4.34, 4.14, 4.20, 4.08, 4.10, 3.44, 6.30, 4.31, 3.91, 3.86, 4.31, 3.93, 4.58, 8.55, 9.91, 3.49, 4.64, 3.72, 1.78, 2.66, 6.63, 7.28],
  xi_314 = [7.92, 1.08, 0.88, 1.00, 1.11, 2.03, 0.92, 0.83, 3.49, 1.07, 3.43, 0.92, 0.98, 1.92, 1.02, 1.08, 1.16, 1.06, 6.70, 0.94, 1.08, 0.96, 0.97, 0.88, 0.90, 3.95, 3.24, 5.12, 1.16, 4.72, 6.58, 7.37, 1.47, 1.28, 0.97, 9.37, 8.57, 8.94, 1.88, 1.12, 1.05, 1.02, 9.68, 1.13, 9.12, 0.94, 0.84, 5.13, 1.12, 1.00],
  xi_315 = [4.83, 4.49, 4.87, 5.73, 5.50, 6.94, 8.44, 2.02, 8.06, 4.64, 8.69, 4.85, 9.62, 7.61, 1.63, 9.21, 4.63, 5.19, 5.53, 5.14, 4.01, 9.10, 6.06, 5.26, 9.55, 4.86, 4.72, 7.33, 5.15, 4.60, 5.35, 4.63, 5.65, 4.79, 8.00, 4.74, 4.99, 5.50, 4.62, 4.54, 4.70, 4.89, 2.62, 4.88, 6.20, 5.99, 4.88, 7.18, 4.44, 5.86],
  xi_316 = [1.05, 8.73, 3.99, 4.30, 4.34, 3.34, 3.59, 4.18, 3.86, 3.74, 3.94, 3.85, 4.10, 4.10, 4.56, 3.68, 4.06, 4.06, 9.70, 3.62, 3.96, 4.34, 4.22, 4.73, 3.82, 4.09, 4.24, 8.81, 3.79, 1.51, 4.85, 3.41, 4.36, 3.01, 3.67, 2.70, 1.00, 3.71, 4.51, 1.69, 4.16, 3.63, 3.72, 3.77, 4.09, 6.48, 2.08, 5.45, 3.75, 2.17],
  xi_317 = [7.79, 7.81, 7.85, 7.30, 7.01, 6.69, 8.00, 4.40, 3.26, 7.84, 8.41, 7.50, 3.32, 2.59, 7.93, 7.44, 5.86, 9.19, 6.38, 9.69, 7.36, 9.11, 8.42, 9.21, 8.71, 7.81, 7.65, 2.01, 8.59, 7.45, 9.64, 6.73, 8.81, 7.01, 7.64, 7.15, 7.95, 3.95, 8.24, 7.67, 8.10, 7.81, 8.74, 7.77, 8.00, 9.01, 8.58, 6.26, 7.68, 6.57],
  xi_318 = [7.63, 3.63, 1.84, 7.39, 10.28, 9.52, 9.98, 8.54, 9.12, 6.20, 5.06, 3.76, 9.70, 9.07, 7.20, 10.41, 7.06, 9.48, 7.58, 8.98, 5.41, 8.94, 9.60, 9.74, 8.67, 8.63, 7.32, 8.28, 7.94, 8.96, 7.40, 8.46, 8.11, 9.64, 9.21, 9.77, 8.13, 9.74, 9.42, 9.24, 9.91, 7.81, 8.29, 10.28, 9.99, 9.19, 7.02, 8.91, 8.88, 8.09],
  xi_319 = [2.07, 2.14, 2.29, 2.58, 2.14, 1.92, 1.67, 2.03, 1.45, 1.39, 2.23, 1.70, 6.04, 1.95, 7.31, 2.00, 1.87, 1.73, 2.01, 1.98, 1.91, 2.14, 1.66, 2.78, 2.30, 1.99, 2.35, 2.15, 2.12, 1.97, 1.92, 2.28, 2.11, 2.20, 1.74, 2.13, 2.18, 1.88, 1.86, 1.89, 1.73, 1.84, 3.38, 2.10, 9.27, 2.25, 2.06, 1.76, 5.09, 2.07],
  xi_3110 = [3.36, 1.11, 6.35, 5.21, 5.29, 5.08, 5.00, 3.25, 5.29, 5.36, 8.41, 4.74, 4.40, 6.92, 3.32, 9.48, 3.70, 4.91, 5.33, 4.86, 4.97, 3.76, 3.82, 4.50, 5.20, 4.26, 2.21, 4.26, 5.43, 4.54, 4.53, 6.90, 7.44, 4.96, 8.67, 8.82, 4.31, 4.61, 4.61, 4.55, 5.21, 4.53, 5.16, 8.31, 4.91, 5.21, 4.88, 4.50, 9.46, 5.38],
  xi_3111 = [2.66, 4.27, 3.78, 4.21, 4.48, 3.70, 2.16, 3.92, 8.68, 2.24, 3.38, 7.72, 4.73, 8.21, 4.32, 3.61, 4.57, 3.57, 3.96, 4.10, 4.32, 5.21, 4.10, 5.31, 7.95, 3.78, 4.09, 3.53, 4.60, 3.60, 5.61, 1.20, 3.05, 3.95, 4.06, 3.96, 7.12, 3.61, 3.40, 5.77, 3.92, 3.11, 3.98, 3.97, 3.31, 3.67, 2.50, 4.17, 3.82, 7.58],
  xi_3112 = [9.54, 3.41, 9.13, 9.48, 9.44, 2.50, 3.33, 2.84, 2.82, 3.10, 2.75, 3.28, 8.87, 7.84, 8.57, 4.35, 7.86, 4.62, 3.58, 6.03, 5.34, 1.02, 2.66, 2.85, 3.05, 9.51, 2.93, 3.24, 2.91, 5.02, 2.86, 6.90, 3.18, 2.48, 2.81, 7.81, 2.89, 6.47, 9.63, 9.82, 3.06, 2.91, 3.16, 2.89, 2.68, 3.05, 2.77, 3.50, 3.03, 3.06],
  xi_3113 = [7.65, 9.72, 9.04, 8.22, 8.93, 8.00, 8.07, 7.01, 7.78, 8.84, 8.74, 2.36, 7.42, 8.34, 7.71, 2.07, 8.76, 7.49, 1.45, 8.61, 7.36, 7.85, 4.49, 7.08, 8.36, 6.87, 8.88, 8.18, 7.44, 1.48, 7.42, 6.88, 7.28, 6.99, 6.47, 9.18, 4.89, 7.85, 4.96, 6.34, 5.58, 9.11, 7.82, 9.46, 9.42, 7.78, 7.69, 8.45, 3.55, 7.32],
  xi_3114 = [2.72, 2.96, 1.03, 3.00, 6.56, 3.34, 3.44, 2.97, 3.06, 3.43, 2.21, 2.97, 3.49, 2.95, 7.47, 3.18, 3.25, 2.87, 2.82, 5.63, 3.00, 6.91, 3.54, 5.89, 3.10, 3.19, 2.78, 2.92, 3.70, 3.20, 9.18, 5.80, 3.23, 6.35, 3.34, 1.22, 3.37, 6.04, 4.68, 5.04, 2.83, 2.71, 3.04, 4.53, 8.14, 2.72, 2.76, 6.58, 1.55, 3.00],
  xi_3115 = [8.83, 8.54, 6.50, 5.31, 6.52, 8.99, 8.52, 6.16, 11.39, 8.75, 10.04, 9.19, 7.77, 9.93, 10.76, 7.78, 9.38, 3.75, 11.02, 10.14, 6.61, 8.95, 2.68, 8.80, 7.54, 10.32, 10.64, 8.68, 10.12, 10.31, 11.33, 3.78, 11.24, 10.28, 9.93, 9.56, 9.15, 11.20, 9.94, 8.69, 7.51, 10.89, 10.31, 9.45, 8.90, 3.55, 9.65, 9.47, 9.67, 4.97],
  xi_3116 = [3.44, 3.09, 7.21, 2.91, 2.69, 7.63, 4.12, 3.00, 2.92, 7.00, 2.94, 2.28, 2.83, 4.42, 2.40, 2.23, 3.17, 1.21, 3.37, 3.29, 2.54, 3.17, 3.04, 3.38, 2.99, 3.08, 7.17, 9.05, 2.48, 3.36, 7.61, 3.01, 2.66, 2.81, 3.49, 2.59, 2.48, 2.83, 2.84, 3.28, 2.78, 6.90, 2.66, 2.51, 2.38, 8.11, 2.96, 3.02, 6.48, 2.61],
  xi_3117 = [6.36, 8.50, 2.56, 3.93, 3.02, 8.21, 2.96, 3.46, 7.77, 3.92, 5.30, 3.32, 2.76, 2.22, 7.06, 6.20, 2.52, 2.45, 3.38, 2.86, 2.66, 3.22, 8.13, 2.78, 3.08, 3.08, 3.13, 3.17, 5.12, 5.74, 3.04, 5.43, 2.81, 3.46, 2.82, 2.85, 2.66, 8.23, 3.09, 2.85, 2.93, 2.97, 5.04, 4.33, 3.04, 2.54, 2.45, 4.61, 9.07, 3.31],
  xi_3118 = [2.61, 11.06, 5.91, 8.71, 5.06, 8.66, 8.53, 5.76, 8.28, 9.14, 9.72, 4.22, 10.40, 7.90, 8.31, 8.51, 9.02, 2.65, 10.16, 8.73, 7.60, 5.80, 9.14, 8.46, 9.89, 7.12, 10.65, 1.49, 4.93, 7.62, 6.72, 8.02, 7.33, 9.32, 8.87, 8.52, 1.28, 8.51, 9.07, 9.94, 7.44, 8.02, 7.24, 8.58, 10.28, 9.79, 9.65, 7.84, 8.69, 8.56],
  xi_3119 = [1.13, 0.97, 1.07, 1.07, 1.26, 1.16, 2.47, 2.91, 8.19, 1.07, 8.66, 1.04, 0.99, 1.00, 6.99, 0.91, 1.14, 0.97, 1.07, 7.93, 1.06, 9.02, 1.20, 0.89, 1.66, 6.26, 6.39, 0.94, 1.04, 0.89, 0.87, 1.05, 1.02, 1.12, 4.70, 2.03, 5.65, 7.02, 0.84, 7.76, 1.12, 1.07, 0.95, 1.13, 0.93, 5.21, 6.54, 0.92, 0.92, 1.08],
  xi_3120 = [4.79, 8.96, 4.70, 4.83, 6.20, 9.54, 5.46, 4.96, 3.52, 5.01, 7.48, 1.72, 6.76, 4.96, 5.18, 4.53, 4.95, 4.85, 4.96, 4.68, 3.61, 4.42, 4.94, 6.21, 5.53, 4.57, 6.47, 5.57, 5.50, 8.07, 4.26, 4.74, 4.64, 4.77, 4.99, 5.27, 4.86, 4.09, 4.79, 4.24, 9.49, 5.56, 5.00, 2.14, 5.86, 5.50, 5.34, 4.57, 4.36, 9.38],
  xi_321 = [3.02, 4.34, 6.50, 1.25, 3.25, 3.11, 7.83, 8.59, 3.46, 3.12, 3.45, 2.50, 3.32, 6.47, 9.77, 3.17, 3.19, 3.33, 6.17, 2.69, 2.58, 3.20, 4.35, 2.89, 3.81, 3.04, 6.01, 6.51, 5.21, 3.03, 3.47, 2.93, 3.48, 9.51, 3.14, 3.08, 8.29, 9.33, 5.19, 3.21, 6.91, 2.81, 4.49, 5.34, 2.87, 1.30, 2.78, 3.55, 3.55, 7.39],
  xi_322 = [1.68, 1.92, 7.36, 1.91, 1.83, 1.78, 9.96, 2.08, 1.96, 7.72, 1.78, 2.11, 3.66, 5.33, 1.90, 1.69, 4.41, 1.83, 1.98, 2.15, 8.64, 1.90, 1.94, 1.92, 2.07, 1.83, 3.89, 3.55, 2.03, 4.62, 1.59, 5.57, 2.11, 2.02, 2.00, 9.53, 2.39, 2.09, 4.39, 6.98, 2.49, 5.87, 2.55, 6.08, 8.39, 1.22, 8.14, 1.92, 2.17, 2.74],
  xi_323 = [1.00, 0.89, 0.98, 1.41, 3.17, 4.45, 1.51, 0.96, 0.92, 0.97, 1.13, 1.17, 2.85, 6.73, 1.83, 9.01, 2.77, 0.98, 1.00, 2.43, 0.93, 1.06, 0.98, 0.95, 5.80, 0.83, 1.03, 1.11, 1.70, 0.98, 1.05, 3.64, 2.11, 8.07, 0.98, 1.04, 1.07, 3.50, 1.03, 1.03, 1.21, 0.90, 1.04, 3.84, 9.57, 1.65, 1.02, 2.97, 1.01, 0.95],
  xi_324 = [5.32, 6.59, 5.18, 5.39, 5.03, 8.21, 4.42, 3.40, 7.60, 5.38, 8.82, 4.52, 4.99, 4.88, 1.15, 5.58, 5.24, 5.66, 5.06, 4.82, 3.94, 4.88, 4.97, 4.27, 6.55, 4.07, 4.89, 4.45, 5.24, 9.28, 4.98, 4.64, 4.87, 9.90, 5.14, 7.92, 5.88, 3.85, 4.44, 2.07, 6.57, 4.80, 4.43, 9.99, 4.91, 5.97, 5.51, 5.75, 4.12, 5.81],
  xi_325 = [6.35, 5.67, 5.46, 1.21, 6.28, 6.92, 6.99, 7.25, 5.57, 7.12, 6.86, 4.54, 6.27, 5.41, 5.29, 6.28, 5.25, 5.81, 5.34, 2.29, 5.24, 6.17, 5.85, 6.20, 5.94, 5.92, 9.92, 6.66, 6.58, 3.03, 5.58, 4.93, 5.86, 5.71, 6.10, 7.14, 5.01, 5.22, 7.15, 4.11, 6.36, 6.13, 5.77, 5.49, 6.28, 6.71, 5.93, 5.56, 6.75, 5.57],
  xi_326 = [1.93, 2.44, 2.14, 1.92, 1.83, 2.14, 2.02, 2.08, 2.93, 2.34, 2.05, 2.29, 7.42, 1.84, 2.10, 2.26, 8.53, 8.22, 2.12, 1.81, 1.70, 1.82, 1.91, 1.86, 4.83, 7.27, 9.84, 1.96, 1.75, 1.71, 1.83, 1.98, 3.83, 4.10, 1.72, 1.85, 3.60, 2.32, 1.92, 9.59, 2.03, 1.91, 6.80, 2.20, 2.02, 1.72, 2.34, 1.98, 3.17, 2.07],
  xi_327 = [7.23, 3.66, 1.20, 1.05, 4.35, 0.93, 0.99, 0.92, 0.98, 0.94, 1.00, 1.01, 9.23, 0.92, 1.02, 5.75, 0.90, 0.97, 1.08, 2.30, 0.95, 6.73, 1.07, 7.11, 1.02, 1.08, 0.95, 0.99, 9.32, 1.10, 0.95, 1.19, 0.97, 3.94, 0.97, 3.94, 6.08, 1.04, 1.03, 0.97, 6.52, 0.92, 1.00, 1.11, 1.07, 0.96, 0.93, 0.93, 0.91, 1.20],
  xi_328 = [8.20, 10.64, 10.27, 7.71, 9.52, 9.23, 9.46, 9.66, 12.20, 7.94, 9.57, 10.90, 10.24, 2.39, 2.01, 8.10, 10.25, 9.48, 8.11, 7.59, 8.91, 9.65, 11.17, 9.07, 10.30, 10.62, 9.65, 8.30, 7.83, 9.66, 8.26, 3.90, 11.48, 9.94, 8.08, 9.67, 9.50, 9.35, 8.84, 9.94, 6.00, 6.26, 10.80, 10.11, 5.45, 11.26, 11.11, 6.12, 10.26, 11.13],
  xi_329 = [6.38, 3.96, 7.64, 7.24, 7.71, 7.90, 6.52, 7.07, 5.77, 7.92, 6.67, 2.28, 7.53, 7.59, 4.59, 2.86, 6.53, 7.53, 9.42, 6.34, 6.83, 6.33, 8.54, 7.09, 9.61, 9.08, 6.31, 4.54, 6.38, 2.60, 8.18, 8.28, 6.78, 7.30, 6.80, 2.40, 6.29, 6.84, 6.80, 7.83, 5.67, 7.18, 3.29, 7.18, 8.38, 7.04, 7.24, 2.59, 7.17, 7.85],
  xi_3210 = [4.89, 3.36, 1.10, 6.62, 5.63, 5.34, 5.81, 4.37, 1.75, 6.02, 5.56, 5.28, 5.07, 6.85, 5.73, 5.39, 6.37, 4.38, 4.55, 3.68, 4.89, 4.59, 2.12, 5.24, 4.91, 4.47, 5.11, 4.29, 5.33, 4.74, 4.91, 5.82, 4.81, 4.87, 5.40, 5.48, 4.22, 6.88, 5.46, 5.20, 5.11, 4.59, 4.60, 3.77, 4.97, 8.34, 5.23, 4.79, 4.48, 4.39],
  xi_3211 = [2.26, 2.07, 2.03, 4.54, 8.99, 4.75, 4.20, 4.78, 1.68, 1.87, 1.87, 1.88, 1.98, 1.98, 2.32, 1.90, 2.19, 4.24, 1.98, 1.79, 2.01, 4.33, 1.76, 4.20, 2.24, 2.08, 9.81, 2.18, 2.03, 3.00, 1.73, 4.78, 2.11, 2.11, 1.40, 2.09, 5.76, 1.92, 6.92, 2.04, 7.72, 3.03, 9.71, 9.52, 1.95, 1.84, 9.54, 7.62, 3.45, 2.22],
  xi_3212 = [7.84, 5.52, 7.17, 8.17, 7.08, 6.99, 6.88, 6.90, 8.03, 3.18, 5.65, 7.09, 7.92, 7.41, 7.87, 5.81, 6.58, 8.50, 6.91, 3.11, 6.16, 8.37, 6.19, 6.56, 7.18, 7.66, 7.51, 7.59, 1.96, 7.47, 6.57, 5.89, 3.53, 2.51, 6.32, 5.26, 7.30, 6.65, 6.68, 4.52, 6.06, 6.78, 1.76, 8.07, 7.01, 8.39, 6.71, 7.68, 8.96, 5.30],
  xi_3213 = [9.11, 2.12, 2.82, 8.23, 6.49, 7.17, 5.92, 5.92, 9.58, 8.68, 7.01, 7.58, 6.33, 7.01, 7.99, 6.71, 7.79, 8.92, 8.75, 6.67, 3.23, 7.99, 6.30, 8.34, 8.30, 7.43, 7.54, 7.09, 7.22, 1.08, 7.88, 9.33, 3.14, 8.25, 5.67, 4.23, 7.21, 7.79, 6.98, 7.97, 8.19, 7.08, 8.18, 8.20, 6.54, 3.47, 7.38, 9.53, 8.75, 7.84],
  xi_3214 = [7.72, 8.25, 8.95, 7.81, 7.72, 6.96, 7.70, 8.73, 7.13, 7.64, 6.75, 8.36, 8.14, 7.76, 6.15, 9.40, 1.04, 8.13, 9.21, 8.83, 9.81, 9.00, 9.60, 7.55, 9.48, 8.16, 7.69, 8.04, 8.57, 9.39, 7.15, 7.53, 7.18, 5.51, 6.87, 7.51, 7.50, 7.26, 6.23, 1.03, 2.78, 3.49, 8.67, 8.36, 9.69, 9.18, 4.00, 8.45, 4.60, 7.89],
  xi_3215 = [7.68, 7.33, 5.22, 7.60, 8.90, 10.47, 7.42, 7.90, 2.84, 8.48, 4.49, 7.07, 7.79, 6.94, 7.48, 7.25, 8.62, 7.81, 7.47, 2.24, 6.17, 9.81, 4.64, 3.47, 8.18, 8.50, 8.76, 8.88, 9.65, 6.70, 8.00, 7.73, 8.03, 9.07, 3.33, 8.31, 7.89, 8.70, 8.20, 8.89, 7.66, 9.55, 9.34, 8.18, 5.96, 3.10, 7.97, 4.23, 8.62, 2.95],
  xi_3216 = [3.16, 3.09, 3.34, 2.87, 3.26, 3.18, 3.10, 3.29, 6.64, 5.68, 2.76, 3.47, 2.60, 3.08, 2.59, 2.99, 3.44, 2.49, 2.96, 2.90, 2.96, 3.55, 9.00, 2.64, 2.89, 1.48, 3.45, 3.25, 2.79, 2.81, 3.45, 3.07, 6.15, 2.84, 3.00, 3.41, 9.86, 3.02, 2.24, 7.04, 3.73, 4.50, 3.39, 3.53, 3.22, 3.17, 2.75, 6.49, 3.34, 3.01],
  xi_3217 = [4.13, 3.77, 3.38, 2.87, 2.37, 7.69, 3.99, 4.49, 3.65, 1.53, 4.28, 3.83, 3.67, 6.41, 3.74, 1.10, 6.92, 3.66, 4.13, 4.20, 9.01, 2.84, 1.54, 9.72, 3.95, 4.01, 3.93, 3.54, 3.71, 4.65, 4.84, 9.06, 3.39, 9.83, 4.41, 4.24, 1.86, 4.56, 3.62, 3.80, 3.33, 3.52, 4.19, 6.75, 3.61, 3.90, 2.60, 3.73, 3.87, 3.55],
  xi_3218 = [7.26, 9.95, 10.21, 9.03, 3.79, 9.57, 3.06, 8.06, 7.78, 9.38, 8.14, 6.91, 7.69, 8.74, 8.88, 9.30, 8.14, 7.78, 5.11, 6.54, 8.77, 9.89, 8.95, 8.40, 7.52, 7.46, 10.14, 7.87, 7.76, 10.42, 3.46, 8.53, 4.26, 10.07, 2.86, 10.25, 7.69, 9.13, 11.40, 8.67, 8.88, 1.44, 4.26, 9.13, 10.65, 9.30, 8.21, 9.08, 9.04, 7.93],
  xi_3219 = [9.26, 11.68, 7.95, 8.06, 2.92, 2.04, 9.62, 9.63, 11.87, 10.86, 10.32, 11.01, 10.69, 8.93, 10.59, 1.31, 1.08, 10.32, 8.87, 5.59, 10.03, 11.24, 9.34, 5.98, 10.35, 10.67, 12.38, 9.85, 4.22, 1.87, 5.95, 5.43, 10.77, 3.25, 9.50, 9.31, 9.39, 10.09, 9.80, 10.64, 10.23, 2.42, 9.60, 8.77, 8.98, 9.63, 8.08, 10.78, 9.07, 2.17],
  xi_3220 = [2.18, 1.76, 2.19, 1.75, 1.81, 1.59, 1.95, 1.83, 2.08, 4.66, 1.74, 7.16, 1.85, 7.08, 2.28, 8.18, 2.06, 6.34, 2.31, 4.55, 4.79, 2.00, 1.95, 5.66, 2.15, 8.57, 2.10, 2.08, 1.70, 6.48, 2.01, 2.04, 1.95, 2.14, 9.15, 2.22, 2.10, 1.91, 2.15, 2.04, 2.46, 2.20, 3.84, 2.29, 1.98, 2.01, 1.89, 4.00, 4.00, 2.06],
  xi_331 = [1.25, 3.05, 2.80, 2.37, 3.07, 3.33, 2.92, 7.72, 7.45, 3.28, 3.26, 2.48, 1.88, 2.61, 6.50, 2.92, 2.27, 2.80, 8.17, 3.37, 2.95, 2.75, 2.68, 3.60, 2.47, 3.12, 2.71, 3.04, 6.75, 2.97, 5.97, 3.20, 3.11, 3.13, 2.97, 8.72, 3.52, 3.19, 2.90, 1.89, 2.65, 2.54, 2.86, 7.20, 3.06, 3.34, 2.49, 3.02, 1.66, 3.26],
  xi_332 = [5.16, 1.79, 5.49, 6.50, 2.42, 5.41, 5.38, 5.13, 5.69, 5.63, 6.21, 5.97, 5.17, 7.61, 6.58, 3.09, 5.06, 5.77, 7.64, 6.04, 6.10, 5.40, 6.45, 6.16, 4.43, 5.27, 8.65, 6.07, 6.00, 5.47, 6.64, 5.71, 6.70, 5.90, 5.73, 7.30, 6.57, 2.74, 6.37, 5.48, 5.62, 6.31, 6.33, 5.74, 4.94, 2.47, 9.90, 6.63, 5.10, 5.44],
  xi_333 = [3.17, 2.70, 4.59, 7.10, 2.99, 7.77, 6.12, 9.88, 3.00, 3.08, 2.84, 4.23, 2.54, 1.42, 3.37, 2.92, 3.34, 2.86, 3.73, 2.66, 4.99, 3.18, 8.76, 2.93, 2.44, 1.21, 3.53, 2.11, 3.48, 2.30, 3.40, 2.67, 3.10, 3.85, 3.32, 3.26, 3.20, 3.35, 2.91, 3.14, 3.18, 4.81, 2.86, 3.10, 3.65, 2.42, 2.49, 8.35, 6.12, 3.22],
  xi_334 = [6.78, 4.06, 4.69, 3.77, 4.22, 4.56, 2.97, 4.29, 2.31, 4.65, 3.73, 3.18, 4.49, 4.01, 4.65, 3.25, 7.43, 3.71, 3.48, 4.30, 4.67, 8.67, 3.65, 4.74, 3.78, 3.86, 4.11, 4.09, 3.79, 3.44, 7.17, 9.03, 4.14, 4.26, 3.93, 8.11, 4.08, 3.55, 2.91, 4.00, 1.85, 3.92, 6.40, 4.45, 3.97, 4.12, 6.63, 3.60, 4.49, 4.16],
  xi_335 = [3.00, 2.85, 3.01, 3.02, 3.07, 1.67, 2.85, 2.81, 6.08, 3.11, 3.30, 2.88, 3.44, 4.41, 2.95, 8.48, 4.82, 2.88, 6.23, 2.90, 6.14, 3.41, 3.07, 3.50, 2.94, 8.92, 3.61, 2.99, 3.04, 3.57, 2.51, 2.92, 3.19, 4.23, 3.17, 3.12, 2.79, 8.17, 3.79, 3.39, 7.21, 9.74, 8.94, 7.05, 3.51, 3.01, 2.93, 5.07, 2.77, 3.18],
  xi_336 = [1.11, 1.18, 0.92, 2.88, 1.10, 0.93, 9.62, 1.19, 0.92, 1.09, 5.18, 0.87, 1.00, 0.98, 8.97, 1.12, 1.00, 9.57, 1.06, 0.94, 1.06, 2.18, 1.10, 1.17, 0.93, 0.87, 1.02, 4.39, 1.03, 4.05, 0.86, 1.89, 1.04, 7.37, 9.03, 1.02, 5.37, 1.04, 0.85, 1.87, 4.07, 1.00, 1.07, 1.03, 3.03, 1.10, 9.12, 1.00, 3.69, 0.95],
  xi_337 = [4.52, 4.13, 4.16, 4.52, 4.06, 4.28, 8.46, 2.96, 3.33, 5.92, 3.80, 4.25, 1.38, 5.18, 4.32, 3.90, 3.74, 9.71, 3.70, 4.29, 4.39, 3.24, 1.32, 4.27, 4.05, 4.49, 9.86, 1.70, 4.16, 4.06, 8.46, 4.50, 4.25, 3.97, 2.90, 4.20, 7.64, 3.77, 6.36, 7.65, 6.22, 4.10, 4.27, 1.17, 3.88, 4.06, 3.90, 7.45, 4.52, 4.53],
  xi_338 = [3.40, 9.55, 9.06, 8.11, 3.72, 9.09, 6.99, 8.67, 7.84, 5.93, 1.64, 10.20, 9.97, 1.75, 6.56, 2.22, 7.90, 8.92, 8.26, 8.42, 11.41, 9.20, 7.86, 2.72, 7.94, 7.73, 8.91, 8.29, 10.63, 8.37, 10.38, 8.32, 2.72, 9.35, 1.78, 2.89, 9.92, 3.43, 8.90, 4.46, 7.15, 8.34, 6.35, 8.78, 8.56, 7.26, 8.01, 8.22, 10.04, 3.23],
  xi_339 = [4.19, 6.66, 5.25, 5.32, 2.11, 6.94, 3.48, 6.14, 5.53, 5.57, 5.92, 5.69, 4.18, 5.90, 5.79, 6.31, 5.85, 6.43, 7.04, 5.31, 5.28, 5.72, 7.85, 5.67, 6.12, 8.45, 6.89, 5.33, 6.52, 5.80, 4.14, 5.45, 8.68, 6.38, 6.04, 5.94, 6.06, 6.66, 6.40, 6.56, 5.99, 9.41, 6.61, 7.27, 9.40, 3.65, 9.41, 5.52, 4.92, 5.56],
  xi_3310 = [4.04, 4.01, 4.29, 1.24, 4.00, 3.74, 4.22, 4.22, 4.16, 4.21, 7.63, 3.90, 3.57, 4.35, 2.79, 4.48, 5.17, 5.80, 6.98, 3.65, 5.43, 3.98, 4.03, 3.49, 3.89, 4.12, 5.40, 3.90, 3.47, 4.07, 4.14, 2.74, 3.92, 9.42, 4.98, 8.43, 3.40, 3.70, 8.11, 1.82, 4.67, 4.02, 6.90, 3.12, 4.11, 6.89, 3.93, 7.04, 4.31, 6.89],
  xi_3311 = [4.32, 4.51, 3.14, 4.77, 1.99, 4.00, 3.39, 4.08, 4.67, 3.18, 4.48, 4.12, 3.53, 4.63, 3.52, 6.43, 6.69, 3.81, 4.11, 8.54, 4.19, 3.93, 4.52, 4.14, 3.84, 9.10, 4.10, 4.23, 3.26, 8.44, 2.81, 5.47, 3.45, 4.51, 4.14, 6.28, 8.75, 4.29, 6.99, 4.42, 4.45, 4.66, 8.14, 4.07, 4.16, 3.68, 3.92, 4.24, 4.10, 4.33],
  xi_3312 = [6.79, 8.18, 2.60, 6.54, 2.38, 4.71, 3.65, 6.11, 5.87, 6.12, 5.82, 4.03, 6.08, 6.65, 6.49, 6.63, 9.26, 6.19, 4.72, 6.02, 6.02, 6.00, 5.60, 5.69, 5.74, 6.00, 5.48, 5.42, 6.03, 7.19, 6.70, 6.30, 4.71, 5.91, 5.40, 5.20, 6.37, 9.64, 2.78, 5.52, 6.98, 7.63, 1.78, 5.31, 5.92, 5.33, 5.45, 6.65, 3.99, 5.94],
  xi_3313 = [4.33, 4.64, 4.68, 4.52, 5.03, 4.90, 6.02, 3.33, 5.27, 5.68, 6.43, 5.52, 4.10, 4.69, 7.26, 4.83, 4.94, 8.66, 8.95, 6.34, 4.90, 5.66, 5.11, 3.97, 5.38, 3.91, 4.64, 4.74, 4.81, 5.62, 2.19, 4.43, 5.36, 3.86, 4.67, 5.33, 1.34, 3.61, 4.13, 4.96, 5.26, 5.65, 3.00, 5.18, 4.95, 6.05, 4.45, 4.28, 4.83, 5.21],
  xi_3314 = [4.25, 4.91, 6.43, 5.27, 4.79, 5.22, 5.15, 4.29, 4.53, 8.74, 3.89, 4.99, 5.11, 5.27, 4.54, 5.30, 4.89, 4.76, 4.81, 5.08, 5.47, 6.39, 3.25, 6.31, 4.39, 4.35, 5.43, 5.87, 4.39, 5.05, 4.33, 8.73, 5.05, 3.03, 4.03, 2.72, 4.66, 1.38, 5.16, 5.30, 4.41, 4.90, 7.96, 3.14, 4.43, 4.37, 3.52, 5.07, 5.30, 3.27],
  xi_3315 = [6.68, 7.64, 4.89, 8.77, 7.63, 8.18, 1.04, 8.40, 7.94, 8.71, 5.41, 3.87, 9.07, 8.47, 9.10, 8.21, 7.81, 6.90, 5.21, 7.25, 8.04, 7.62, 7.76, 8.12, 7.23, 6.37, 7.76, 9.77, 8.12, 7.26, 5.53, 8.60, 8.83, 9.58, 9.42, 2.71, 1.19, 10.51, 6.50, 4.62, 4.81, 8.50, 6.98, 9.46, 8.29, 7.81, 8.01, 8.68, 8.46, 8.71],
  xi_3316 = [1.82, 1.75, 2.17, 1.79, 1.77, 2.06, 1.71, 1.82, 4.50, 1.97, 2.01, 7.91, 8.56, 2.11, 2.08, 2.09, 1.99, 1.71, 2.38, 2.15, 2.10, 4.01, 2.14, 4.42, 1.89, 1.89, 8.84, 1.95, 2.37, 1.42, 1.76, 6.69, 9.52, 1.81, 2.24, 1.84, 5.59, 1.70, 1.98, 1.55, 1.79, 4.96, 2.09, 1.83, 2.08, 2.42, 2.18, 2.07, 2.21, 3.07],
  xi_3317 = [9.19, 8.93, 6.81, 9.01, 2.38, 9.25, 8.14, 3.65, 4.83, 9.27, 8.58, 9.31, 8.40, 1.02, 9.03, 7.76, 9.59, 7.26, 1.53, 9.53, 5.56, 8.92, 1.50, 8.07, 8.92, 9.67, 5.09, 8.79, 8.81, 8.79, 7.31, 10.58, 9.21, 8.07, 8.12, 5.13, 9.72, 8.82, 2.06, 9.25, 5.26, 7.88, 7.21, 9.76, 9.94, 9.05, 5.56, 5.58, 9.76, 11.06],
  xi_3318 = [5.77, 3.56, 1.43, 4.13, 6.53, 5.11, 4.85, 4.94, 4.99, 1.21, 2.51, 5.43, 5.49, 5.38, 8.63, 4.09, 5.16, 4.33, 4.76, 5.74, 4.30, 4.51, 4.43, 4.89, 4.51, 9.04, 4.79, 6.08, 7.34, 4.62, 5.85, 4.26, 5.08, 4.81, 9.79, 7.03, 5.57, 5.71, 7.57, 5.61, 5.31, 5.16, 6.02, 5.37, 3.11, 5.04, 4.92, 5.41, 9.25, 4.18],
  xi_3319 = [3.46, 2.69, 8.31, 2.44, 3.71, 2.84, 2.99, 3.25, 9.61, 7.26, 2.74, 9.55, 4.95, 2.63, 2.98, 2.96, 3.53, 6.51, 2.98, 2.80, 2.89, 1.42, 8.27, 5.70, 7.73, 1.15, 2.98, 6.72, 2.92, 2.75, 7.81, 3.37, 5.11, 6.13, 3.04, 2.37, 3.02, 2.53, 2.95, 2.83, 8.44, 4.22, 2.68, 2.54, 4.42, 2.71, 2.13, 3.32, 3.23, 2.72],
  xi_3320 = [7.18, 9.28, 7.96, 7.82, 9.54, 2.51, 10.78, 5.59, 10.88, 8.40, 9.86, 9.32, 9.53, 8.75, 6.13, 8.28, 7.52, 10.51, 8.51, 9.93, 6.12, 8.62, 8.10, 1.22, 6.55, 5.30, 9.69, 8.32, 9.19, 8.79, 6.70, 7.69, 9.09, 9.05, 8.16, 5.20, 9.66, 5.53, 9.65, 9.10, 8.86, 5.56, 1.15, 11.39, 5.83, 9.66, 8.79, 9.91, 10.33, 8.39],
  xi_341 = [5.85, 6.88, 4.60, 6.49, 6.54, 7.53, 6.34, 5.22, 9.60, 5.55, 8.63, 5.99, 4.42, 5.63, 5.78, 5.55, 4.92, 4.74, 6.37, 5.42, 1.21, 5.46, 6.05, 4.46, 6.09, 5.38, 5.36, 6.20, 5.53, 6.63, 5.80, 3.28, 1.00, 4.97, 1.07, 9.23, 6.98, 6.58, 5.26, 5.97, 5.74, 3.48, 7.30, 4.91, 9.07, 5.90, 5.86, 6.88, 5.07, 6.52],
  xi_342 = [4.59, 4.00, 5.36, 3.76, 4.30, 3.58, 3.36, 4.75, 4.19, 4.06, 4.34, 4.51, 3.47, 4.16, 4.62, 3.98, 1.57, 3.92, 4.06, 3.82, 4.24, 4.02, 2.04, 3.44, 1.57, 4.11, 5.48, 5.91, 3.88, 4.10, 4.00, 4.58, 5.11, 3.29, 7.59, 3.92, 5.37, 4.16, 4.37, 3.65, 4.11, 5.99, 4.72, 3.63, 3.34, 4.34, 3.88, 3.75, 4.25, 8.09],
  xi_343 = [1.88, 2.03, 1.90, 1.93, 2.08, 5.07, 2.70, 1.85, 2.01, 5.62, 1.87, 1.58, 1.94, 1.98, 1.86, 1.86, 7.87, 1.92, 2.33, 1.90, 2.06, 1.79, 1.98, 5.83, 4.54, 2.01, 4.75, 2.41, 1.85, 1.95, 2.27, 1.97, 1.51, 1.75, 2.09, 2.11, 2.02, 1.77, 9.62, 2.02, 1.97, 5.74, 7.13, 5.12, 2.10, 2.00, 2.06, 1.97, 2.11, 8.29],
  xi_344 = [9.40, 1.87, 2.13, 1.87, 7.85, 2.51, 5.64, 3.68, 1.93, 8.56, 8.18, 1.82, 7.11, 6.69, 2.04, 1.86, 2.01, 2.21, 2.01, 2.12, 1.98, 3.80, 2.10, 1.09, 5.63, 2.08, 2.36, 7.62, 1.73, 1.99, 9.55, 6.42, 5.06, 2.99, 2.23, 7.45, 1.77, 1.65, 2.05, 1.99, 1.97, 5.33, 1.81, 2.03, 8.12, 2.21, 8.56, 8.43, 3.08, 1.98],
  xi_345 = [8.74, 6.41, 9.15, 8.29, 9.90, 9.19, 10.00, 2.16, 9.93, 6.20, 10.42, 6.30, 9.66, 8.11, 9.63, 8.75, 8.16, 8.70, 3.40, 3.76, 2.34, 5.31, 9.56, 2.58, 9.01, 10.26, 8.17, 2.49, 1.85, 9.56, 9.02, 9.71, 10.23, 9.44, 10.19, 4.11, 10.00, 9.54, 9.36, 5.53, 8.88, 8.90, 2.43, 10.89, 8.87, 4.89, 9.76, 9.22, 8.35, 1.01],
  xi_346 = [1.08, 8.38, 1.90, 0.89, 0.87, 0.90, 1.15, 0.79, 7.09, 0.96, 1.07, 8.46, 0.99, 0.90, 9.02, 0.94, 0.91, 1.03, 0.93, 1.12, 1.08, 1.98, 0.95, 6.52, 1.08, 5.36, 0.96, 1.02, 1.00, 1.10, 0.90, 1.04, 1.12, 0.82, 9.70, 6.67, 1.31, 1.95, 1.00, 1.20, 0.99, 6.95, 0.89, 1.17, 1.13, 8.39, 1.17, 1.22, 3.87, 0.95],
  xi_347 = [8.70, 7.78, 7.21, 7.74, 7.48, 7.79, 7.90, 9.48, 3.84, 8.71, 2.57, 6.63, 7.66, 7.98, 8.74, 6.51, 3.53, 8.93, 4.14, 8.02, 8.88, 7.44, 9.54, 9.01, 8.91, 5.73, 8.61, 7.61, 9.43, 8.56, 7.05, 7.88, 9.32, 9.68, 8.25, 2.92, 5.83, 7.37, 7.08, 7.71, 8.19, 7.49, 7.90, 8.35, 5.03, 6.93, 7.84, 8.12, 7.93, 6.65],
  xi_348 = [8.42, 10.22, 9.83, 8.51, 4.31, 10.51, 2.46, 6.22, 2.74, 3.57, 8.06, 10.94, 1.83, 9.10, 4.81, 5.56, 9.62, 7.33, 8.61, 9.21, 9.45, 6.55, 9.09, 8.89, 9.30, 2.13, 7.67, 1.15, 2.04, 8.98, 3.47, 9.65, 1.34, 8.20, 7.65, 7.16, 8.46, 2.23, 10.37, 8.36, 9.78, 8.99, 5.31, 6.12, 8.86, 8.30, 8.53, 8.40, 10.02, 7.13],
  xi_349 = [2.00, 6.41, 6.27, 8.11, 6.70, 7.08, 7.07, 9.76, 5.31, 6.55, 4.87, 3.25, 7.72, 6.06, 6.43, 4.30, 8.24, 3.69, 3.20, 7.02, 7.41, 7.15, 6.93, 7.13, 4.75, 8.99, 8.74, 7.04, 6.60, 6.83, 5.80, 7.21, 9.80, 4.08, 7.47, 7.15, 9.36, 7.68, 3.98, 2.58, 6.58, 3.27, 7.70, 7.95, 3.74, 7.28, 6.49, 6.68, 8.38, 7.86],
  xi_3410 = [5.47, 5.47, 6.56, 5.77, 6.43, 5.90, 6.40, 2.34, 5.71, 6.23, 6.13, 7.18, 7.68, 6.08, 5.99, 5.87, 7.19, 6.96, 6.22, 4.70, 5.97, 5.75, 7.04, 6.73, 9.71, 8.14, 1.25, 6.04, 5.74, 6.97, 7.81, 6.51, 8.65, 5.41, 5.47, 5.83, 5.89, 1.50, 6.20, 6.76, 4.56, 5.98, 6.15, 8.18, 6.63, 9.15, 9.66, 5.36, 5.19, 5.93],
  xi_3411 = [7.04, 8.50, 7.63, 5.15, 8.16, 8.84, 7.11, 7.89, 3.47, 7.85, 9.35, 7.32, 7.11, 8.81, 6.53, 6.28, 8.05, 5.46, 8.18, 6.40, 8.36, 7.66, 7.67, 8.11, 9.01, 7.74, 8.30, 5.85, 5.73, 7.17, 7.57, 9.22, 9.21, 3.92, 7.71, 7.79, 5.71, 7.92, 8.35, 8.26, 5.82, 7.70, 6.00, 4.36, 9.03, 7.47, 7.60, 8.88, 7.63, 8.54],
  xi_3412 = [8.40, 9.28, 9.15, 7.47, 4.17, 7.33, 1.44, 1.25, 8.16, 9.12, 8.57, 7.71, 9.21, 3.37, 8.79, 9.63, 2.91, 9.05, 9.09, 9.34, 8.94, 8.00, 8.32, 8.82, 9.89, 8.81, 3.33, 7.94, 7.55, 8.27, 7.13, 8.14, 6.32, 7.99, 8.39, 8.57, 9.46, 9.45, 11.05, 9.76, 9.91, 10.53, 10.40, 9.66, 4.26, 1.65, 8.93, 8.86, 9.65, 8.77],
  xi_3413 = [2.42, 2.01, 1.92, 2.20, 1.81, 2.06, 1.77, 1.72, 2.17, 2.08, 5.21, 1.96, 5.73, 3.24, 7.01, 2.54, 1.98, 2.43, 2.06, 2.37, 2.35, 5.89, 2.23, 2.14, 1.81, 1.86, 1.89, 2.99, 1.95, 1.83, 1.96, 5.22, 1.41, 2.06, 1.93, 1.69, 2.24, 2.26, 1.83, 2.48, 2.00, 1.78, 2.15, 1.91, 2.17, 2.15, 2.14, 8.05, 1.85, 1.98],
  xi_3414 = [8.19, 1.72, 6.81, 5.84, 5.17, 5.59, 9.58, 4.84, 5.69, 1.31, 6.82, 4.52, 3.24, 6.66, 5.39, 5.27, 5.16, 4.01, 9.64, 2.18, 5.34, 5.13, 5.67, 7.69, 2.61, 5.70, 7.18, 6.89, 6.20, 4.69, 6.42, 9.20, 5.14, 5.84, 6.63, 5.90, 1.84, 6.42, 7.40, 6.22, 6.90, 6.08, 5.70, 5.65, 5.35, 7.06, 6.37, 1.44, 5.57, 5.25],
  xi_3415 = [9.90, 1.57, 8.54, 8.59, 6.59, 7.77, 7.29, 6.36, 9.47, 9.21, 8.46, 9.43, 9.51, 1.86, 7.90, 8.86, 9.29, 8.65, 1.51, 9.97, 3.57, 8.98, 8.32, 9.14, 8.85, 5.61, 8.62, 9.62, 10.48, 9.01, 9.94, 8.71, 10.39, 11.23, 7.71, 8.00, 8.04, 9.41, 8.55, 10.11, 8.13, 3.24, 7.51, 8.32, 8.61, 10.00, 8.33, 8.29, 4.95, 5.42],
  xi_3416 = [7.85, 7.32, 7.69, 8.27, 7.35, 6.70, 8.11, 2.73, 7.05, 7.65, 9.04, 8.00, 8.27, 5.67, 4.85, 9.10, 6.81, 7.68, 7.35, 8.93, 9.26, 5.26, 7.88, 4.50, 7.08, 9.10, 4.05, 7.09, 7.22, 8.50, 7.55, 7.92, 6.74, 8.39, 8.13, 6.76, 2.78, 4.19, 7.95, 7.86, 7.90, 8.10, 1.12, 6.95, 6.73, 7.23, 8.71, 7.51, 8.07, 4.73],
  xi_3417 = [0.90, 0.98, 9.06, 1.12, 6.55, 0.94, 1.12, 0.84, 0.95, 0.83, 1.04, 0.95, 8.00, 1.05, 1.10, 0.72, 1.10, 0.96, 8.83, 0.91, 8.54, 0.85, 1.10, 0.85, 6.32, 4.28, 1.04, 4.35, 8.55, 1.05, 0.93, 0.89, 1.31, 1.22, 8.66, 0.98, 5.94, 3.94, 0.81, 1.07, 0.90, 0.94, 1.00, 4.15, 1.01, 0.91, 6.97, 1.06, 1.00, 0.84],
  xi_3418 = [4.48, 4.19, 4.67, 4.15, 9.35, 4.43, 3.88, 3.56, 2.96, 3.58, 6.33, 4.34, 3.46, 3.88, 3.47, 8.79, 4.39, 4.56, 4.07, 5.52, 4.22, 4.14, 1.28, 4.16, 3.98, 4.48, 4.05, 2.98, 5.96, 4.26, 5.59, 3.89, 4.35, 3.88, 3.20, 4.45, 2.51, 3.98, 3.99, 3.96, 1.87, 9.47, 1.74, 4.33, 3.34, 4.33, 8.75, 4.11, 3.74, 9.20],
  xi_3419 = [5.16, 7.38, 0.94, 1.08, 5.80, 5.65, 1.09, 2.98, 0.91, 5.01, 0.80, 8.22, 0.96, 3.64, 1.03, 0.98, 6.82, 1.03, 0.94, 1.02, 0.97, 1.23, 1.03, 0.96, 1.03, 1.00, 0.96, 0.99, 1.02, 0.96, 7.06, 6.75, 1.12, 8.58, 5.72, 4.17, 1.10, 2.76, 0.89, 1.19, 1.02, 1.01, 0.97, 1.12, 2.79, 0.95, 1.06, 0.97, 0.98, 8.39],
  xi_3420 = [8.29, 0.96, 0.93, 4.05, 1.05, 0.98, 0.84, 0.98, 1.04, 1.21, 0.98, 0.92, 1.06, 1.01, 1.06, 1.07, 0.94, 0.97, 3.70, 0.96, 1.12, 0.87, 1.21, 1.03, 0.96, 0.94, 1.90, 1.10, 1.11, 3.56, 0.92, 0.87, 2.47, 0.92, 0.96, 1.03, 1.10, 1.13, 2.39, 1.28, 1.02, 3.72, 0.97, 0.88, 1.13, 0.92, 1.04, 1.16, 6.84, 0.74],
  xi_351 = [4.30, 1.94, 6.49, 1.99, 2.64, 1.79, 2.45, 1.44, 1.96, 1.95, 1.76, 2.54, 2.29, 5.45, 2.02, 1.88, 2.32, 3.86, 2.12, 2.21, 8.31, 1.78, 2.20, 1.79, 2.23, 2.17, 2.86, 1.73, 1.88, 1.63, 5.62, 2.08, 8.35, 2.52, 8.44, 8.46, 2.25, 1.19, 1.86, 5.34, 2.13, 2.04, 1.67, 2.07, 2.19, 2.29, 1.69, 2.09, 2.21, 5.78],
  xi_352 = [10.15, 9.76, 9.61, 5.26, 10.43, 6.34, 11.28, 10.27, 10.45, 10.59, 11.06, 5.05, 9.28, 10.38, 10.54, 8.21, 9.24, 7.70, 8.52, 9.27, 9.38, 9.74, 6.99, 10.98, 8.96, 9.15, 9.63, 3.45, 10.94, 9.66, 12.01, 7.55, 8.21, 9.06, 9.03, 9.13, 10.26, 7.54, 9.81, 11.16, 13.09, 8.56, 5.64, 7.72, 8.63, 1.65, 8.68, 10.45, 1.68, 4.84],
  xi_353 = [7.79, 2.33, 6.82, 2.18, 3.73, 2.38, 2.07, 1.32, 2.14, 4.45, 5.68, 8.49, 2.31, 1.94, 2.16, 6.13, 9.31, 8.72, 2.38, 2.00, 2.12, 7.03, 3.59, 1.87, 3.37, 4.54, 2.02, 2.41, 2.19, 9.17, 1.34, 2.00, 2.16, 2.36, 8.17, 1.80, 4.02, 1.01, 7.68, 6.40, 6.72, 7.29, 2.11, 3.84, 2.12, 1.03, 1.84, 5.20, 2.00, 4.31],
  xi_354 = [7.68, 8.82, 8.50, 9.73, 10.27, 5.22, 11.15, 9.48, 9.31, 9.96, 10.53, 4.12, 10.42, 9.97, 8.53, 1.10, 10.09, 10.26, 10.71, 10.33, 8.90, 3.13, 11.14, 9.78, 9.00, 10.33, 4.97, 10.29, 10.25, 10.74, 9.35, 12.51, 11.34, 9.17, 10.55, 10.79, 5.84, 1.56, 10.68, 10.33, 9.16, 9.75, 9.15, 8.58, 9.54, 11.07, 8.80, 9.11, 9.10, 10.10],
  xi_355 = [4.14, 6.84, 2.21, 2.21, 2.05, 2.26, 2.07, 2.33, 6.67, 2.09, 2.33, 5.72, 2.08, 2.13, 1.84, 3.96, 1.73, 1.95, 1.94, 4.45, 1.78, 4.32, 2.05, 8.10, 7.32, 1.89, 1.74, 2.25, 8.18, 1.79, 2.40, 7.87, 2.22, 2.00, 1.94, 2.46, 2.12, 2.33, 2.28, 2.30, 2.20, 1.77, 2.01, 2.10, 2.00, 2.35, 1.99, 1.96, 2.05, 2.16],
  xi_356 = [7.58, 8.28, 10.62, 10.92, 10.33, 10.55, 10.89, 9.48, 5.47, 11.97, 9.91, 4.02, 8.98, 2.09, 9.28, 9.35, 8.45, 8.57, 10.56, 9.83, 9.12, 8.97, 5.78, 10.12, 10.84, 10.26, 9.67, 5.84, 2.13, 9.18, 2.11, 1.58, 8.85, 11.27, 4.17, 5.70, 9.44, 11.88, 6.25, 6.56, 10.99, 8.98, 10.42, 9.37, 8.52, 9.99, 10.00, 10.16, 12.03, 8.85],
  xi_357 = [3.87, 2.13, 4.32, 2.21, 4.53, 3.80, 3.81, 3.81, 3.58, 1.01, 4.16, 4.02, 8.20, 1.33, 3.89, 4.22, 3.56, 4.00, 3.30, 4.11, 6.96, 2.67, 3.96, 3.77, 4.57, 3.92, 7.72, 4.25, 3.98, 3.71, 4.13, 3.81, 4.54, 4.39, 4.07, 3.79, 4.15, 9.72, 3.31, 3.87, 4.59, 4.26, 4.41, 3.42, 4.33, 3.90, 1.32, 3.80, 3.67, 3.73],
  xi_358 = [4.67, 4.61, 5.44, 4.50, 5.82, 4.35, 4.24, 9.42, 2.83, 5.26, 6.40, 4.25, 4.56, 4.84, 5.10, 4.35, 6.38, 5.31, 7.17, 4.99, 5.22, 2.86, 9.61, 4.31, 4.24, 5.28, 5.28, 4.29, 5.52, 4.49, 5.29, 5.14, 8.31, 5.32, 1.78, 4.95, 5.10, 5.67, 8.88, 5.87, 5.19, 4.22, 7.71, 4.95, 4.46, 4.48, 4.79, 5.80, 7.98, 5.42],
  xi_359 = [4.47, 4.38, 3.46, 3.08, 4.10, 4.24, 4.50, 3.66, 4.12, 4.89, 4.78, 6.09, 4.53, 4.58, 6.79, 4.19, 4.04, 3.49, 1.73, 3.70, 3.93, 7.77, 4.67, 3.92, 4.57, 4.05, 4.39, 3.72, 3.65, 3.60, 3.30, 4.93, 3.48, 1.54, 3.89, 4.40, 4.15, 4.45, 2.20, 5.32, 4.24, 7.73, 4.01, 6.92, 3.97, 8.15, 5.92, 4.08, 4.14, 3.92],
  xi_3510 = [7.32, 1.67, 6.24, 1.66, 1.71, 2.47, 2.30, 2.11, 1.71, 2.11, 2.33, 7.92, 2.24, 1.98, 2.61, 6.28, 7.56, 1.93, 9.58, 2.76, 9.23, 2.06, 1.68, 9.54, 1.87, 1.73, 1.89, 4.28, 1.95, 6.20, 2.56, 2.30, 1.82, 1.81, 2.19, 2.22, 1.75, 8.22, 2.14, 1.94, 1.83, 2.10, 1.86, 1.97, 7.78, 1.98, 1.62, 1.92, 6.77, 6.38],
  xi_3511 = [5.71, 7.27, 1.09, 5.03, 1.18, 1.08, 1.12, 0.94, 0.88, 7.78, 9.04, 0.93, 1.10, 1.11, 1.01, 1.11, 5.12, 1.89, 0.87, 1.07, 1.05, 7.77, 6.10, 1.06, 8.06, 0.98, 0.90, 8.13, 6.35, 1.15, 1.00, 0.97, 8.01, 1.09, 1.22, 0.92, 0.97, 1.03, 3.39, 0.90, 0.85, 0.96, 1.08, 0.89, 1.02, 0.92, 6.99, 1.10, 0.98, 1.07],
  xi_3512 = [7.60, 7.41, 4.83, 9.58, 8.41, 9.03, 8.93, 9.02, 8.83, 9.02, 4.88, 2.60, 1.76, 8.89, 6.92, 9.73, 8.45, 9.54, 3.07, 8.05, 8.75, 7.98, 10.23, 9.72, 9.09, 9.71, 9.27, 9.87, 8.00, 10.14, 10.12, 2.57, 2.58, 2.60, 7.29, 7.06, 7.87, 6.68, 7.80, 7.77, 2.71, 9.41, 8.66, 9.64, 1.10, 4.99, 5.06, 7.72, 8.61, 9.74],
  xi_3513 = [6.73, 6.88, 7.38, 7.57, 1.89, 7.18, 1.86, 6.13, 4.28, 3.67, 7.02, 8.06, 7.30, 6.11, 7.91, 6.29, 7.49, 2.44, 7.72, 6.34, 2.96, 5.55, 9.84, 6.75, 7.93, 4.17, 6.45, 6.22, 7.20, 7.17, 6.25, 7.02, 7.01, 5.60, 6.54, 7.70, 5.21, 6.46, 1.87, 4.20, 8.82, 6.27, 7.45, 7.96, 7.52, 6.80, 7.23, 7.88, 6.48, 6.70],
  xi_3514 = [7.86, 9.01, 10.17, 7.82, 8.40, 8.87, 2.86, 8.63, 7.85, 9.06, 7.71, 9.76, 8.25, 7.18, 4.81, 9.26, 7.81, 6.20, 7.89, 9.08, 2.30, 9.42, 8.10, 7.96, 2.63, 7.84, 8.21, 8.12, 7.93, 8.83, 4.98, 8.56, 7.82, 2.99, 7.58, 8.29, 8.02, 1.57, 5.49, 8.82, 5.56, 7.74, 8.59, 7.20, 7.52, 8.26, 7.61, 6.60, 8.15, 6.75],
  xi_3515 = [1.82, 1.95, 2.12, 1.89, 7.91, 1.98, 1.51, 2.04, 2.27, 2.40, 1.77, 1.75, 2.52, 3.62, 1.91, 1.79, 2.10, 2.01, 1.99, 2.58, 2.12, 1.95, 3.42, 2.09, 8.77, 1.91, 1.97, 1.93, 1.91, 1.94, 2.20, 6.79, 1.88, 4.34, 2.22, 1.88, 1.72, 2.02, 1.76, 2.10, 2.27, 1.99, 1.64, 8.47, 1.87, 1.87, 8.19, 2.33, 2.15, 2.12],
  xi_3516 = [5.23, 4.85, 4.82, 2.44, 5.39, 2.33, 8.73, 4.72, 5.34, 4.86, 5.53, 5.35, 3.36, 6.07, 5.64, 5.66, 4.38, 9.00, 1.63, 5.80, 4.58, 6.56, 4.47, 1.22, 4.50, 5.78, 3.75, 5.70, 1.23, 4.88, 5.27, 9.67, 4.89, 6.21, 4.74, 3.29, 4.86, 8.28, 5.17, 5.46, 4.71, 4.29, 4.68, 4.62, 7.87, 5.77, 6.53, 5.53, 3.03, 7.18],
  xi_3517 = [5.00, 4.52, 5.43, 4.90, 5.60, 4.48, 4.55, 2.39, 4.47, 1.16, 1.52, 2.02, 4.61, 5.31, 9.66, 5.53, 4.89, 5.16, 4.75, 5.54, 4.18, 5.39, 9.39, 5.23, 4.56, 5.02, 4.08, 8.49, 5.27, 6.29, 6.13, 5.27, 4.69, 4.79, 9.27, 7.58, 2.93, 4.77, 4.09, 4.97, 4.12, 4.54, 7.02, 4.59, 9.87, 4.73, 5.41, 5.09, 4.50, 4.85],
  xi_3518 = [7.13, 7.81, 6.74, 7.63, 8.21, 7.01, 7.35, 9.13, 7.28, 7.14, 5.32, 7.95, 1.92, 5.25, 7.65, 5.40, 6.31, 7.13, 7.69, 1.14, 6.60, 8.84, 6.53, 2.06, 7.27, 8.08, 7.58, 6.92, 6.83, 7.40, 7.35, 2.59, 2.51, 7.58, 7.63, 7.26, 8.56, 6.05, 6.31, 7.06, 2.94, 7.19, 4.67, 7.58, 7.25, 6.63, 7.27, 6.99, 7.89, 7.70],
  xi_3519 = [4.37, 4.80, 5.24, 5.24, 4.29, 4.96, 5.50, 5.07, 8.03, 4.19, 5.10, 4.83, 2.96, 4.34, 4.51, 6.77, 2.26, 5.26, 4.44, 5.55, 5.87, 4.91, 5.41, 4.96, 4.97, 6.25, 6.47, 8.29, 4.92, 5.79, 3.47, 5.16, 5.95, 5.30, 4.47, 5.51, 5.76, 3.30, 4.98, 4.67, 4.75, 3.98, 3.80, 4.97, 5.16, 4.74, 9.23, 4.93, 5.10, 9.18],
  xi_3520 = [3.79, 8.22, 11.18, 10.53, 9.54, 9.98, 8.67, 9.23, 9.60, 6.75, 4.24, 11.39, 7.85, 10.09, 9.66, 11.36, 4.03, 9.28, 5.47, 4.80, 10.24, 8.77, 10.17, 9.73, 10.40, 10.28, 9.49, 9.09, 11.60, 10.53, 11.07, 3.61, 11.49, 9.04, 10.07, 8.22, 9.62, 9.75, 8.71, 8.86, 11.87, 9.44, 6.26, 10.09, 9.35, 9.98, 9.94, 10.88, 10.20, 10.18],
  xi_361 = [11.71, 10.11, 7.35, 9.01, 8.30, 10.04, 9.71, 11.37, 10.45, 7.79, 10.74, 9.82, 8.58, 1.04, 1.75, 2.13, 8.55, 7.83, 11.02, 10.95, 10.52, 10.16, 10.28, 10.24, 5.70, 10.10, 7.77, 7.57, 9.02, 11.54, 2.66, 10.68, 8.33, 8.40, 8.06, 2.12, 2.31, 7.04, 5.98, 9.15, 9.43, 11.06, 10.64, 11.85, 10.10, 11.88, 2.50, 4.82, 10.54, 1.68],
  xi_362 = [1.64, 9.25, 6.37, 9.39, 5.63, 8.58, 10.52, 9.30, 10.95, 4.15, 10.27, 5.72, 11.43, 11.32, 9.32, 10.16, 8.87, 11.32, 6.15, 9.86, 4.27, 5.91, 8.14, 8.96, 9.11, 12.29, 10.54, 11.92, 13.05, 7.71, 9.44, 9.52, 8.70, 8.19, 10.88, 9.71, 7.99, 7.06, 8.13, 10.63, 8.37, 9.47, 9.51, 10.89, 9.73, 10.42, 11.68, 12.74, 12.99, 6.74],
  xi_363 = [7.31, 8.93, 8.47, 9.46, 8.37, 8.43, 7.84, 1.78, 1.69, 6.82, 6.71, 7.69, 9.56, 1.27, 1.18, 8.15, 6.38, 7.88, 7.47, 7.17, 7.75, 8.63, 7.32, 7.10, 9.05, 1.82, 9.05, 8.28, 8.02, 9.24, 7.61, 9.41, 9.55, 7.67, 7.37, 8.92, 7.25, 6.90, 9.20, 8.91, 7.60, 3.57, 8.80, 7.80, 7.93, 7.53, 8.44, 7.90, 8.23, 7.88],
  xi_364 = [7.14, 9.58, 6.15, 6.14, 8.35, 8.01, 9.06, 8.57, 9.08, 8.09, 8.77, 9.49, 8.34, 8.45, 8.12, 9.41, 8.88, 8.63, 9.21, 8.57, 8.26, 8.19, 4.42, 10.10, 7.36, 8.70, 8.80, 8.92, 7.88, 8.45, 8.37, 8.24, 8.96, 8.57, 7.31, 10.52, 9.78, 9.00, 9.01, 10.44, 9.69, 9.75, 9.38, 5.56, 2.50, 8.14, 10.95, 10.02, 5.76, 6.72],
  xi_365 = [3.94, 6.62, 3.95, 2.32, 8.14, 2.52, 3.88, 4.45, 5.51, 3.68, 3.85, 4.28, 3.66, 4.29, 3.78, 4.53, 3.51, 8.30, 3.70, 4.94, 4.16, 3.75, 4.10, 4.06, 4.27, 3.92, 8.60, 4.43, 3.48, 4.12, 5.78, 3.87, 8.51, 3.01, 3.64, 6.36, 5.86, 3.91, 3.97, 3.83, 3.36, 2.79, 6.78, 3.56, 2.28, 2.86, 3.61, 3.64, 3.78, 3.88],
  xi_366 = [9.42, 8.47, 8.57, 9.10, 8.67, 6.43, 7.92, 9.12, 5.58, 4.76, 3.90, 1.07, 8.58, 7.48, 8.71, 8.74, 1.76, 7.82, 9.70, 4.21, 4.32, 9.24, 9.45, 6.59, 8.60, 8.54, 8.39, 8.73, 7.37, 10.81, 8.77, 9.06, 9.13, 7.95, 9.01, 4.40, 9.66, 3.71, 5.00, 7.65, 8.16, 7.87, 9.45, 8.86, 10.28, 8.53, 9.82, 8.94, 10.01, 8.11],
  xi_367 = [2.86, 2.66, 4.81, 9.99, 2.21, 4.38, 3.46, 3.00, 8.20, 3.01, 3.36, 2.56, 2.38, 2.88, 3.01, 3.17, 2.80, 2.56, 2.85, 9.41, 7.55, 6.89, 2.73, 2.62, 2.62, 7.83, 3.40, 2.69, 3.35, 7.24, 2.70, 3.08, 2.46, 2.99, 2.10, 2.22, 5.12, 3.04, 8.36, 2.67, 3.19, 2.30, 2.67, 4.11, 1.44, 8.59, 3.05, 3.08, 1.88, 3.11],
  xi_368 = [8.74, 7.40, 11.94, 10.27, 10.52, 11.20, 11.39, 10.74, 5.50, 9.89, 7.26, 7.87, 11.99, 11.24, 12.64, 9.32, 1.33, 2.25, 10.90, 8.76, 10.35, 9.28, 9.11, 1.82, 7.28, 10.60, 9.37, 9.56, 8.77, 2.35, 8.26, 4.71, 7.36, 7.10, 9.88, 11.43, 9.67, 9.55, 10.65, 10.44, 10.60, 10.38, 8.49, 10.87, 11.07, 10.11, 6.68, 1.88, 9.21, 11.42],
  xi_369 = [8.04, 7.03, 8.36, 7.68, 4.27, 6.17, 5.79, 7.21, 6.95, 6.91, 6.54, 6.70, 7.52, 6.34, 6.79, 5.93, 6.84, 6.55, 5.52, 7.03, 5.46, 7.35, 5.94, 9.42, 8.95, 6.70, 7.03, 5.86, 1.05, 8.28, 1.19, 5.72, 6.52, 6.21, 7.56, 6.91, 2.51, 8.30, 3.90, 5.91, 1.27, 1.57, 6.90, 6.85, 5.78, 4.68, 6.72, 2.65, 8.90, 7.10],
  xi_3610 = [2.43, 7.96, 4.18, 5.09, 6.02, 6.39, 6.15, 7.26, 5.61, 9.42, 2.20, 6.06, 6.38, 6.03, 5.83, 5.45, 1.34, 5.80, 6.53, 5.92, 6.26, 6.59, 1.59, 5.68, 6.34, 6.13, 6.47, 7.18, 5.42, 6.99, 4.39, 5.69, 4.88, 6.70, 6.08, 6.29, 6.08, 5.67, 5.84, 6.44, 5.66, 6.25, 6.98, 1.79, 7.25, 5.47, 4.50, 5.11, 5.97, 5.10],
  xi_3611 = [10.32, 8.84, 7.83, 9.36, 9.24, 10.19, 9.42, 8.78, 1.98, 4.78, 3.87, 5.02, 8.99, 10.96, 10.15, 7.71, 4.19, 7.94, 9.53, 9.74, 3.99, 10.32, 7.56, 10.02, 9.07, 8.95, 9.59, 9.75, 2.27, 10.41, 8.32, 1.21, 3.58, 8.57, 9.33, 5.94, 9.56, 2.92, 7.32, 10.01, 7.97, 7.47, 9.94, 6.28, 9.01, 6.60, 8.22, 9.84, 8.62, 9.18],
  xi_3612 = [3.74, 7.55, 4.10, 3.69, 5.85, 5.87, 3.93, 3.57, 3.53, 2.12, 4.15, 4.40, 4.31, 4.14, 2.74, 3.74, 3.88, 4.18, 4.07, 1.82, 7.66, 4.87, 4.08, 4.49, 3.98, 4.36, 9.77, 4.18, 5.04, 3.68, 5.96, 4.56, 3.69, 3.64, 4.99, 4.11, 7.47, 4.26, 4.86, 1.33, 3.86, 7.91, 4.25, 4.24, 3.96, 4.09, 3.91, 4.13, 4.35, 4.43],
  xi_3613 = [2.84, 3.06, 2.47, 3.08, 2.95, 2.95, 9.02, 4.65, 5.16, 2.80, 3.14, 7.47, 2.31, 3.42, 3.03, 3.47, 6.23, 2.74, 4.37, 2.55, 1.01, 2.65, 2.99, 1.60, 9.90, 2.36, 2.53, 5.13, 2.94, 3.34, 2.33, 3.66, 3.31, 3.19, 3.04, 5.02, 3.01, 2.84, 2.61, 2.77, 6.64, 5.68, 8.21, 2.27, 3.06, 3.09, 2.49, 2.79, 3.08, 3.43],
  xi_3614 = [2.43, 9.86, 2.02, 2.96, 6.46, 2.09, 2.05, 1.98, 2.02, 1.70, 6.18, 2.19, 2.45, 8.97, 8.79, 1.86, 9.58, 1.97, 2.06, 2.07, 1.87, 2.03, 1.85, 2.04, 3.96, 1.82, 2.06, 2.07, 3.19, 2.16, 2.20, 2.13, 1.84, 1.85, 2.36, 9.48, 1.85, 1.84, 1.32, 1.97, 2.07, 6.34, 8.85, 5.57, 1.83, 4.53, 1.98, 1.62, 7.58, 1.24],
  xi_3615 = [5.08, 8.53, 6.41, 7.95, 8.16, 7.26, 7.19, 9.10, 8.30, 7.33, 4.31, 7.67, 7.85, 7.82, 4.88, 8.69, 6.60, 7.20, 8.34, 8.01, 1.63, 4.97, 7.56, 9.04, 7.69, 8.23, 4.57, 8.19, 5.48, 8.79, 8.43, 5.74, 9.50, 8.27, 7.84, 8.41, 8.40, 6.25, 8.73, 7.51, 6.15, 7.61, 3.73, 9.09, 7.38, 7.23, 9.39, 2.54, 9.65, 7.71],
  xi_3616 = [3.23, 2.97, 2.78, 3.15, 3.29, 4.61, 2.78, 2.68, 3.25, 3.43, 2.48, 2.87, 3.65, 3.51, 3.69, 4.97, 8.37, 3.31, 5.22, 2.62, 2.80, 2.94, 3.87, 2.85, 2.87, 3.53, 2.64, 6.36, 6.91, 3.37, 2.47, 3.24, 3.28, 3.25, 3.15, 3.71, 3.75, 2.81, 2.85, 9.54, 3.45, 3.18, 3.71, 3.87, 2.51, 2.53, 3.08, 4.56, 2.86, 6.06],
  xi_3617 = [8.38, 2.85, 10.18, 8.70, 5.51, 8.88, 5.28, 8.92, 3.44, 9.36, 4.50, 7.94, 9.69, 8.52, 9.50, 3.39, 9.37, 10.03, 9.19, 9.21, 1.43, 9.40, 8.55, 8.58, 8.54, 9.50, 7.32, 8.35, 9.30, 8.92, 7.79, 2.11, 9.35, 10.93, 8.83, 9.17, 1.14, 7.73, 9.53, 9.60, 10.79, 7.48, 5.56, 7.93, 8.45, 10.09, 8.48, 1.72, 8.84, 9.96],
  xi_3618 = [7.61, 7.74, 8.08, 8.87, 9.40, 7.40, 4.60, 5.18, 7.21, 7.32, 4.51, 9.55, 8.58, 2.12, 9.02, 7.64, 8.71, 8.18, 6.45, 8.16, 7.98, 7.46, 9.00, 7.36, 8.63, 9.79, 8.59, 8.35, 3.64, 4.26, 7.80, 9.30, 7.58, 8.71, 8.32, 1.39, 6.39, 7.76, 7.74, 7.18, 7.23, 9.12, 8.24, 6.62, 9.89, 1.53, 8.03, 8.86, 9.06, 7.88],
  xi_3619 = [3.80, 6.87, 7.38, 9.77, 4.16, 7.26, 3.77, 4.51, 3.68, 4.35, 3.74, 3.84, 4.14, 4.35, 4.62, 4.42, 9.40, 3.55, 6.23, 3.93, 7.37, 3.93, 4.31, 3.54, 3.84, 5.41, 6.75, 1.71, 4.23, 4.33, 3.86, 3.72, 3.45, 9.45, 7.77, 2.03, 4.49, 9.06, 4.33, 1.60, 3.65, 2.10, 4.66, 3.20, 3.82, 3.85, 7.57, 3.69, 5.06, 6.34],
  xi_3620 = [7.30, 8.25, 8.97, 7.09, 7.06, 7.94, 3.03, 2.94, 7.94, 4.22, 5.47, 2.37, 6.80, 9.96, 3.22, 9.00, 8.09, 8.92, 1.07, 8.38, 5.10, 7.20, 7.56, 1.38, 7.51, 4.36, 7.42, 3.23, 7.34, 8.10, 8.38, 7.38, 7.54, 8.33, 8.16, 1.36, 8.37, 7.09, 7.10, 7.61, 2.48, 9.20, 8.38, 8.11, 3.61, 4.76, 9.72, 8.50, 8.30, 6.44],
  xi_371 = [6.05, 5.53, 1.96, 6.26, 9.56, 7.46, 2.26, 9.32, 8.12, 8.65, 8.18, 9.58, 8.89, 1.65, 7.96, 10.33, 7.50, 1.88, 9.18, 8.09, 6.22, 9.20, 10.19, 7.76, 3.11, 2.89, 8.69, 7.24, 10.43, 10.20, 10.53, 7.87, 7.99, 8.52, 10.18, 7.74, 7.46, 1.95, 7.32, 9.33, 7.11, 9.41, 8.32, 1.44, 9.78, 9.33, 7.93, 8.55, 2.72, 2.56],
  xi_372 = [5.00, 5.50, 6.03, 6.84, 6.12, 5.45, 5.49, 7.15, 6.92, 5.08, 5.49, 6.59, 7.21, 6.37, 8.52, 4.32, 9.68, 7.28, 6.37, 4.94, 1.86, 6.97, 5.22, 6.85, 5.34, 6.11, 5.92, 5.69, 5.87, 5.22, 2.08, 6.11, 6.36, 9.95, 9.48, 5.66, 6.21, 7.02, 6.20, 1.34, 3.79, 7.13, 5.55, 6.04, 6.53, 5.52, 5.15, 6.10, 4.97, 5.53],
  xi_373 = [1.31, 5.89, 6.20, 1.86, 6.96, 5.48, 6.06, 3.68, 3.42, 5.91, 9.72, 6.24, 6.31, 5.35, 8.73, 6.56, 5.22, 3.57, 6.03, 1.37, 2.32, 5.05, 6.41, 5.58, 5.60, 5.71, 3.38, 6.59, 8.90, 6.04, 8.67, 6.09, 6.04, 5.41, 6.93, 6.32, 5.42, 2.62, 6.23, 6.71, 9.49, 5.86, 7.37, 6.72, 5.53, 5.31, 5.50, 6.17, 5.23, 6.08],
  xi_374 = [9.00, 5.99, 6.28, 8.68, 5.82, 2.32, 4.80, 9.86, 5.78, 6.61, 4.50, 7.11, 4.25, 5.81, 5.93, 5.70, 4.90, 6.39, 5.39, 7.04, 6.14, 5.51, 6.19, 6.50, 2.52, 4.93, 5.35, 6.46, 5.95, 6.40, 5.32, 5.93, 6.55, 6.46, 6.45, 2.87, 6.00, 7.96, 6.33, 7.19, 6.98, 9.58, 5.78, 6.65, 6.26, 1.79, 7.13, 2.96, 6.42, 5.70],
  xi_375 = [10.03, 9.03, 1.77, 8.43, 11.82, 8.64, 8.39, 6.01, 3.10, 9.02, 1.24, 2.75, 11.00, 9.29, 10.99, 9.23, 1.30, 2.71, 10.16, 1.05, 5.83, 4.75, 5.53, 10.36, 11.98, 7.85, 2.06, 9.20, 9.10, 5.68, 3.38, 11.12, 8.16, 8.50, 10.05, 10.39, 10.59, 10.87, 10.65, 10.68, 9.63, 9.80, 9.75, 6.61, 7.54, 2.75, 10.53, 8.78, 8.42, 10.20],
  xi_376 = [1.07, 1.06, 7.06, 1.03, 4.40, 0.95, 0.80, 1.16, 0.96, 3.17, 1.91, 0.99, 0.94, 2.72, 1.23, 0.90, 7.33, 1.00, 4.78, 1.18, 9.10, 0.92, 1.00, 1.04, 1.05, 1.19, 6.51, 7.02, 0.91, 1.04, 1.12, 7.49, 0.96, 1.09, 7.30, 1.03, 1.13, 4.81, 4.95, 0.84, 6.05, 2.82, 9.88, 1.01, 1.03, 3.64, 6.16, 0.92, 1.67, 0.85],
  xi_377 = [4.57, 5.17, 5.47, 4.63, 4.54, 5.49, 3.10, 4.60, 1.60, 2.69, 6.34, 5.15, 5.25, 4.37, 4.66, 5.44, 4.68, 6.64, 1.92, 4.96, 5.01, 1.65, 4.93, 5.33, 4.71, 5.75, 8.10, 4.64, 4.17, 6.71, 4.27, 7.15, 4.47, 1.29, 5.06, 4.79, 5.87, 4.93, 2.71, 5.44, 5.07, 1.52, 4.99, 9.57, 4.49, 3.66, 7.86, 6.33, 4.33, 4.73],
  xi_378 = [2.52, 3.01, 2.82, 3.52, 8.82, 7.13, 3.42, 6.23, 3.11, 3.02, 7.38, 2.96, 2.46, 2.92, 2.92, 1.65, 3.29, 9.65, 1.59, 1.98, 7.26, 3.15, 3.19, 3.32, 3.38, 3.06, 2.66, 3.19, 3.95, 3.14, 2.95, 1.15, 3.06, 3.21, 5.12, 2.81, 4.77, 3.01, 3.47, 3.11, 4.28, 2.63, 2.65, 3.25, 2.82, 4.34, 2.61, 3.13, 5.95, 3.27],
  xi_379 = [5.07, 2.62, 5.43, 5.63, 6.65, 5.76, 6.61, 6.34, 5.93, 4.04, 5.97, 5.35, 8.34, 5.60, 6.87, 1.52, 6.89, 5.71, 6.78, 4.90, 6.27, 2.80, 5.97, 7.49, 5.68, 8.81, 6.52, 6.67, 6.26, 5.10, 4.57, 6.11, 5.66, 6.51, 4.90, 4.85, 5.65, 7.15, 4.90, 5.60, 8.48, 4.53, 6.33, 6.83, 6.81, 5.12, 1.07, 1.89, 2.67, 6.60],
  xi_3710 = [6.52, 5.92, 6.46, 7.06, 6.93, 6.51, 5.20, 5.96, 7.34, 6.68, 8.31, 6.14, 6.87, 6.43, 5.04, 5.54, 7.02, 7.40, 2.45, 7.40, 6.46, 8.15, 6.72, 7.40, 9.92, 8.98, 9.49, 7.31, 7.47, 6.31, 2.35, 7.10, 6.64, 4.42, 6.75, 7.64, 6.83, 8.01, 7.32, 8.97, 6.67, 9.45, 6.99, 6.43, 6.85, 7.00, 6.90, 6.97, 8.52, 9.69],
  xi_3711 = [8.98, 8.62, 6.01, 3.93, 5.15, 2.45, 6.12, 6.29, 6.96, 6.39, 7.45, 5.84, 4.51, 5.22, 5.75, 5.63, 5.29, 5.12, 9.08, 5.94, 5.35, 3.61, 6.02, 6.41, 9.56, 6.54, 6.63, 6.27, 5.75, 6.82, 6.34, 5.57, 7.04, 2.34, 5.84, 4.83, 5.94, 5.91, 6.50, 5.36, 2.41, 6.32, 4.39, 6.69, 5.95, 6.67, 6.00, 9.16, 6.08, 6.06],
  xi_3712 = [3.64, 6.42, 2.56, 3.65, 9.23, 8.60, 7.82, 8.43, 9.16, 5.82, 9.92, 8.22, 5.10, 3.13, 11.24, 9.41, 8.01, 9.82, 1.96, 9.31, 9.49, 7.71, 9.17, 1.63, 9.09, 7.98, 8.96, 6.75, 10.17, 8.96, 9.28, 9.04, 8.83, 8.67, 8.37, 1.23, 9.16, 10.21, 10.81, 10.73, 8.04, 8.04, 6.19, 9.90, 7.32, 8.89, 1.96, 8.55, 9.36, 9.05],
  xi_3713 = [5.11, 5.26, 5.94, 5.80, 3.79, 7.27, 4.00, 5.61, 9.68, 5.04, 5.12, 5.19, 4.41, 2.72, 4.46, 1.25, 5.94, 5.02, 5.70, 5.97, 5.13, 4.33, 4.71, 5.53, 4.50, 5.64, 4.43, 3.16, 1.09, 1.70, 4.77, 4.90, 5.04, 8.22, 4.52, 5.75, 6.14, 4.90, 4.63, 5.04, 5.31, 6.72, 4.57, 4.82, 3.73, 1.64, 3.78, 9.77, 6.44, 5.10],
  xi_3714 = [4.07, 1.77, 3.33, 3.34, 3.83, 4.20, 4.54, 4.47, 3.51, 3.09, 3.89, 4.21, 4.52, 3.69, 3.33, 9.11, 4.25, 3.18, 4.19, 3.70, 3.78, 9.54, 4.13, 5.38, 3.67, 4.81, 3.76, 4.22, 3.99, 7.17, 4.07, 3.86, 4.25, 3.68, 3.96, 3.83, 4.39, 3.64, 2.93, 3.74, 3.62, 3.98, 4.05, 6.29, 3.66, 9.34, 3.74, 4.15, 4.26, 4.78],
  xi_3715 = [1.78, 6.64, 2.04, 2.13, 2.28, 9.23, 1.66, 1.98, 1.84, 2.24, 3.21, 2.35, 2.15, 1.91, 1.78, 1.71, 9.08, 2.51, 1.86, 1.97, 2.06, 2.00, 5.58, 2.03, 9.85, 2.15, 1.71, 3.19, 3.67, 2.25, 7.27, 2.09, 6.64, 1.95, 5.23, 2.82, 4.12, 1.88, 1.91, 8.68, 2.24, 2.09, 1.99, 2.22, 1.81, 1.90, 2.03, 1.81, 2.43, 2.04],
  xi_3716 = [7.74, 3.69, 8.88, 9.57, 9.12, 8.60, 8.93, 9.48, 8.29, 9.32, 10.27, 8.71, 8.63, 4.97, 9.26, 8.66, 8.94, 9.30, 8.56, 9.02, 5.60, 8.08, 9.52, 7.94, 10.14, 10.69, 7.79, 6.09, 7.76, 9.35, 10.44, 9.76, 9.22, 2.73, 8.26, 9.11, 8.73, 2.91, 8.25, 5.84, 6.30, 3.21, 9.63, 9.64, 3.26, 9.74, 8.33, 3.75, 1.35, 8.17],
  xi_3717 = [1.39, 6.30, 6.07, 6.77, 5.97, 5.46, 7.20, 6.01, 5.64, 5.22, 1.44, 4.30, 9.54, 6.73, 2.10, 5.72, 4.53, 5.69, 6.33, 5.55, 5.67, 5.55, 6.42, 6.15, 5.90, 4.39, 5.10, 5.89, 4.71, 5.16, 6.31, 5.44, 5.19, 6.00, 6.53, 1.37, 8.26, 6.21, 10.00, 5.58, 9.80, 5.56, 5.90, 3.45, 9.42, 6.59, 5.71, 4.91, 6.43, 4.95],
  xi_3718 = [4.06, 4.70, 3.62, 4.26, 3.33, 5.31, 1.81, 3.67, 4.63, 3.72, 4.53, 4.10, 3.42, 4.19, 2.53, 3.47, 9.63, 2.61, 3.60, 3.52, 3.60, 4.15, 2.06, 9.91, 4.08, 1.74, 4.17, 9.16, 2.88, 3.45, 3.77, 4.07, 9.59, 3.66, 4.67, 4.51, 3.99, 4.30, 4.31, 4.48, 4.04, 4.38, 3.76, 5.22, 8.76, 3.53, 8.43, 9.88, 4.17, 4.91],
  xi_3719 = [9.01, 10.96, 5.13, 7.50, 9.13, 8.53, 10.11, 10.19, 9.48, 7.40, 8.41, 8.78, 10.30, 9.94, 7.59, 5.75, 5.01, 9.20, 10.13, 8.64, 8.63, 6.66, 7.60, 9.01, 9.30, 10.33, 9.59, 10.05, 10.01, 8.94, 10.22, 4.05, 10.14, 5.90, 6.43, 9.65, 2.83, 9.22, 8.36, 9.92, 10.05, 9.88, 10.71, 8.69, 5.72, 8.32, 9.61, 9.50, 9.78, 8.60],
  xi_3720 = [6.28, 8.34, 1.69, 8.47, 7.07, 3.65, 8.05, 1.95, 8.40, 7.89, 7.85, 8.07, 8.29, 7.62, 7.78, 6.66, 8.86, 7.95, 5.36, 7.60, 8.51, 8.37, 7.35, 9.81, 8.11, 6.37, 7.33, 8.60, 7.71, 8.04, 8.70, 8.17, 8.25, 7.33, 8.98, 5.77, 4.65, 7.96, 9.48, 8.12, 8.90, 7.39, 6.63, 7.13, 7.13, 8.40, 4.91, 6.54, 9.16, 4.32],
  xi_381 = [3.24, 5.20, 5.46, 9.04, 5.98, 5.15, 5.12, 5.22, 5.06, 5.31, 4.64, 5.18, 4.63, 4.99, 5.74, 6.55, 4.58, 5.07, 4.50, 5.06, 4.61, 2.51, 5.41, 5.16, 5.04, 5.04, 6.11, 7.46, 4.51, 5.37, 4.92, 5.08, 5.44, 5.01, 5.30, 2.42, 2.64, 5.37, 5.81, 2.02, 5.31, 4.63, 5.15, 5.96, 4.69, 5.01, 4.15, 5.67, 4.66, 4.72],
  xi_382 = [7.32, 5.16, 5.76, 5.40, 6.41, 2.08, 8.17, 3.04, 5.85, 6.32, 5.76, 6.93, 4.95, 5.76, 6.13, 1.07, 5.89, 8.13, 6.16, 5.75, 2.21, 6.86, 8.03, 6.54, 6.23, 2.86, 2.14, 7.99, 6.03, 5.16, 5.57, 5.76, 6.37, 6.33, 5.97, 7.58, 2.24, 5.84, 6.14, 6.19, 4.49, 4.14, 8.17, 7.09, 5.76, 5.96, 5.87, 7.02, 6.25, 6.29],
  xi_383 = [2.08, 1.75, 2.32, 1.90, 1.87, 4.79, 1.99, 5.97, 2.23, 1.80, 2.09, 1.81, 2.23, 2.06, 5.31, 9.12, 1.75, 1.80, 2.00, 1.96, 1.40, 9.20, 3.89, 1.82, 2.05, 5.57, 2.06, 5.14, 1.99, 2.64, 1.50, 4.54, 1.95, 9.28, 2.46, 1.74, 1.84, 2.26, 1.90, 1.59, 2.69, 2.22, 2.16, 2.07, 1.96, 9.26, 2.01, 6.35, 2.27, 3.06],
  xi_384 = [8.18, 9.16, 7.23, 2.60, 7.58, 9.57, 8.09, 3.86, 7.79, 7.49, 7.21, 7.94, 6.86, 8.94, 8.21, 7.66, 7.98, 7.55, 6.74, 7.85, 6.63, 9.92, 8.27, 8.05, 8.17, 3.13, 7.08, 3.85, 9.34, 8.24, 7.51, 1.67, 8.32, 8.61, 9.13, 8.51, 7.95, 7.70, 6.97, 8.84, 5.19, 6.42, 5.86, 7.49, 3.40, 9.06, 3.03, 1.72, 4.68, 8.85],
  xi_385 = [1.03, 1.02, 6.78, 4.37, 1.15, 2.17, 9.46, 6.62, 1.21, 3.27, 8.77, 0.98, 3.93, 2.04, 0.87, 1.02, 0.88, 2.06, 0.98, 1.00, 0.99, 1.08, 0.91, 1.04, 1.02, 0.75, 1.09, 3.57, 5.43, 1.00, 1.04, 0.98, 6.68, 0.83, 6.24, 1.13, 5.43, 0.94, 6.86, 8.19, 3.26, 8.35, 5.62, 6.15, 3.17, 5.63, 9.85, 6.35, 0.88, 1.09],
  xi_386 = [4.26, 4.59, 8.11, 8.81, 8.50, 1.75, 7.01, 7.90, 8.08, 7.00, 9.22, 9.10, 8.51, 7.72, 8.25, 7.72, 7.59, 7.37, 8.15, 7.76, 7.83, 3.93, 6.98, 2.42, 7.39, 8.18, 3.89, 8.15, 8.25, 8.52, 8.18, 8.50, 7.62, 7.69, 3.81, 7.78, 8.37, 8.87, 8.06, 7.91, 9.01, 9.33, 8.64, 7.60, 7.58, 6.90, 7.87, 8.98, 9.24, 7.87],
  xi_387 = [1.25, 0.96, 1.07, 7.88, 6.24, 1.03, 2.99, 0.96, 1.08, 2.65, 1.13, 4.66, 3.99, 1.05, 1.22, 1.36, 9.73, 0.98, 0.99, 0.92, 0.85, 6.76, 1.04, 0.99, 9.51, 1.00, 1.02, 6.33, 7.69, 2.46, 0.99, 6.15, 0.93, 1.09, 1.15, 1.11, 0.97, 0.97, 0.90, 1.13, 0.97, 1.02, 9.05, 0.96, 7.52, 1.02, 1.07, 0.91, 5.33, 1.04],
  xi_388 = [2.06, 2.10, 2.52, 2.71, 6.10, 2.10, 1.75, 1.90, 1.96, 2.00, 2.22, 2.96, 1.95, 1.87, 1.81, 1.59, 8.28, 1.76, 2.72, 1.94, 2.11, 1.72, 3.77, 1.87, 1.75, 9.05, 1.76, 2.28, 2.11, 1.75, 2.19, 2.46, 2.45, 2.51, 1.64, 8.58, 2.11, 1.79, 1.99, 1.24, 2.08, 2.23, 2.00, 8.24, 9.62, 1.78, 2.13, 2.20, 1.77, 1.84],
  xi_389 = [8.10, 7.07, 7.15, 1.73, 4.70, 5.91, 4.09, 5.28, 4.97, 6.63, 5.87, 9.86, 6.87, 3.59, 5.15, 6.18, 1.15, 7.36, 1.60, 5.97, 5.45, 5.32, 7.83, 5.00, 6.71, 6.55, 6.03, 6.22, 5.86, 3.04, 6.42, 9.94, 6.69, 5.86, 5.95, 6.16, 6.06, 6.34, 8.99, 1.92, 6.47, 6.17, 4.96, 6.17, 3.05, 4.85, 6.15, 2.70, 5.93, 6.77],
  xi_3810 = [6.74, 6.40, 4.94, 5.98, 5.31, 6.83, 5.60, 6.37, 6.09, 7.63, 1.80, 5.77, 6.80, 5.42, 5.77, 5.47, 4.43, 5.38, 1.53, 5.77, 7.92, 6.29, 6.09, 4.65, 5.79, 6.42, 5.13, 8.83, 4.38, 5.22, 7.62, 6.60, 5.96, 5.81, 6.78, 5.16, 6.54, 5.65, 5.45, 5.37, 5.38, 6.26, 2.17, 9.79, 5.99, 2.14, 6.04, 5.82, 5.96, 6.63],
  xi_3811 = [3.94, 1.24, 3.52, 3.86, 7.48, 3.57, 4.09, 4.02, 3.56, 3.64, 3.89, 4.62, 4.05, 3.79, 4.27, 3.56, 2.19, 4.86, 3.81, 4.40, 3.92, 3.87, 3.94, 6.56, 4.07, 3.18, 5.26, 3.89, 9.21, 4.36, 2.30, 4.36, 3.86, 4.40, 3.97, 4.07, 7.40, 4.55, 4.00, 3.90, 7.66, 9.48, 2.16, 3.78, 4.62, 2.27, 4.11, 5.08, 5.50, 9.64],
  xi_3812 = [5.73, 7.88, 7.11, 7.03, 6.52, 5.34, 6.12, 5.92, 6.37, 6.19, 5.97, 6.81, 6.55, 7.40, 6.34, 8.31, 7.57, 6.81, 6.51, 8.28, 3.77, 6.23, 5.64, 6.45, 4.35, 4.93, 7.15, 5.75, 7.40, 6.61, 8.58, 7.66, 6.51, 7.04, 3.35, 1.36, 8.62, 6.76, 5.69, 6.10, 3.49, 5.49, 7.95, 8.55, 8.45, 7.35, 8.09, 2.12, 7.05, 8.01],
  xi_3813 = [9.17, 7.45, 10.71, 8.65, 9.32, 5.62, 9.54, 8.36, 8.70, 8.70, 9.17, 8.54, 11.18, 2.23, 8.81, 7.34, 7.58, 9.63, 9.27, 3.44, 8.32, 4.36, 10.29, 5.12, 9.22, 7.63, 8.61, 9.83, 3.03, 10.36, 5.75, 8.23, 5.97, 4.13, 9.37, 8.66, 1.96, 6.02, 1.79, 9.64, 3.40, 6.53, 6.68, 5.16, 2.40, 7.24, 6.44, 7.28, 2.59, 8.83],
  xi_3814 = [0.86, 4.86, 4.48, 7.14, 0.86, 0.91, 9.16, 1.05, 1.02, 2.09, 1.06, 5.71, 0.92, 0.97, 1.10, 1.04, 1.16, 0.91, 0.95, 0.81, 9.70, 8.93, 0.99, 0.91, 3.82, 1.06, 1.07, 1.06, 2.63, 1.02, 8.57, 0.94, 1.05, 1.05, 9.32, 0.99, 9.16, 2.25, 0.83, 9.77, 1.08, 9.04, 3.76, 7.47, 1.00, 0.96, 9.32, 1.17, 0.92, 1.12],
  xi_3815 = [2.66, 2.32, 9.85, 6.49, 6.36, 1.36, 11.57, 8.62, 6.24, 10.54, 8.69, 10.62, 7.07, 9.54, 6.67, 7.33, 6.82, 3.72, 8.31, 7.75, 4.35, 8.61, 9.66, 9.17, 11.25, 9.23, 8.86, 9.24, 4.12, 10.60, 9.67, 1.64, 9.29, 8.80, 4.00, 8.48, 8.30, 8.46, 3.99, 7.58, 8.94, 9.02, 9.20, 3.88, 8.53, 6.85, 5.06, 8.63, 8.17, 3.09],
  xi_3816 = [9.12, 7.48, 9.99, 6.09, 5.23, 6.88, 2.27, 8.89, 7.66, 7.04, 5.03, 8.16, 7.61, 7.35, 4.08, 8.85, 8.15, 7.41, 7.59, 8.75, 3.59, 9.27, 8.16, 9.70, 6.01, 9.10, 5.03, 8.26, 9.67, 7.01, 8.99, 8.05, 8.02, 1.28, 8.31, 6.97, 8.36, 8.09, 8.51, 9.08, 8.60, 4.55, 9.30, 7.58, 2.35, 1.89, 2.45, 9.01, 7.16, 7.75],
  xi_3817 = [7.52, 5.58, 7.39, 6.11, 9.96, 8.13, 4.25, 6.84, 7.23, 7.89, 2.93, 7.03, 6.41, 6.74, 7.47, 7.84, 6.89, 6.91, 7.03, 6.40, 3.55, 5.69, 5.96, 2.55, 8.00, 4.72, 7.47, 8.46, 8.63, 6.91, 3.09, 4.16, 8.92, 6.73, 1.05, 5.10, 5.73, 7.94, 1.91, 7.02, 6.87, 6.76, 5.94, 5.90, 5.07, 6.85, 8.17, 6.80, 8.09, 5.71],
  xi_3818 = [8.76, 8.76, 9.58, 7.95, 9.46, 10.02, 9.11, 9.01, 9.24, 8.58, 9.76, 9.41, 8.93, 6.17, 10.60, 8.99, 2.92, 4.85, 8.64, 8.88, 8.60, 9.44, 8.73, 8.13, 7.85, 9.62, 8.93, 8.55, 9.10, 8.78, 7.45, 9.41, 8.36, 9.52, 4.24, 8.61, 8.08, 9.74, 5.91, 7.34, 7.36, 4.10, 8.51, 8.75, 7.84, 4.34, 8.20, 9.14, 9.13, 9.09],
  xi_3819 = [4.72, 4.81, 5.87, 5.15, 1.73, 4.35, 8.23, 5.43, 5.53, 2.92, 5.26, 4.81, 6.79, 8.02, 9.24, 4.27, 1.21, 4.64, 4.44, 5.94, 5.09, 4.40, 8.97, 5.36, 4.65, 2.89, 5.92, 5.07, 5.32, 5.33, 5.11, 5.16, 5.61, 4.96, 5.41, 5.50, 5.37, 5.26, 5.26, 4.46, 5.63, 7.31, 3.47, 4.99, 5.71, 4.85, 6.82, 4.82, 8.34, 4.77],
  xi_3820 = [9.20, 9.23, 8.44, 1.05, 8.38, 10.02, 9.13, 4.04, 3.55, 1.72, 9.85, 10.27, 7.99, 8.42, 10.34, 7.63, 7.92, 10.71, 8.03, 8.45, 8.78, 7.94, 8.03, 12.07, 10.13, 4.00, 8.66, 10.93, 8.13, 4.85, 9.06, 9.70, 5.39, 2.73, 5.03, 8.69, 8.33, 8.63, 9.07, 8.51, 8.44, 8.62, 8.59, 8.85, 9.45, 7.82, 8.84, 9.36, 8.31, 2.36],
  xi_391 = [1.89, 5.17, 1.93, 2.15, 1.91, 2.03, 1.78, 5.71, 2.10, 1.61, 2.00, 1.93, 7.35, 1.74, 2.27, 7.84, 2.10, 1.87, 1.81, 1.91, 1.81, 2.26, 7.96, 6.22, 2.29, 2.14, 1.94, 1.94, 2.22, 1.83, 3.44, 1.74, 6.54, 5.00, 2.10, 2.27, 2.26, 1.98, 1.40, 8.02, 2.08, 2.40, 2.28, 2.04, 2.09, 1.86, 2.20, 4.88, 1.71, 1.85],
  xi_392 = [3.74, 3.74, 4.72, 4.48, 4.40, 4.46, 4.43, 3.67, 3.52, 4.42, 4.30, 3.58, 3.85, 8.63, 4.47, 3.89, 1.03, 3.69, 3.91, 8.07, 3.76, 5.26, 4.70, 3.86, 3.47, 3.66, 1.63, 4.31, 4.17, 4.10, 3.26, 1.36, 3.77, 3.62, 8.42, 4.97, 4.65, 4.35, 4.60, 4.91, 4.77, 4.51, 4.13, 3.97, 4.60, 3.87, 4.00, 4.51, 4.24, 3.91],
  xi_393 = [4.29, 4.73, 5.98, 5.69, 6.69, 5.63, 6.71, 6.36, 5.07, 6.52, 1.60, 1.85, 9.56, 7.60, 5.48, 6.32, 3.37, 3.92, 7.90, 6.35, 7.10, 7.06, 5.81, 6.50, 9.01, 6.55, 5.13, 8.38, 6.07, 5.82, 5.61, 6.50, 5.73, 2.61, 5.94, 2.35, 4.89, 6.58, 6.55, 6.07, 8.70, 4.28, 3.32, 5.45, 6.76, 5.34, 4.75, 4.86, 6.72, 6.77],
  xi_394 = [4.98, 6.58, 4.65, 5.32, 4.82, 5.40, 7.59, 4.15, 4.78, 6.80, 1.73, 6.66, 4.47, 4.02, 5.67, 5.90, 5.38, 5.48, 4.76, 5.24, 9.65, 5.81, 4.50, 5.62, 5.32, 5.44, 5.07, 4.61, 5.53, 8.09, 4.72, 7.66, 5.99, 5.41, 4.01, 5.07, 9.85, 4.73, 9.11, 3.81, 4.90, 4.86, 7.02, 5.40, 4.52, 4.17, 3.28, 6.72, 4.94, 4.97],
  xi_395 = [1.68, 8.10, 9.88, 9.86, 9.03, 8.07, 2.58, 8.32, 8.25, 5.76, 9.03, 8.64, 9.97, 8.39, 5.23, 7.62, 9.27, 8.88, 7.73, 9.45, 8.98, 9.09, 8.74, 3.52, 4.02, 8.58, 9.94, 7.21, 7.88, 9.21, 6.80, 9.07, 3.47, 10.09, 7.20, 8.11, 7.82, 9.43, 2.53, 5.95, 2.27, 8.73, 7.34, 10.34, 10.72, 10.00, 7.82, 9.21, 8.60, 6.87],
  xi_396 = [0.92, 1.08, 0.83, 3.57, 9.36, 7.39, 1.15, 0.90, 2.93, 1.04, 1.05, 0.98, 1.09, 8.03, 0.97, 9.80, 1.00, 1.04, 0.99, 0.87, 6.82, 0.92, 4.33, 1.09, 6.67, 0.94, 0.81, 0.94, 6.11, 0.99, 0.73, 2.38, 0.96, 6.45, 4.62, 6.72, 7.68, 1.17, 1.10, 0.93, 1.64, 0.98, 0.95, 9.51, 0.88, 3.64, 9.09, 1.08, 0.98, 0.94],
  xi_397 = [0.97, 1.07, 0.98, 0.84, 0.93, 1.06, 8.82, 6.63, 1.00, 0.78, 0.83, 1.22, 1.00, 0.98, 0.95, 0.99, 0.97, 0.87, 1.16, 0.97, 4.52, 1.06, 0.98, 5.90, 1.12, 4.30, 1.01, 6.65, 0.95, 1.98, 1.02, 5.59, 0.96, 1.21, 1.04, 9.56, 1.19, 1.12, 0.92, 6.00, 3.94, 0.86, 7.59, 3.55, 0.88, 5.99, 4.45, 1.07, 1.12, 1.08],
  xi_398 = [8.25, 0.93, 0.80, 0.85, 9.93, 6.92, 0.86, 8.93, 0.98, 1.05, 1.05, 0.95, 0.92, 0.80, 0.95, 1.23, 1.18, 5.42, 2.41, 1.05, 1.03, 0.84, 1.05, 0.88, 1.05, 1.11, 0.85, 0.84, 1.07, 4.86, 1.01, 1.00, 2.71, 1.09, 4.80, 9.67, 0.87, 3.00, 1.03, 0.97, 1.15, 1.17, 0.97, 3.25, 1.25, 0.94, 1.09, 5.07, 0.93, 0.91],
  xi_399 = [11.30, 10.83, 8.74, 9.44, 9.85, 9.97, 8.31, 9.87, 10.08, 7.30, 8.76, 9.44, 6.82, 9.82, 11.02, 10.21, 8.81, 11.96, 2.41, 9.18, 10.64, 10.08, 8.20, 10.86, 9.91, 10.15, 10.96, 8.51, 12.22, 11.80, 8.12, 8.99, 6.84, 11.79, 7.11, 3.79, 3.34, 9.81, 9.78, 12.54, 9.75, 9.82, 6.05, 9.45, 9.01, 11.47, 9.65, 4.84, 9.48, 9.65],
  xi_3910 = [2.83, 6.01, 6.17, 7.95, 5.22, 5.74, 9.01, 7.42, 3.01, 7.34, 5.02, 7.11, 5.03, 5.47, 7.99, 1.76, 6.12, 4.45, 3.09, 8.78, 3.89, 7.14, 8.71, 6.47, 5.75, 5.72, 5.38, 7.04, 6.99, 6.86, 6.09, 5.74, 5.29, 6.16, 7.29, 6.06, 4.79, 5.13, 6.09, 6.34, 5.67, 5.14, 6.28, 6.28, 2.28, 5.88, 9.32, 7.57, 6.68, 6.41],
  xi_3911 = [10.38, 9.13, 8.95, 9.58, 10.26, 4.62, 11.33, 7.24, 5.93, 9.73, 9.77, 9.09, 9.35, 9.60, 10.91, 9.57, 9.47, 9.21, 10.24, 11.01, 5.13, 6.76, 10.42, 5.59, 3.06, 1.07, 10.96, 10.64, 7.35, 9.50, 9.79, 9.85, 10.69, 8.81, 11.58, 8.05, 1.56, 10.72, 6.31, 11.83, 10.10, 8.45, 9.83, 1.91, 7.01, 6.97, 10.67, 2.32, 3.17, 1.01],
  xi_3912 = [9.21, 3.82, 4.70, 6.63, 4.90, 4.16, 4.74, 4.74, 3.11, 4.71, 1.09, 4.88, 5.28, 4.81, 1.66, 3.05, 5.23, 4.98, 5.06, 4.68, 4.51, 5.75, 5.62, 5.35, 4.85, 8.70, 4.65, 5.51, 5.31, 8.77, 9.29, 4.69, 3.46, 4.46, 5.99, 4.70, 4.97, 4.61, 6.19, 2.60, 5.32, 3.99, 7.26, 8.88, 5.24, 5.47, 4.98, 3.99, 5.34, 5.84],
  xi_3913 = [7.71, 6.53, 6.42, 6.70, 7.66, 6.48, 6.78, 6.58, 8.19, 6.41, 5.95, 6.87, 6.42, 6.52, 6.06, 7.54, 8.31, 7.03, 3.38, 7.11, 7.58, 6.67, 6.21, 8.57, 9.98, 8.48, 5.89, 6.80, 7.31, 7.41, 1.57, 6.97, 7.55, 6.83, 6.49, 2.15, 3.10, 2.00, 7.64, 6.22, 8.34, 3.56, 8.37, 6.11, 4.46, 7.76, 6.60, 7.01, 8.04, 5.88],
  xi_3914 = [1.09, 1.07, 0.93, 0.90, 0.92, 8.00, 0.91, 8.13, 1.04, 3.85, 0.88, 5.41, 1.09, 1.11, 0.97, 1.05, 0.99, 1.01, 7.73, 7.33, 1.05, 4.50, 0.99, 0.94, 1.03, 1.01, 3.48, 8.76, 1.10, 0.93, 1.02, 3.86, 1.16, 5.62, 5.00, 6.53, 1.14, 3.97, 0.81, 0.86, 7.67, 1.03, 0.88, 1.03, 6.00, 5.89, 0.94, 0.86, 1.92, 0.98],
  xi_3915 = [7.92, 2.07, 2.13, 1.94, 1.84, 2.22, 1.83, 6.28, 1.84, 5.35, 1.90, 2.15, 3.45, 2.13, 3.90, 2.06, 2.09, 2.17, 2.22, 9.93, 5.74, 1.84, 2.05, 1.64, 3.52, 1.89, 2.05, 9.95, 2.21, 7.29, 2.19, 1.88, 2.12, 2.11, 2.24, 6.97, 1.56, 2.06, 2.25, 2.32, 1.41, 3.55, 9.74, 1.75, 2.77, 3.63, 1.93, 4.77, 2.51, 6.68],
  xi_3916 = [2.06, 1.75, 4.30, 1.90, 7.58, 2.20, 2.06, 6.47, 1.76, 2.05, 1.84, 1.86, 4.10, 2.09, 2.14, 1.94, 2.13, 1.66, 1.79, 2.42, 2.09, 2.13, 2.03, 2.03, 2.14, 1.72, 2.29, 2.20, 1.96, 2.55, 1.92, 1.87, 1.87, 1.76, 7.12, 1.73, 2.00, 2.82, 6.76, 1.68, 2.03, 1.02, 1.91, 2.13, 1.90, 2.23, 1.92, 2.27, 2.18, 2.05],
  xi_3917 = [8.95, 10.05, 9.84, 4.11, 8.94, 9.94, 12.17, 9.69, 9.53, 5.19, 10.13, 5.68, 8.66, 10.71, 10.49, 5.30, 3.27, 6.34, 1.07, 9.15, 10.80, 4.24, 9.92, 10.91, 9.77, 10.23, 10.71, 10.86, 8.98, 4.26, 8.68, 6.86, 2.30, 10.81, 6.40, 8.97, 10.00, 4.02, 9.19, 2.49, 8.61, 5.92, 11.16, 4.52, 9.79, 10.77, 3.39, 9.76, 9.45, 8.89],
  xi_3918 = [4.28, 4.50, 9.76, 4.42, 3.96, 4.67, 9.07, 5.05, 4.03, 4.91, 3.89, 3.45, 4.55, 4.42, 3.87, 4.56, 3.53, 3.94, 4.01, 3.80, 4.21, 3.44, 3.83, 3.45, 4.49, 3.57, 3.72, 4.23, 3.61, 4.67, 3.34, 1.86, 1.33, 5.91, 4.29, 3.79, 3.51, 4.07, 3.45, 1.41, 4.01, 4.30, 4.75, 7.22, 4.30, 3.60, 4.66, 5.39, 5.92, 9.79],
  xi_3919 = [7.59, 8.75, 9.62, 9.48, 2.07, 9.92, 1.91, 1.97, 2.20, 2.14, 2.13, 1.88, 2.12, 2.13, 1.81, 2.16, 2.13, 2.12, 2.29, 2.04, 1.80, 1.01, 1.92, 1.89, 1.48, 9.41, 2.06, 2.21, 1.75, 1.75, 2.14, 2.17, 1.72, 7.83, 2.06, 7.83, 2.38, 3.54, 1.81, 6.01, 2.22, 2.36, 2.03, 2.27, 1.98, 2.11, 2.56, 2.57, 1.84, 9.23],
  xi_3920 = [8.14, 3.05, 8.30, 8.07, 7.99, 6.66, 7.99, 8.63, 6.55, 8.67, 7.94, 7.54, 7.34, 8.74, 8.34, 8.51, 7.43, 8.81, 8.01, 7.02, 7.75, 7.20, 7.51, 7.54, 2.39, 9.58, 8.05, 9.62, 6.71, 7.29, 7.27, 7.99, 4.00, 7.49, 8.33, 8.32, 7.74, 9.27, 9.31, 8.54, 8.31, 2.71, 9.86, 9.90, 8.90, 7.43, 7.92, 8.29, 5.93, 5.76],
  xi_401 = [5.84, 6.93, 6.13, 5.48, 6.95, 6.77, 5.37, 9.45, 5.25, 6.28, 5.45, 7.62, 6.45, 5.85, 5.53, 6.47, 6.03, 8.13, 6.39, 6.00, 6.21, 5.76, 3.29, 3.37, 3.85, 6.83, 6.19, 6.50, 5.84, 6.43, 5.70, 1.46, 5.52, 6.40, 4.77, 5.47, 5.43, 2.75, 1.71, 6.49, 5.53, 5.43, 7.13, 3.73, 6.35, 5.68, 6.07, 6.53, 6.76, 3.96],
  xi_402 = [7.06, 9.84, 9.71, 5.45, 9.04, 9.85, 8.08, 8.38, 9.50, 8.92, 9.38, 8.80, 8.43, 7.60, 8.77, 8.35, 9.52, 9.03, 8.77, 1.27, 9.71, 8.20, 8.05, 6.99, 8.17, 9.44, 9.35, 9.00, 8.08, 9.62, 3.91, 8.40, 8.60, 7.87, 8.98, 9.32, 7.91, 8.68, 4.65, 10.20, 5.10, 4.99, 2.20, 9.03, 1.64, 10.95, 3.34, 8.92, 9.98, 9.05],
  xi_403 = [6.79, 7.18, 5.49, 7.51, 8.85, 6.75, 5.22, 4.58, 7.07, 7.34, 7.63, 6.95, 4.54, 8.77, 7.02, 2.12, 7.83, 1.88, 6.39, 3.83, 9.96, 7.46, 7.60, 7.89, 4.30, 7.75, 8.55, 7.01, 6.57, 8.44, 7.69, 5.79, 7.12, 7.19, 7.52, 7.02, 6.95, 7.03, 6.75, 3.41, 5.99, 6.70, 9.34, 6.47, 5.85, 7.03, 6.58, 5.53, 6.35, 7.31],
  xi_404 = [4.42, 7.46, 4.72, 3.58, 4.15, 6.52, 7.59, 4.64, 4.01, 4.03, 4.24, 9.48, 3.51, 3.74, 4.28, 3.93, 8.35, 3.74, 5.19, 4.15, 7.89, 7.36, 5.69, 4.60, 6.68, 3.86, 3.79, 8.85, 5.37, 4.36, 3.81, 3.60, 4.16, 1.51, 4.56, 3.66, 3.89, 4.27, 2.79, 2.39, 3.90, 4.27, 3.80, 3.05, 1.09, 4.40, 3.75, 3.32, 3.98, 3.86],
  xi_405 = [1.86, 2.18, 1.94, 2.21, 2.09, 2.04, 2.13, 2.24, 2.29, 2.24, 2.05, 5.28, 5.53, 2.10, 2.17, 3.01, 2.37, 5.87, 7.12, 1.87, 1.98, 2.11, 1.82, 1.96, 1.95, 1.19, 2.11, 2.03, 9.06, 5.60, 1.65, 1.89, 2.14, 1.78, 2.12, 7.63, 1.94, 1.45, 7.22, 5.82, 1.75, 1.95, 2.13, 6.85, 2.69, 3.93, 5.08, 1.77, 1.95, 1.55],
  xi_406 = [3.23, 1.07, 5.36, 8.23, 4.40, 4.91, 1.11, 8.50, 4.88, 2.57, 4.72, 6.26, 4.99, 4.30, 4.60, 4.85, 5.65, 8.78, 4.92, 5.04, 6.37, 2.26, 5.20, 5.34, 4.76, 4.87, 7.41, 5.32, 6.43, 5.00, 4.92, 5.28, 5.05, 1.05, 6.33, 8.91, 3.99, 2.70, 5.44, 5.23, 1.06, 4.55, 5.26, 5.69, 7.79, 3.32, 1.44, 5.10, 5.99, 6.26],
  xi_407 = [1.05, 9.44, 0.84, 3.74, 3.70, 1.06, 6.86, 1.14, 6.30, 1.05, 0.90, 0.96, 0.89, 0.94, 0.84, 7.07, 0.97, 0.93, 1.07, 0.97, 8.40, 1.88, 1.05, 1.09, 1.04, 3.20, 1.03, 8.97, 1.33, 1.10, 1.29, 1.04, 3.76, 0.96, 1.03, 6.80, 4.39, 0.94, 1.18, 1.20, 1.03, 0.96, 1.08, 0.90, 1.02, 0.88, 0.95, 7.18, 0.97, 8.04],
  xi_408 = [6.71, 1.89, 1.64, 2.50, 1.97, 1.95, 1.95, 5.00, 4.36, 4.83, 9.77, 1.91, 2.19, 2.35, 2.14, 4.87, 2.09, 2.48, 1.88, 1.76, 9.38, 1.67, 1.72, 1.94, 2.28, 1.82, 1.73, 1.52, 2.33, 7.83, 1.87, 1.65, 6.81, 2.02, 1.94, 1.94, 8.42, 9.41, 1.93, 7.12, 2.19, 2.10, 1.68, 1.87, 2.48, 2.28, 1.97, 2.01, 5.47, 1.82],
  xi_409 = [4.84, 1.05, 2.15, 0.91, 0.86, 1.08, 0.98, 1.08, 0.87, 1.10, 8.57, 8.16, 1.01, 1.08, 9.58, 4.07, 0.83, 0.92, 0.80, 4.13, 1.14, 1.05, 5.30, 7.81, 7.13, 2.01, 7.80, 1.03, 1.94, 4.11, 0.83, 0.91, 1.15, 0.91, 1.02, 0.97, 8.45, 1.08, 4.19, 1.23, 1.11, 1.27, 1.07, 1.04, 5.03, 1.04, 1.16, 1.17, 9.93, 0.92],
  xi_4010 = [1.04, 1.07, 0.79, 1.43, 1.88, 4.61, 0.99, 3.52, 1.00, 0.90, 0.94, 1.13, 2.93, 7.13, 1.05, 3.41, 0.99, 0.84, 0.94, 1.21, 1.00, 0.97, 5.48, 1.02, 1.08, 1.08, 0.88, 1.17, 0.84, 0.88, 2.34, 4.66, 1.09, 1.18, 0.93, 0.98, 1.01, 4.34, 1.21, 0.90, 4.69, 1.05, 4.42, 0.98, 1.09, 8.66, 2.11, 8.56, 1.00, 3.24],
  xi_4011 = [9.12, 1.11, 1.07, 0.95, 4.97, 3.05, 0.87, 0.94, 8.25, 6.93, 1.09, 0.92, 3.89, 1.00, 1.10, 0.95, 0.89, 1.89, 0.96, 1.11, 8.99, 1.06, 1.20, 1.66, 0.97, 3.61, 1.02, 1.01, 0.87, 8.74, 1.07, 1.88, 2.61, 7.34, 1.11, 0.91, 1.21, 1.02, 0.97, 1.92, 0.99, 6.55, 1.05, 1.03, 0.99, 1.02, 6.86, 0.96, 0.88, 9.64],
  xi_4012 = [6.09, 4.97, 6.99, 7.07, 6.68, 7.14, 6.82, 7.42, 6.85, 7.49, 7.88, 6.94, 6.67, 6.94, 7.20, 7.88, 7.24, 7.75, 6.47, 9.78, 6.83, 5.21, 7.44, 6.12, 6.92, 7.33, 7.64, 1.68, 7.34, 7.09, 6.46, 7.39, 6.56, 5.44, 7.03, 8.32, 7.36, 8.17, 7.93, 7.24, 7.47, 7.64, 6.97, 8.52, 7.32, 4.34, 6.76, 7.68, 6.57, 7.19],
  xi_4013 = [3.47, 3.67, 3.68, 7.10, 4.62, 4.60, 4.06, 3.62, 3.66, 4.06, 1.60, 4.99, 3.27, 4.98, 3.97, 9.52, 6.20, 8.00, 4.82, 4.62, 3.93, 3.76, 7.47, 3.96, 4.02, 3.98, 3.99, 1.89, 4.00, 3.82, 4.06, 4.15, 8.51, 1.93, 8.46, 4.94, 3.76, 1.34, 4.13, 3.92, 4.27, 3.90, 4.30, 2.18, 3.89, 4.38, 4.19, 3.62, 3.93, 5.11],
  xi_4014 = [8.00, 8.39, 6.77, 8.45, 9.81, 7.80, 9.87, 6.03, 9.60, 9.03, 8.24, 8.36, 8.05, 9.58, 9.19, 6.36, 9.71, 9.57, 9.08, 8.86, 8.18, 9.59, 7.33, 9.71, 8.33, 4.53, 8.58, 9.87, 9.01, 8.76, 3.31, 7.83, 10.12, 9.26, 10.65, 4.18, 9.11, 3.48, 9.99, 8.40, 9.48, 7.19, 9.46, 9.87, 9.84, 5.79, 8.97, 9.44, 3.59, 9.79],
  xi_4015 = [1.09, 1.15, 1.01, 0.92, 0.93, 1.03, 0.99, 6.55, 1.04, 1.08, 0.83, 1.03, 2.62, 0.95, 0.86, 0.99, 5.35, 0.94, 0.97, 1.08, 8.49, 1.05, 9.86, 0.98, 1.67, 1.03, 0.87, 1.17, 0.81, 4.56, 1.03, 1.05, 5.54, 1.07, 8.99, 1.10, 1.04, 0.94, 1.00, 0.86, 0.95, 0.91, 8.59, 0.92, 7.71, 5.17, 5.25, 0.99, 0.93, 7.90],
  xi_4016 = [3.64, 3.87, 4.18, 8.34, 1.44, 4.03, 4.26, 4.24, 1.75, 9.45, 4.08, 8.37, 9.18, 3.40, 3.62, 2.43, 4.14, 4.07, 4.57, 1.50, 4.59, 1.46, 4.29, 3.65, 2.10, 3.89, 1.43, 6.41, 5.55, 4.16, 4.36, 4.01, 3.41, 3.91, 3.89, 4.90, 3.91, 4.18, 5.47, 9.33, 4.14, 4.60, 3.83, 6.80, 3.87, 3.68, 2.26, 3.74, 3.48, 3.63],
  xi_4017 = [3.01, 2.13, 9.91, 3.47, 1.93, 2.35, 4.18, 2.05, 1.75, 2.01, 8.70, 1.93, 9.01, 1.77, 8.39, 1.83, 2.12, 2.07, 5.82, 2.04, 2.06, 7.58, 8.51, 2.20, 4.45, 2.29, 1.87, 1.94, 2.03, 7.14, 4.07, 1.86, 7.81, 8.68, 1.68, 7.35, 2.11, 2.18, 1.09, 1.76, 7.28, 1.64, 1.50, 2.07, 8.17, 2.40, 1.86, 1.93, 1.90, 1.50],
  xi_4018 = [5.91, 1.43, 7.64, 8.24, 7.42, 7.48, 2.30, 7.06, 6.51, 1.56, 5.40, 5.78, 6.32, 3.48, 7.51, 7.03, 8.91, 6.47, 5.77, 9.44, 7.54, 5.18, 6.35, 6.51, 8.86, 6.55, 1.64, 5.63, 7.95, 6.32, 6.96, 6.72, 6.93, 7.56, 6.33, 9.85, 6.55, 6.53, 7.79, 7.64, 7.08, 9.09, 5.87, 8.02, 6.85, 2.35, 6.90, 8.47, 7.98, 5.70],
  xi_4019 = [8.77, 6.94, 6.42, 6.38, 7.29, 9.63, 5.93, 7.55, 7.54, 7.46, 6.68, 8.22, 7.44, 6.24, 8.41, 4.19, 3.90, 7.09, 7.15, 7.40, 6.60, 6.54, 6.14, 6.97, 6.74, 7.95, 8.16, 5.97, 3.42, 9.41, 6.36, 7.73, 7.67, 6.59, 1.04, 5.59, 7.54, 7.30, 7.96, 6.23, 2.72, 7.44, 7.69, 7.08, 7.60, 7.87, 5.26, 6.37, 5.80, 7.51],
  xi_4020 = [3.12, 6.24, 6.91, 7.13, 7.11, 7.04, 6.57, 5.74, 6.39, 6.77, 6.65, 7.77, 4.50, 6.56, 6.98, 6.33, 9.96, 8.04, 7.51, 7.01, 7.28, 6.33, 6.46, 6.70, 7.89, 6.28, 2.23, 9.19, 7.30, 6.36, 1.31, 7.33, 6.38, 7.12, 6.73, 6.22, 7.17, 5.97, 8.08, 5.93, 8.97, 7.05, 6.44, 6.24, 6.56, 2.12, 6.56, 3.71, 3.49, 1.70],
  xi_411 = [4.52, 5.74, 4.23, 3.59, 3.84, 3.07, 1.10, 1.93, 4.03, 1.72, 4.27, 5.77, 4.46, 3.62, 3.73, 7.21, 3.67, 3.94, 4.34, 4.62, 3.70, 8.27, 3.94, 3.87, 6.01, 4.78, 3.44, 9.10, 5.14, 4.43, 4.23, 9.04, 4.02, 4.42, 4.00, 3.44, 2.66, 3.90, 4.36, 4.37, 3.59, 4.01, 4.91, 3.80, 5.91, 4.01, 5.49, 8.63, 4.26, 9.33],
  xi_412 = [9.81, 9.73, 1.92, 8.13, 7.85, 9.06, 8.30, 9.69, 7.43, 8.93, 8.58, 2.18, 8.91, 10.80, 2.27, 9.33, 8.44, 8.95, 8.07, 4.69, 8.08, 7.44, 6.05, 8.93, 1.30, 7.56, 9.72, 9.22, 1.78, 3.29, 8.57, 7.91, 10.71, 8.28, 10.36, 8.38, 10.23, 9.48, 1.34, 1.31, 5.98, 7.78, 9.37, 9.64, 9.90, 7.67, 8.68, 8.97, 9.14, 7.53],
  xi_413 = [9.20, 3.53, 10.76, 5.34, 11.59, 10.16, 10.06, 6.25, 3.31, 9.33, 10.99, 11.22, 9.73, 9.60, 2.34, 9.79, 5.54, 10.51, 9.62, 9.25, 1.78, 10.66, 1.13, 9.44, 5.28, 7.90, 4.48, 11.07, 10.30, 6.56, 8.53, 10.45, 7.98, 11.13, 8.63, 9.15, 10.57, 10.32, 5.97, 4.18, 8.84, 6.03, 1.12, 9.48, 4.90, 10.03, 5.49, 10.25, 9.88, 4.74],
  xi_414 = [5.45, 5.86, 4.77, 5.35, 5.06, 5.62, 5.81, 1.49, 8.70, 5.99, 4.63, 3.62, 5.44, 4.43, 5.88, 4.27, 4.61, 4.74, 9.15, 5.16, 5.39, 4.18, 4.32, 5.03, 5.58, 4.86, 8.69, 5.06, 4.83, 5.72, 5.07, 4.56, 5.40, 5.54, 4.56, 4.59, 9.88, 1.45, 5.18, 2.02, 4.15, 4.70, 3.30, 4.77, 5.25, 4.32, 7.00, 4.36, 3.13, 5.41],
  xi_415 = [5.41, 6.30, 5.00, 7.21, 1.81, 7.05, 2.81, 8.16, 6.91, 4.00, 7.72, 7.46, 7.95, 6.53, 8.11, 7.78, 8.08, 6.44, 2.22, 6.06, 7.74, 7.99, 7.74, 4.27, 7.80, 6.01, 9.55, 6.74, 7.80, 7.17, 6.99, 4.55, 7.38, 2.02, 6.68, 7.60, 3.29, 8.36, 6.97, 8.03, 5.72, 5.39, 6.53, 3.45, 6.33, 6.13, 3.70, 7.27, 6.52, 7.28],
  xi_416 = [3.26, 3.23, 3.18, 3.46, 2.83, 3.16, 3.49, 6.76, 3.99, 2.72, 5.09, 2.69, 7.32, 5.38, 3.07, 2.83, 3.35, 4.93, 3.02, 1.27, 2.35, 2.61, 3.01, 3.04, 2.77, 7.34, 7.49, 3.15, 2.76, 3.15, 2.99, 2.72, 2.71, 3.33, 2.85, 7.48, 2.09, 2.93, 3.11, 2.72, 2.60, 3.18, 2.83, 6.51, 1.73, 2.82, 3.25, 5.31, 2.72, 2.80],
  xi_417 = [4.78, 4.89, 8.54, 3.66, 5.07, 9.55, 5.09, 5.09, 5.12, 5.11, 2.09, 5.16, 4.42, 4.40, 5.60, 9.92, 3.12, 4.33, 4.46, 9.90, 4.36, 5.19, 5.07, 5.55, 7.41, 5.23, 5.08, 4.87, 5.01, 6.37, 4.89, 4.08, 3.66, 1.26, 9.53, 6.63, 3.79, 4.70, 4.93, 4.42, 4.21, 5.36, 7.61, 4.99, 6.01, 5.87, 7.43, 5.12, 7.56, 4.75],
  xi_418 = [1.10, 2.35, 4.70, 3.02, 9.31, 2.88, 5.71, 2.36, 2.69, 2.95, 3.13, 2.29, 2.78, 2.92, 2.68, 4.08, 9.27, 3.16, 2.67, 4.60, 3.08, 3.85, 3.20, 5.91, 3.09, 3.48, 3.18, 3.14, 3.10, 9.76, 8.82, 2.76, 2.98, 2.99, 2.94, 2.71, 2.42, 8.98, 1.45, 2.29, 3.07, 6.08, 2.83, 3.58, 6.76, 2.82, 3.55, 5.71, 3.03, 3.33],
  xi_419 = [4.62, 4.36, 3.09, 6.23, 4.37, 4.54, 4.63, 1.24, 3.81, 4.60, 3.03, 3.99, 8.56, 3.59, 5.24, 3.86, 9.90, 3.89, 4.30, 5.55, 9.91, 3.84, 4.25, 6.24, 4.10, 4.53, 4.14, 5.42, 1.37, 3.95, 5.19, 5.23, 3.97, 4.29, 2.17, 3.87, 3.80, 4.49, 7.15, 1.35, 1.11, 3.69, 8.04, 4.00, 2.70, 9.15, 3.40, 4.31, 3.38, 4.42],
  xi_4110 = [2.24, 6.10, 8.04, 6.01, 1.00, 4.53, 1.19, 8.55, 7.47, 8.72, 8.46, 9.22, 3.17, 8.47, 3.58, 2.56, 7.72, 8.66, 9.39, 3.47, 8.03, 8.55, 1.68, 5.99, 1.50, 7.80, 7.85, 7.64, 7.12, 3.35, 2.97, 5.09, 7.73, 6.32, 8.44, 1.92, 6.66, 8.24, 8.09, 2.21, 1.91, 9.42, 6.75, 7.43, 7.61, 2.82, 7.74, 8.06, 8.08, 7.10],
  xi_4111 = [3.05, 6.40, 9.67, 8.52, 3.44, 11.13, 8.86, 8.75, 10.42, 10.99, 10.52, 2.92, 10.13, 11.09, 2.41, 10.61, 10.50, 9.47, 5.35, 8.49, 10.23, 9.53, 8.96, 10.79, 7.23, 10.42, 9.34, 10.19, 9.16, 8.89, 9.40, 9.87, 9.89, 12.26, 8.74, 10.08, 10.12, 11.78, 9.58, 1.87, 9.56, 9.07, 4.89, 10.35, 9.68, 9.93, 10.41, 9.70, 3.07, 8.92],
  xi_4112 = [4.34, 7.10, 7.30, 2.15, 2.13, 1.92, 1.79, 2.07, 3.87, 2.13, 1.89, 1.91, 2.08, 2.19, 2.32, 6.03, 1.71, 5.32, 2.30, 2.15, 1.71, 2.10, 2.02, 2.02, 8.15, 1.82, 2.11, 1.74, 2.21, 9.57, 1.79, 2.00, 2.13, 2.10, 3.31, 2.12, 1.95, 2.23, 2.02, 2.05, 1.64, 2.00, 1.90, 3.28, 2.15, 2.05, 5.84, 1.85, 7.76, 2.47],
  xi_4113 = [3.55, 3.25, 2.80, 9.27, 2.58, 2.82, 3.08, 3.10, 6.65, 2.94, 3.53, 2.43, 3.33, 2.73, 3.06, 6.27, 8.08, 3.09, 1.62, 3.15, 2.82, 6.84, 7.11, 2.91, 3.47, 3.10, 3.03, 3.63, 3.34, 2.45, 3.28, 6.41, 2.88, 2.90, 3.03, 2.92, 3.28, 1.74, 3.30, 8.80, 2.66, 7.42, 2.79, 3.12, 3.22, 3.06, 2.78, 8.82, 3.25, 2.90],
  xi_4114 = [10.41, 8.68, 7.85, 9.52, 1.07, 9.63, 5.79, 10.76, 10.65, 10.03, 12.06, 8.12, 9.82, 8.74, 1.04, 10.05, 9.45, 9.79, 8.74, 8.82, 3.32, 7.88, 9.57, 10.35, 10.20, 8.04, 10.32, 2.61, 9.48, 8.76, 10.26, 10.17, 9.95, 10.01, 8.36, 5.71, 9.92, 3.20, 9.79, 11.36, 9.28, 7.38, 7.12, 10.23, 5.93, 8.18, 12.02, 2.90, 8.43, 9.17],
  xi_4115 = [1.01, 7.62, 7.01, 0.88, 0.89, 1.11, 0.94, 1.12, 4.53, 1.16, 8.11, 3.45, 1.13, 8.76, 5.29, 0.95, 0.98, 1.01, 6.76, 0.84, 0.96, 0.87, 1.10, 5.49, 2.47, 0.87, 0.98, 0.94, 1.05, 3.19, 1.72, 4.31, 1.07, 1.98, 0.94, 0.95, 0.99, 9.32, 5.16, 1.02, 0.84, 3.38, 4.38, 0.97, 8.62, 1.05, 0.99, 0.93, 6.68, 0.97],
  xi_4116 = [6.28, 7.34, 6.75, 6.22, 6.77, 8.11, 6.73, 5.96, 7.69, 8.56, 6.98, 6.44, 6.61, 2.85, 6.87, 5.97, 4.31, 6.74, 7.48, 6.51, 6.65, 7.43, 5.86, 7.30, 6.47, 8.66, 7.87, 6.92, 6.64, 6.93, 8.23, 8.13, 7.63, 6.96, 7.08, 6.74, 6.60, 8.88, 8.08, 7.63, 6.69, 6.34, 2.86, 7.51, 6.40, 6.04, 5.69, 9.47, 2.59, 8.27],
  xi_4117 = [3.98, 3.75, 3.55, 3.47, 4.25, 4.08, 4.09, 3.89, 7.94, 2.18, 4.71, 3.08, 4.63, 4.17, 4.31, 4.16, 8.84, 4.83, 4.20, 3.72, 3.94, 3.92, 1.70, 3.86, 4.18, 3.57, 3.57, 4.11, 3.91, 4.31, 3.91, 4.34, 7.38, 4.09, 3.89, 3.96, 4.29, 4.96, 4.02, 4.59, 4.22, 4.57, 9.88, 3.40, 4.44, 4.69, 9.74, 4.16, 3.73, 4.08],
  xi_4118 = [7.50, 8.28, 7.60, 9.15, 7.56, 8.56, 8.11, 7.25, 2.21, 8.06, 1.72, 7.14, 7.76, 8.12, 8.44, 8.32, 7.65, 6.76, 7.35, 1.38, 7.82, 7.03, 6.95, 9.69, 4.76, 8.75, 3.57, 9.05, 8.65, 7.03, 7.54, 8.96, 7.97, 7.38, 4.26, 9.08, 7.78, 8.29, 8.41, 3.14, 7.82, 8.49, 7.60, 5.16, 8.40, 6.88, 6.87, 3.03, 9.95, 8.07],
  xi_4119 = [5.31, 4.68, 4.47, 4.42, 1.77, 5.29, 2.03, 5.46, 4.57, 1.21, 4.86, 3.83, 5.50, 6.07, 4.65, 5.94, 5.44, 4.25, 4.86, 1.52, 5.35, 4.28, 4.80, 4.72, 4.79, 5.22, 5.46, 5.70, 4.54, 4.87, 4.51, 6.06, 5.69, 7.04, 7.83, 5.55, 8.36, 5.55, 5.04, 5.47, 4.55, 4.88, 4.78, 4.86, 4.67, 5.55, 5.56, 4.20, 5.10, 4.86],
  xi_4120 = [9.83, 10.82, 1.13, 10.46, 10.66, 9.65, 2.41, 8.66, 11.72, 8.87, 9.98, 6.24, 9.03, 3.65, 8.94, 11.04, 9.87, 9.35, 7.61, 8.50, 1.81, 10.24, 9.96, 8.40, 10.14, 9.51, 8.29, 10.60, 4.46, 9.24, 8.62, 6.00, 11.32, 10.92, 9.40, 6.53, 9.13, 10.45, 9.53, 9.07, 9.99, 9.74, 7.72, 9.75, 10.65, 9.18, 10.86, 9.30, 8.93, 10.63],
  xi_421 = [8.10, 9.82, 1.24, 8.43, 9.85, 9.54, 3.03, 8.56, 9.83, 8.90, 10.46, 7.71, 4.55, 3.18, 2.06, 9.04, 4.00, 11.21, 1.51, 9.09, 11.04, 7.91, 6.16, 10.12, 10.02, 10.47, 8.51, 8.73, 9.16, 5.62, 11.13, 10.31, 9.37, 6.75, 9.58, 7.10, 4.95, 8.99, 11.40, 9.64, 9.66, 5.00, 9.34, 8.06, 9.82, 10.43, 4.32, 10.41, 9.94, 11.27],
  xi_422 = [2.46, 1.99, 2.09, 2.41, 2.12, 3.67, 7.97, 7.59, 6.98, 1.88, 2.03, 9.80, 4.23, 1.90, 1.82, 2.00, 2.12, 1.91, 2.12, 2.46, 2.01, 8.30, 5.07, 1.76, 1.56, 1.87, 2.04, 1.76, 1.87, 1.79, 1.88, 4.39, 2.07, 1.81, 1.82, 2.03, 2.34, 2.00, 1.95, 5.94, 2.08, 2.76, 4.51, 6.89, 1.73, 9.54, 1.95, 2.22, 6.61, 1.87],
  xi_423 = [1.94, 5.91, 1.88, 1.98, 3.38, 2.14, 1.66, 2.11, 2.15, 1.92, 6.83, 1.85, 1.91, 1.83, 1.27, 2.19, 1.84, 9.05, 4.13, 6.45, 2.20, 1.96, 1.92, 1.90, 2.11, 2.77, 4.18, 1.93, 7.05, 2.26, 4.78, 1.86, 2.09, 5.41, 2.30, 1.77, 1.70, 2.22, 9.89, 1.78, 5.48, 5.32, 2.36, 1.65, 1.86, 1.80, 1.97, 8.40, 7.23, 2.19],
  xi_424 = [9.78, 8.88, 8.21, 5.75, 11.16, 9.47, 8.85, 8.83, 9.24, 9.31, 2.76, 9.03, 9.84, 10.42, 8.42, 6.02, 8.96, 10.09, 4.04, 11.31, 9.02, 10.15, 10.69, 10.99, 5.04, 1.42, 10.09, 9.38, 8.71, 10.09, 10.14, 8.69, 11.26, 4.42, 9.49, 8.22, 5.21, 11.08, 10.00, 11.87, 11.61, 3.70, 10.55, 9.70, 6.09, 7.02, 9.17, 12.10, 9.59, 10.89],
  xi_425 = [1.24, 1.01, 0.99, 1.04, 1.03, 0.95, 8.91, 0.98, 1.07, 3.21, 1.06, 1.55, 1.18, 0.95, 0.98, 0.86, 1.90, 2.74, 6.92, 0.93, 9.46, 3.61, 8.60, 1.09, 0.91, 0.95, 9.14, 0.93, 0.94, 5.64, 0.94, 0.90, 1.08, 0.95, 1.06, 5.75, 1.09, 8.00, 6.08, 3.24, 0.93, 0.85, 1.50, 3.12, 1.03, 1.08, 1.04, 7.93, 0.99, 0.93],
  xi_426 = [9.57, 7.70, 8.84, 9.70, 8.87, 5.12, 9.41, 4.67, 6.95, 9.22, 5.63, 9.83, 7.84, 8.72, 1.55, 8.00, 5.27, 9.05, 7.17, 10.14, 9.29, 7.21, 1.54, 10.86, 8.40, 9.37, 8.84, 9.27, 8.81, 8.42, 8.65, 10.34, 7.73, 7.43, 8.64, 8.29, 8.58, 7.15, 4.07, 9.62, 7.06, 9.03, 8.53, 9.16, 9.33, 8.99, 7.02, 9.26, 8.09, 9.78],
  xi_427 = [4.65, 4.63, 5.11, 7.42, 5.76, 4.57, 4.27, 2.11, 4.08, 4.56, 4.50, 6.09, 4.75, 1.40, 6.50, 5.20, 4.63, 5.67, 4.05, 5.09, 4.15, 5.98, 5.37, 5.67, 5.39, 5.46, 9.10, 4.65, 4.88, 4.06, 5.30, 5.37, 4.96, 4.36, 5.03, 4.66, 5.21, 4.22, 4.62, 4.92, 5.06, 5.32, 4.98, 4.36, 4.96, 4.54, 4.85, 5.30, 8.63, 1.24],
  xi_428 = [1.29, 9.59, 6.05, 9.36, 8.93, 7.79, 6.82, 1.29, 9.35, 4.07, 7.80, 8.54, 9.13, 9.87, 9.48, 7.48, 9.66, 10.15, 9.52, 7.60, 10.20, 9.85, 8.40, 9.88, 9.28, 8.76, 9.19, 9.85, 8.91, 8.77, 9.04, 10.15, 7.75, 8.86, 10.64, 8.05, 9.16, 6.00, 7.79, 8.50, 7.59, 6.47, 3.75, 8.32, 8.30, 6.36, 8.05, 2.33, 8.86, 8.61],
  xi_429 = [4.27, 4.42, 3.34, 3.52, 4.18, 4.96, 3.48, 5.35, 3.84, 4.34, 3.50, 4.20, 4.47, 9.82, 3.04, 8.06, 4.15, 9.26, 4.14, 7.38, 4.14, 1.02, 4.51, 3.49, 1.97, 2.65, 3.74, 4.56, 4.54, 4.44, 8.86, 1.90, 3.15, 3.75, 2.09, 4.55, 9.38, 4.07, 3.88, 1.33, 3.62, 3.41, 3.93, 4.06, 3.60, 3.75, 4.80, 3.64, 4.19, 3.48],
  xi_4210 = [2.97, 3.08, 3.07, 2.72, 3.48, 3.07, 2.81, 2.95, 1.00, 2.07, 1.13, 7.81, 2.95, 7.05, 2.67, 5.77, 1.95, 2.78, 8.17, 8.22, 8.80, 3.52, 3.08, 2.61, 9.46, 2.92, 4.60, 2.66, 4.75, 2.69, 2.89, 9.59, 4.91, 3.32, 9.14, 5.87, 3.30, 2.82, 2.80, 1.57, 7.93, 3.16, 7.14, 9.08, 2.59, 2.70, 3.15, 2.67, 3.62, 2.85],
  xi_4211 = [2.29, 2.69, 4.78, 1.06, 5.70, 1.02, 0.99, 0.93, 4.02, 0.91, 9.85, 9.25, 1.09, 1.07, 1.10, 0.99, 1.32, 0.82, 1.08, 1.14, 0.97, 1.04, 2.29, 1.23, 0.92, 5.79, 1.02, 1.02, 0.92, 4.36, 1.09, 1.04, 0.93, 6.86, 0.81, 0.96, 1.15, 0.96, 0.97, 1.32, 1.01, 9.11, 1.10, 1.00, 1.00, 1.53, 2.43, 0.94, 6.73, 0.99],
  xi_4212 = [7.38, 2.61, 5.30, 7.04, 5.15, 7.25, 6.25, 7.65, 6.82, 6.73, 6.36, 8.97, 7.44, 7.32, 8.53, 8.78, 7.16, 7.58, 6.02, 4.84, 6.30, 9.81, 9.41, 7.10, 3.30, 7.76, 2.91, 6.85, 8.11, 6.57, 6.86, 7.66, 7.44, 5.90, 7.47, 6.86, 7.04, 6.73, 6.96, 1.84, 7.42, 8.15, 6.81, 6.92, 7.05, 6.49, 7.09, 7.86, 5.27, 3.09],
  xi_4213 = [3.45, 7.15, 7.01, 8.46, 6.33, 6.76, 7.67, 5.69, 7.96, 7.27, 2.74, 5.99, 9.31, 3.99, 6.37, 3.83, 6.79, 6.71, 4.59, 7.13, 6.02, 8.82, 3.22, 7.46, 6.63, 8.38, 8.04, 6.30, 4.46, 5.25, 5.04, 7.13, 7.08, 2.34, 4.84, 6.88, 7.26, 6.38, 7.53, 6.88, 6.61, 8.79, 7.70, 5.69, 8.00, 7.00, 7.68, 6.80, 7.09, 3.94],
  xi_4214 = [5.08, 5.32, 5.73, 3.37, 5.85, 1.46, 5.78, 4.28, 5.70, 3.85, 4.70, 2.37, 4.60, 6.23, 5.70, 4.60, 4.16, 4.34, 4.46, 3.09, 5.25, 4.88, 8.79, 5.01, 5.89, 4.48, 5.28, 4.97, 4.85, 5.57, 6.10, 4.04, 8.80, 5.12, 6.52, 4.77, 4.90, 4.94, 4.62, 4.58, 5.74, 5.55, 5.60, 8.65, 1.71, 8.40, 2.55, 7.06, 4.61, 4.55],
  xi_4215 = [9.02, 6.66, 7.47, 7.90, 7.29, 7.03, 8.98, 4.68, 5.88, 6.94, 3.22, 4.59, 8.95, 7.23, 7.88, 8.32, 7.15, 5.81, 7.69, 7.01, 8.83, 7.96, 4.61, 6.41, 2.81, 6.89, 8.39, 7.01, 7.14, 3.34, 2.45, 7.56, 4.49, 6.67, 8.77, 7.62, 2.57, 7.78, 7.64, 7.86, 9.08, 7.43, 8.46, 8.10, 7.60, 7.66, 8.26, 7.18, 7.34, 7.76],
  xi_4216 = [10.76, 9.27, 3.98, 8.43, 10.07, 10.68, 9.31, 9.09, 3.47, 5.22, 11.24, 9.47, 9.54, 9.13, 10.30, 3.96, 11.00, 10.00, 7.29, 10.25, 9.30, 9.28, 8.38, 10.04, 1.60, 1.15, 10.34, 3.58, 8.72, 10.39, 5.89, 9.45, 4.22, 11.26, 6.02, 2.05, 6.84, 10.39, 10.54, 7.88, 10.66, 9.44, 10.24, 9.91, 4.10, 9.29, 9.49, 9.72, 9.29, 9.43],
  xi_4217 = [5.77, 7.26, 5.34, 4.49, 4.60, 4.71, 5.40, 4.58, 4.09, 5.03, 4.81, 9.95, 3.31, 5.61, 3.14, 5.40, 5.01, 4.85, 6.38, 4.59, 1.18, 1.27, 4.38, 4.98, 4.69, 8.06, 5.32, 5.22, 5.85, 5.79, 5.49, 3.69, 6.79, 4.78, 5.53, 5.28, 4.13, 4.43, 5.21, 4.68, 4.90, 4.98, 2.72, 4.59, 3.77, 5.57, 4.79, 1.98, 5.21, 4.29],
  xi_4218 = [6.86, 1.01, 5.21, 0.97, 4.05, 0.93, 8.92, 1.05, 0.77, 1.06, 1.15, 1.13, 1.20, 9.67, 7.89, 1.39, 1.09, 1.06, 1.05, 6.81, 1.10, 1.02, 0.98, 1.00, 1.02, 1.04, 0.85, 4.53, 7.18, 0.90, 7.33, 1.00, 2.42, 3.63, 7.44, 1.06, 1.15, 5.72, 0.84, 6.95, 1.12, 1.08, 4.17, 1.03, 0.88, 9.32, 2.79, 1.00, 0.95, 1.08],
  xi_4219 = [7.92, 6.63, 4.23, 6.24, 6.28, 7.27, 7.15, 5.40, 6.45, 4.32, 7.97, 6.05, 8.73, 6.54, 8.28, 8.74, 8.89, 9.40, 7.87, 1.42, 6.61, 4.62, 3.63, 6.49, 6.83, 8.06, 6.60, 7.40, 5.68, 7.41, 7.24, 6.91, 9.12, 9.08, 6.29, 7.78, 1.76, 4.92, 6.05, 7.41, 5.20, 6.51, 1.95, 5.39, 9.23, 7.97, 8.19, 1.90, 8.97, 7.39],
  xi_4220 = [2.76, 3.85, 7.50, 2.00, 3.13, 2.83, 2.79, 3.14, 2.85, 2.84, 2.91, 3.05, 2.05, 2.92, 3.05, 2.58, 2.31, 3.28, 2.95, 9.71, 3.58, 2.78, 1.74, 5.22, 4.68, 3.13, 2.76, 3.40, 1.13, 3.51, 2.77, 3.38, 3.01, 2.67, 8.03, 2.93, 7.05, 7.14, 8.08, 1.24, 3.21, 3.02, 8.34, 8.96, 2.74, 8.07, 2.85, 6.57, 3.14, 4.79],
  xi_431 = [7.09, 4.61, 5.96, 6.35, 6.92, 7.15, 3.61, 6.07, 6.03, 6.38, 5.41, 6.00, 6.75, 7.31, 6.23, 6.61, 5.16, 5.15, 8.18, 5.30, 5.88, 4.71, 6.06, 9.57, 9.38, 4.92, 6.16, 5.20, 5.32, 6.20, 1.47, 8.58, 5.56, 7.16, 5.52, 6.31, 6.47, 5.15, 5.78, 5.81, 5.96, 6.76, 6.39, 9.61, 5.41, 6.12, 6.04, 7.06, 2.15, 6.63],
  xi_432 = [8.15, 9.28, 8.91, 1.08, 2.95, 9.01, 3.27, 7.76, 8.39, 8.09, 6.59, 8.55, 4.97, 9.92, 9.41, 7.95, 8.40, 5.86, 5.93, 8.40, 7.79, 8.05, 9.00, 3.60, 5.35, 3.48, 9.09, 7.86, 1.77, 8.40, 9.30, 2.56, 7.36, 9.54, 5.09, 2.40, 8.96, 7.81, 7.60, 4.84, 8.86, 6.97, 4.85, 7.91, 7.30, 5.76, 7.04, 9.40, 7.43, 2.81],
  xi_433 = [3.37, 7.02, 5.72, 8.64, 8.28, 7.65, 8.17, 7.68, 6.40, 4.03, 5.42, 9.46, 8.40, 6.56, 8.58, 9.15, 6.26, 6.66, 7.27, 6.99, 7.70, 7.10, 6.91, 6.87, 6.24, 6.64, 6.43, 8.10, 6.54, 7.72, 8.73, 7.08, 6.41, 7.29, 8.12, 7.64, 8.12, 6.75, 7.76, 8.68, 7.60, 6.56, 6.92, 6.32, 9.91, 5.03, 7.02, 5.53, 7.71, 2.05],
  xi_434 = [0.89, 0.97, 1.00, 0.96, 7.24, 1.03, 1.19, 0.94, 1.55, 1.16, 2.47, 5.86, 1.00, 0.96, 0.99, 1.12, 1.01, 1.05, 0.93, 2.99, 1.17, 0.94, 4.01, 0.87, 6.76, 0.81, 1.01, 1.05, 8.32, 1.27, 0.93, 1.14, 1.06, 0.95, 1.14, 9.40, 1.99, 0.93, 1.09, 1.04, 0.96, 0.84, 1.19, 0.83, 1.21, 1.03, 0.83, 9.83, 0.85, 0.96],
  xi_435 = [0.94, 9.59, 2.77, 1.06, 9.17, 1.06, 1.24, 1.26, 0.96, 4.60, 0.93, 4.89, 0.99, 5.15, 8.51, 1.04, 1.03, 0.95, 7.34, 1.05, 3.36, 1.02, 0.82, 1.01, 1.04, 0.93, 0.95, 2.91, 1.13, 1.16, 1.14, 0.99, 1.01, 5.06, 1.06, 1.19, 1.97, 9.42, 9.87, 2.97, 3.95, 0.92, 1.00, 2.03, 0.85, 6.67, 1.10, 6.57, 1.10, 0.90],
  xi_436 = [5.48, 4.51, 4.65, 1.94, 4.99, 4.90, 4.73, 4.67, 7.27, 5.98, 7.36, 5.07, 3.16, 5.19, 4.73, 4.55, 5.10, 5.66, 5.51, 7.08, 7.54, 2.44, 6.41, 5.63, 2.63, 4.89, 5.02, 5.48, 4.22, 5.61, 4.43, 4.45, 8.13, 4.79, 7.78, 7.86, 5.49, 9.06, 4.38, 4.45, 5.44, 5.97, 7.77, 7.33, 1.88, 4.93, 4.72, 4.54, 4.79, 5.05],
  xi_437 = [4.38, 5.64, 5.95, 8.69, 5.09, 4.85, 4.63, 1.26, 5.91, 2.70, 8.74, 5.18, 5.20, 5.56, 4.82, 3.96, 5.60, 5.31, 5.38, 4.58, 7.44, 9.27, 1.24, 5.62, 4.45, 2.01, 6.05, 5.52, 5.75, 5.57, 4.41, 8.19, 5.94, 9.89, 5.10, 1.89, 5.19, 4.47, 2.47, 5.90, 5.55, 6.28, 5.28, 6.50, 3.11, 1.31, 5.35, 5.90, 4.98, 4.42],
  xi_438 = [5.47, 4.58, 5.23, 4.58, 2.13, 9.18, 4.79, 5.85, 3.37, 5.31, 4.91, 5.26, 5.05, 4.77, 6.02, 5.19, 5.00, 4.39, 1.52, 4.99, 4.68, 8.57, 4.72, 5.38, 1.61, 5.23, 4.79, 5.91, 3.99, 5.88, 5.73, 4.20, 5.21, 1.82, 4.22, 5.60, 5.37, 5.99, 4.28, 4.81, 5.32, 5.36, 4.07, 1.12, 4.26, 5.51, 5.98, 2.54, 5.15, 1.26],
  xi_439 = [7.95, 7.33, 3.28, 8.12, 7.60, 8.10, 8.10, 8.99, 8.71, 8.64, 7.73, 8.92, 8.21, 8.52, 6.47, 9.34, 7.49, 7.29, 2.89, 7.73, 8.72, 6.18, 2.52, 5.78, 7.45, 8.73, 7.19, 7.81, 1.29, 3.92, 9.40, 6.47, 6.70, 9.18, 8.87, 9.75, 8.51, 7.75, 4.20, 9.17, 7.69, 6.93, 7.35, 7.29, 9.88, 8.33, 8.15, 7.98, 2.34, 5.14],
  xi_4310 = [5.74, 7.26, 6.02, 7.87, 1.42, 5.23, 5.53, 6.50, 9.02, 6.54, 5.20, 6.19, 7.92, 6.43, 5.74, 4.69, 7.19, 6.36, 3.02, 6.20, 5.64, 7.30, 3.94, 8.92, 6.23, 7.49, 6.27, 6.47, 5.66, 6.19, 1.97, 6.08, 8.97, 7.54, 6.50, 5.92, 5.39, 5.63, 5.51, 5.94, 5.84, 5.27, 5.92, 5.16, 9.11, 6.12, 6.50, 5.15, 3.04, 5.48],
  xi_4311 = [9.85, 10.49, 10.38, 4.32, 11.08, 11.58, 9.54, 11.61, 10.49, 13.08, 4.85, 10.35, 8.44, 10.06, 6.71, 11.23, 9.11, 7.26, 2.12, 9.77, 4.36, 8.15, 12.10, 11.02, 10.99, 1.13, 8.18, 6.03, 7.26, 7.60, 8.71, 9.29, 10.86, 10.58, 10.73, 3.59, 9.45, 9.04, 10.08, 8.43, 9.08, 4.40, 5.28, 9.22, 9.03, 9.94, 10.36, 11.17, 10.34, 10.11],
  xi_4312 = [4.24, 2.52, 5.18, 4.91, 4.70, 3.81, 3.82, 4.50, 5.07, 4.27, 9.69, 5.39, 2.53, 4.47, 8.18, 9.82, 5.68, 4.67, 6.98, 7.74, 5.31, 4.99, 5.46, 5.01, 8.88, 5.42, 4.82, 5.52, 5.36, 2.59, 5.53, 9.52, 4.00, 5.20, 5.22, 5.20, 4.95, 4.92, 4.49, 5.44, 5.14, 4.74, 5.73, 4.51, 8.30, 5.23, 4.68, 5.71, 5.03, 8.10],
  xi_4313 = [6.07, 5.51, 5.09, 6.36, 5.14, 5.54, 9.23, 6.82, 5.82, 6.18, 4.97, 5.20, 3.06, 6.30, 6.77, 5.65, 7.01, 6.58, 6.34, 6.39, 5.59, 4.71, 5.18, 6.19, 5.85, 5.20, 5.83, 6.49, 8.16, 2.51, 5.66, 5.05, 6.07, 6.12, 1.47, 6.78, 6.20, 7.12, 5.25, 6.33, 6.22, 6.16, 5.29, 2.70, 6.35, 2.76, 5.34, 5.14, 4.46, 6.23],
  xi_4314 = [2.43, 8.44, 8.83, 8.92, 8.40, 9.27, 3.75, 9.42, 7.60, 2.00, 8.43, 9.17, 8.16, 8.45, 7.48, 9.01, 5.31, 8.26, 8.51, 9.64, 9.79, 9.48, 9.26, 10.10, 9.15, 8.61, 8.86, 11.09, 8.41, 9.32, 2.77, 9.96, 10.06, 10.86, 8.10, 7.26, 9.37, 8.67, 9.80, 7.71, 8.67, 8.82, 8.49, 7.03, 4.82, 9.56, 8.53, 5.11, 9.83, 2.04],
  xi_4315 = [4.42, 3.98, 7.00, 1.57, 3.85, 9.91, 2.11, 4.35, 3.66, 3.99, 8.15, 4.15, 3.77, 4.19, 4.29, 5.81, 3.60, 4.40, 7.48, 3.56, 4.31, 4.31, 3.99, 4.08, 3.89, 4.22, 4.08, 3.79, 4.24, 3.15, 3.71, 7.05, 3.50, 5.58, 4.04, 1.98, 2.82, 3.62, 4.11, 4.98, 4.21, 3.72, 4.22, 3.61, 4.11, 3.63, 3.51, 3.98, 3.90, 2.08],
  xi_4316 = [5.17, 1.75, 5.98, 5.15, 5.92, 2.30, 5.62, 5.79, 6.40, 6.11, 3.20, 2.31, 7.38, 6.47, 5.89, 6.55, 5.48, 5.84, 1.88, 5.88, 6.84, 6.43, 4.09, 5.82, 5.91, 8.05, 4.41, 5.95, 4.19, 3.90, 5.43, 6.36, 5.45, 6.68, 6.07, 6.08, 6.71, 5.16, 6.29, 9.13, 9.99, 1.09, 7.74, 5.45, 5.80, 4.01, 8.81, 3.43, 6.14, 6.22],
  xi_4317 = [6.90, 3.50, 2.82, 5.78, 6.07, 6.59, 2.92, 5.36, 6.06, 6.49, 5.67, 6.47, 2.22, 7.72, 6.02, 9.19, 5.54, 5.90, 5.86, 2.39, 6.30, 4.95, 5.65, 6.95, 5.87, 6.45, 6.78, 5.78, 6.19, 6.07, 5.49, 6.43, 6.76, 6.92, 6.06, 7.01, 2.44, 4.90, 6.92, 6.14, 6.01, 6.34, 7.54, 5.29, 6.04, 5.02, 6.32, 5.47, 6.17, 2.82],
  xi_4318 = [7.12, 7.73, 1.79, 9.18, 6.99, 5.23, 7.09, 4.40, 5.72, 3.43, 7.07, 6.38, 6.56, 6.80, 2.30, 8.76, 6.19, 5.79, 8.00, 7.22, 8.77, 7.23, 6.32, 7.92, 7.38, 7.78, 6.52, 8.84, 6.87, 1.19, 7.27, 6.92, 1.85, 6.27, 7.59, 1.05, 6.38, 6.88, 5.54, 9.58, 6.19, 8.33, 7.66, 6.60, 5.76, 7.44, 7.30, 7.30, 7.86, 1.41],
  xi_4319 = [6.44, 2.00, 1.91, 1.04, 2.08, 2.06, 4.80, 4.39, 1.74, 6.90, 1.96, 2.29, 2.11, 1.82, 6.37, 1.82, 7.03, 1.93, 2.23, 7.21, 1.86, 9.86, 2.04, 2.10, 2.18, 2.26, 1.84, 7.53, 1.73, 2.19, 3.03, 2.36, 1.90, 4.32, 1.68, 5.23, 1.87, 2.12, 1.90, 1.68, 1.78, 1.84, 1.78, 5.62, 2.15, 2.52, 2.17, 2.39, 2.19, 1.86],
  xi_4320 = [2.12, 5.16, 1.43, 2.65, 2.07, 1.42, 1.80, 6.67, 6.44, 2.12, 2.34, 2.03, 1.59, 2.02, 8.81, 1.98, 1.95, 4.06, 3.63, 1.59, 2.07, 4.07, 2.06, 8.20, 2.01, 1.83, 1.83, 2.07, 2.04, 2.23, 1.65, 2.12, 8.87, 7.91, 1.96, 2.14, 1.82, 1.93, 2.04, 2.26, 9.89, 1.09, 2.08, 3.54, 2.18, 1.95, 1.70, 9.44, 2.10, 1.87],
  xi_441 = [2.20, 9.06, 3.48, 2.05, 2.37, 1.91, 1.74, 2.02, 9.13, 1.91, 4.50, 2.14, 1.97, 1.77, 2.10, 2.21, 2.19, 1.85, 2.02, 1.95, 2.19, 1.74, 7.09, 5.76, 1.82, 2.19, 2.82, 6.99, 2.23, 8.13, 1.93, 1.89, 1.98, 8.59, 8.29, 2.24, 7.29, 2.15, 5.83, 8.94, 1.82, 4.20, 1.89, 1.85, 1.83, 1.85, 8.62, 6.69, 1.77, 1.97],
  xi_442 = [6.82, 3.33, 6.32, 7.41, 7.38, 6.73, 7.79, 4.95, 7.73, 7.53, 5.92, 6.92, 2.42, 6.05, 7.84, 7.82, 2.11, 2.78, 8.18, 8.24, 1.05, 6.46, 1.50, 2.70, 6.84, 6.05, 7.22, 2.09, 6.43, 7.41, 4.92, 5.75, 7.10, 2.42, 8.22, 7.76, 8.60, 6.33, 6.37, 6.95, 6.66, 8.19, 6.93, 7.36, 9.38, 2.92, 7.44, 7.47, 6.73, 7.48],
  xi_443 = [7.51, 6.93, 7.00, 5.88, 5.57, 6.12, 8.42, 6.29, 5.89, 5.49, 7.25, 7.47, 9.38, 7.11, 5.17, 2.78, 6.66, 3.99, 7.01, 5.11, 8.24, 5.00, 4.23, 7.42, 6.97, 5.77, 6.07, 6.76, 4.71, 6.97, 7.22, 6.54, 9.21, 7.60, 9.57, 7.41, 7.38, 6.82, 3.55, 7.48, 2.59, 7.00, 8.69, 3.40, 7.68, 3.36, 6.65, 5.52, 5.56, 7.08],
  xi_444 = [1.47, 2.03, 2.88, 1.88, 2.34, 1.94, 2.90, 1.92, 2.02, 2.39, 2.01, 1.90, 1.84, 2.17, 1.97, 2.13, 1.64, 2.16, 1.77, 1.18, 1.95, 1.79, 2.18, 2.03, 2.12, 2.20, 3.74, 1.78, 2.04, 2.85, 2.24, 2.43, 1.83, 1.97, 2.49, 2.35, 2.08, 2.13, 1.86, 9.29, 8.60, 1.91, 1.79, 2.23, 1.06, 1.85, 1.64, 2.25, 7.41, 5.89],
  xi_445 = [10.44, 10.46, 8.50, 2.21, 6.57, 8.06, 11.10, 11.59, 4.33, 4.85, 7.71, 9.75, 2.71, 9.36, 9.17, 11.79, 10.09, 10.96, 3.61, 1.03, 8.88, 9.52, 9.52, 10.12, 9.59, 1.50, 10.57, 9.15, 3.35, 10.81, 4.35, 5.36, 9.57, 10.38, 8.30, 10.43, 10.75, 10.31, 8.91, 9.98, 11.59, 9.39, 8.92, 11.02, 10.54, 9.74, 9.30, 11.31, 9.63, 10.87],
  xi_446 = [5.75, 4.99, 4.97, 5.46, 4.99, 4.68, 5.39, 5.46, 5.10, 2.01, 4.87, 6.38, 7.03, 5.58, 5.20, 4.91, 6.80, 5.38, 4.86, 9.57, 4.74, 5.78, 4.38, 6.15, 5.03, 4.35, 5.37, 4.56, 4.61, 4.56, 4.51, 4.63, 5.06, 7.77, 9.81, 4.37, 4.35, 9.30, 4.19, 5.32, 4.92, 6.82, 4.61, 4.94, 4.85, 5.40, 4.67, 5.25, 5.48, 5.30],
  xi_447 = [3.91, 3.89, 3.19, 4.36, 3.57, 4.90, 4.34, 3.84, 4.47, 4.06, 3.77, 3.89, 3.39, 3.57, 4.40, 1.31, 4.00, 3.84, 3.68, 3.77, 3.87, 4.16, 3.81, 1.78, 3.43, 2.62, 4.01, 3.61, 4.15, 4.11, 7.61, 7.63, 9.71, 3.74, 1.90, 5.76, 3.47, 3.57, 5.68, 4.15, 6.95, 4.27, 4.10, 3.80, 4.47, 3.86, 3.55, 6.90, 3.20, 4.04],
  xi_448 = [6.26, 6.70, 9.74, 9.20, 9.85, 5.86, 7.00, 3.56, 3.89, 1.44, 1.40, 8.66, 6.89, 1.65, 7.85, 6.85, 7.33, 4.19, 7.43, 7.30, 6.16, 9.41, 8.11, 8.26, 6.17, 6.78, 6.88, 6.89, 7.32, 6.07, 7.50, 6.53, 7.04, 7.11, 6.58, 7.91, 7.53, 6.40, 6.72, 6.33, 2.30, 7.83, 7.09, 5.21, 6.66, 7.38, 5.91, 7.66, 4.31, 8.65],
  xi_449 = [3.36, 6.36, 3.09, 3.14, 2.92, 2.89, 3.40, 3.10, 8.81, 3.00, 3.19, 2.47, 2.27, 2.62, 2.79, 2.85, 3.10, 3.27, 2.88, 2.12, 3.00, 2.67, 2.83, 1.74, 7.54, 2.87, 7.16, 5.09, 2.93, 2.66, 9.30, 3.29, 3.32, 2.33, 6.34, 2.74, 2.77, 2.72, 2.59, 3.17, 2.03, 2.49, 2.77, 2.92, 3.16, 2.79, 3.05, 9.07, 3.12, 2.87],
  xi_4410 = [7.42, 1.81, 2.10, 1.54, 2.31, 2.31, 1.95, 1.94, 4.35, 1.98, 1.91, 4.76, 4.05, 1.87, 1.67, 1.87, 6.15, 2.23, 7.43, 1.92, 2.21, 1.95, 2.21, 1.75, 2.54, 2.28, 3.86, 4.64, 2.12, 1.70, 1.84, 2.33, 3.49, 2.43, 9.44, 1.92, 2.07, 1.94, 1.91, 9.91, 2.16, 9.53, 1.70, 1.87, 1.55, 1.95, 4.20, 1.97, 2.30, 5.65],
  xi_4411 = [3.05, 3.00, 2.84, 3.22, 3.40, 2.82, 1.21, 3.04, 1.44, 3.32, 6.35, 3.30, 2.86, 2.78, 3.12, 3.05, 2.74, 7.98, 3.05, 3.26, 3.11, 2.70, 2.82, 2.38, 2.81, 2.81, 7.02, 3.12, 3.06, 2.90, 3.36, 2.55, 3.64, 2.67, 5.17, 3.39, 2.62, 2.98, 3.21, 3.19, 4.63, 2.97, 3.08, 2.82, 2.85, 2.52, 3.35, 3.15, 4.46, 9.98],
  xi_4412 = [0.91, 7.99, 7.01, 0.94, 6.21, 0.99, 0.79, 0.93, 1.05, 6.92, 1.04, 0.98, 1.11, 1.01, 0.96, 0.81, 1.10, 0.94, 1.13, 6.42, 1.00, 1.00, 0.99, 1.04, 1.05, 1.05, 2.25, 1.06, 0.97, 0.96, 1.16, 1.02, 7.80, 1.11, 0.82, 1.19, 4.69, 1.00, 2.45, 9.85, 1.07, 4.80, 0.84, 1.27, 7.26, 1.11, 1.81, 0.84, 0.93, 9.29],
  xi_4413 = [2.78, 5.38, 4.41, 1.84, 5.20, 9.27, 4.79, 4.53, 2.65, 5.39, 6.58, 5.56, 4.58, 1.93, 4.70, 6.62, 5.37, 7.46, 1.75, 4.95, 5.61, 4.45, 5.70, 3.13, 8.23, 5.07, 7.70, 5.59, 8.19, 4.91, 2.94, 5.56, 8.80, 4.90, 6.09, 7.45, 4.78, 4.95, 2.39, 5.02, 8.32, 4.38, 8.04, 4.21, 4.85, 5.03, 4.55, 4.09, 5.21, 5.41],
  xi_4414 = [8.74, 9.67, 11.82, 10.60, 11.46, 6.39, 6.81, 11.81, 11.48, 8.62, 4.07, 9.43, 8.45, 9.76, 10.84, 11.35, 10.47, 9.53, 5.08, 8.74, 9.18, 10.61, 11.41, 8.89, 9.76, 8.82, 9.43, 9.57, 11.42, 9.56, 4.98, 7.01, 10.74, 10.94, 6.19, 10.95, 10.57, 4.34, 11.04, 10.06, 9.38, 9.31, 8.96, 2.38, 8.57, 6.21, 8.29, 8.42, 9.68, 4.31],
  xi_4415 = [1.75, 6.25, 5.87, 5.82, 5.80, 5.89, 1.42, 8.90, 8.80, 6.18, 5.95, 6.21, 7.64, 6.00, 3.99, 6.20, 2.35, 2.01, 6.00, 5.94, 3.41, 6.09, 5.75, 6.11, 6.08, 5.72, 5.63, 6.67, 7.50, 3.22, 6.14, 5.63, 6.43, 5.46, 6.43, 6.79, 4.57, 5.84, 6.44, 6.59, 7.10, 3.99, 8.80, 6.00, 4.56, 5.14, 6.13, 6.31, 6.47, 7.92],
  xi_4416 = [9.17, 2.89, 9.76, 5.11, 3.15, 3.68, 2.83, 3.18, 2.95, 3.00, 2.61, 3.22, 3.19, 6.20, 2.66, 5.72, 6.23, 2.88, 2.85, 2.91, 6.36, 2.70, 7.90, 3.25, 4.32, 2.58, 3.42, 5.87, 1.65, 1.34, 9.31, 9.36, 2.71, 8.88, 8.97, 3.54, 5.28, 2.54, 2.98, 2.96, 3.16, 8.31, 3.08, 3.45, 3.03, 2.73, 6.38, 3.26, 5.20, 2.84],
  xi_4417 = [3.02, 3.18, 7.99, 3.87, 3.96, 7.20, 3.56, 4.34, 1.69, 3.98, 6.86, 3.90, 3.62, 4.05, 3.96, 4.63, 3.88, 2.53, 6.86, 3.78, 3.99, 4.71, 3.58, 4.57, 4.26, 3.46, 4.10, 4.40, 3.87, 3.75, 7.77, 4.90, 3.46, 4.13, 3.70, 4.78, 1.68, 4.62, 1.87, 3.51, 3.77, 4.14, 2.55, 4.09, 3.55, 3.88, 4.47, 4.34, 4.40, 4.03],
  xi_4418 = [4.93, 6.93, 9.54, 5.75, 4.65, 4.22, 5.03, 5.61, 5.23, 7.93, 2.69, 4.90, 5.33, 6.82, 8.69, 4.82, 4.81, 5.96, 6.48, 5.05, 5.22, 5.67, 4.83, 5.10, 5.84, 5.00, 3.92, 4.65, 5.39, 2.97, 6.20, 5.36, 6.38, 4.84, 4.35, 4.96, 4.40, 5.02, 5.07, 5.69, 5.51, 7.39, 4.54, 5.12, 4.77, 5.48, 5.08, 5.11, 4.67, 5.13],
  xi_4419 = [1.32, 5.81, 9.33, 5.08, 7.16, 3.71, 9.83, 6.76, 6.19, 5.58, 3.30, 3.99, 5.80, 5.71, 6.13, 5.35, 4.23, 1.28, 9.54, 8.49, 6.42, 4.94, 6.02, 6.50, 6.80, 7.47, 5.84, 2.15, 6.60, 5.89, 2.96, 6.32, 6.16, 5.55, 6.72, 5.83, 5.87, 5.80, 5.22, 5.27, 6.16, 7.09, 5.35, 5.42, 6.41, 5.33, 8.17, 5.26, 2.15, 6.56],
  xi_4420 = [6.43, 7.13, 6.69, 6.19, 9.55, 9.23, 8.93, 4.38, 7.74, 2.61, 6.24, 6.25, 6.15, 5.55, 6.12, 5.18, 5.88, 5.59, 5.17, 6.02, 5.64, 6.73, 6.54, 8.31, 6.77, 5.85, 9.22, 6.13, 6.61, 6.18, 3.86, 5.75, 5.69, 6.37, 5.91, 7.30, 5.88, 6.67, 6.18, 6.50, 5.59, 5.40, 6.79, 8.42, 6.09, 5.38, 6.29, 4.77, 6.35, 6.02],
  xi_451 = [3.72, 7.33, 4.41, 2.80, 3.53, 3.18, 2.64, 3.16, 6.32, 5.92, 2.91, 8.85, 3.55, 2.80, 2.73, 4.05, 1.95, 9.77, 2.80, 3.13, 2.87, 2.84, 8.72, 2.81, 1.48, 3.48, 2.69, 4.47, 8.48, 5.49, 3.22, 3.21, 3.11, 3.04, 2.58, 2.74, 3.04, 2.59, 3.65, 2.91, 2.23, 6.80, 2.75, 2.94, 9.44, 2.85, 2.69, 3.08, 2.67, 2.51],
  xi_452 = [9.02, 8.61, 9.92, 7.65, 8.42, 8.51, 10.98, 10.69, 10.96, 10.82, 9.99, 8.88, 2.56, 11.21, 10.13, 4.10, 9.71, 10.06, 1.53, 10.61, 10.38, 4.91, 9.54, 7.09, 11.55, 10.30, 10.12, 6.21, 10.85, 9.52, 5.86, 10.05, 8.66, 3.12, 4.52, 2.27, 10.26, 4.02, 11.78, 7.80, 8.69, 10.24, 8.86, 9.74, 11.73, 5.88, 9.80, 9.13, 8.22, 10.31],
  xi_453 = [8.64, 8.95, 10.09, 7.34, 7.64, 9.14, 6.69, 9.46, 10.88, 7.53, 7.56, 3.38, 8.10, 9.82, 8.02, 7.92, 9.72, 1.93, 7.80, 8.58, 9.24, 8.42, 9.24, 6.31, 8.89, 7.67, 9.57, 8.63, 8.52, 9.54, 3.97, 7.48, 2.16, 8.81, 2.09, 8.35, 7.89, 7.94, 2.22, 8.50, 8.79, 7.99, 10.53, 9.55, 8.57, 9.41, 10.56, 7.24, 8.96, 9.68],
  xi_454 = [7.09, 7.01, 4.78, 7.33, 8.02, 6.37, 7.34, 6.72, 6.37, 7.28, 6.01, 6.29, 2.63, 7.11, 7.76, 7.05, 2.91, 7.60, 2.31, 3.68, 7.99, 3.83, 7.35, 4.91, 6.45, 7.06, 4.31, 7.64, 7.89, 6.32, 7.19, 6.83, 6.86, 7.78, 6.13, 9.52, 6.89, 2.88, 7.39, 1.92, 7.21, 7.22, 3.06, 7.88, 5.65, 6.73, 6.65, 7.77, 3.34, 6.89],
  xi_455 = [3.79, 4.04, 4.56, 4.02, 4.28, 4.34, 6.47, 4.01, 4.34, 3.59, 4.25, 3.66, 2.87, 3.58, 3.91, 2.15, 3.56, 3.79, 3.45, 3.01, 6.85, 3.46, 3.20, 3.95, 3.92, 4.20, 3.76, 4.15, 2.27, 3.96, 6.85, 3.78, 3.80, 4.31, 4.26, 4.41, 5.32, 5.89, 3.98, 9.32, 6.41, 3.58, 4.75, 3.67, 3.30, 5.16, 4.06, 3.73, 4.27, 3.90],
  xi_456 = [5.66, 6.00, 4.84, 7.19, 6.39, 4.16, 6.54, 6.84, 5.98, 5.87, 6.00, 5.13, 6.46, 6.51, 5.97, 6.27, 6.10, 7.02, 6.15, 6.65, 5.58, 6.46, 6.51, 6.02, 5.88, 5.46, 6.04, 5.98, 6.70, 6.42, 7.09, 6.46, 4.94, 9.47, 5.90, 1.62, 6.17, 8.87, 3.50, 4.36, 9.85, 6.32, 7.08, 6.18, 4.68, 5.76, 5.35, 6.38, 7.45, 5.89],
  xi_457 = [1.59, 5.92, 1.56, 2.31, 2.00, 2.25, 2.13, 2.26, 3.97, 1.86, 2.28, 2.06, 2.05, 2.04, 9.35, 4.57, 6.26, 2.01, 1.98, 2.20, 2.08, 7.82, 1.96, 8.21, 4.85, 2.23, 1.99, 5.98, 2.06, 2.17, 1.97, 1.81, 1.85, 1.95, 2.13, 2.14, 1.84, 1.89, 2.15, 2.16, 2.01, 1.70, 3.79, 1.94, 1.89, 1.78, 1.90, 2.43, 1.86, 3.10],
  xi_458 = [1.18, 2.15, 5.99, 1.07, 0.83, 1.11, 0.93, 1.08, 0.90, 1.16, 1.33, 1.00, 0.93, 7.54, 0.97, 1.06, 3.41, 1.06, 0.96, 2.68, 1.19, 1.09, 5.77, 0.88, 0.89, 0.97, 0.93, 0.96, 1.09, 0.85, 0.89, 4.84, 4.15, 7.21, 2.25, 0.93, 0.91, 1.18, 1.08, 1.12, 6.08, 0.99, 0.85, 2.34, 1.01, 1.17, 4.31, 0.89, 1.16, 7.24],
  xi_459 = [3.37, 3.92, 2.88, 2.98, 2.72, 3.98, 3.04, 2.38, 3.03, 2.39, 7.38, 2.53, 3.26, 2.95, 3.25, 4.65, 2.35, 3.11, 6.98, 3.74, 5.10, 3.49, 9.07, 3.06, 3.23, 3.28, 1.08, 2.71, 2.85, 3.21, 3.56, 3.48, 3.46, 2.92, 2.83, 3.60, 8.62, 3.34, 2.98, 3.30, 3.35, 2.93, 3.42, 2.65, 4.56, 3.01, 3.17, 3.10, 6.24, 4.25],
  xi_4510 = [6.36, 8.78, 5.62, 5.98, 6.76, 5.06, 6.22, 6.00, 5.54, 5.87, 7.14, 5.85, 9.35, 5.55, 6.38, 5.86, 6.59, 6.64, 2.20, 4.15, 5.71, 5.44, 9.11, 7.21, 4.81, 5.74, 7.14, 7.60, 5.77, 5.56, 8.86, 6.36, 2.16, 1.88, 5.74, 2.00, 5.59, 1.97, 5.32, 6.70, 7.29, 5.14, 6.22, 5.17, 5.86, 6.61, 6.12, 2.30, 6.16, 5.86],
  xi_4511 = [1.87, 2.18, 1.53, 2.02, 2.27, 1.71, 1.73, 4.79, 1.94, 2.19, 2.29, 5.60, 1.78, 1.96, 2.08, 2.00, 1.72, 1.66, 1.98, 6.94, 7.06, 2.14, 2.38, 1.67, 2.13, 1.94, 1.69, 2.01, 2.15, 1.96, 7.03, 7.32, 3.45, 7.66, 2.72, 1.72, 2.00, 1.90, 2.10, 1.64, 1.95, 2.01, 1.74, 8.22, 2.01, 1.02, 2.13, 8.48, 5.47, 4.55],
  xi_4512 = [9.22, 3.83, 11.12, 7.76, 4.47, 10.74, 9.34, 8.95, 8.93, 8.91, 6.96, 8.80, 7.93, 10.16, 7.77, 9.28, 7.45, 10.80, 7.87, 8.68, 9.19, 8.04, 9.37, 11.68, 9.18, 2.60, 8.51, 9.92, 9.09, 10.21, 9.27, 8.28, 8.57, 8.45, 9.47, 9.25, 8.01, 9.20, 1.01, 3.92, 9.40, 8.06, 7.59, 3.25, 8.20, 7.92, 6.77, 8.37, 10.20, 7.75],
  xi_4513 = [6.19, 7.61, 6.61, 1.13, 6.90, 4.45, 4.74, 4.43, 1.35, 3.55, 4.49, 5.14, 5.52, 5.04, 8.29, 8.64, 8.65, 4.27, 5.23, 4.50, 5.26, 4.67, 6.07, 4.36, 5.32, 6.26, 5.14, 4.99, 5.26, 6.00, 9.42, 9.67, 5.53, 6.02, 5.41, 5.41, 5.01, 4.73, 2.89, 4.88, 5.06, 5.29, 9.64, 5.33, 5.26, 5.01, 6.22, 5.24, 5.72, 8.38],
  xi_4514 = [7.87, 9.16, 5.17, 11.17, 6.37, 9.37, 9.68, 9.13, 9.38, 7.53, 8.35, 9.54, 9.07, 9.13, 8.59, 2.69, 4.25, 8.30, 8.64, 7.18, 5.85, 4.31, 9.51, 8.62, 9.60, 10.43, 3.98, 8.76, 2.81, 11.37, 8.76, 8.90, 9.81, 9.24, 8.50, 9.88, 7.77, 8.44, 9.59, 8.45, 8.54, 8.80, 8.99, 7.45, 9.45, 1.87, 4.17, 9.68, 9.21, 7.90],
  xi_4515 = [3.65, 5.89, 4.27, 4.39, 3.59, 3.36, 2.83, 7.36, 8.79, 6.30, 2.49, 3.67, 7.90, 4.06, 4.64, 8.65, 3.89, 4.22, 8.63, 3.86, 3.46, 2.85, 3.19, 4.05, 9.95, 4.15, 9.82, 9.69, 4.17, 3.42, 3.53, 4.26, 3.79, 4.01, 9.41, 3.13, 3.83, 1.82, 3.41, 3.90, 1.25, 7.95, 3.77, 4.29, 3.93, 6.44, 4.22, 6.83, 3.83, 2.50],
  xi_4516 = [3.67, 3.44, 3.77, 4.92, 3.56, 7.63, 3.91, 5.13, 3.11, 3.93, 4.38, 3.66, 3.27, 7.00, 3.75, 1.22, 4.23, 2.77, 4.66, 3.78, 8.81, 5.08, 6.68, 7.74, 4.02, 4.27, 4.33, 3.72, 4.04, 7.78, 2.63, 3.81, 3.41, 3.81, 4.90, 3.86, 4.48, 4.29, 3.74, 3.12, 4.20, 4.43, 4.49, 4.44, 4.73, 3.96, 2.46, 3.84, 5.91, 3.99],
  xi_4517 = [10.67, 9.72, 11.32, 10.58, 10.29, 7.83, 10.21, 9.98, 10.02, 5.76, 10.00, 9.89, 10.51, 11.78, 9.33, 10.19, 4.46, 1.58, 7.51, 10.87, 10.23, 11.68, 9.13, 7.13, 9.59, 10.89, 10.62, 9.36, 9.34, 10.62, 9.85, 10.25, 10.51, 10.60, 10.43, 2.43, 11.47, 10.96, 3.70, 9.64, 9.49, 9.70, 7.76, 2.10, 9.84, 9.57, 9.38, 11.21, 9.14, 10.00],
  xi_4518 = [1.64, 1.97, 1.98, 1.90, 1.98, 7.56, 2.22, 2.32, 9.04, 7.00, 2.18, 8.96, 2.07, 2.06, 1.18, 9.38, 2.50, 2.08, 2.08, 1.96, 1.79, 1.92, 2.26, 2.12, 1.27, 2.29, 2.22, 1.98, 1.94, 1.80, 1.97, 1.78, 1.78, 1.95, 1.85, 1.88, 1.85, 1.93, 1.84, 9.12, 6.73, 2.05, 2.42, 7.35, 1.76, 1.95, 1.93, 2.30, 7.56, 2.97],
  xi_4519 = [6.90, 8.22, 8.34, 8.72, 8.43, 7.78, 8.86, 7.79, 7.41, 9.33, 8.08, 9.06, 3.35, 7.12, 8.43, 3.93, 3.16, 8.85, 9.95, 7.76, 8.67, 7.20, 8.19, 7.44, 5.27, 2.69, 7.27, 7.95, 10.06, 8.00, 7.28, 7.20, 8.44, 7.69, 7.44, 2.07, 7.63, 7.27, 9.35, 8.17, 9.28, 7.50, 8.54, 9.82, 7.92, 8.43, 7.90, 7.12, 7.43, 7.72],
  xi_4520 = [8.71, 8.91, 7.94, 7.42, 7.73, 8.28, 9.32, 1.61, 6.12, 6.87, 8.27, 6.41, 7.07, 8.90, 7.36, 8.39, 4.19, 8.15, 3.99, 7.55, 8.57, 9.50, 3.86, 6.97, 8.81, 5.38, 1.40, 9.98, 7.43, 8.95, 7.87, 3.00, 7.16, 8.42, 8.54, 5.33, 5.64, 5.26, 2.53, 7.35, 7.20, 7.80, 8.10, 5.10, 3.49, 7.57, 8.76, 9.38, 9.02, 7.26],
  xi_461 = [7.36, 9.67, 7.66, 1.75, 9.23, 7.68, 8.93, 8.02, 7.77, 7.32, 8.54, 8.39, 6.28, 5.30, 8.12, 9.26, 8.28, 8.68, 6.97, 4.44, 8.68, 7.65, 8.47, 7.12, 5.50, 8.04, 7.49, 8.35, 7.24, 6.87, 7.22, 7.20, 6.55, 3.27, 8.02, 8.44, 7.45, 6.85, 6.52, 7.65, 9.25, 8.74, 8.70, 7.50, 7.81, 7.52, 8.17, 7.29, 7.55, 7.19],
  xi_462 = [2.66, 3.08, 5.71, 6.84, 3.11, 3.14, 3.12, 6.67, 2.69, 2.75, 6.01, 2.79, 3.03, 3.46, 2.40, 3.72, 3.02, 3.03, 4.57, 2.91, 3.05, 3.35, 6.98, 6.78, 3.33, 2.87, 7.36, 6.77, 6.97, 2.46, 4.15, 4.72, 3.33, 7.07, 3.62, 2.94, 9.96, 2.44, 3.03, 3.00, 2.08, 2.82, 3.07, 3.23, 3.27, 6.45, 2.92, 3.07, 7.92, 2.95],
  xi_463 = [5.20, 8.12, 4.78, 6.95, 4.92, 6.21, 5.94, 5.36, 5.81, 5.80, 6.14, 6.79, 4.70, 3.33, 9.86, 5.99, 1.01, 4.41, 6.46, 7.49, 5.95, 7.90, 6.73, 6.33, 6.37, 6.84, 5.43, 9.75, 1.77, 8.31, 4.53, 6.60, 4.34, 5.76, 8.69, 6.90, 6.39, 5.71, 6.27, 5.08, 6.41, 6.38, 5.47, 5.90, 5.42, 5.49, 6.84, 5.33, 5.85, 1.81],
  xi_464 = [5.52, 5.36, 10.58, 8.82, 4.19, 8.94, 9.41, 6.86, 7.32, 8.49, 8.91, 3.73, 4.76, 8.11, 8.72, 10.17, 2.11, 8.71, 9.07, 1.24, 8.54, 7.91, 6.85, 3.24, 9.11, 9.89, 10.75, 10.78, 8.69, 7.35, 9.52, 8.67, 8.99, 10.80, 9.77, 9.44, 8.17, 2.06, 10.04, 6.24, 4.70, 7.94, 9.65, 9.33, 10.89, 8.94, 10.35, 8.36, 10.16, 8.96],
  xi_465 = [8.86, 4.36, 7.11, 4.10, 8.91, 6.66, 3.85, 3.56, 3.85, 6.76, 4.33, 3.60, 3.43, 4.12, 3.55, 3.69, 3.83, 7.26, 3.87, 3.77, 3.78, 9.90, 4.55, 3.72, 4.46, 4.18, 3.21, 4.19, 6.31, 3.98, 4.33, 7.86, 3.74, 4.15, 3.67, 8.71, 4.40, 2.78, 5.31, 5.43, 4.28, 6.64, 3.68, 9.43, 3.99, 4.02, 5.21, 4.32, 4.22, 3.65],
  xi_466 = [6.07, 4.74, 5.83, 6.33, 5.55, 4.08, 9.88, 6.34, 6.63, 6.58, 5.25, 1.17, 7.07, 1.24, 6.67, 6.73, 6.31, 6.93, 5.63, 6.83, 4.41, 5.25, 5.87, 9.70, 5.84, 5.96, 6.99, 5.32, 1.10, 5.70, 4.68, 4.95, 1.63, 6.27, 6.37, 7.01, 2.30, 6.23, 5.70, 5.98, 6.28, 5.96, 8.41, 6.32, 2.00, 6.47, 9.65, 5.16, 5.64, 5.75],
  xi_467 = [2.97, 2.88, 3.46, 1.70, 3.05, 3.27, 3.07, 2.58, 5.76, 3.38, 2.55, 2.86, 3.30, 2.43, 2.46, 2.98, 3.76, 3.23, 3.13, 3.15, 3.04, 2.92, 2.78, 2.87, 3.35, 3.65, 2.96, 7.65, 3.00, 3.13, 1.91, 3.55, 4.91, 9.77, 9.57, 2.62, 2.80, 2.51, 6.65, 7.31, 2.71, 1.11, 2.56, 2.99, 2.11, 4.66, 3.28, 2.99, 6.93, 3.02],
  xi_468 = [4.74, 4.84, 4.25, 5.01, 7.19, 5.77, 4.55, 5.41, 3.09, 5.16, 8.02, 4.94, 5.47, 3.97, 5.27, 5.76, 5.42, 4.90, 5.23, 7.52, 5.41, 9.38, 5.03, 4.46, 5.93, 5.15, 5.71, 4.32, 5.29, 8.92, 4.88, 5.48, 5.67, 5.16, 4.26, 8.64, 5.02, 3.87, 5.01, 9.40, 4.69, 4.60, 4.46, 5.74, 3.05, 5.01, 4.83, 4.96, 4.87, 8.30],
  xi_469 = [9.62, 9.19, 2.19, 4.92, 6.41, 9.01, 10.26, 11.52, 10.17, 7.92, 9.19, 9.02, 8.64, 9.76, 6.66, 8.75, 5.37, 7.79, 9.49, 10.00, 3.63, 5.74, 9.83, 9.36, 8.38, 9.50, 8.31, 8.38, 9.96, 9.18, 8.16, 9.87, 10.35, 8.35, 8.73, 8.28, 7.95, 8.96, 8.25, 8.10, 9.58, 9.62, 8.90, 9.27, 9.00, 8.09, 9.00, 1.88, 7.48, 8.85],
  xi_4610 = [6.67, 6.54, 5.38, 9.52, 5.75, 6.44, 9.72, 6.64, 6.31, 5.98, 6.36, 6.68, 6.47, 6.73, 7.91, 5.37, 6.40, 5.73, 5.32, 5.88, 9.20, 5.98, 5.14, 9.80, 5.84, 5.85, 7.29, 7.49, 6.00, 7.25, 5.45, 5.38, 5.65, 6.08, 6.13, 6.19, 4.81, 6.85, 5.47, 6.06, 5.85, 5.68, 6.37, 7.56, 5.55, 6.43, 5.62, 5.78, 5.35, 7.70],
  xi_4611 = [5.94, 6.70, 1.41, 6.56, 6.96, 5.61, 2.05, 7.11, 7.13, 6.41, 8.59, 6.08, 6.74, 3.48, 7.19, 6.78, 5.83, 5.79, 6.67, 6.82, 8.38, 6.15, 2.38, 7.56, 1.80, 6.87, 7.02, 3.58, 6.88, 6.97, 6.70, 3.55, 5.07, 8.14, 5.69, 7.08, 6.59, 1.55, 9.27, 9.03, 6.39, 5.02, 6.22, 7.28, 6.32, 6.83, 5.27, 9.03, 7.17, 7.84],
  xi_4612 = [7.76, 9.14, 9.23, 7.35, 1.97, 4.62, 8.86, 9.97, 6.49, 8.68, 9.59, 7.74, 8.34, 9.79, 9.30, 8.86, 8.87, 7.05, 8.63, 7.93, 8.68, 7.39, 8.47, 9.31, 2.13, 8.50, 1.94, 8.90, 8.22, 9.15, 8.33, 8.48, 11.26, 8.37, 7.05, 10.08, 8.52, 5.47, 8.26, 8.84, 9.33, 6.35, 8.45, 9.73, 8.93, 2.61, 2.43, 3.28, 8.70, 8.51],
  xi_4613 = [10.40, 10.45, 11.67, 9.77, 8.26, 10.11, 4.82, 8.73, 8.90, 9.97, 10.05, 11.17, 5.55, 7.96, 5.72, 5.84, 3.76, 10.22, 1.02, 4.21, 9.39, 9.93, 11.77, 10.21, 10.26, 7.51, 9.79, 8.98, 9.21, 7.52, 2.83, 1.75, 3.66, 9.62, 4.13, 10.89, 2.12, 2.30, 9.66, 9.96, 9.85, 10.18, 8.40, 2.52, 8.57, 9.09, 3.09, 11.88, 9.32, 6.99],
  xi_4614 = [1.63, 5.06, 5.18, 7.59, 5.97, 5.49, 6.35, 8.41, 4.14, 5.24, 8.80, 9.35, 8.64, 5.24, 5.02, 2.76, 5.35, 9.24, 5.12, 5.37, 5.92, 4.50, 5.40, 5.05, 4.33, 5.00, 6.36, 4.90, 4.86, 3.53, 4.16, 2.44, 5.17, 4.63, 1.56, 4.46, 5.11, 5.01, 4.37, 4.89, 1.89, 4.62, 5.36, 4.61, 5.54, 5.47, 4.52, 4.89, 6.73, 5.19],
  xi_4615 = [7.76, 7.26, 5.63, 6.81, 8.86, 5.78, 1.57, 6.69, 8.86, 9.36, 9.89, 7.90, 8.11, 7.62, 6.70, 2.00, 6.28, 3.93, 7.57, 9.37, 3.59, 8.66, 9.20, 8.32, 8.41, 7.29, 2.35, 8.35, 8.35, 7.77, 3.81, 7.96, 1.37, 6.92, 6.82, 8.68, 1.40, 8.41, 7.98, 7.89, 7.35, 8.08, 7.79, 7.30, 7.56, 8.31, 8.19, 8.49, 8.21, 8.02],
  xi_4616 = [9.75, 10.36, 4.58, 13.11, 9.41, 10.82, 9.15, 6.40, 5.06, 8.00, 9.83, 8.84, 11.50, 6.39, 10.22, 10.28, 8.76, 10.02, 4.47, 7.82, 8.20, 9.83, 8.83, 11.23, 10.63, 10.96, 8.97, 9.46, 3.97, 9.04, 8.80, 11.70, 11.55, 8.85, 9.32, 10.78, 10.81, 9.15, 2.63, 12.02, 10.46, 10.05, 9.63, 7.16, 10.26, 8.18, 7.65, 7.61, 9.54, 9.66],
  xi_4617 = [6.88, 4.95, 9.79, 1.69, 2.20, 1.92, 1.68, 2.27, 1.78, 8.15, 2.07, 1.90, 1.84, 1.95, 1.72, 1.96, 2.34, 8.80, 2.11, 8.53, 5.14, 2.25, 1.97, 2.11, 2.17, 7.80, 1.50, 2.08, 1.67, 2.24, 1.80, 2.40, 2.10, 2.14, 9.94, 1.82, 2.04, 1.68, 7.15, 5.20, 3.57, 7.73, 2.24, 1.99, 3.78, 6.84, 1.70, 1.62, 1.75, 2.14],
  xi_4618 = [2.52, 3.01, 2.87, 2.78, 3.03, 8.72, 1.01, 2.69, 2.63, 6.99, 7.85, 3.13, 6.67, 2.93, 1.10, 2.87, 2.62, 2.56, 6.12, 5.61, 2.75, 1.89, 2.90, 2.61, 3.03, 3.21, 2.54, 3.76, 7.98, 3.65, 2.62, 3.45, 2.78, 3.13, 7.35, 6.14, 2.95, 3.05, 7.50, 2.96, 1.20, 2.51, 4.60, 3.12, 6.22, 3.32, 2.31, 4.21, 2.77, 3.46],
  xi_4619 = [2.50, 2.15, 2.93, 8.36, 1.77, 1.70, 7.46, 2.15, 1.86, 2.06, 1.88, 2.16, 2.30, 1.92, 1.80, 1.94, 1.94, 1.86, 5.45, 2.02, 6.79, 1.78, 2.00, 7.57, 2.70, 1.67, 2.09, 2.05, 2.08, 6.81, 1.97, 1.83, 2.11, 8.03, 1.74, 2.03, 2.16, 2.05, 7.19, 4.83, 4.59, 3.20, 9.76, 2.16, 2.31, 1.92, 2.09, 2.14, 2.08, 1.64],
  xi_4620 = [8.64, 2.95, 2.90, 2.80, 2.97, 2.95, 2.90, 2.65, 3.06, 3.06, 3.09, 2.61, 3.14, 2.95, 3.23, 2.64, 2.78, 1.83, 3.26, 3.02, 2.70, 2.83, 3.53, 8.92, 2.94, 2.89, 2.64, 6.28, 8.69, 2.94, 3.85, 4.10, 3.09, 2.88, 2.99, 2.67, 3.35, 7.54, 2.81, 3.10, 2.33, 2.58, 2.89, 2.90, 2.73, 2.96, 2.63, 2.93, 3.62, 3.73],
  xi_471 = [7.79, 2.05, 3.33, 2.26, 4.47, 5.67, 2.01, 4.31, 1.98, 1.85, 2.80, 1.85, 1.98, 2.08, 1.97, 1.85, 8.73, 1.79, 1.16, 1.56, 2.27, 1.95, 9.04, 7.05, 6.89, 1.90, 1.83, 6.51, 3.55, 2.19, 2.04, 1.92, 2.13, 2.72, 4.70, 1.48, 1.88, 1.78, 1.99, 1.87, 1.93, 2.41, 1.72, 1.83, 1.85, 2.04, 2.13, 2.22, 1.84, 1.80],
  xi_472 = [3.00, 2.77, 2.86, 1.60, 3.52, 1.73, 3.60, 3.37, 6.77, 2.83, 3.05, 3.58, 2.97, 2.80, 5.77, 6.29, 3.06, 5.85, 3.20, 2.80, 1.64, 2.31, 3.23, 2.96, 7.90, 3.04, 3.46, 2.61, 2.93, 3.79, 3.10, 9.12, 9.55, 2.99, 5.10, 2.77, 3.04, 2.67, 2.83, 2.12, 6.56, 2.99, 2.99, 3.06, 3.33, 2.59, 2.39, 3.39, 3.03, 2.74],
  xi_473 = [0.99, 1.01, 7.67, 1.12, 8.64, 1.17, 1.18, 1.07, 3.18, 1.01, 0.90, 0.91, 9.85, 1.01, 1.07, 0.96, 2.41, 1.88, 1.09, 0.99, 0.78, 0.94, 0.99, 1.98, 0.84, 8.45, 0.91, 0.91, 2.95, 0.83, 1.13, 1.03, 0.86, 1.08, 0.90, 1.09, 0.95, 6.75, 1.19, 7.81, 1.15, 1.16, 5.11, 0.97, 1.23, 0.90, 0.95, 7.47, 1.09, 1.10],
  xi_474 = [7.40, 11.11, 1.12, 8.98, 1.53, 10.94, 8.62, 10.69, 9.01, 10.04, 9.22, 11.25, 9.93, 7.46, 9.76, 7.83, 1.55, 5.13, 5.59, 9.74, 9.38, 9.58, 7.63, 7.50, 10.29, 3.85, 6.22, 11.03, 10.52, 9.42, 9.33, 5.00, 9.52, 9.36, 9.47, 1.99, 8.83, 8.51, 8.10, 5.93, 9.46, 5.54, 8.72, 8.26, 4.19, 8.20, 7.73, 9.45, 9.18, 3.89],
  xi_475 = [6.38, 8.17, 1.81, 4.40, 5.31, 6.73, 6.37, 5.42, 7.50, 5.33, 7.70, 7.05, 5.56, 6.10, 5.11, 5.78, 6.31, 5.64, 5.67, 6.63, 6.28, 6.15, 6.01, 5.65, 5.73, 6.00, 4.87, 6.24, 6.22, 5.97, 6.97, 5.64, 2.36, 6.30, 5.33, 7.23, 5.67, 4.81, 6.41, 4.83, 5.05, 4.73, 6.70, 9.40, 6.16, 6.37, 5.84, 5.36, 4.24, 6.15],
  xi_476 = [6.92, 7.51, 8.90, 7.83, 9.42, 5.20, 9.18, 10.90, 7.26, 8.93, 4.71, 8.56, 6.69, 2.11, 8.56, 7.99, 8.37, 8.71, 5.82, 5.48, 1.39, 7.17, 8.20, 3.39, 8.81, 2.00, 2.11, 7.59, 7.74, 8.32, 4.66, 9.19, 9.09, 8.93, 9.01, 7.12, 8.27, 3.79, 8.01, 6.92, 9.03, 9.01, 7.95, 7.90, 7.77, 6.58, 8.36, 8.32, 8.30, 3.08],
  xi_477 = [6.59, 3.44, 5.19, 4.55, 4.05, 6.44, 5.58, 5.78, 5.91, 6.99, 5.77, 6.24, 5.23, 5.49, 6.75, 6.48, 5.42, 6.26, 5.87, 9.10, 5.24, 6.33, 6.89, 5.42, 5.45, 5.47, 5.00, 5.55, 6.07, 6.84, 9.30, 5.80, 5.84, 4.09, 4.97, 7.57, 1.39, 1.05, 6.16, 6.01, 6.24, 7.26, 6.67, 2.04, 5.15, 5.95, 5.84, 5.45, 4.86, 8.38],
  xi_478 = [10.59, 10.66, 10.03, 10.63, 10.01, 8.35, 9.32, 6.32, 8.76, 2.24, 10.42, 9.37, 9.58, 11.18, 9.89, 10.83, 10.19, 9.45, 8.77, 9.39, 8.17, 9.84, 9.25, 10.55, 11.36, 6.09, 9.39, 11.32, 10.77, 10.03, 11.55, 10.91, 9.11, 6.53, 11.40, 7.43, 10.62, 5.75, 9.07, 8.64, 8.90, 3.16, 10.95, 10.11, 9.55, 6.77, 10.17, 7.72, 10.63, 6.08],
  xi_479 = [5.31, 3.18, 3.18, 2.99, 3.08, 8.63, 2.34, 3.11, 3.07, 3.05, 3.23, 2.62, 9.07, 2.99, 3.18, 3.45, 2.62, 3.42, 5.21, 3.38, 1.75, 2.64, 3.18, 2.98, 1.97, 6.67, 8.48, 2.87, 3.20, 2.92, 9.28, 2.74, 6.86, 3.08, 6.15, 2.92, 2.75, 3.62, 3.15, 9.59, 3.10, 2.95, 1.97, 9.53, 2.53, 8.65, 3.13, 2.89, 2.63, 8.36],
  xi_4710 = [2.28, 4.45, 6.89, 3.72, 7.38, 1.01, 9.52, 2.90, 3.85, 3.37, 2.95, 3.55, 8.74, 3.57, 4.14, 4.80, 5.15, 4.85, 3.72, 3.67, 1.94, 3.70, 5.22, 7.73, 3.38, 3.65, 3.52, 3.80, 8.86, 3.29, 4.25, 3.58, 6.82, 2.97, 4.14, 3.76, 4.01, 4.41, 4.06, 4.41, 2.61, 6.44, 3.84, 4.03, 3.65, 3.58, 4.80, 3.99, 4.27, 6.99],
  xi_4711 = [7.20, 7.30, 6.33, 8.46, 7.34, 6.50, 7.24, 4.38, 7.06, 6.55, 5.75, 6.50, 7.46, 6.70, 7.43, 6.40, 6.73, 7.92, 9.19, 9.34, 6.95, 6.39, 6.79, 7.41, 6.77, 7.25, 6.68, 7.53, 7.38, 8.77, 7.02, 7.04, 6.08, 6.97, 7.06, 6.20, 7.45, 6.39, 1.39, 6.85, 4.43, 7.81, 6.30, 6.60, 6.25, 7.66, 7.81, 6.63, 5.17, 3.92],
  xi_4712 = [1.00, 7.39, 1.01, 0.97, 1.01, 1.01, 0.85, 1.94, 1.13, 0.93, 0.93, 0.76, 0.93, 5.01, 0.97, 1.06, 2.99, 9.93, 3.82, 0.97, 1.08, 1.08, 0.85, 0.77, 5.96, 0.89, 9.83, 1.07, 1.02, 5.15, 0.92, 7.13, 1.00, 0.91, 0.91, 1.04, 0.91, 0.87, 0.86, 9.79, 0.94, 0.89, 1.04, 1.12, 1.18, 2.74, 0.88, 1.05, 0.92, 9.09],
  xi_4713 = [8.50, 7.02, 9.30, 8.87, 6.75, 8.89, 7.92, 8.86, 7.20, 7.19, 8.95, 4.82, 7.34, 7.69, 6.25, 4.20, 8.00, 7.79, 6.46, 4.36, 7.79, 7.33, 6.98, 7.46, 7.17, 4.35, 9.19, 6.88, 5.87, 7.50, 7.14, 4.72, 5.88, 8.80, 9.54, 6.98, 4.62, 6.40, 7.53, 9.79, 8.12, 8.66, 5.07, 4.61, 4.96, 8.90, 7.50, 3.93, 7.96, 8.79],
  xi_4714 = [2.12, 3.98, 6.52, 1.11, 2.88, 5.65, 2.61, 3.07, 8.50, 2.76, 8.64, 2.46, 2.19, 2.71, 9.10, 3.10, 2.55, 3.75, 2.59, 5.76, 2.81, 2.85, 2.79, 3.53, 2.86, 9.35, 7.88, 3.37, 2.95, 3.26, 1.72, 2.52, 3.23, 7.45, 2.24, 2.98, 9.03, 2.60, 2.79, 3.35, 2.95, 3.16, 9.41, 9.74, 2.73, 2.98, 2.51, 3.38, 5.45, 2.82],
  xi_4715 = [1.96, 5.56, 3.05, 2.63, 2.97, 3.41, 3.14, 3.69, 3.16, 3.22, 2.45, 9.78, 2.62, 2.88, 3.32, 6.88, 2.84, 3.18, 2.55, 2.74, 3.51, 2.77, 2.64, 3.57, 3.55, 9.83, 7.28, 1.70, 2.66, 7.03, 6.06, 7.33, 3.24, 3.07, 9.11, 5.16, 2.89, 3.03, 3.49, 2.66, 7.39, 2.77, 3.16, 3.37, 6.47, 3.16, 2.55, 3.12, 2.78, 3.20],
  xi_4716 = [0.92, 1.09, 1.35, 1.04, 1.07, 1.00, 0.92, 1.15, 0.98, 0.96, 0.94, 0.97, 6.97, 9.08, 3.11, 1.03, 1.01, 0.90, 0.88, 0.97, 1.05, 1.06, 1.56, 1.19, 6.57, 3.10, 0.96, 0.85, 5.91, 0.91, 1.06, 8.69, 1.02, 1.10, 3.29, 0.84, 1.02, 0.99, 1.17, 0.88, 1.07, 6.36, 0.96, 0.99, 0.90, 0.94, 1.00, 0.95, 1.04, 0.78],
  xi_4717 = [6.95, 9.08, 7.69, 8.84, 8.70, 8.19, 9.02, 8.89, 8.52, 9.04, 8.95, 8.46, 1.31, 9.06, 6.89, 7.51, 8.48, 4.77, 8.08, 8.55, 9.66, 9.20, 10.33, 8.58, 8.68, 9.26, 8.23, 9.64, 8.53, 9.13, 3.86, 5.09, 7.00, 11.44, 8.56, 8.76, 9.71, 11.16, 8.81, 10.01, 8.71, 8.25, 10.12, 9.99, 8.13, 9.17, 9.44, 9.04, 10.15, 2.44],
  xi_4718 = [5.26, 8.49, 6.96, 5.27, 4.18, 4.54, 4.77, 5.67, 5.57, 1.23, 5.17, 4.84, 4.60, 5.54, 5.23, 4.20, 4.54, 1.46, 1.34, 4.80, 5.84, 8.61, 3.63, 6.84, 1.86, 5.08, 5.18, 5.24, 5.41, 5.34, 7.25, 5.21, 2.10, 5.48, 4.58, 7.53, 5.45, 5.34, 5.30, 5.34, 3.89, 5.26, 4.44, 4.84, 4.71, 5.52, 4.39, 4.05, 6.64, 4.53],
  xi_4719 = [4.95, 2.81, 4.99, 5.96, 1.34, 6.13, 5.61, 9.28, 5.62, 2.26, 6.22, 6.25, 5.18, 5.53, 7.13, 1.68, 6.72, 5.82, 5.41, 2.14, 5.56, 5.93, 6.86, 6.36, 6.74, 9.01, 5.36, 1.74, 6.55, 5.60, 8.11, 5.73, 1.38, 6.13, 2.17, 5.43, 2.52, 6.59, 5.76, 6.43, 2.32, 6.57, 1.76, 7.12, 6.15, 9.95, 2.10, 6.54, 6.30, 6.79],
  xi_4720 = [3.86, 9.12, 4.31, 4.29, 3.70, 3.85, 3.92, 3.29, 4.13, 3.74, 3.83, 4.25, 3.93, 4.47, 1.26, 9.58, 4.36, 4.07, 7.91, 3.64, 4.57, 3.36, 3.76, 3.88, 6.15, 3.51, 5.10, 3.66, 4.13, 4.50, 4.01, 4.72, 4.33, 3.55, 4.91, 5.93, 2.45, 3.15, 8.82, 3.94, 2.76, 4.27, 1.73, 3.77, 3.62, 3.93, 4.11, 5.46, 6.10, 6.22],
  xi_481 = [8.96, 2.03, 2.13, 9.89, 1.42, 2.38, 1.95, 1.90, 1.91, 1.86, 1.58, 1.94, 2.24, 1.98, 1.81, 1.82, 1.74, 2.03, 9.46, 3.85, 9.53, 2.05, 3.14, 1.77, 5.50, 1.87, 1.33, 2.01, 2.01, 2.24, 2.12, 2.20, 1.99, 1.90, 2.09, 9.69, 1.80, 2.04, 2.06, 2.25, 4.21, 2.12, 1.94, 9.72, 1.77, 1.95, 2.24, 2.85, 4.95, 8.43],
  xi_482 = [7.28, 6.86, 5.73, 6.13, 7.46, 5.89, 6.58, 7.80, 7.20, 7.17, 2.22, 6.66, 6.09, 7.44, 7.18, 9.40, 9.55, 6.97, 2.68, 6.41, 7.59, 7.23, 8.97, 9.03, 2.66, 6.37, 8.63, 7.31, 6.76, 5.70, 6.74, 6.96, 6.66, 8.03, 8.98, 6.79, 6.44, 7.36, 6.05, 6.78, 9.42, 7.27, 7.09, 7.25, 8.30, 6.98, 6.04, 6.85, 6.58, 8.48],
  xi_483 = [8.78, 2.82, 2.81, 2.93, 3.80, 5.91, 2.82, 1.09, 3.82, 2.95, 3.50, 3.13, 2.86, 3.15, 2.76, 7.79, 2.98, 3.24, 2.82, 6.24, 3.16, 3.28, 3.22, 2.49, 4.07, 2.89, 2.80, 5.07, 3.05, 3.22, 5.34, 3.17, 2.59, 2.64, 2.95, 4.22, 1.88, 3.14, 7.03, 2.69, 9.27, 9.11, 5.13, 8.00, 5.58, 2.89, 9.38, 3.11, 6.33, 3.08],
  xi_484 = [4.34, 4.28, 9.29, 1.64, 3.60, 9.05, 7.10, 9.90, 2.18, 3.76, 4.22, 4.21, 4.65, 3.91, 4.05, 4.37, 5.01, 7.68, 3.64, 3.79, 3.98, 3.81, 3.77, 5.05, 4.11, 5.45, 3.65, 4.22, 2.21, 3.69, 3.99, 3.39, 2.20, 4.12, 4.93, 4.44, 4.21, 8.83, 3.96, 4.15, 4.04, 3.99, 4.35, 1.74, 4.29, 2.89, 3.82, 3.44, 4.17, 4.09],
  xi_485 = [6.81, 5.15, 5.79, 5.79, 5.59, 6.21, 8.82, 5.36, 6.72, 6.21, 6.77, 4.82, 6.93, 1.46, 6.77, 6.14, 8.91, 6.40, 5.62, 5.70, 6.03, 7.00, 6.45, 5.02, 5.87, 6.20, 5.85, 5.71, 7.50, 5.39, 5.76, 2.24, 6.08, 9.33, 6.53, 5.50, 5.88, 2.98, 3.33, 5.54, 5.95, 3.40, 2.21, 5.23, 5.72, 6.24, 5.78, 5.18, 5.40, 6.36],
  xi_486 = [1.77, 1.96, 6.03, 5.60, 2.31, 1.98, 2.44, 1.92, 2.19, 2.08, 4.22, 2.23, 1.95, 2.24, 2.16, 2.34, 1.78, 1.87, 1.99, 2.25, 1.76, 8.78, 3.62, 6.78, 1.88, 2.15, 2.02, 5.86, 2.17, 1.85, 9.01, 1.66, 2.60, 1.85, 8.68, 1.66, 2.13, 4.22, 5.73, 1.60, 1.92, 6.28, 2.22, 3.93, 1.91, 1.87, 5.77, 2.27, 1.76, 2.73],
  xi_487 = [1.98, 5.56, 1.70, 8.88, 1.96, 1.98, 1.74, 1.59, 8.04, 2.19, 2.03, 1.48, 8.36, 4.46, 1.95, 2.69, 1.87, 2.05, 1.73, 1.97, 2.24, 1.98, 1.66, 2.02, 5.46, 1.96, 2.04, 3.82, 9.97, 5.60, 2.04, 1.94, 2.10, 1.85, 2.02, 2.02, 2.13, 2.92, 8.85, 8.66, 1.78, 2.14, 2.17, 1.98, 1.44, 2.17, 1.80, 2.20, 8.34, 1.78],
  xi_488 = [12.34, 7.46, 6.12, 5.67, 8.21, 8.56, 1.18, 8.09, 9.28, 9.44, 9.81, 9.47, 9.83, 8.78, 9.16, 8.51, 9.30, 9.16, 9.40, 8.25, 7.93, 9.63, 9.31, 11.09, 8.85, 9.12, 9.42, 8.45, 6.38, 8.34, 10.54, 11.00, 10.02, 8.50, 8.70, 8.74, 9.03, 4.65, 9.32, 8.86, 9.50, 9.06, 7.52, 8.81, 7.35, 2.32, 7.55, 8.15, 11.36, 2.08],
  xi_489 = [8.54, 5.57, 6.54, 7.19, 6.27, 2.98, 5.93, 5.32, 5.64, 5.96, 4.48, 6.77, 5.06, 6.06, 5.12, 6.54, 5.26, 9.38, 5.95, 7.75, 6.18, 6.74, 7.45, 5.61, 6.00, 9.72, 5.91, 6.09, 4.81, 7.86, 5.77, 8.58, 4.42, 9.38, 9.31, 5.97, 5.68, 5.37, 2.06, 1.73, 1.18, 6.85, 5.59, 3.31, 4.44, 6.40, 8.50, 5.64, 4.90, 5.76],
  xi_4810 = [2.11, 6.04, 1.96, 8.28, 1.98, 1.77, 2.11, 3.31, 4.50, 2.14, 7.59, 2.07, 1.54, 2.09, 9.76, 2.05, 3.07, 1.73, 1.67, 1.69, 2.67, 6.61, 2.53, 1.98, 2.29, 2.10, 2.24, 2.35, 6.37, 2.33, 2.38, 2.85, 2.27, 9.89, 7.24, 1.83, 3.28, 6.99, 2.09, 5.83, 1.96, 3.00, 2.52, 9.30, 2.04, 2.52, 2.54, 6.04, 7.94, 2.12],
  xi_4811 = [1.85, 1.81, 1.86, 2.40, 2.51, 2.07, 2.13, 6.87, 2.39, 2.34, 2.01, 1.79, 5.27, 2.16, 5.34, 2.18, 3.26, 2.09, 9.91, 8.63, 1.89, 2.00, 9.14, 2.17, 2.15, 2.87, 8.48, 7.14, 1.92, 1.84, 1.71, 7.87, 4.47, 8.72, 2.85, 2.02, 1.98, 2.32, 1.75, 2.08, 6.29, 2.11, 2.17, 2.14, 2.07, 1.91, 1.89, 9.41, 1.86, 4.52],
  xi_4812 = [6.55, 10.99, 8.80, 11.33, 9.66, 2.82, 8.49, 9.89, 4.63, 9.62, 6.89, 10.79, 10.77, 9.81, 4.87, 9.52, 10.52, 9.64, 2.56, 9.46, 10.92, 3.56, 1.87, 11.93, 10.13, 9.96, 9.86, 9.05, 10.63, 10.27, 8.85, 9.91, 10.44, 9.42, 8.70, 2.64, 11.16, 6.70, 8.75, 2.62, 8.76, 9.96, 9.33, 3.72, 9.08, 2.89, 11.73, 10.19, 10.29, 2.46],
  xi_4813 = [7.81, 9.31, 6.38, 3.03, 2.60, 2.78, 2.65, 1.89, 5.81, 3.01, 1.93, 3.39, 2.22, 2.86, 3.52, 2.82, 9.79, 3.25, 2.79, 3.03, 3.07, 2.58, 9.05, 8.69, 7.96, 2.60, 3.63, 6.63, 3.14, 2.64, 3.40, 3.15, 8.20, 2.76, 2.89, 2.79, 2.85, 2.57, 3.04, 2.88, 3.14, 1.07, 2.98, 3.29, 2.88, 3.24, 3.23, 3.03, 3.63, 2.95],
  xi_4814 = [4.13, 3.00, 2.91, 3.53, 8.51, 2.53, 3.03, 4.40, 2.87, 3.12, 3.15, 2.70, 5.57, 3.56, 3.27, 2.21, 2.38, 3.22, 6.48, 5.89, 4.78, 4.85, 2.82, 8.15, 2.85, 3.28, 2.52, 3.03, 2.72, 8.48, 7.87, 2.77, 3.38, 4.68, 2.96, 9.44, 3.37, 3.45, 7.39, 1.71, 3.51, 2.41, 2.88, 2.84, 9.66, 2.96, 3.06, 2.69, 3.30, 3.04],
  xi_4815 = [6.74, 9.79, 9.70, 10.57, 9.16, 4.80, 9.94, 8.57, 9.19, 8.98, 8.56, 7.85, 5.14, 9.10, 10.28, 3.88, 2.45, 1.80, 9.45, 9.31, 8.13, 6.98, 9.21, 2.32, 9.71, 8.06, 1.49, 5.39, 3.69, 9.54, 9.66, 4.89, 8.84, 9.88, 2.01, 8.35, 6.88, 4.98, 8.50, 4.55, 9.09, 7.84, 4.43, 9.79, 6.84, 3.80, 6.82, 1.62, 9.09, 8.63],
  xi_4816 = [8.14, 3.06, 6.91, 2.85, 3.94, 9.72, 8.35, 6.79, 6.29, 7.04, 7.65, 5.94, 6.50, 7.82, 6.32, 7.84, 6.25, 6.55, 4.28, 6.48, 5.95, 2.79, 3.02, 4.12, 7.57, 6.75, 7.60, 1.84, 6.90, 7.80, 5.93, 5.83, 7.49, 7.37, 7.36, 3.39, 7.18, 1.44, 6.01, 6.71, 8.62, 7.08, 7.94, 7.02, 3.82, 7.98, 7.24, 8.08, 6.44, 2.01],
  xi_4817 = [3.93, 3.99, 3.99, 4.17, 4.68, 3.21, 4.28, 4.22, 4.29, 2.52, 2.13, 3.72, 4.27, 3.00, 4.83, 3.86, 9.43, 4.52, 4.54, 2.63, 3.91, 3.58, 3.59, 3.94, 2.55, 3.96, 3.49, 8.09, 3.59, 4.87, 3.40, 8.85, 4.08, 3.49, 1.23, 4.08, 3.76, 3.60, 7.68, 3.98, 6.28, 3.54, 6.16, 3.65, 4.97, 3.88, 6.76, 7.00, 4.16, 7.57],
  xi_4818 = [6.69, 5.67, 4.44, 4.44, 5.57, 9.21, 4.12, 1.71, 6.76, 5.74, 5.23, 5.30, 4.78, 5.53, 4.56, 4.33, 5.61, 8.28, 5.32, 4.38, 6.18, 5.28, 4.86, 5.17, 4.36, 4.79, 4.73, 5.53, 4.46, 9.64, 5.53, 2.07, 4.72, 2.09, 5.46, 5.49, 6.26, 7.73, 3.95, 5.03, 5.13, 3.42, 5.31, 5.38, 4.80, 5.23, 1.57, 5.59, 4.62, 4.32],
  xi_4819 = [6.84, 5.79, 5.39, 6.27, 6.23, 6.32, 5.46, 5.49, 9.55, 5.72, 5.87, 6.49, 7.40, 5.98, 5.75, 5.86, 8.93, 1.61, 4.66, 5.33, 6.61, 6.94, 7.19, 5.36, 6.68, 5.27, 5.85, 2.02, 5.51, 4.79, 7.61, 5.20, 5.53, 1.19, 5.95, 6.10, 5.44, 5.80, 5.80, 5.57, 5.93, 8.07, 5.50, 6.52, 6.12, 5.00, 4.55, 5.78, 5.85, 6.37],
  xi_4820 = [10.80, 6.17, 10.64, 8.61, 9.74, 10.45, 10.38, 11.25, 10.45, 10.33, 10.41, 1.84, 9.93, 8.66, 9.46, 10.04, 9.01, 8.53, 10.75, 4.09, 9.13, 8.07, 7.81, 10.60, 7.37, 8.26, 12.06, 5.24, 9.90, 11.09, 12.81, 9.45, 1.81, 10.18, 4.52, 9.70, 9.30, 11.02, 5.63, 9.22, 10.55, 10.40, 11.45, 10.81, 10.56, 7.64, 5.64, 6.05, 10.76, 1.02],
  xi_491 = [1.03, 0.81, 1.14, 7.17, 0.78, 0.91, 0.94, 0.97, 0.91, 0.99, 5.47, 1.06, 0.92, 6.38, 0.95, 4.07, 9.86, 0.94, 0.87, 1.02, 0.96, 1.11, 3.59, 9.75, 0.92, 0.76, 0.86, 1.80, 1.42, 1.12, 6.12, 0.96, 0.98, 6.21, 1.05, 7.97, 1.01, 0.85, 8.39, 1.15, 1.08, 1.02, 1.11, 1.06, 1.12, 0.98, 6.71, 1.18, 0.94, 0.95],
  xi_492 = [8.23, 7.83, 8.80, 2.71, 8.62, 8.80, 7.98, 3.14, 8.73, 7.78, 7.35, 9.21, 7.77, 8.16, 8.93, 6.88, 7.57, 7.11, 7.16, 6.38, 7.66, 6.86, 6.36, 7.01, 8.10, 9.69, 8.82, 7.48, 8.26, 7.60, 2.17, 7.53, 9.52, 8.32, 6.97, 7.99, 6.32, 7.47, 8.35, 1.98, 7.63, 5.45, 7.57, 8.78, 7.98, 9.76, 7.61, 9.53, 8.10, 7.04],
  xi_493 = [0.97, 0.93, 0.95, 4.77, 7.34, 5.23, 1.05, 0.96, 0.98, 0.98, 6.22, 1.12, 1.10, 1.10, 0.82, 0.91, 1.22, 0.84, 1.07, 0.75, 6.63, 1.15, 1.18, 1.17, 1.15, 6.96, 1.05, 9.81, 1.03, 1.07, 1.07, 4.65, 0.83, 1.22, 0.84, 4.05, 0.91, 4.73, 0.88, 4.27, 1.05, 0.99, 1.06, 2.46, 1.09, 4.21, 1.06, 0.98, 1.00, 0.91],
  xi_494 = [2.61, 1.99, 4.40, 2.99, 3.41, 2.95, 2.52, 4.76, 2.99, 2.85, 1.64, 3.50, 2.61, 3.32, 5.33, 2.99, 4.18, 2.98, 3.91, 2.51, 8.71, 3.09, 2.78, 2.94, 3.27, 2.54, 3.19, 2.59, 4.41, 2.70, 2.66, 2.63, 3.19, 9.85, 3.42, 3.17, 2.77, 3.70, 3.05, 3.16, 3.42, 7.55, 5.65, 5.27, 3.09, 7.95, 3.05, 3.10, 6.15, 2.28],
  xi_495 = [8.70, 3.30, 8.27, 10.69, 8.24, 4.10, 8.42, 9.93, 8.74, 10.97, 10.32, 9.59, 8.41, 8.98, 4.13, 9.11, 9.78, 8.12, 8.22, 8.45, 10.13, 4.05, 9.59, 9.28, 8.65, 8.73, 10.01, 7.70, 8.72, 9.99, 8.77, 7.12, 9.18, 8.85, 8.12, 8.81, 10.35, 8.20, 9.72, 9.29, 1.36, 6.33, 8.78, 8.90, 8.62, 8.36, 10.05, 7.56, 8.88, 5.49],
  xi_496 = [1.88, 1.93, 2.24, 2.13, 1.58, 1.91, 2.11, 4.07, 1.89, 1.59, 6.75, 2.14, 1.78, 2.22, 1.65, 1.97, 8.57, 2.01, 1.84, 2.06, 4.19, 2.09, 1.67, 3.06, 1.85, 2.15, 3.08, 1.79, 7.74, 3.27, 1.63, 2.03, 2.11, 5.73, 2.80, 2.18, 1.93, 1.01, 1.06, 1.69, 5.65, 1.69, 2.20, 2.18, 3.74, 2.06, 1.94, 1.95, 4.70, 5.44],
  xi_497 = [3.31, 2.89, 8.61, 5.05, 3.35, 2.94, 7.30, 2.76, 2.72, 3.14, 2.78, 3.51, 2.48, 3.63, 5.75, 3.02, 2.01, 2.74, 1.76, 1.84, 2.86, 6.40, 2.52, 2.71, 3.64, 2.96, 9.06, 3.43, 2.90, 3.04, 8.89, 3.19, 9.06, 2.54, 9.27, 3.41, 2.85, 2.98, 3.02, 2.85, 3.27, 3.14, 7.73, 3.60, 3.22, 8.33, 3.11, 2.91, 3.29, 2.91],
  xi_498 = [9.90, 11.10, 9.98, 7.78, 9.73, 5.80, 9.46, 11.07, 10.29, 4.59, 10.10, 9.39, 9.72, 2.46, 11.61, 9.14, 8.95, 9.89, 8.98, 1.66, 3.31, 9.03, 10.41, 10.70, 9.39, 9.06, 10.69, 9.89, 8.50, 6.40, 9.72, 3.91, 10.04, 10.77, 9.00, 6.00, 9.01, 5.61, 10.54, 9.26, 8.09, 11.36, 2.17, 9.25, 3.00, 9.82, 6.36, 11.30, 1.49, 9.51],
  xi_499 = [9.89, 3.56, 9.17, 3.83, 5.14, 4.15, 3.89, 4.04, 3.87, 5.90, 5.10, 3.62, 3.28, 3.56, 8.05, 3.31, 5.12, 1.33, 4.13, 7.47, 1.03, 4.65, 3.79, 3.50, 3.40, 4.24, 4.13, 3.39, 2.93, 3.87, 4.40, 4.00, 4.30, 2.87, 4.52, 3.41, 3.83, 4.56, 9.87, 4.59, 4.08, 4.51, 3.70, 3.08, 4.66, 4.06, 3.79, 3.60, 3.00, 3.76],
  xi_4910 = [5.35, 4.41, 1.56, 5.42, 5.26, 5.06, 4.81, 5.99, 5.21, 4.81, 8.28, 6.02, 7.15, 4.56, 6.14, 4.79, 5.66, 5.39, 4.53, 5.33, 4.83, 5.20, 7.78, 5.47, 1.63, 4.38, 4.74, 7.94, 5.60, 5.45, 5.27, 4.60, 5.38, 8.19, 4.85, 5.82, 5.45, 5.87, 4.71, 1.79, 4.60, 4.50, 4.72, 5.33, 5.01, 4.64, 5.18, 4.47, 5.50, 4.41],
  xi_4911 = [2.73, 4.21, 4.40, 2.61, 6.10, 9.63, 2.97, 3.13, 2.58, 2.98, 6.55, 1.35, 3.12, 2.37, 7.34, 9.57, 3.23, 7.65, 2.86, 2.98, 3.14, 8.11, 4.36, 2.97, 2.89, 3.21, 2.65, 3.01, 3.10, 2.88, 3.60, 3.81, 3.25, 2.89, 6.00, 2.84, 2.75, 7.68, 7.67, 2.75, 3.11, 3.14, 4.12, 2.93, 2.88, 2.79, 3.24, 2.99, 3.45, 2.82],
  xi_4912 = [8.27, 8.88, 8.21, 8.65, 7.44, 8.06, 6.46, 1.57, 9.53, 6.19, 8.69, 7.78, 5.26, 8.49, 8.96, 8.12, 7.43, 6.32, 9.19, 9.46, 7.45, 8.43, 3.22, 5.93, 7.72, 8.52, 8.44, 7.39, 8.33, 8.31, 7.91, 7.82, 7.17, 6.30, 8.49, 4.84, 7.24, 9.30, 8.63, 9.53, 7.33, 9.10, 9.33, 2.36, 7.70, 7.27, 9.03, 7.65, 5.45, 8.64],
  xi_4913 = [4.17, 3.79, 3.69, 4.43, 3.81, 4.14, 6.35, 3.88, 4.21, 2.32, 1.62, 7.53, 4.55, 4.24, 4.96, 3.41, 7.72, 4.09, 3.06, 3.42, 1.51, 4.89, 4.84, 3.91, 5.24, 4.08, 4.23, 8.72, 5.29, 4.59, 3.37, 5.49, 3.48, 9.12, 4.21, 3.82, 4.02, 3.74, 3.25, 7.73, 4.28, 4.43, 4.26, 4.03, 3.92, 4.25, 3.96, 6.86, 9.36, 3.73],
  xi_4914 = [4.19, 5.25, 3.71, 4.40, 7.50, 3.23, 3.80, 5.16, 5.47, 4.90, 4.73, 4.84, 5.68, 3.40, 7.35, 4.94, 4.22, 1.08, 4.60, 4.33, 1.45, 5.43, 4.89, 4.20, 7.36, 5.20, 6.35, 4.50, 5.21, 4.97, 1.89, 3.10, 5.40, 9.37, 9.80, 4.82, 4.22, 4.87, 5.31, 5.16, 5.06, 5.05, 4.16, 2.60, 5.78, 4.16, 5.32, 5.17, 5.31, 5.72],
  xi_4915 = [4.03, 3.92, 4.31, 4.07, 3.60, 4.13, 4.24, 3.82, 4.32, 3.98, 3.85, 4.96, 4.62, 8.12, 4.04, 4.16, 4.20, 4.06, 4.26, 4.17, 4.28, 4.31, 4.10, 7.00, 4.17, 3.73, 2.13, 3.93, 4.40, 3.32, 4.46, 3.77, 4.01, 4.06, 3.84, 3.95, 4.34, 3.80, 6.55, 3.60, 3.64, 3.68, 9.28, 3.54, 3.61, 4.19, 4.59, 4.50, 2.35, 4.00],
  xi_4916 = [1.94, 7.61, 7.75, 2.73, 7.97, 9.26, 6.61, 7.04, 3.59, 5.00, 8.29, 8.69, 8.27, 8.10, 7.63, 1.73, 4.70, 8.04, 8.04, 7.50, 7.47, 8.65, 9.98, 7.49, 8.99, 8.80, 9.63, 6.69, 7.58, 7.30, 7.05, 1.07, 6.31, 8.93, 1.25, 7.45, 7.54, 1.39, 7.03, 6.78, 7.80, 1.14, 6.94, 8.94, 7.65, 7.28, 8.42, 1.99, 7.93, 9.79],
  xi_4917 = [5.54, 1.67, 1.97, 3.13, 2.98, 3.56, 3.78, 3.70, 7.62, 7.17, 2.79, 3.46, 5.05, 7.53, 2.30, 2.89, 2.46, 3.10, 3.10, 2.96, 3.14, 3.30, 3.32, 8.26, 2.92, 3.34, 2.44, 3.10, 3.16, 2.66, 2.79, 3.59, 3.35, 9.02, 2.34, 2.55, 9.82, 2.58, 9.45, 2.32, 3.39, 2.53, 2.75, 5.93, 3.09, 8.94, 8.48, 2.77, 2.61, 3.26],
  xi_4918 = [3.90, 5.67, 7.04, 8.16, 8.12, 8.01, 7.00, 9.13, 7.44, 8.74, 9.61, 1.98, 3.36, 8.27, 8.62, 5.94, 9.08, 2.01, 2.82, 8.05, 8.05, 7.51, 7.92, 7.60, 7.03, 8.72, 8.29, 1.41, 7.24, 6.71, 4.95, 6.89, 5.09, 6.00, 1.38, 7.37, 8.03, 7.28, 8.50, 7.12, 6.36, 5.04, 8.24, 3.17, 8.15, 7.11, 7.48, 9.10, 9.32, 9.54],
  xi_4919 = [3.13, 2.97, 8.26, 2.65, 3.05, 4.68, 3.26, 4.16, 6.75, 2.91, 2.76, 3.02, 2.71, 3.63, 2.90, 2.88, 3.77, 2.50, 9.12, 2.77, 3.01, 2.65, 3.24, 3.42, 3.58, 7.33, 3.07, 5.72, 3.24, 3.45, 4.75, 3.20, 9.60, 3.31, 3.50, 3.78, 3.12, 7.91, 2.92, 3.46, 2.79, 3.06, 2.69, 3.32, 3.41, 6.08, 3.16, 2.81, 2.83, 2.30],
  xi_4920 = [5.87, 8.70, 5.68, 5.90, 6.19, 5.90, 5.77, 6.96, 6.12, 6.08, 4.51, 1.26, 6.32, 5.62, 6.64, 4.77, 5.96, 5.83, 6.07, 6.24, 5.87, 6.48, 6.54, 2.96, 5.98, 1.68, 5.53, 5.70, 6.38, 7.78, 5.30, 8.72, 9.51, 6.26, 6.56, 6.63, 6.49, 6.48, 1.54, 6.79, 5.76, 7.22, 6.53, 5.18, 6.20, 5.46, 8.15, 5.56, 5.76, 5.92],
  xi_501 = [7.18, 2.92, 1.33, 6.84, 7.14, 8.07, 6.68, 6.94, 6.26, 6.51, 6.19, 6.28, 6.70, 4.43, 6.85, 6.59, 1.04, 2.76, 3.23, 6.05, 7.28, 6.95, 7.89, 3.14, 1.94, 6.41, 7.30, 4.05, 8.04, 6.34, 6.23, 8.00, 6.40, 6.64, 7.72, 7.63, 6.66, 7.51, 7.22, 9.45, 6.56, 7.58, 6.73, 6.22, 6.04, 4.64, 6.99, 7.54, 6.45, 4.29],
  xi_502 = [1.22, 7.49, 6.47, 6.75, 1.85, 1.98, 2.52, 1.72, 1.92, 2.29, 2.16, 1.96, 2.03, 2.04, 7.19, 8.85, 1.79, 1.85, 1.87, 2.27, 1.78, 2.25, 9.71, 2.23, 2.22, 2.16, 2.06, 2.06, 4.78, 2.07, 2.03, 5.35, 2.02, 2.10, 7.78, 3.91, 8.67, 1.54, 2.69, 2.19, 4.76, 2.11, 1.93, 1.62, 7.23, 1.81, 2.01, 1.91, 1.92, 1.99],
  xi_503 = [1.01, 0.87, 1.02, 1.01, 0.96, 0.91, 0.97, 1.09, 0.97, 5.03, 0.88, 1.12, 2.05, 1.02, 3.25, 1.02, 5.72, 1.18, 1.06, 3.37, 0.98, 0.88, 1.06, 1.06, 0.94, 2.51, 7.83, 1.02, 2.68, 1.17, 1.07, 0.98, 1.04, 2.92, 0.93, 0.99, 0.99, 1.04, 1.05, 1.10, 1.12, 1.15, 0.91, 1.08, 2.98, 1.09, 6.33, 1.03, 5.15, 1.08],
  xi_504 = [4.92, 5.88, 1.33, 5.56, 5.94, 6.36, 6.00, 5.46, 7.31, 5.37, 5.86, 5.55, 6.69, 5.68, 6.29, 5.64, 5.54, 7.94, 5.77, 6.58, 5.53, 3.99, 6.28, 3.23, 6.44, 4.89, 5.37, 6.53, 6.89, 5.95, 5.96, 9.68, 5.70, 6.41, 9.43, 5.69, 4.75, 6.21, 4.99, 5.66, 4.76, 6.60, 8.43, 5.56, 6.52, 5.51, 5.94, 6.12, 2.77, 3.28],
  xi_505 = [8.75, 9.42, 5.63, 10.02, 8.66, 8.16, 8.10, 8.97, 9.16, 8.41, 9.34, 7.33, 7.21, 9.28, 8.32, 9.39, 9.11, 8.76, 3.86, 9.52, 10.44, 7.62, 4.72, 10.83, 8.79, 9.88, 6.67, 10.56, 9.04, 8.09, 8.75, 7.12, 9.92, 9.72, 8.03, 9.73, 2.73, 5.65, 6.07, 7.46, 4.07, 8.13, 1.60, 9.45, 9.80, 9.32, 5.65, 8.46, 7.92, 9.39],
  xi_506 = [4.03, 4.18, 8.72, 3.56, 3.92, 3.87, 5.01, 4.54, 4.68, 3.81, 4.02, 3.63, 6.50, 4.75, 3.90, 3.85, 4.53, 4.51, 3.65, 9.40, 4.27, 4.13, 2.59, 6.42, 3.52, 3.34, 6.02, 4.22, 4.57, 9.27, 4.47, 3.32, 4.45, 3.74, 3.59, 4.75, 4.02, 2.25, 4.44, 3.58, 3.31, 4.46, 2.33, 4.15, 3.61, 4.44, 4.24, 7.05, 7.42, 4.34],
  xi_507 = [3.31, 3.24, 1.04, 2.64, 3.19, 6.47, 2.94, 2.97, 3.30, 3.44, 2.94, 2.49, 2.93, 3.27, 2.71, 2.93, 2.98, 2.57, 6.46, 7.93, 3.11, 1.60, 2.75, 4.33, 3.42, 3.50, 3.01, 3.53, 3.41, 3.10, 3.48, 1.81, 2.67, 2.97, 2.86, 6.91, 3.09, 3.35, 3.10, 8.39, 2.98, 3.12, 4.33, 6.59, 5.59, 2.98, 3.03, 2.97, 3.37, 3.06],
  xi_508 = [7.16, 7.21, 7.21, 8.36, 7.80, 7.00, 7.71, 6.10, 7.59, 8.95, 7.66, 7.44, 7.53, 4.58, 9.26, 8.05, 4.05, 7.64, 8.41, 7.31, 7.21, 7.54, 8.17, 1.70, 7.56, 7.97, 8.18, 7.68, 8.37, 9.77, 8.57, 6.87, 8.39, 9.78, 7.14, 7.56, 7.59, 7.42, 3.04, 7.25, 8.25, 6.91, 9.73, 9.68, 8.16, 7.27, 8.08, 7.55, 8.52, 5.25],
  xi_509 = [9.80, 2.96, 1.72, 5.27, 3.12, 4.61, 1.62, 4.45, 3.19, 6.20, 4.97, 3.33, 2.77, 8.26, 3.01, 2.93, 7.26, 3.49, 3.14, 9.46, 2.83, 2.99, 7.97, 3.26, 3.06, 2.62, 9.95, 5.99, 2.98, 2.95, 2.47, 3.15, 3.28, 2.61, 2.10, 3.40, 6.76, 1.74, 3.36, 4.69, 8.45, 2.84, 7.98, 6.76, 2.78, 2.56, 2.86, 2.99, 3.01, 2.58],
  xi_5010 = [8.43, 8.74, 8.53, 9.03, 8.32, 4.33, 1.49, 7.16, 9.33, 8.45, 9.64, 9.55, 2.65, 4.06, 9.02, 9.38, 3.99, 9.61, 9.05, 9.17, 1.09, 9.83, 9.20, 9.42, 10.72, 8.92, 3.57, 8.75, 9.31, 10.04, 6.52, 4.34, 9.97, 10.24, 4.44, 4.99, 1.60, 9.44, 8.78, 10.89, 8.23, 9.53, 9.09, 4.46, 9.32, 1.17, 7.48, 2.53, 8.42, 7.92],
  xi_5011 = [3.98, 4.40, 1.12, 8.63, 4.69, 4.18, 3.88, 4.21, 3.61, 3.81, 5.93, 4.91, 4.59, 3.37, 3.98, 2.90, 8.53, 3.57, 3.42, 4.94, 3.97, 4.88, 2.83, 4.34, 2.76, 5.17, 8.13, 4.08, 4.50, 7.75, 4.43, 3.40, 3.72, 3.65, 3.93, 4.01, 6.43, 9.66, 4.27, 4.49, 4.17, 1.27, 7.35, 8.83, 3.92, 3.63, 1.46, 3.81, 1.72, 8.48],
  xi_5012 = [6.49, 5.79, 6.14, 5.22, 6.41, 6.63, 6.80, 5.99, 1.97, 6.34, 1.05, 7.22, 6.17, 6.00, 6.82, 7.56, 5.57, 2.32, 6.66, 7.18, 6.31, 9.34, 6.25, 6.43, 5.76, 6.16, 5.86, 1.74, 4.98, 6.48, 5.85, 5.70, 5.06, 6.12, 8.29, 9.48, 6.10, 6.59, 2.42, 7.02, 5.83, 2.15, 6.75, 5.16, 7.14, 5.92, 4.96, 8.63, 5.13, 7.84],
  xi_5013 = [9.98, 9.62, 8.92, 2.73, 11.92, 10.06, 3.85, 10.82, 10.01, 7.28, 9.03, 9.71, 11.12, 5.44, 8.61, 9.96, 10.59, 5.11, 10.37, 3.38, 9.56, 10.18, 10.49, 9.12, 9.66, 9.45, 11.69, 11.78, 9.86, 12.67, 7.75, 9.47, 9.70, 5.39, 10.50, 10.30, 9.27, 9.37, 10.74, 9.57, 9.61, 8.03, 1.68, 10.82, 10.18, 8.23, 10.54, 1.14, 8.69, 9.63],
  xi_5014 = [6.14, 8.83, 7.70, 7.00, 8.46, 7.62, 6.96, 3.45, 8.30, 6.49, 7.52, 2.47, 7.19, 6.78, 7.95, 8.49, 2.00, 8.39, 3.50, 9.78, 8.01, 5.03, 8.51, 9.67, 7.00, 6.23, 7.49, 3.82, 3.87, 8.14, 7.87, 4.74, 7.57, 4.55, 7.49, 7.36, 8.71, 8.44, 6.58, 8.25, 8.16, 8.87, 2.63, 7.20, 7.27, 7.86, 8.52, 1.95, 8.47, 7.47],
  xi_5015 = [6.20, 5.94, 1.18, 8.96, 5.90, 6.35, 4.79, 6.68, 5.03, 5.08, 5.26, 7.48, 8.21, 9.80, 5.55, 4.88, 6.14, 5.84, 6.12, 9.96, 7.69, 5.21, 6.68, 5.44, 5.09, 6.40, 6.57, 9.13, 5.14, 8.59, 1.93, 5.26, 5.84, 3.42, 5.36, 5.36, 5.77, 5.99, 4.39, 5.58, 5.77, 9.50, 5.74, 5.34, 5.64, 1.35, 6.26, 6.26, 6.44, 6.43],
  xi_5016 = [3.20, 3.29, 7.63, 3.52, 2.99, 6.90, 1.61, 2.83, 3.04, 9.30, 3.08, 8.36, 3.24, 7.48, 3.28, 3.27, 3.05, 2.70, 3.24, 3.12, 2.55, 2.58, 2.63, 2.65, 4.78, 2.97, 3.13, 3.33, 2.50, 3.27, 6.26, 8.30, 3.37, 3.78, 7.10, 2.71, 2.81, 8.30, 3.08, 2.84, 7.27, 1.81, 8.99, 6.86, 1.24, 5.15, 2.45, 2.51, 2.92, 2.92],
  xi_5017 = [2.10, 2.59, 1.85, 1.85, 1.96, 2.25, 7.78, 2.09, 1.84, 2.05, 1.47, 1.87, 2.36, 1.86, 6.76, 1.85, 1.62, 2.43, 8.10, 8.50, 1.88, 2.13, 2.05, 8.29, 1.68, 1.65, 3.12, 2.16, 2.46, 8.00, 5.15, 2.07, 1.88, 1.95, 2.61, 6.26, 1.81, 6.53, 2.43, 2.54, 6.19, 7.04, 1.75, 1.83, 1.98, 2.40, 2.29, 1.83, 2.05, 2.10],
  xi_5018 = [6.75, 9.33, 2.87, 8.18, 7.27, 7.12, 6.97, 7.56, 7.19, 3.14, 1.34, 8.28, 4.62, 8.07, 8.17, 8.77, 6.91, 8.16, 6.86, 7.13, 5.81, 8.63, 7.18, 8.08, 6.37, 2.06, 4.14, 8.99, 7.05, 8.35, 8.60, 9.27, 2.08, 6.34, 7.06, 7.77, 7.86, 7.29, 7.50, 7.77, 8.56, 7.32, 9.97, 5.98, 7.89, 9.91, 7.73, 4.74, 8.50, 8.20],
  xi_5019 = [6.95, 8.25, 7.46, 8.02, 8.23, 5.57, 7.77, 7.03, 5.26, 7.95, 7.51, 7.93, 6.44, 8.41, 2.18, 8.12, 7.94, 8.27, 7.94, 6.59, 9.07, 8.67, 7.66, 8.43, 4.39, 8.89, 8.54, 7.31, 8.50, 8.52, 2.86, 8.01, 8.41, 7.55, 7.42, 7.35, 9.15, 9.04, 8.87, 8.38, 7.10, 6.98, 7.07, 2.51, 4.27, 7.62, 6.83, 7.81, 3.69, 7.80],
  xi_5020 = [5.69, 3.80, 3.30, 4.16, 8.89, 2.61, 4.58, 3.09, 6.86, 7.47, 3.61, 4.42, 4.82, 4.33, 4.90, 2.03, 3.63, 1.27, 7.34, 4.23, 3.97, 4.67, 4.78, 4.64, 5.02, 4.19, 4.92, 3.76, 4.03, 4.23, 1.15, 3.99, 4.86, 4.39, 9.89, 2.77, 2.58, 4.14, 8.68, 3.86, 4.42, 4.60, 4.41, 2.97, 5.79, 4.28, 3.95, 6.39, 9.23, 1.08],
  xi_511 = [2.52, 4.20, 4.05, 7.02, 5.09, 2.66, 3.84, 4.03, 2.33, 4.51, 3.98, 4.45, 3.80, 3.54, 1.80, 7.57, 3.69, 3.46, 3.55, 7.48, 2.42, 7.74, 2.98, 4.66, 6.74, 4.51, 3.84, 4.69, 4.10, 3.85, 7.65, 4.52, 4.16, 4.29, 3.90, 4.21, 4.73, 1.69, 3.57, 7.27, 8.03, 4.04, 3.51, 3.70, 3.85, 4.03, 3.78, 3.29, 4.25, 4.26],
  xi_512 = [10.64, 9.70, 1.65, 11.04, 9.59, 9.03, 6.24, 10.06, 9.42, 8.44, 9.85, 9.63, 9.08, 10.57, 10.01, 1.57, 10.23, 9.64, 4.35, 10.46, 12.12, 10.85, 3.81, 9.75, 10.87, 8.20, 10.17, 10.35, 11.42, 11.81, 7.69, 10.45, 9.54, 7.41, 8.87, 9.12, 10.57, 5.29, 5.02, 9.86, 8.99, 9.90, 9.41, 9.46, 10.97, 11.72, 2.66, 6.24, 7.88, 1.06],
  xi_513 = [9.29, 9.47, 8.68, 1.56, 9.11, 8.45, 3.77, 7.53, 9.56, 8.61, 10.78, 8.25, 9.57, 9.89, 5.74, 6.38, 8.84, 8.84, 8.39, 7.71, 5.05, 1.62, 10.12, 9.10, 8.49, 9.14, 8.25, 8.72, 7.77, 10.32, 5.77, 7.40, 1.13, 9.04, 10.07, 10.66, 5.64, 9.61, 9.18, 8.59, 9.07, 7.02, 7.12, 9.25, 9.52, 9.05, 10.81, 9.41, 9.50, 8.02],
  xi_514 = [2.82, 0.76, 0.94, 1.08, 0.87, 9.56, 8.93, 1.27, 0.99, 6.08, 1.03, 1.04, 1.05, 4.64, 1.03, 8.97, 0.92, 0.95, 1.01, 0.97, 0.92, 0.98, 0.82, 3.37, 0.93, 2.60, 1.93, 0.93, 4.34, 4.79, 1.00, 7.33, 1.04, 0.82, 1.03, 0.98, 1.05, 3.07, 1.02, 1.11, 8.84, 5.93, 3.46, 1.10, 0.99, 1.08, 1.01, 5.24, 7.87, 0.89],
  xi_515 = [5.31, 9.54, 4.26, 4.62, 2.28, 4.09, 5.25, 5.43, 4.50, 1.85, 3.99, 5.33, 4.10, 4.22, 5.15, 4.43, 4.93, 2.68, 3.93, 2.82, 5.64, 4.18, 5.09, 4.54, 8.52, 4.81, 3.94, 4.49, 5.25, 4.71, 4.94, 7.01, 2.50, 4.81, 4.88, 4.92, 3.82, 4.76, 6.73, 5.41, 5.53, 4.79, 2.73, 6.08, 4.77, 5.15, 5.87, 4.32, 4.98, 5.08],
  xi_516 = [2.20, 2.02, 2.08, 2.23, 1.92, 2.31, 2.11, 5.98, 7.97, 1.58, 2.05, 8.71, 1.99, 2.06, 1.86, 1.48, 6.15, 2.54, 1.95, 5.84, 1.92, 2.30, 1.60, 2.33, 2.22, 2.11, 1.94, 1.93, 1.65, 3.26, 2.05, 1.89, 1.62, 1.96, 2.09, 2.30, 4.46, 2.03, 8.80, 1.56, 6.81, 1.67, 4.22, 1.94, 1.53, 2.04, 1.90, 2.03, 1.91, 1.97],
  xi_517 = [6.71, 4.92, 4.16, 4.70, 3.57, 5.15, 2.50, 7.12, 5.75, 3.91, 4.37, 9.60, 4.68, 2.69, 5.39, 5.74, 4.28, 5.25, 5.16, 6.82, 5.37, 5.01, 2.62, 5.76, 6.77, 6.00, 4.40, 7.55, 4.67, 5.36, 9.53, 1.66, 4.89, 3.50, 5.58, 1.61, 2.29, 5.67, 4.99, 4.61, 5.65, 4.47, 5.39, 4.56, 5.10, 5.20, 5.43, 3.49, 5.69, 5.71],
  xi_518 = [2.30, 10.23, 5.52, 8.42, 3.14, 8.41, 10.03, 9.83, 8.36, 6.59, 2.37, 10.62, 10.04, 10.21, 10.48, 4.26, 1.06, 8.55, 4.71, 9.31, 10.87, 5.42, 4.66, 2.96, 9.18, 4.44, 8.95, 7.70, 10.67, 4.58, 9.62, 9.91, 10.75, 9.58, 10.29, 12.05, 11.88, 8.93, 8.67, 8.79, 4.74, 10.42, 10.26, 9.84, 9.91, 11.04, 11.29, 11.31, 9.74, 9.89],
  xi_519 = [3.03, 5.65, 5.70, 6.52, 5.99, 6.71, 6.29, 6.95, 5.81, 6.39, 4.79, 6.16, 9.74, 1.41, 5.49, 6.51, 3.12, 4.97, 5.87, 5.00, 4.95, 5.62, 7.22, 7.32, 6.20, 1.62, 6.04, 8.28, 4.76, 1.19, 5.29, 6.15, 7.20, 3.08, 5.95, 6.33, 7.24, 6.25, 2.17, 6.31, 6.15, 6.52, 7.74, 5.12, 5.67, 1.59, 5.72, 6.08, 4.93, 5.76],
  xi_5110 = [4.47, 5.09, 8.41, 5.36, 5.16, 8.36, 4.58, 6.39, 5.31, 4.88, 4.91, 4.54, 5.40, 3.23, 4.65, 4.38, 5.27, 9.90, 5.35, 6.09, 9.54, 4.80, 6.00, 5.94, 4.86, 4.70, 4.44, 5.03, 5.52, 4.76, 4.61, 4.64, 5.60, 4.42, 4.42, 5.64, 5.39, 1.91, 6.71, 5.37, 9.50, 5.24, 4.21, 6.88, 5.06, 4.71, 9.37, 7.52, 5.21, 6.92],
  xi_5111 = [5.20, 4.20, 8.13, 5.39, 5.78, 4.49, 6.19, 5.07, 1.01, 5.64, 3.30, 5.56, 4.90, 5.87, 3.17, 5.13, 5.24, 3.64, 5.42, 5.74, 4.96, 5.62, 5.99, 4.86, 4.99, 4.65, 4.82, 5.00, 5.07, 2.78, 4.67, 6.77, 5.17, 3.01, 4.56, 4.81, 5.73, 8.56, 5.79, 5.42, 6.21, 6.87, 8.28, 4.35, 4.76, 4.16, 4.30, 4.44, 6.93, 2.48],
  xi_5112 = [1.99, 7.84, 4.71, 2.51, 5.48, 2.18, 1.84, 3.79, 9.45, 1.83, 1.82, 3.76, 2.03, 6.08, 1.30, 7.06, 1.84, 1.80, 6.89, 2.36, 2.27, 1.83, 1.99, 8.47, 9.71, 2.20, 9.79, 1.94, 3.37, 8.80, 8.91, 2.19, 7.02, 2.08, 4.30, 7.72, 2.20, 2.13, 5.95, 3.93, 1.97, 1.73, 2.51, 1.87, 1.63, 2.11, 2.39, 2.93, 1.90, 1.97],
  xi_5113 = [5.71, 6.53, 6.45, 6.26, 5.88, 5.15, 5.67, 6.33, 5.78, 5.42, 4.45, 4.84, 2.37, 5.94, 7.56, 5.97, 5.61, 4.83, 6.31, 5.78, 1.18, 5.45, 6.52, 5.90, 5.74, 4.84, 1.09, 9.55, 7.27, 1.98, 6.52, 6.86, 6.43, 6.39, 5.85, 5.14, 5.00, 8.35, 5.54, 6.06, 5.84, 3.25, 5.97, 6.20, 7.71, 5.87, 4.97, 5.34, 5.43, 6.00],
  xi_5114 = [5.67, 7.19, 4.81, 6.35, 5.70, 4.86, 4.68, 5.22, 5.70, 3.68, 4.45, 4.74, 4.70, 4.60, 5.15, 3.60, 4.61, 4.95, 9.44, 5.59, 1.96, 4.90, 5.01, 8.37, 4.91, 5.26, 5.16, 5.08, 4.20, 4.94, 4.27, 4.24, 4.75, 4.99, 4.38, 7.88, 4.65, 4.82, 4.74, 4.73, 7.96, 4.75, 7.18, 7.65, 4.82, 5.10, 6.45, 4.71, 5.61, 7.92],
  xi_5115 = [6.55, 4.57, 9.62, 9.07, 4.51, 5.81, 3.59, 11.03, 10.92, 9.70, 10.52, 9.14, 7.61, 8.32, 7.07, 11.90, 9.87, 11.54, 9.77, 8.29, 3.60, 8.45, 9.75, 9.86, 4.01, 9.93, 8.90, 2.95, 10.23, 9.83, 11.35, 9.68, 3.63, 10.59, 11.67, 10.56, 10.89, 5.83, 10.69, 9.44, 10.86, 8.16, 9.50, 8.58, 9.18, 9.39, 5.09, 8.52, 11.16, 9.48],
  xi_5116 = [0.89, 6.80, 1.14, 1.13, 1.09, 0.86, 0.86, 1.06, 2.24, 1.02, 0.96, 6.71, 8.68, 0.93, 7.67, 1.00, 8.65, 6.23, 1.07, 5.50, 6.99, 1.01, 0.95, 1.04, 1.04, 0.91, 2.92, 1.06, 6.27, 9.42, 0.84, 9.63, 0.92, 0.85, 1.00, 2.40, 1.01, 2.93, 1.07, 0.93, 0.88, 1.87, 1.08, 2.72, 7.88, 0.95, 9.92, 0.92, 2.92, 5.76],
  xi_5117 = [3.34, 5.69, 4.23, 6.18, 6.95, 5.97, 6.71, 5.50, 5.85, 5.91, 5.91, 9.68, 8.95, 5.79, 6.46, 5.30, 5.81, 2.14, 5.68, 6.52, 5.37, 4.82, 5.84, 4.50, 6.94, 6.11, 6.07, 6.35, 6.21, 6.40, 4.84, 6.53, 7.11, 5.37, 5.37, 6.50, 6.01, 6.19, 7.12, 5.92, 5.78, 7.24, 3.51, 5.36, 4.07, 5.25, 6.69, 6.70, 6.20, 5.52],
  xi_5118 = [6.74, 7.65, 6.46, 6.95, 6.85, 8.68, 8.33, 6.41, 6.88, 5.92, 2.04, 6.49, 4.23, 4.52, 6.58, 7.98, 5.42, 7.10, 7.22, 6.65, 7.21, 1.22, 5.79, 7.16, 9.36, 7.34, 5.63, 7.05, 6.30, 7.61, 6.31, 6.62, 7.07, 5.99, 6.86, 8.62, 7.80, 6.42, 7.55, 7.14, 4.28, 1.97, 7.65, 7.40, 7.56, 7.46, 3.79, 5.87, 6.23, 7.73],
  xi_5119 = [9.89, 9.71, 7.21, 2.32, 9.88, 9.80, 4.38, 10.70, 9.55, 1.89, 8.80, 6.33, 10.27, 9.78, 9.64, 8.94, 10.22, 9.06, 8.08, 10.23, 7.39, 7.01, 11.42, 8.41, 11.24, 8.44, 9.26, 8.80, 8.73, 8.16, 9.17, 10.00, 8.72, 9.01, 1.03, 8.82, 9.19, 8.43, 4.34, 3.78, 5.06, 8.73, 8.46, 10.08, 2.54, 10.64, 7.16, 8.31, 6.99, 8.64],
  xi_5120 = [1.01, 6.65, 5.32, 0.95, 2.50, 0.91, 0.97, 6.56, 1.09, 2.17, 2.01, 2.76, 2.44, 7.41, 1.07, 1.12, 6.75, 0.90, 1.05, 5.74, 6.39, 6.36, 1.04, 0.81, 4.21, 7.32, 1.03, 1.10, 4.95, 0.98, 1.04, 2.00, 0.97, 0.98, 0.98, 0.84, 1.06, 1.11, 1.01, 0.85, 0.96, 0.94, 7.85, 5.13, 0.97, 1.37, 0.98, 0.89, 0.94, 4.62],
  xi_521 = [6.88, 9.62, 6.51, 5.70, 6.15, 2.80, 6.78, 6.65, 7.91, 6.73, 3.81, 7.09, 6.69, 7.71, 7.42, 6.81, 1.83, 5.78, 1.47, 3.58, 7.72, 8.11, 2.39, 7.53, 6.56, 6.94, 5.44, 7.52, 7.31, 6.56, 6.87, 8.40, 7.08, 7.51, 6.44, 6.98, 4.10, 6.03, 5.50, 7.67, 7.31, 6.56, 7.62, 3.22, 6.95, 6.21, 6.92, 9.22, 7.46, 6.83],
  xi_522 = [1.88, 5.79, 7.50, 6.16, 1.84, 3.73, 5.71, 5.83, 6.18, 5.87, 5.05, 5.62, 6.08, 3.08, 2.54, 6.97, 5.55, 6.06, 5.81, 1.20, 6.03, 5.38, 5.14, 7.91, 3.01, 6.54, 6.26, 6.17, 5.63, 7.60, 4.98, 5.16, 5.41, 6.60, 2.76, 9.55, 5.21, 9.79, 6.91, 2.46, 5.31, 6.28, 5.81, 5.51, 6.63, 7.08, 9.56, 6.56, 5.56, 6.02],
  xi_523 = [5.03, 4.89, 5.00, 4.66, 4.79, 5.03, 9.22, 5.03, 5.43, 4.22, 5.08, 2.08, 4.43, 4.10, 5.37, 4.68, 1.24, 3.97, 5.99, 2.30, 1.12, 5.18, 4.68, 8.47, 4.09, 9.68, 5.44, 4.63, 5.63, 5.31, 3.71, 4.28, 4.91, 4.74, 5.53, 4.02, 4.69, 5.52, 1.74, 2.39, 4.54, 5.20, 5.16, 5.43, 4.86, 5.37, 4.66, 7.19, 4.26, 6.45],
  xi_524 = [6.30, 4.61, 6.44, 6.18, 7.83, 6.21, 5.67, 3.49, 6.56, 6.19, 4.27, 6.04, 6.03, 5.37, 7.09, 5.71, 9.80, 3.81, 6.69, 7.66, 6.25, 5.55, 5.46, 7.11, 5.24, 5.82, 5.83, 5.41, 6.90, 1.19, 6.40, 5.81, 2.91, 6.66, 2.25, 3.51, 5.52, 6.28, 9.18, 6.22, 6.68, 6.87, 9.74, 8.20, 4.03, 6.00, 6.81, 5.46, 6.07, 5.29],
  xi_525 = [9.32, 5.96, 7.42, 6.62, 5.93, 5.91, 6.31, 2.12, 6.92, 5.23, 6.40, 8.10, 9.47, 5.12, 5.58, 6.59, 5.70, 5.36, 5.64, 5.97, 7.12, 7.25, 6.29, 9.00, 5.02, 3.70, 5.66, 5.37, 6.08, 5.26, 5.15, 6.02, 7.42, 4.91, 5.73, 8.36, 7.15, 5.91, 5.63, 6.11, 5.67, 6.70, 5.58, 5.89, 6.00, 5.64, 5.55, 3.37, 1.94, 6.56],
  xi_526 = [6.75, 3.61, 4.30, 5.94, 3.61, 9.26, 4.06, 3.79, 3.80, 4.39, 5.29, 3.90, 3.22, 3.55, 7.45, 4.12, 4.35, 3.53, 3.85, 3.64, 3.84, 4.42, 3.32, 4.01, 4.24, 6.73, 4.33, 3.13, 4.03, 4.27, 3.81, 5.64, 1.09, 6.14, 4.95, 4.21, 5.00, 4.17, 3.68, 3.31, 3.84, 3.70, 2.25, 3.37, 1.20, 4.54, 4.21, 7.29, 4.14, 3.59],
  xi_527 = [1.11, 0.92, 1.04, 5.22, 1.03, 1.02, 0.96, 4.61, 0.90, 7.04, 0.93, 0.85, 1.18, 1.05, 1.09, 9.78, 8.79, 1.09, 1.14, 0.89, 1.10, 9.16, 9.23, 0.99, 0.98, 7.86, 8.52, 0.93, 4.34, 1.09, 8.76, 9.37, 0.84, 1.05, 8.21, 1.15, 1.01, 0.97, 4.05, 1.15, 5.53, 1.19, 1.10, 9.15, 1.05, 1.02, 1.06, 1.04, 1.08, 0.96],
  xi_528 = [3.09, 5.41, 6.09, 1.88, 5.53, 4.87, 6.15, 6.71, 8.39, 5.97, 6.35, 5.49, 3.43, 7.47, 5.66, 5.86, 7.01, 5.91, 6.61, 6.57, 6.40, 8.66, 6.13, 1.20, 5.84, 6.47, 6.15, 6.64, 4.77, 6.42, 5.57, 5.88, 5.89, 8.18, 5.26, 7.12, 9.22, 6.32, 6.30, 5.82, 5.90, 5.91, 4.50, 6.40, 6.33, 6.21, 5.18, 7.17, 5.51, 5.23],
  xi_529 = [9.80, 7.92, 9.72, 8.14, 6.89, 7.95, 1.53, 8.17, 3.22, 5.23, 6.76, 7.47, 9.27, 9.89, 9.63, 5.96, 2.46, 8.79, 6.36, 9.47, 9.68, 7.92, 8.40, 8.47, 8.25, 9.07, 9.05, 3.81, 10.03, 10.24, 6.64, 7.73, 8.37, 9.14, 9.74, 9.12, 8.88, 4.79, 3.49, 1.10, 9.82, 7.74, 5.70, 8.37, 8.79, 8.76, 9.32, 2.92, 9.09, 7.68],
  xi_5210 = [1.69, 4.26, 5.08, 5.55, 1.41, 1.08, 9.85, 4.69, 5.66, 5.20, 4.63, 2.12, 5.55, 5.94, 5.09, 1.68, 4.74, 4.92, 4.47, 4.91, 4.72, 3.63, 4.80, 8.81, 6.67, 5.25, 4.37, 5.73, 8.75, 8.32, 4.43, 5.24, 5.38, 5.17, 4.79, 7.70, 4.72, 4.88, 3.62, 5.42, 2.04, 4.81, 5.14, 5.17, 3.53, 4.49, 4.70, 5.59, 5.04, 3.50],
  xi_5211 = [1.04, 1.04, 0.92, 7.80, 0.88, 1.16, 0.91, 1.07, 1.04, 6.40, 1.10, 0.95, 1.01, 1.06, 1.00, 0.95, 0.99, 1.05, 0.94, 0.91, 1.09, 0.97, 1.04, 1.00, 0.99, 9.79, 1.04, 1.01, 5.73, 6.84, 1.01, 1.10, 0.89, 0.82, 0.90, 1.13, 1.14, 2.08, 3.30, 4.48, 0.92, 3.23, 7.25, 1.10, 0.98, 0.92, 1.11, 1.05, 4.90, 0.78],
  xi_5212 = [3.26, 6.53, 5.73, 5.79, 6.22, 6.49, 8.74, 6.44, 3.86, 5.39, 5.66, 6.21, 5.52, 5.71, 3.32, 5.92, 6.73, 6.11, 8.13, 5.94, 5.72, 6.34, 8.75, 6.19, 5.37, 5.71, 7.23, 5.26, 1.88, 6.33, 9.74, 5.20, 6.43, 5.95, 4.65, 6.33, 5.75, 8.40, 6.62, 8.16, 6.54, 6.13, 6.53, 4.24, 8.15, 5.00, 1.23, 5.33, 5.79, 3.74],
  xi_5213 = [9.65, 6.07, 10.30, 8.39, 9.61, 8.59, 8.84, 8.36, 2.30, 9.79, 10.35, 1.01, 9.90, 3.17, 8.43, 8.70, 2.30, 8.08, 8.88, 8.90, 10.26, 9.21, 8.86, 8.95, 8.37, 9.07, 6.49, 8.80, 8.09, 6.73, 9.74, 9.94, 7.61, 9.76, 8.40, 10.75, 7.68, 8.49, 8.66, 7.83, 9.42, 8.63, 8.34, 9.99, 8.14, 9.57, 9.40, 6.02, 1.07, 9.46],
  xi_5214 = [9.77, 5.44, 7.73, 9.15, 6.96, 5.82, 6.42, 7.07, 8.40, 8.14, 7.42, 8.59, 6.30, 6.59, 7.03, 6.73, 6.41, 6.84, 5.77, 8.25, 6.48, 3.71, 7.20, 7.30, 3.97, 7.49, 3.16, 5.82, 6.48, 8.64, 6.51, 8.46, 8.40, 7.56, 7.47, 7.16, 7.30, 2.16, 2.14, 7.31, 6.98, 6.24, 8.09, 7.03, 7.18, 6.53, 8.46, 7.49, 8.41, 2.17],
  xi_5215 = [1.81, 4.84, 1.47, 9.32, 1.92, 2.09, 1.86, 2.13, 1.74, 5.64, 1.72, 1.90, 9.99, 1.56, 2.12, 1.73, 2.03, 1.87, 1.90, 2.17, 3.77, 1.98, 1.98, 2.19, 2.17, 4.10, 1.98, 1.85, 2.37, 1.86, 1.97, 6.76, 3.43, 1.87, 2.31, 4.79, 1.79, 2.19, 2.26, 2.19, 1.64, 2.38, 1.97, 3.05, 1.88, 2.99, 1.81, 2.35, 1.92, 3.55],
  xi_5216 = [3.27, 5.92, 7.61, 3.96, 4.26, 5.35, 3.63, 7.56, 3.92, 4.28, 3.71, 4.46, 5.35, 4.17, 1.30, 8.19, 4.05, 3.43, 4.10, 3.64, 4.70, 4.42, 3.86, 4.32, 4.69, 4.42, 4.04, 9.44, 3.09, 4.40, 3.96, 4.24, 3.77, 4.15, 2.99, 8.69, 4.50, 3.94, 4.81, 7.98, 3.86, 3.81, 4.03, 3.69, 4.53, 4.05, 9.96, 2.17, 1.32, 1.87],
  xi_5217 = [4.59, 3.66, 9.24, 3.85, 4.71, 4.69, 4.58, 4.24, 3.95, 3.26, 3.82, 3.62, 3.63, 4.77, 8.59, 3.13, 7.34, 4.60, 3.80, 4.29, 3.40, 5.70, 4.75, 4.24, 4.45, 3.68, 7.06, 4.00, 4.09, 4.30, 3.69, 3.97, 7.93, 5.25, 3.98, 4.54, 3.59, 4.04, 4.44, 6.98, 5.75, 4.60, 4.39, 3.75, 7.59, 4.32, 3.92, 1.22, 6.29, 4.04],
  xi_5218 = [4.65, 4.69, 5.36, 4.32, 5.18, 4.68, 4.58, 6.05, 5.94, 4.95, 5.22, 7.43, 4.82, 4.88, 4.65, 3.92, 4.69, 3.99, 4.68, 4.43, 5.76, 4.87, 5.27, 5.23, 5.27, 5.24, 4.39, 7.12, 4.63, 5.06, 4.48, 4.96, 4.47, 5.17, 4.77, 5.54, 6.77, 6.42, 5.02, 5.13, 7.89, 8.09, 4.92, 4.75, 5.10, 4.93, 5.14, 4.02, 5.74, 4.83],
  xi_5219 = [8.82, 4.93, 7.85, 8.29, 3.07, 7.96, 10.20, 9.75, 7.82, 8.58, 4.54, 9.43, 7.95, 8.84, 8.80, 3.54, 1.29, 7.29, 9.04, 9.03, 4.23, 9.43, 7.83, 6.91, 7.92, 7.86, 8.19, 7.15, 7.10, 6.07, 7.21, 4.88, 8.88, 8.01, 9.09, 9.26, 9.04, 7.53, 7.54, 7.53, 7.89, 7.98, 8.13, 8.18, 5.09, 8.43, 6.57, 9.89, 2.58, 8.72],
  xi_5220 = [8.13, 9.30, 8.21, 7.00, 4.20, 7.44, 7.06, 7.25, 6.45, 7.05, 7.22, 7.14, 2.82, 4.94, 7.65, 6.77, 8.34, 7.08, 1.35, 1.02, 8.04, 6.39, 6.88, 5.89, 7.09, 7.28, 7.25, 2.20, 7.33, 5.66, 3.21, 6.65, 8.04, 8.17, 7.35, 3.31, 6.19, 2.86, 7.08, 6.12, 7.87, 6.01, 7.56, 7.22, 8.36, 6.77, 7.54, 5.78, 7.19, 7.40],
  xi_531 = [5.60, 5.55, 4.98, 5.53, 4.95, 6.87, 1.11, 9.83, 9.36, 6.56, 5.99, 6.43, 1.76, 5.35, 3.48, 4.32, 5.45, 6.88, 9.34, 5.85, 5.36, 5.67, 5.69, 5.44, 6.43, 6.14, 6.74, 5.58, 5.77, 6.55, 5.78, 9.98, 6.14, 5.70, 5.66, 6.78, 8.39, 4.13, 1.20, 4.37, 5.82, 8.97, 4.67, 7.01, 3.90, 7.43, 6.13, 6.46, 5.61, 5.20],
  xi_532 = [1.04, 0.88, 9.89, 1.11, 1.19, 0.98, 1.36, 1.04, 5.86, 1.06, 1.06, 0.88, 8.05, 1.23, 8.80, 1.11, 1.12, 1.20, 9.23, 8.94, 1.27, 1.03, 0.88, 1.00, 2.92, 1.09, 0.97, 1.00, 1.22, 0.88, 1.23, 1.45, 0.97, 9.55, 1.11, 3.90, 3.54, 0.98, 1.02, 4.45, 8.03, 9.88, 0.90, 7.24, 1.13, 0.88, 1.00, 1.03, 8.26, 3.03],
  xi_533 = [7.10, 1.04, 0.96, 8.65, 1.03, 9.96, 0.79, 4.67, 0.78, 0.97, 1.03, 1.12, 1.29, 4.69, 1.03, 1.05, 4.16, 0.80, 0.77, 6.79, 0.77, 1.03, 0.85, 1.07, 1.04, 0.87, 8.23, 0.92, 0.86, 0.94, 0.89, 6.38, 3.73, 1.09, 1.05, 1.95, 1.15, 1.00, 1.15, 4.42, 7.18, 0.86, 8.28, 0.94, 0.94, 0.96, 0.97, 1.23, 1.08, 0.92],
  xi_534 = [1.81, 2.43, 1.86, 5.57, 5.55, 1.77, 9.56, 1.77, 2.28, 2.07, 2.04, 2.19, 6.56, 4.74, 1.84, 4.15, 1.93, 6.50, 1.89, 1.87, 6.25, 1.96, 2.03, 1.96, 1.95, 1.61, 1.69, 2.02, 2.92, 2.30, 4.58, 2.19, 1.94, 1.89, 2.06, 1.99, 2.22, 1.76, 2.23, 1.69, 1.95, 2.34, 1.93, 4.85, 1.60, 9.53, 1.78, 4.77, 2.02, 2.11],
  xi_535 = [7.94, 9.12, 10.71, 6.15, 10.47, 10.63, 10.71, 6.32, 8.45, 9.72, 9.47, 9.00, 9.69, 7.89, 10.66, 2.53, 8.99, 11.07, 10.43, 2.18, 1.82, 9.22, 8.48, 9.65, 5.59, 8.19, 3.05, 9.75, 3.46, 9.99, 2.51, 5.90, 9.23, 9.90, 9.62, 5.35, 10.56, 8.96, 6.43, 10.21, 7.30, 10.18, 10.26, 9.47, 10.90, 4.84, 8.66, 3.12, 12.09, 8.02],
  xi_536 = [2.10, 2.37, 5.95, 1.96, 2.12, 2.28, 1.78, 2.02, 1.52, 2.00, 2.40, 1.84, 6.54, 1.97, 2.00, 2.19, 2.01, 1.81, 1.83, 1.96, 1.86, 1.13, 2.17, 2.18, 8.27, 2.63, 1.99, 2.21, 2.22, 2.19, 1.72, 5.76, 6.82, 2.38, 1.75, 3.37, 2.09, 1.83, 1.95, 2.05, 8.59, 1.89, 3.71, 1.89, 1.97, 1.49, 7.49, 2.09, 1.50, 2.28],
  xi_537 = [7.89, 2.35, 5.52, 9.28, 2.17, 1.70, 1.91, 6.98, 3.82, 1.51, 2.56, 2.43, 1.01, 1.75, 1.84, 1.94, 1.95, 2.20, 1.99, 1.93, 2.03, 7.15, 1.47, 1.80, 2.04, 9.45, 2.15, 2.26, 1.91, 2.08, 1.46, 1.96, 1.87, 4.80, 2.17, 9.36, 9.11, 6.20, 2.74, 2.51, 1.97, 1.75, 6.92, 2.01, 2.04, 1.72, 2.01, 1.99, 2.14, 6.54],
  xi_538 = [2.07, 2.17, 2.03, 4.35, 7.16, 1.05, 1.81, 2.01, 2.19, 7.44, 1.97, 3.15, 2.01, 1.95, 4.72, 1.57, 2.55, 7.21, 1.84, 1.89, 1.99, 3.71, 1.82, 1.80, 1.94, 2.11, 7.61, 1.94, 1.85, 2.12, 2.11, 2.10, 1.98, 2.28, 3.36, 2.04, 1.86, 1.69, 1.77, 1.84, 3.52, 3.75, 6.23, 2.33, 2.22, 1.91, 9.90, 2.14, 1.72, 1.95],
  xi_539 = [8.67, 1.21, 7.88, 5.50, 8.55, 6.59, 8.85, 1.64, 1.24, 7.68, 8.68, 8.80, 2.27, 10.25, 9.34, 8.77, 9.71, 7.40, 9.31, 8.66, 10.19, 8.78, 9.65, 3.66, 8.94, 8.28, 10.13, 8.34, 8.80, 7.24, 9.68, 8.88, 8.92, 9.00, 4.41, 3.08, 9.48, 8.89, 10.13, 6.30, 4.04, 5.98, 9.20, 4.94, 10.24, 7.63, 8.50, 1.61, 8.41, 8.31],
  xi_5310 = [9.91, 5.31, 7.56, 7.57, 6.00, 7.99, 8.19, 6.44, 6.66, 4.00, 6.24, 8.33, 7.42, 5.98, 7.81, 7.96, 7.56, 5.68, 6.86, 4.93, 6.87, 6.79, 9.68, 7.17, 7.79, 5.88, 1.79, 7.21, 6.85, 7.10, 6.86, 7.45, 5.49, 8.09, 6.51, 1.14, 6.80, 6.22, 5.61, 7.48, 7.08, 2.01, 7.10, 6.28, 7.46, 6.83, 7.75, 9.95, 6.64, 6.96],
  xi_5311 = [9.51, 5.76, 10.32, 10.47, 9.06, 4.16, 10.41, 9.67, 9.48, 11.20, 11.35, 8.80, 1.48, 8.62, 4.58, 10.01, 8.34, 11.11, 9.54, 7.27, 2.34, 5.60, 7.40, 11.82, 1.78, 10.55, 8.33, 5.07, 6.74, 12.60, 10.85, 3.82, 9.94, 10.43, 10.72, 10.01, 9.90, 5.59, 5.91, 10.25, 7.74, 3.89, 9.85, 10.66, 9.99, 7.92, 5.85, 11.70, 9.27, 9.71],
  xi_5312 = [0.98, 1.07, 3.79, 5.33, 3.17, 1.09, 0.95, 1.18, 1.05, 1.05, 0.90, 1.14, 1.18, 0.87, 4.26, 0.91, 1.12, 1.18, 1.00, 2.68, 1.86, 0.99, 0.97, 1.05, 0.96, 0.92, 0.99, 1.00, 1.22, 0.90, 0.98, 0.94, 0.88, 0.97, 0.96, 1.13, 0.97, 0.84, 1.02, 0.99, 9.09, 4.89, 1.06, 1.05, 8.00, 6.24, 0.87, 7.99, 1.06, 1.10],
  xi_5313 = [8.15, 9.29, 8.09, 7.57, 7.88, 3.31, 9.92, 2.96, 4.47, 5.62, 9.81, 8.65, 9.07, 9.04, 9.49, 8.70, 8.29, 8.60, 9.79, 8.14, 10.70, 7.32, 9.14, 9.30, 8.65, 9.80, 2.19, 9.61, 8.91, 9.50, 7.75, 6.95, 8.59, 9.98, 10.37, 9.65, 9.78, 11.44, 8.19, 10.29, 9.44, 6.49, 7.41, 7.46, 5.47, 8.78, 8.92, 4.25, 1.39, 9.10],
  xi_5314 = [3.09, 3.08, 3.17, 3.18, 3.06, 2.67, 3.36, 6.19, 3.23, 4.48, 8.50, 9.48, 2.93, 2.76, 2.60, 3.13, 4.38, 1.41, 3.02, 8.99, 2.91, 4.39, 3.03, 2.99, 2.22, 2.77, 2.98, 3.00, 7.29, 3.14, 3.24, 4.96, 5.30, 3.11, 2.41, 6.98, 2.36, 2.44, 5.14, 3.03, 3.63, 2.96, 2.80, 2.83, 2.86, 2.61, 1.89, 4.38, 2.39, 2.92],
  xi_5315 = [5.54, 3.99, 5.00, 4.38, 6.89, 9.76, 4.38, 6.53, 4.46, 9.03, 5.63, 4.42, 4.63, 4.95, 5.33, 7.06, 1.98, 5.37, 5.50, 9.85, 5.12, 7.95, 5.71, 1.21, 5.71, 4.76, 4.83, 4.65, 4.92, 6.00, 4.32, 3.54, 4.36, 4.81, 5.08, 7.97, 4.65, 2.88, 4.82, 7.23, 4.07, 4.36, 5.38, 5.09, 4.42, 5.35, 8.34, 5.43, 5.91, 1.16],
  xi_5316 = [2.25, 2.98, 1.23, 3.49, 3.22, 3.19, 3.02, 1.72, 2.57, 3.13, 9.76, 2.88, 2.93, 3.06, 2.95, 2.73, 6.63, 1.70, 9.34, 3.22, 2.73, 3.28, 3.51, 3.27, 2.63, 2.95, 4.71, 3.25, 3.16, 8.28, 2.04, 3.00, 3.17, 2.75, 2.84, 3.91, 2.86, 2.68, 1.19, 3.58, 2.81, 3.05, 2.49, 8.78, 2.79, 3.24, 8.74, 2.69, 2.86, 2.59],
  xi_5317 = [8.35, 8.57, 8.84, 9.66, 7.52, 8.40, 5.73, 8.26, 6.22, 9.21, 7.55, 3.96, 8.17, 9.29, 2.54, 8.44, 2.01, 8.90, 5.75, 3.85, 9.83, 2.59, 8.66, 9.46, 9.73, 7.63, 7.20, 3.44, 6.97, 10.57, 8.83, 8.88, 8.38, 9.32, 3.40, 8.49, 10.75, 8.38, 8.97, 3.37, 6.35, 8.05, 8.04, 9.27, 8.74, 8.94, 8.86, 9.45, 11.03, 7.77],
  xi_5318 = [7.72, 7.49, 6.34, 2.92, 6.60, 6.36, 6.17, 7.51, 1.56, 7.86, 9.44, 6.29, 6.08, 1.02, 1.57, 6.37, 6.33, 6.30, 6.27, 6.48, 6.19, 6.56, 7.13, 6.41, 6.17, 9.52, 2.79, 2.28, 6.96, 6.69, 6.83, 8.36, 7.24, 3.97, 6.66, 7.21, 7.13, 3.72, 3.36, 7.72, 6.73, 5.22, 7.56, 6.26, 6.10, 5.82, 4.35, 6.73, 7.21, 4.29],
  xi_5319 = [1.05, 1.07, 0.92, 0.89, 0.96, 0.97, 3.25, 0.82, 7.88, 6.52, 1.11, 1.06, 0.90, 0.93, 0.89, 4.51, 0.99, 1.02, 1.12, 0.99, 1.00, 7.60, 4.55, 0.96, 7.29, 2.33, 7.82, 1.10, 2.49, 1.05, 6.15, 7.82, 4.12, 6.20, 1.21, 6.96, 1.01, 0.97, 6.38, 2.19, 1.14, 0.97, 1.13, 8.81, 1.05, 0.96, 1.64, 6.09, 0.92, 1.10],
  xi_5320 = [2.82, 2.83, 2.73, 9.59, 3.07, 2.84, 3.36, 3.10, 2.63, 2.85, 3.19, 6.49, 3.36, 2.91, 2.93, 3.64, 2.55, 3.04, 3.25, 4.71, 2.44, 2.61, 3.17, 2.86, 2.29, 3.03, 3.24, 2.78, 2.74, 2.79, 3.07, 5.09, 3.13, 9.87, 2.59, 3.16, 3.03, 3.10, 2.18, 3.12, 2.89, 8.58, 3.03, 8.17, 3.05, 8.87, 2.96, 3.04, 9.20, 3.16],
  xi_541 = [3.01, 6.54, 2.19, 1.88, 9.53, 6.74, 2.26, 1.99, 4.36, 2.05, 2.27, 7.72, 1.90, 2.07, 7.40, 2.16, 4.85, 8.50, 1.96, 6.46, 2.37, 1.68, 6.09, 8.95, 1.74, 2.06, 1.96, 2.05, 1.90, 1.95, 1.99, 2.14, 8.62, 1.99, 1.64, 1.88, 1.84, 2.01, 2.30, 2.23, 7.16, 2.29, 2.18, 2.31, 2.35, 2.20, 4.13, 1.75, 1.94, 1.78],
  xi_542 = [0.77, 3.05, 3.82, 0.75, 1.08, 0.91, 7.52, 0.94, 6.07, 1.02, 4.13, 0.84, 1.04, 1.09, 1.17, 1.03, 0.89, 0.98, 1.01, 1.05, 1.10, 5.19, 6.43, 8.46, 0.84, 0.97, 1.04, 1.03, 0.92, 1.11, 0.87, 1.09, 1.09, 6.40, 2.94, 1.08, 9.23, 7.81, 1.09, 5.47, 0.96, 1.02, 6.78, 0.93, 0.94, 0.91, 0.95, 0.99, 1.00, 1.07],
  xi_543 = [8.54, 3.14, 8.46, 6.49, 3.09, 5.51, 2.93, 2.52, 9.64, 2.83, 2.86, 3.18, 3.46, 3.05, 3.07, 9.97, 5.37, 4.69, 2.66, 1.47, 3.19, 5.40, 8.12, 2.66, 6.06, 7.40, 3.42, 3.27, 5.12, 2.11, 7.30, 6.54, 2.46, 3.25, 2.46, 3.35, 2.82, 7.48, 1.80, 3.32, 9.21, 3.10, 9.58, 3.28, 2.68, 1.13, 2.50, 3.30, 3.05, 3.11],
  xi_544 = [8.53, 9.51, 8.16, 9.72, 3.51, 7.55, 10.42, 2.63, 9.28, 9.72, 9.14, 7.06, 9.33, 9.21, 9.58, 8.08, 8.55, 8.55, 9.69, 7.58, 8.03, 5.87, 9.01, 7.25, 9.08, 10.59, 10.90, 6.04, 9.35, 9.91, 10.26, 8.46, 3.08, 7.60, 9.52, 5.30, 2.43, 7.16, 8.70, 4.16, 5.22, 10.29, 11.10, 8.62, 8.95, 9.42, 9.78, 9.64, 7.62, 5.09],
  xi_545 = [5.71, 4.94, 4.57, 5.62, 5.28, 5.14, 4.50, 4.67, 5.07, 4.57, 6.05, 9.39, 4.31, 4.99, 4.89, 3.58, 5.95, 2.35, 1.95, 8.49, 4.94, 5.15, 9.62, 4.58, 5.04, 4.87, 2.79, 5.76, 6.70, 2.10, 9.12, 4.70, 5.32, 5.84, 9.36, 6.88, 4.34, 8.95, 5.13, 4.99, 3.97, 4.23, 5.18, 6.97, 9.04, 4.87, 5.41, 5.21, 5.19, 7.45],
  xi_546 = [11.30, 9.39, 9.39, 10.53, 11.15, 9.59, 9.58, 10.77, 4.68, 6.11, 11.30, 11.05, 9.98, 10.51, 3.55, 10.10, 9.81, 9.55, 9.98, 2.30, 11.64, 4.33, 9.33, 9.49, 1.19, 11.29, 5.21, 10.32, 10.35, 10.12, 11.39, 10.08, 8.17, 10.24, 10.94, 9.24, 9.99, 10.14, 9.17, 9.52, 9.49, 11.28, 10.67, 9.93, 11.18, 9.54, 1.32, 8.89, 8.41, 11.21],
  xi_547 = [4.99, 5.65, 5.10, 3.24, 7.11, 3.91, 4.86, 4.43, 5.06, 5.51, 6.31, 4.79, 1.59, 4.33, 7.66, 5.10, 5.77, 4.85, 4.39, 5.13, 5.06, 4.66, 4.80, 5.38, 7.87, 5.26, 5.00, 5.23, 1.74, 3.60, 5.37, 5.97, 4.74, 5.01, 4.72, 4.95, 4.93, 4.87, 4.42, 2.76, 4.71, 4.89, 4.97, 5.08, 4.88, 1.58, 4.36, 4.01, 4.78, 4.70],
  xi_548 = [5.03, 7.23, 1.84, 2.06, 3.19, 2.10, 6.51, 5.15, 1.64, 1.95, 1.97, 2.24, 1.91, 2.17, 2.14, 2.65, 2.11, 5.53, 2.90, 1.96, 1.97, 1.49, 2.27, 1.97, 2.09, 4.22, 1.86, 1.83, 2.21, 6.08, 2.24, 2.06, 3.36, 2.27, 1.93, 1.17, 2.41, 2.12, 3.67, 6.32, 1.32, 1.95, 6.79, 2.19, 5.58, 1.78, 9.62, 1.69, 2.03, 2.16],
  xi_549 = [5.03, 4.68, 4.93, 3.78, 2.81, 5.52, 5.09, 4.81, 5.77, 1.05, 5.02, 5.90, 7.44, 4.79, 4.43, 8.76, 9.35, 2.24, 4.91, 6.06, 5.78, 5.47, 5.05, 4.36, 5.17, 4.30, 5.24, 9.16, 5.90, 9.18, 4.68, 1.70, 4.69, 4.31, 5.51, 4.05, 4.64, 5.11, 6.26, 5.28, 4.96, 8.87, 4.82, 5.40, 5.88, 1.44, 3.02, 5.06, 4.89, 4.62],
  xi_5410 = [1.06, 5.99, 1.01, 1.06, 0.90, 3.74, 5.67, 2.13, 9.33, 0.89, 0.96, 0.99, 0.98, 1.02, 5.14, 0.83, 0.90, 4.56, 3.11, 0.99, 1.01, 1.10, 1.04, 2.00, 1.14, 1.35, 1.14, 1.20, 1.04, 1.95, 4.09, 1.04, 0.93, 7.11, 1.06, 6.56, 4.66, 0.96, 4.59, 6.49, 7.07, 0.98, 0.90, 1.06, 1.11, 2.28, 0.99, 1.05, 0.97, 0.96],
  xi_5411 = [1.30, 4.23, 2.86, 3.88, 2.84, 2.92, 2.82, 2.30, 3.49, 7.53, 2.88, 2.86, 2.88, 3.09, 3.03, 3.30, 3.30, 2.84, 3.46, 3.24, 3.26, 1.37, 2.91, 3.26, 2.73, 2.58, 2.94, 9.38, 2.88, 2.45, 9.63, 3.65, 2.84, 4.87, 7.32, 2.73, 2.62, 2.41, 3.07, 3.23, 3.16, 3.51, 3.00, 3.61, 3.05, 2.99, 1.87, 2.62, 9.46, 2.87],
  xi_5412 = [7.04, 4.24, 7.69, 7.21, 7.87, 7.48, 7.60, 4.29, 7.34, 6.70, 6.71, 1.88, 4.14, 7.18, 8.28, 1.41, 5.21, 6.62, 7.77, 6.17, 6.47, 6.54, 7.00, 1.73, 7.42, 5.14, 8.04, 8.11, 1.14, 6.59, 7.28, 6.23, 8.13, 7.41, 3.49, 6.36, 6.27, 5.95, 6.58, 6.73, 6.71, 6.04, 3.56, 7.28, 7.20, 6.56, 3.21, 7.14, 8.45, 2.27],
  xi_5413 = [8.82, 9.76, 11.38, 8.75, 11.10, 10.50, 11.50, 10.80, 10.88, 10.68, 7.64, 8.44, 4.71, 9.20, 9.77, 9.58, 11.43, 10.63, 1.54, 9.77, 10.36, 5.75, 7.66, 9.01, 9.70, 10.10, 3.04, 9.02, 4.72, 8.81, 9.41, 9.60, 11.15, 7.79, 9.86, 9.48, 8.78, 4.50, 9.07, 10.55, 7.31, 9.40, 5.36, 9.11, 6.02, 10.21, 9.64, 9.80, 4.76, 10.65],
  xi_5414 = [5.21, 1.99, 2.07, 1.87, 9.35, 5.00, 2.17, 1.93, 9.27, 2.08, 2.23, 2.41, 2.17, 2.17, 2.11, 1.97, 1.89, 2.26, 2.13, 1.95, 2.12, 2.05, 1.83, 2.19, 1.83, 1.75, 2.02, 1.80, 1.78, 2.15, 7.14, 2.48, 8.84, 1.86, 1.79, 2.21, 1.83, 2.14, 7.37, 2.08, 1.93, 1.96, 2.13, 2.28, 2.34, 9.40, 1.88, 2.03, 2.09, 6.16],
  xi_5415 = [1.31, 9.99, 9.07, 11.10, 8.31, 7.77, 8.71, 8.84, 9.17, 8.38, 5.82, 7.99, 7.87, 10.69, 1.67, 9.65, 8.42, 8.86, 9.24, 5.45, 10.28, 1.14, 8.63, 9.00, 5.03, 8.53, 10.00, 4.73, 10.62, 9.83, 8.88, 9.30, 8.66, 1.36, 8.80, 9.47, 9.25, 9.70, 10.53, 7.94, 8.07, 9.14, 9.35, 8.21, 8.23, 2.91, 10.12, 9.61, 6.88, 2.16],
  xi_5416 = [2.63, 3.21, 3.87, 2.94, 3.04, 6.38, 3.36, 2.82, 3.17, 2.66, 4.29, 3.16, 3.05, 3.38, 3.08, 2.75, 3.05, 2.74, 2.97, 3.27, 2.40, 3.71, 2.86, 7.40, 3.42, 1.02, 2.96, 2.97, 4.72, 3.64, 5.92, 2.95, 3.78, 2.93, 2.80, 3.18, 8.42, 9.06, 2.99, 2.95, 8.31, 3.47, 2.97, 2.98, 2.99, 3.73, 2.86, 3.38, 2.82, 1.43],
  xi_5417 = [1.04, 9.41, 9.10, 9.07, 10.33, 7.12, 1.01, 8.84, 2.76, 8.41, 7.92, 8.45, 8.72, 8.84, 7.84, 7.73, 8.92, 9.03, 9.65, 4.83, 5.51, 8.44, 7.39, 1.47, 9.06, 7.70, 7.27, 8.65, 3.03, 8.80, 7.14, 8.71, 5.33, 10.44, 2.90, 2.40, 8.17, 6.84, 8.45, 8.56, 4.98, 3.41, 8.66, 8.07, 10.79, 7.97, 9.43, 4.00, 9.41, 11.14],
  xi_5418 = [7.33, 2.55, 8.23, 9.94, 7.98, 4.48, 8.46, 3.28, 6.09, 10.51, 10.03, 9.62, 4.47, 8.53, 2.69, 9.66, 4.88, 2.09, 6.20, 9.58, 8.76, 8.64, 2.07, 7.96, 8.94, 7.99, 8.30, 8.09, 7.70, 7.72, 10.27, 9.10, 9.61, 9.39, 7.62, 8.00, 5.29, 7.85, 4.14, 8.45, 8.71, 9.69, 8.44, 9.09, 6.05, 5.28, 1.32, 5.68, 2.11, 11.02],
  xi_5419 = [6.88, 1.03, 8.03, 6.77, 6.89, 3.70, 8.70, 8.46, 7.91, 8.11, 6.60, 8.94, 2.73, 3.49, 8.72, 8.06, 8.03, 8.32, 1.59, 7.06, 6.82, 7.47, 7.04, 7.20, 8.65, 8.10, 8.04, 8.90, 9.53, 6.64, 8.38, 1.81, 6.51, 7.07, 6.85, 6.24, 5.72, 9.99, 7.78, 7.16, 9.09, 8.87, 4.45, 1.67, 10.05, 7.64, 8.36, 8.36, 7.81, 8.19],
  xi_5420 = [8.85, 2.63, 6.34, 6.11, 5.36, 6.45, 5.53, 5.79, 5.49, 6.48, 1.90, 3.70, 6.17, 5.84, 9.62, 8.80, 6.20, 5.56, 5.57, 6.02, 6.14, 4.93, 5.47, 7.30, 2.39, 6.34, 5.00, 6.47, 1.50, 5.04, 5.38, 6.22, 4.13, 5.60, 5.21, 7.52, 6.31, 5.55, 4.63, 6.25, 8.83, 6.53, 7.31, 1.76, 7.79, 7.43, 5.96, 5.87, 6.51, 6.04],
  xi_551 = [2.04, 1.87, 3.97, 2.01, 8.37, 8.88, 1.77, 2.04, 1.76, 5.85, 5.77, 3.20, 2.02, 2.06, 2.11, 4.27, 2.19, 1.71, 1.62, 1.74, 2.35, 2.10, 1.63, 5.55, 1.60, 2.17, 1.84, 2.08, 1.81, 2.22, 2.07, 1.65, 2.04, 1.92, 9.81, 2.13, 2.01, 2.07, 2.78, 2.06, 1.76, 9.54, 1.92, 1.92, 2.10, 5.83, 1.87, 2.00, 1.64, 1.79],
  xi_552 = [4.65, 1.03, 1.02, 0.98, 0.94, 0.98, 0.98, 5.96, 7.53, 0.89, 1.00, 0.97, 1.15, 1.04, 1.01, 4.81, 1.00, 0.93, 0.92, 9.70, 0.99, 0.94, 1.15, 0.92, 0.87, 6.89, 1.08, 0.92, 6.57, 1.01, 0.91, 8.16, 0.85, 1.03, 4.62, 5.66, 1.04, 1.07, 0.92, 0.99, 9.34, 0.89, 5.14, 3.14, 7.59, 8.03, 6.90, 0.89, 0.86, 9.67],
  xi_553 = [7.67, 6.60, 4.46, 5.29, 4.78, 9.01, 4.99, 5.22, 5.48, 5.85, 4.09, 2.72, 3.88, 5.47, 4.33, 5.07, 4.96, 1.28, 4.67, 4.33, 6.36, 5.97, 4.06, 4.98, 5.65, 4.82, 4.81, 1.31, 5.71, 4.50, 5.14, 3.92, 5.98, 4.31, 4.97, 5.26, 4.49, 1.02, 5.58, 4.91, 4.64, 7.67, 3.36, 8.02, 5.43, 6.14, 2.02, 4.36, 4.83, 4.54],
  xi_554 = [7.64, 7.55, 9.09, 10.34, 1.56, 7.95, 9.15, 8.50, 7.63, 9.20, 6.12, 2.35, 8.42, 3.00, 9.90, 9.42, 8.19, 8.51, 3.51, 11.41, 3.14, 9.37, 7.91, 9.64, 8.45, 9.27, 6.08, 7.61, 10.39, 9.34, 9.94, 8.57, 8.87, 9.96, 8.92, 8.60, 4.25, 9.93, 7.28, 8.58, 8.39, 9.18, 3.33, 7.67, 8.37, 5.66, 8.85, 8.37, 8.88, 8.33],
  xi_555 = [0.96, 0.93, 0.91, 2.10, 0.99, 0.82, 1.27, 0.87, 4.59, 8.91, 1.09, 9.96, 0.92, 1.00, 1.09, 4.48, 1.01, 1.08, 4.80, 7.37, 5.67, 1.00, 1.01, 1.24, 3.71, 1.03, 7.97, 1.06, 1.35, 0.93, 1.03, 1.11, 0.95, 1.16, 7.67, 7.16, 0.81, 0.85, 1.00, 0.94, 0.94, 1.09, 6.89, 2.78, 1.19, 8.60, 0.85, 1.13, 0.98, 8.40],
  xi_556 = [5.15, 7.40, 5.54, 5.63, 1.46, 3.63, 4.79, 6.82, 7.97, 5.90, 2.52, 5.70, 5.08, 7.97, 4.57, 4.91, 4.98, 8.77, 4.82, 4.21, 2.00, 2.28, 9.10, 5.43, 5.35, 5.46, 4.62, 4.40, 4.66, 1.41, 4.71, 2.68, 5.86, 8.92, 4.77, 5.40, 7.84, 1.46, 9.82, 5.54, 5.01, 5.06, 4.73, 9.06, 4.51, 9.54, 5.89, 4.99, 5.71, 4.77],
  xi_557 = [0.89, 6.49, 1.02, 1.14, 1.20, 0.94, 8.05, 1.00, 2.55, 0.97, 2.60, 1.12, 4.12, 4.23, 1.03, 8.10, 0.89, 1.05, 0.97, 0.99, 4.43, 1.21, 1.11, 0.97, 1.18, 1.11, 4.76, 1.09, 1.07, 2.84, 0.94, 0.91, 1.17, 1.05, 1.18, 1.08, 0.86, 0.98, 2.91, 0.87, 0.93, 0.93, 0.98, 1.01, 1.02, 0.98, 1.13, 5.78, 1.14, 0.90],
  xi_558 = [10.82, 8.90, 5.15, 11.54, 10.12, 11.51, 11.29, 11.77, 10.30, 8.86, 10.05, 5.99, 10.28, 9.67, 9.59, 11.47, 9.89, 11.44, 1.36, 5.60, 8.76, 9.65, 8.68, 11.31, 10.55, 1.06, 9.88, 8.88, 9.96, 9.23, 7.63, 10.56, 10.72, 8.87, 10.12, 9.25, 11.23, 9.62, 9.70, 8.04, 6.89, 9.48, 9.51, 11.72, 2.25, 9.09, 6.45, 10.40, 9.84, 10.44],
  xi_559 = [10.03, 8.70, 2.94, 9.70, 8.82, 9.33, 7.61, 9.70, 5.44, 9.08, 5.24, 4.77, 8.93, 8.98, 8.84, 2.16, 2.05, 7.13, 9.91, 8.79, 9.17, 4.41, 10.67, 9.81, 9.45, 9.52, 10.28, 7.84, 9.40, 1.52, 9.47, 8.40, 9.67, 9.18, 9.59, 8.43, 9.32, 2.60, 9.66, 8.81, 8.61, 8.78, 9.61, 4.65, 4.46, 1.73, 8.56, 7.26, 8.86, 3.26],
  xi_5510 = [9.29, 7.41, 7.04, 9.19, 7.71, 5.40, 8.42, 4.37, 6.95, 9.41, 7.04, 6.89, 2.35, 8.09, 8.06, 6.72, 7.91, 7.65, 7.78, 6.61, 8.46, 7.89, 8.22, 9.28, 8.99, 8.01, 7.04, 7.06, 3.51, 8.42, 7.64, 3.80, 7.43, 8.40, 8.32, 8.18, 7.75, 8.23, 8.88, 8.18, 8.76, 8.19, 7.68, 7.73, 7.84, 8.98, 7.82, 6.84, 7.56, 9.22],
  xi_5511 = [3.46, 4.79, 8.09, 5.66, 5.59, 9.15, 4.97, 5.38, 5.58, 4.73, 4.15, 5.49, 3.66, 9.29, 4.45, 4.62, 5.00, 4.62, 5.35, 1.88, 4.47, 5.41, 5.80, 5.08, 5.63, 5.77, 5.52, 5.93, 5.91, 4.08, 7.94, 4.04, 7.41, 5.82, 4.87, 5.03, 5.62, 2.17, 4.75, 3.46, 4.51, 4.61, 4.99, 4.55, 3.39, 4.76, 4.85, 5.29, 4.33, 5.41],
  xi_5512 = [8.43, 9.48, 6.75, 10.26, 10.99, 9.87, 10.83, 10.72, 9.86, 2.83, 4.02, 9.29, 8.70, 7.08, 10.47, 9.34, 9.20, 3.04, 10.23, 10.41, 9.63, 7.27, 4.39, 9.73, 9.67, 12.30, 9.99, 1.71, 10.39, 10.61, 10.27, 2.99, 2.03, 12.17, 10.63, 9.58, 9.08, 2.50, 5.24, 10.13, 10.58, 9.34, 9.19, 11.02, 10.40, 8.59, 8.85, 10.63, 7.26, 9.84],
  xi_5513 = [2.09, 9.38, 2.07, 4.93, 1.87, 2.87, 5.46, 9.02, 6.46, 2.20, 1.84, 1.67, 9.99, 1.86, 1.90, 1.75, 8.13, 4.09, 1.92, 2.06, 7.17, 1.98, 1.87, 2.01, 2.16, 2.04, 6.04, 2.11, 2.17, 2.06, 1.74, 1.80, 3.44, 1.51, 1.86, 1.93, 1.26, 4.79, 2.35, 1.70, 2.15, 2.13, 1.65, 1.97, 2.89, 1.59, 2.36, 4.05, 1.52, 2.20],
  xi_5514 = [5.43, 5.37, 4.89, 4.41, 8.56, 2.47, 3.96, 4.97, 5.02, 5.44, 5.17, 4.57, 4.78, 5.62, 5.26, 4.41, 5.15, 5.26, 4.42, 8.06, 4.84, 5.01, 5.15, 4.27, 5.87, 5.85, 9.89, 3.66, 4.77, 6.28, 5.23, 4.82, 4.07, 6.44, 9.90, 5.22, 5.73, 2.52, 4.89, 2.02, 4.56, 5.97, 3.17, 5.16, 6.86, 4.56, 8.69, 6.28, 5.19, 4.77],
  xi_5515 = [1.10, 0.97, 0.86, 1.01, 7.67, 0.97, 0.91, 0.90, 8.81, 1.02, 0.93, 1.05, 6.00, 7.53, 0.92, 0.99, 1.11, 0.98, 0.98, 2.48, 0.91, 0.94, 0.97, 0.94, 1.75, 1.05, 7.56, 1.06, 9.99, 1.22, 1.21, 1.01, 5.39, 9.21, 9.27, 0.92, 9.67, 1.05, 1.03, 9.98, 2.97, 1.25, 0.93, 8.16, 0.93, 5.19, 0.97, 0.99, 0.99, 1.06],
  xi_5516 = [9.48, 8.46, 11.61, 10.08, 9.81, 7.77, 10.08, 9.27, 12.74, 12.21, 12.31, 12.13, 4.52, 9.78, 2.52, 10.19, 10.94, 9.92, 9.17, 10.23, 9.52, 10.32, 9.37, 11.07, 9.64, 11.61, 3.98, 9.27, 12.38, 8.46, 8.70, 11.98, 10.54, 10.20, 3.06, 9.69, 8.74, 1.49, 11.02, 9.14, 5.60, 9.75, 8.17, 8.33, 8.20, 9.77, 9.91, 11.20, 7.14, 11.51],
  xi_5517 = [4.19, 7.84, 8.06, 7.87, 5.28, 7.40, 7.00, 9.80, 8.17, 8.34, 8.39, 8.50, 7.75, 7.72, 8.31, 7.60, 9.39, 8.42, 10.12, 8.43, 9.34, 9.26, 7.28, 8.08, 8.20, 9.45, 5.25, 7.69, 6.18, 6.18, 7.49, 7.82, 8.53, 7.02, 8.77, 9.93, 8.14, 7.71, 7.24, 4.40, 7.29, 7.07, 7.40, 7.37, 7.99, 8.07, 7.75, 9.32, 7.78, 9.00],
  xi_5518 = [9.40, 8.38, 1.29, 9.26, 8.89, 7.21, 8.20, 5.69, 8.57, 7.93, 9.61, 6.64, 9.41, 7.62, 2.24, 8.54, 7.79, 7.74, 7.69, 8.48, 8.80, 8.11, 7.77, 7.48, 7.29, 4.60, 8.96, 7.62, 8.95, 8.74, 7.74, 7.26, 9.29, 7.95, 7.65, 4.16, 8.59, 7.88, 9.48, 2.30, 3.07, 7.83, 8.72, 8.88, 7.37, 9.16, 1.64, 7.56, 7.68, 4.74],
  xi_5519 = [8.20, 10.00, 9.41, 6.47, 7.69, 7.91, 6.92, 9.65, 9.28, 4.65, 1.08, 7.68, 8.80, 5.07, 9.57, 8.01, 6.85, 10.43, 8.39, 7.63, 8.82, 8.71, 10.69, 8.97, 4.80, 8.47, 9.28, 1.28, 3.49, 8.86, 9.86, 2.16, 9.91, 6.89, 10.34, 2.88, 7.59, 2.83, 4.96, 9.80, 5.86, 7.47, 8.05, 9.59, 8.72, 9.31, 7.05, 9.80, 8.57, 9.34],
  xi_5520 = [9.76, 7.62, 10.25, 7.80, 9.16, 4.17, 9.27, 6.12, 3.17, 9.03, 8.68, 8.28, 8.58, 8.86, 8.77, 10.35, 7.44, 8.37, 8.62, 7.18, 10.92, 5.04, 7.83, 8.32, 4.78, 11.18, 7.79, 9.31, 8.62, 9.30, 9.41, 9.86, 1.08, 9.20, 9.24, 4.65, 2.42, 8.88, 9.49, 3.89, 7.37, 8.82, 1.33, 9.26, 8.99, 9.91, 8.36, 8.55, 1.37, 8.59],
  xi_561 = [6.60, 9.93, 5.03, 7.00, 4.99, 6.58, 9.26, 6.05, 6.40, 6.77, 5.58, 6.11, 6.24, 5.40, 9.16, 5.42, 6.58, 6.90, 4.97, 6.30, 5.38, 6.39, 5.58, 5.13, 6.76, 7.25, 4.98, 7.49, 6.25, 4.51, 5.84, 6.54, 5.14, 7.32, 7.05, 1.31, 1.46, 5.55, 4.47, 6.68, 6.05, 5.74, 6.66, 6.18, 5.00, 5.22, 5.62, 5.52, 7.24, 8.96],
  xi_562 = [9.90, 10.23, 10.84, 2.44, 9.56, 7.95, 8.46, 9.27, 2.36, 8.60, 9.20, 9.58, 8.49, 10.70, 10.65, 7.78, 9.37, 5.05, 3.64, 2.25, 10.03, 8.40, 9.42, 8.24, 10.24, 9.34, 9.40, 7.58, 2.29, 10.06, 9.85, 8.44, 9.93, 8.61, 1.76, 5.69, 10.81, 9.91, 8.99, 6.22, 8.43, 9.09, 9.97, 8.21, 10.34, 8.54, 9.06, 8.89, 2.55, 4.69],
  xi_563 = [3.95, 4.47, 2.90, 4.09, 9.79, 5.50, 3.52, 3.42, 3.24, 4.56, 7.70, 3.88, 4.51, 1.99, 3.16, 4.53, 4.05, 4.15, 9.97, 2.86, 4.19, 8.51, 3.50, 2.93, 3.33, 9.62, 3.79, 6.70, 3.67, 5.82, 7.08, 3.85, 4.34, 8.30, 9.92, 3.88, 4.18, 4.21, 4.03, 5.04, 4.19, 3.59, 3.85, 4.53, 7.97, 4.11, 4.63, 4.22, 3.86, 3.91],
  xi_564 = [5.76, 5.88, 5.49, 6.21, 5.45, 6.38, 1.91, 6.37, 7.63, 4.07, 4.28, 5.71, 5.36, 7.50, 6.38, 6.51, 4.89, 6.08, 6.80, 4.51, 5.43, 5.37, 5.60, 6.50, 8.04, 5.73, 2.75, 5.97, 7.75, 5.66, 2.36, 5.62, 5.99, 5.38, 5.77, 5.55, 7.34, 8.11, 5.42, 5.93, 6.05, 7.01, 4.80, 5.88, 6.90, 5.86, 6.41, 5.89, 5.64, 9.97],
  xi_565 = [1.74, 4.22, 2.03, 2.94, 9.24, 2.07, 9.09, 7.63, 2.00, 1.98, 2.12, 4.57, 1.98, 8.92, 4.55, 1.98, 1.81, 7.67, 7.32, 1.82, 5.23, 2.32, 9.29, 2.20, 1.99, 2.19, 2.03, 2.21, 4.33, 1.83, 2.12, 1.96, 1.94, 2.08, 1.84, 1.22, 7.20, 2.30, 2.19, 2.11, 2.14, 2.20, 1.79, 1.68, 1.66, 1.96, 2.22, 9.56, 2.02, 1.73],
  xi_566 = [0.99, 1.03, 0.91, 1.00, 6.99, 0.99, 1.04, 0.90, 0.95, 0.94, 1.08, 1.03, 0.97, 0.92, 4.13, 1.10, 1.05, 1.07, 1.01, 2.77, 1.18, 1.02, 1.13, 7.09, 0.90, 0.89, 0.87, 2.00, 0.87, 0.95, 1.08, 1.02, 0.93, 0.97, 1.09, 2.50, 0.95, 2.20, 0.98, 0.94, 4.10, 1.01, 2.65, 1.13, 1.04, 2.16, 5.52, 7.40, 7.19, 6.77],
  xi_567 = [2.83, 6.11, 2.43, 2.86, 3.45, 2.51, 3.17, 7.51, 4.91, 2.90, 5.34, 3.08, 2.82, 3.13, 6.96, 3.30, 4.15, 2.91, 3.21, 3.47, 3.28, 2.97, 2.74, 3.32, 2.76, 3.52, 9.06, 2.71, 2.73, 3.30, 9.33, 3.42, 3.30, 3.27, 2.56, 3.26, 2.85, 3.29, 8.19, 2.90, 2.81, 7.13, 2.70, 4.41, 2.95, 2.64, 9.43, 9.27, 9.61, 7.57],
  xi_568 = [4.35, 5.67, 3.75, 4.34, 1.89, 4.73, 1.18, 4.61, 4.45, 3.35, 4.06, 4.25, 3.99, 4.24, 4.19, 3.85, 3.39, 3.65, 3.82, 4.16, 5.65, 3.98, 6.62, 4.12, 4.22, 3.24, 3.76, 7.26, 5.16, 4.02, 3.91, 7.60, 4.01, 4.84, 3.67, 9.95, 1.46, 4.15, 4.03, 3.99, 3.79, 4.67, 3.74, 3.90, 1.51, 8.60, 3.92, 6.63, 3.35, 4.78],
  xi_569 = [5.00, 5.52, 4.89, 4.78, 6.93, 5.20, 5.05, 4.86, 2.13, 6.75, 4.45, 6.25, 5.18, 4.49, 3.87, 5.65, 4.76, 4.94, 5.23, 5.16, 4.87, 4.47, 4.44, 5.21, 5.04, 6.45, 6.21, 2.66, 5.31, 4.84, 5.17, 9.87, 4.69, 4.72, 1.53, 4.69, 7.29, 4.94, 7.45, 5.02, 8.65, 2.66, 8.97, 6.21, 3.79, 5.63, 4.46, 5.67, 2.35, 5.71],
  xi_5610 = [2.85, 3.25, 3.39, 2.86, 2.67, 8.35, 3.74, 3.01, 3.58, 2.74, 8.31, 9.64, 5.38, 3.73, 3.09, 2.58, 1.39, 2.78, 2.92, 3.04, 4.46, 3.25, 2.77, 4.12, 3.56, 7.07, 3.43, 1.63, 3.37, 2.94, 3.54, 7.23, 6.21, 3.20, 3.18, 2.67, 3.04, 6.29, 3.18, 2.58, 6.05, 3.37, 2.52, 3.40, 3.16, 2.72, 2.74, 7.29, 3.81, 2.01],
  xi_5611 = [6.36, 5.59, 5.94, 6.56, 4.83, 9.34, 6.32, 6.15, 6.01, 4.30, 5.87, 5.47, 5.10, 6.06, 2.36, 1.57, 7.36, 3.39, 4.65, 6.01, 9.87, 9.16, 7.24, 5.41, 6.22, 6.19, 5.25, 9.88, 6.44, 5.59, 6.57, 6.83, 9.35, 5.65, 6.62, 7.26, 5.47, 5.80, 5.35, 5.43, 3.13, 1.71, 5.49, 2.18, 7.00, 6.50, 5.36, 1.59, 5.52, 5.83],
  xi_5612 = [3.73, 3.04, 8.58, 5.92, 4.29, 4.01, 3.55, 2.73, 2.93, 3.89, 5.92, 6.41, 3.19, 3.74, 4.40, 7.87, 5.57, 7.18, 4.83, 4.23, 4.10, 3.44, 4.10, 3.86, 7.95, 4.03, 3.95, 4.37, 1.84, 3.84, 9.35, 5.32, 3.96, 3.68, 4.32, 3.95, 3.76, 4.13, 4.65, 4.16, 4.09, 5.76, 3.79, 4.05, 4.25, 3.33, 3.88, 3.10, 4.14, 3.51],
  xi_5613 = [3.87, 2.87, 3.70, 3.55, 3.19, 3.32, 2.76, 3.94, 3.37, 3.50, 1.70, 2.64, 3.06, 5.22, 2.61, 7.94, 3.08, 9.10, 3.08, 2.82, 2.47, 2.99, 3.25, 2.70, 3.03, 7.76, 3.35, 4.37, 7.14, 2.78, 3.01, 2.90, 6.28, 3.14, 3.18, 2.13, 2.65, 2.27, 3.67, 9.31, 2.53, 3.30, 3.43, 7.73, 9.24, 3.07, 4.66, 9.66, 3.17, 3.82],
  xi_5614 = [4.18, 5.47, 4.83, 2.28, 4.03, 7.47, 4.11, 3.66, 8.58, 8.41, 3.47, 3.80, 3.46, 3.95, 3.91, 3.94, 5.99, 7.45, 8.09, 4.55, 4.51, 3.80, 4.07, 4.50, 2.22, 4.99, 4.16, 3.32, 3.66, 4.19, 4.92, 6.64, 3.86, 8.48, 3.42, 3.88, 2.91, 8.71, 4.42, 4.00, 2.28, 4.00, 3.55, 4.57, 9.15, 4.18, 4.25, 4.69, 8.32, 3.38],
  xi_5615 = [5.87, 5.22, 7.80, 1.64, 5.78, 5.30, 6.40, 6.45, 2.44, 5.72, 5.70, 5.65, 7.20, 6.16, 5.81, 8.46, 5.80, 6.61, 1.64, 6.26, 8.67, 4.94, 6.35, 6.05, 6.15, 9.79, 9.76, 5.99, 9.03, 9.17, 6.98, 6.21, 6.92, 6.40, 5.79, 5.48, 5.69, 5.92, 5.69, 5.85, 5.26, 5.88, 7.74, 1.27, 8.81, 7.12, 5.41, 1.68, 6.14, 6.11],
  xi_5616 = [7.16, 2.05, 3.62, 7.00, 8.88, 9.25, 7.45, 6.98, 8.56, 1.22, 8.29, 6.23, 7.33, 3.33, 7.95, 9.57, 8.10, 8.48, 9.50, 7.66, 7.73, 7.93, 8.52, 8.88, 6.22, 7.95, 9.77, 7.13, 8.20, 7.27, 7.86, 6.72, 9.64, 9.87, 8.27, 5.52, 7.37, 1.79, 6.56, 7.96, 8.10, 6.46, 8.79, 7.35, 8.04, 2.91, 8.26, 3.05, 6.59, 5.91],
  xi_5617 = [5.75, 3.62, 3.92, 9.80, 6.92, 4.04, 3.77, 6.66, 4.12, 4.26, 3.67, 5.01, 3.90, 4.37, 4.75, 7.73, 4.10, 1.10, 3.55, 3.67, 4.07, 4.07, 8.34, 4.91, 1.59, 8.14, 4.53, 3.84, 2.72, 4.36, 4.23, 3.66, 3.92, 3.66, 3.74, 4.81, 4.26, 3.86, 4.18, 7.64, 3.79, 4.51, 6.20, 7.62, 3.32, 4.40, 4.44, 4.04, 3.59, 4.45],
  xi_5618 = [6.45, 9.35, 7.45, 10.01, 8.11, 9.13, 4.10, 8.11, 8.83, 8.79, 7.96, 8.53, 10.06, 10.52, 8.59, 8.56, 8.92, 8.84, 6.43, 9.62, 9.51, 9.45, 8.88, 11.11, 9.55, 6.37, 5.37, 9.50, 7.39, 7.91, 8.38, 8.29, 11.16, 9.01, 9.29, 10.27, 10.93, 8.37, 8.23, 8.22, 7.21, 8.90, 8.39, 8.85, 8.74, 7.44, 9.05, 9.25, 10.28, 2.95],
  xi_5619 = [2.64, 2.96, 6.91, 2.92, 6.14, 2.95, 2.82, 2.96, 3.12, 2.54, 1.45, 6.73, 2.95, 3.27, 3.08, 1.03, 4.53, 9.30, 3.01, 2.72, 2.89, 8.83, 2.64, 7.34, 3.10, 3.02, 2.93, 3.29, 3.01, 3.42, 3.07, 3.18, 2.92, 2.90, 2.80, 7.29, 3.40, 2.86, 3.23, 3.04, 6.53, 1.37, 2.63, 3.29, 3.11, 3.16, 3.18, 1.11, 6.73, 3.17],
  xi_5620 = [6.33, 6.98, 6.02, 7.09, 6.08, 5.19, 6.02, 5.97, 5.53, 7.65, 5.99, 1.30, 5.90, 5.50, 6.07, 5.29, 5.18, 5.96, 6.12, 5.65, 5.58, 6.44, 6.82, 9.76, 7.96, 5.36, 6.35, 5.86, 7.57, 5.51, 3.31, 5.55, 9.07, 6.63, 6.12, 6.02, 5.93, 5.37, 5.31, 8.65, 5.64, 8.16, 5.84, 6.12, 6.42, 5.31, 7.41, 5.05, 5.80, 5.63],
  xi_571 = [8.88, 1.74, 3.68, 9.89, 9.43, 10.56, 9.26, 9.52, 9.83, 7.27, 8.76, 9.03, 10.35, 7.45, 6.61, 8.51, 7.97, 6.05, 9.28, 2.50, 9.83, 9.35, 8.23, 8.32, 10.37, 7.73, 5.26, 12.56, 6.10, 4.99, 8.95, 9.16, 10.19, 9.38, 7.84, 8.39, 9.48, 2.49, 8.16, 9.86, 8.26, 8.33, 10.28, 8.36, 4.01, 8.56, 9.19, 7.82, 8.72, 2.96],
  xi_572 = [2.98, 8.68, 4.17, 2.84, 3.48, 1.10, 2.74, 2.57, 3.16, 3.35, 2.26, 3.18, 2.78, 4.71, 3.14, 3.09, 2.59, 3.18, 3.40, 3.02, 2.98, 2.63, 2.85, 3.63, 2.58, 5.97, 3.88, 6.91, 2.93, 8.68, 7.33, 3.24, 2.96, 3.80, 7.07, 3.44, 3.59, 3.41, 6.01, 3.09, 3.07, 3.22, 3.29, 7.33, 3.31, 7.13, 5.93, 3.03, 6.21, 7.26],
  xi_573 = [5.64, 3.05, 3.43, 7.80, 2.61, 2.31, 9.88, 4.81, 2.85, 3.55, 3.02, 3.42, 2.90, 2.70, 2.68, 2.66, 2.59, 8.44, 3.02, 5.31, 3.13, 3.14, 2.64, 2.67, 3.44, 3.61, 3.45, 3.54, 2.83, 9.17, 6.87, 3.25, 2.87, 3.17, 9.22, 1.35, 3.48, 3.63, 6.81, 2.74, 1.20, 1.75, 2.39, 3.69, 2.84, 3.01, 3.35, 1.79, 2.82, 3.79],
  xi_574 = [4.32, 2.94, 2.75, 3.10, 2.78, 2.82, 4.86, 3.07, 2.82, 2.31, 9.36, 9.80, 2.87, 3.09, 2.99, 4.69, 2.98, 5.80, 2.99, 2.89, 3.29, 8.11, 2.81, 7.14, 2.87, 2.94, 2.88, 5.15, 2.79, 3.30, 3.88, 7.62, 2.98, 3.02, 2.66, 2.75, 2.83, 3.12, 2.90, 1.30, 4.56, 2.60, 7.08, 3.32, 2.96, 2.83, 2.74, 3.04, 2.99, 2.77],
  xi_575 = [4.82, 5.65, 6.05, 5.94, 6.19, 5.15, 6.34, 5.10, 6.35, 6.19, 7.85, 5.87, 1.89, 6.18, 2.00, 5.56, 6.00, 7.14, 4.80, 6.07, 4.73, 6.25, 6.21, 5.09, 4.59, 5.98, 5.90, 5.88, 2.30, 6.18, 4.17, 3.93, 6.13, 4.50, 5.85, 5.54, 1.76, 6.21, 5.05, 5.79, 4.15, 1.26, 8.36, 6.91, 6.38, 6.04, 1.50, 5.75, 6.20, 5.42],
  xi_576 = [8.77, 9.41, 4.91, 8.83, 10.03, 8.68, 8.90, 9.24, 7.11, 8.81, 8.34, 1.99, 5.49, 9.29, 9.74, 9.98, 6.00, 10.12, 9.60, 8.58, 9.33, 6.39, 5.94, 9.65, 9.17, 9.21, 9.41, 9.04, 9.08, 3.55, 9.62, 8.33, 7.42, 9.12, 3.13, 1.26, 9.20, 3.64, 8.80, 8.20, 9.06, 9.09, 9.95, 10.51, 10.12, 9.49, 4.02, 9.55, 9.16, 6.36],
  xi_577 = [4.55, 9.11, 5.45, 4.60, 3.21, 6.94, 6.54, 4.05, 5.93, 3.84, 6.12, 4.33, 3.79, 4.16, 4.64, 4.07, 3.51, 8.35, 4.50, 3.51, 4.07, 6.79, 3.50, 3.92, 4.80, 4.37, 4.15, 9.47, 6.25, 4.09, 3.38, 4.45, 8.07, 4.04, 8.38, 4.68, 4.20, 4.22, 4.30, 8.99, 3.87, 4.08, 4.18, 8.00, 4.17, 3.33, 1.01, 7.52, 2.46, 4.05],
  xi_578 = [2.19, 1.89, 2.00, 1.92, 1.78, 9.91, 1.90, 2.09, 1.96, 1.66, 2.05, 2.90, 1.86, 1.88, 2.06, 1.74, 2.04, 1.97, 2.26, 1.75, 2.08, 9.79, 9.63, 7.39, 2.01, 2.01, 2.12, 1.87, 2.17, 1.06, 8.80, 2.19, 3.66, 2.02, 1.83, 2.17, 2.09, 2.20, 2.26, 8.64, 1.85, 1.83, 9.68, 2.26, 4.44, 9.77, 1.93, 2.28, 1.84, 1.96],
  xi_579 = [1.17, 1.93, 2.12, 2.20, 1.77, 2.58, 2.10, 7.82, 2.07, 2.09, 2.04, 2.10, 5.20, 5.13, 2.87, 2.72, 2.39, 2.05, 2.82, 1.87, 2.68, 2.08, 2.01, 1.98, 1.93, 2.10, 9.45, 2.04, 8.13, 9.03, 3.37, 6.69, 9.18, 2.22, 5.88, 7.30, 8.27, 3.35, 1.65, 2.64, 1.85, 2.00, 1.96, 1.16, 2.00, 2.06, 1.93, 5.04, 2.20, 2.18],
  xi_5710 = [5.59, 7.34, 6.18, 7.95, 6.94, 9.63, 8.32, 6.92, 6.41, 6.92, 6.77, 8.26, 6.34, 6.40, 9.78, 8.45, 5.23, 2.08, 8.31, 6.76, 9.14, 6.95, 3.54, 7.24, 6.89, 7.89, 6.48, 7.98, 4.90, 6.68, 7.60, 7.36, 3.38, 8.21, 8.09, 3.01, 7.20, 7.81, 6.75, 9.87, 6.37, 8.79, 6.46, 4.50, 6.86, 7.25, 7.63, 7.13, 6.61, 7.29],
  xi_5711 = [2.93, 2.82, 3.11, 2.63, 2.09, 2.84, 2.94, 3.00, 3.15, 2.56, 2.70, 2.41, 2.40, 3.47, 2.93, 5.38, 5.84, 3.07, 2.99, 3.56, 3.46, 2.03, 2.69, 9.98, 2.89, 2.83, 3.32, 2.50, 2.01, 3.02, 2.99, 3.00, 3.81, 3.32, 3.05, 3.29, 7.02, 2.66, 3.13, 8.14, 5.41, 3.29, 2.24, 5.74, 2.67, 3.10, 2.95, 2.62, 3.17, 2.79],
  xi_5712 = [5.00, 8.66, 7.10, 7.80, 6.78, 7.21, 7.18, 7.71, 8.66, 8.41, 8.34, 4.12, 2.25, 2.25, 9.05, 9.39, 7.31, 2.60, 7.63, 7.74, 8.10, 6.19, 7.52, 7.67, 8.74, 7.76, 8.28, 5.43, 7.49, 8.73, 8.47, 8.45, 6.83, 7.25, 7.80, 8.56, 8.81, 7.48, 8.63, 8.87, 4.76, 2.19, 8.09, 6.40, 8.23, 2.70, 7.97, 8.49, 7.19, 9.37],
  xi_5713 = [1.50, 2.96, 2.34, 8.23, 9.11, 10.73, 8.58, 8.54, 7.76, 8.87, 7.75, 4.51, 6.11, 7.67, 6.73, 6.49, 8.20, 7.89, 8.24, 7.79, 8.74, 7.55, 7.83, 8.11, 8.22, 8.67, 5.04, 8.82, 5.00, 6.55, 7.97, 1.47, 3.43, 7.01, 8.05, 2.37, 5.77, 9.70, 4.14, 7.60, 8.22, 7.28, 8.72, 7.19, 6.53, 2.95, 8.70, 9.67, 2.45, 9.15],
  xi_5714 = [5.59, 3.45, 6.08, 4.13, 8.31, 4.56, 3.73, 4.35, 4.43, 4.36, 3.52, 3.60, 3.95, 9.44, 3.89, 3.78, 3.80, 4.42, 3.94, 5.85, 3.93, 3.68, 4.00, 5.39, 4.46, 6.17, 9.48, 3.79, 3.25, 7.79, 4.18, 3.44, 4.22, 3.99, 4.25, 3.93, 9.25, 3.61, 3.85, 3.81, 4.39, 3.92, 3.79, 6.47, 3.74, 4.56, 4.17, 4.12, 3.81, 4.71],
  xi_5715 = [4.39, 4.83, 3.69, 3.92, 5.16, 4.57, 4.08, 3.03, 4.47, 4.25, 3.67, 4.68, 3.89, 4.17, 4.41, 4.18, 4.31, 3.60, 4.61, 4.64, 2.49, 4.19, 4.23, 4.40, 8.29, 7.28, 3.64, 1.31, 3.53, 4.18, 4.51, 4.17, 9.96, 4.67, 2.36, 4.23, 8.61, 4.27, 6.29, 3.66, 8.00, 4.04, 1.63, 8.83, 4.18, 7.07, 3.23, 3.41, 5.18, 5.10],
  xi_5716 = [8.81, 6.22, 4.14, 4.86, 4.46, 5.20, 3.24, 5.37, 4.77, 4.32, 5.97, 5.27, 3.22, 4.97, 4.97, 4.78, 4.29, 4.07, 5.14, 5.79, 6.33, 3.89, 4.47, 4.61, 5.06, 4.36, 5.22, 4.11, 5.52, 4.77, 9.35, 1.20, 5.34, 4.43, 5.25, 5.19, 5.80, 6.23, 5.13, 5.38, 6.08, 5.53, 3.00, 5.12, 5.26, 5.78, 5.09, 1.33, 1.08, 4.90],
  xi_5717 = [3.02, 2.56, 2.71, 7.61, 2.83, 2.96, 3.17, 5.96, 8.43, 6.13, 3.07, 2.86, 3.70, 1.30, 3.19, 8.40, 3.14, 2.64, 5.75, 3.05, 7.18, 1.46, 3.21, 4.11, 9.80, 2.86, 2.30, 3.34, 7.92, 3.17, 3.45, 1.15, 2.76, 2.47, 2.74, 3.51, 3.35, 1.63, 2.52, 3.62, 2.84, 3.02, 9.81, 8.10, 8.09, 3.20, 2.59, 2.56, 3.68, 3.12],
  xi_5718 = [1.71, 3.73, 9.61, 3.58, 3.59, 3.76, 2.93, 3.88, 4.28, 3.80, 9.78, 3.52, 3.55, 4.41, 9.91, 6.89, 1.97, 3.57, 6.78, 3.91, 3.44, 3.37, 4.17, 4.48, 4.07, 3.13, 3.94, 3.52, 9.58, 3.75, 3.93, 3.58, 3.18, 4.40, 2.39, 3.54, 9.69, 3.33, 4.89, 4.16, 3.88, 4.54, 4.84, 3.60, 4.13, 4.03, 4.09, 3.10, 4.94, 7.77],
  xi_5719 = [6.43, 2.88, 3.04, 2.64, 3.38, 2.96, 2.43, 3.22, 3.56, 2.87, 2.86, 3.02, 3.11, 7.86, 2.89, 2.82, 3.34, 3.09, 3.28, 3.63, 1.85, 3.02, 2.99, 3.34, 2.85, 2.99, 8.44, 3.06, 8.82, 2.64, 1.46, 7.97, 3.67, 3.26, 2.51, 3.45, 3.19, 2.97, 3.15, 2.70, 2.96, 8.15, 3.23, 3.21, 2.42, 2.70, 7.41, 2.89, 3.09, 6.08],
  xi_5720 = [0.85, 7.06, 9.34, 1.01, 1.03, 1.03, 0.94, 1.37, 0.92, 1.22, 5.48, 1.19, 0.88, 1.12, 3.77, 0.85, 1.11, 3.61, 8.79, 0.92, 1.09, 5.94, 7.44, 0.94, 0.93, 1.01, 1.02, 1.01, 0.88, 1.06, 4.81, 7.79, 0.93, 1.50, 0.98, 2.10, 8.01, 1.25, 0.86, 3.19, 7.07, 0.94, 1.24, 3.78, 3.74, 1.97, 0.92, 0.93, 7.30, 7.47],
  xi_581 = [3.17, 5.80, 2.84, 3.13, 7.59, 3.35, 3.10, 2.84, 3.68, 2.95, 2.87, 2.76, 3.14, 2.96, 2.70, 2.80, 9.67, 7.08, 3.04, 8.37, 2.99, 2.88, 1.36, 2.92, 9.73, 2.65, 3.23, 3.77, 3.19, 2.81, 3.27, 2.77, 4.36, 9.47, 2.69, 3.25, 2.90, 9.32, 3.67, 2.99, 2.64, 3.29, 4.73, 6.08, 3.20, 2.47, 2.71, 4.76, 2.28, 3.24],
  xi_582 = [3.27, 9.11, 6.43, 6.97, 10.85, 4.28, 10.22, 9.48, 4.11, 10.90, 11.47, 6.63, 10.12, 5.59, 9.41, 9.28, 10.16, 11.18, 11.61, 9.83, 9.45, 10.06, 11.20, 9.76, 2.81, 4.57, 8.64, 9.69, 7.97, 9.63, 10.65, 9.73, 10.29, 3.32, 7.39, 9.30, 9.51, 9.67, 10.27, 11.14, 10.10, 12.64, 10.55, 3.68, 10.88, 2.30, 11.37, 10.32, 9.98, 5.21],
  xi_583 = [1.01, 0.69, 2.23, 1.17, 1.10, 0.94, 1.05, 1.10, 0.92, 1.12, 4.56, 1.16, 0.98, 1.68, 2.27, 1.06, 0.83, 1.01, 3.02, 9.07, 1.05, 1.20, 1.01, 1.57, 0.96, 0.94, 1.16, 0.90, 0.98, 4.85, 1.09, 1.09, 1.04, 0.93, 1.10, 0.94, 0.87, 1.26, 0.94, 0.77, 0.86, 6.58, 1.20, 1.08, 4.34, 0.88, 1.10, 0.98, 1.14, 1.03],
  xi_584 = [4.59, 6.01, 3.89, 5.81, 5.39, 4.69, 5.43, 4.92, 4.60, 5.12, 4.73, 4.17, 5.62, 5.69, 5.55, 5.79, 5.31, 5.00, 5.83, 5.56, 7.86, 5.32, 7.36, 5.08, 5.37, 4.79, 4.83, 6.06, 4.16, 5.44, 4.05, 5.49, 1.97, 2.53, 8.56, 4.92, 5.17, 5.27, 1.91, 4.74, 5.50, 4.38, 5.36, 5.29, 4.80, 5.12, 6.11, 4.54, 4.85, 5.95],
  xi_585 = [11.28, 8.57, 9.62, 11.06, 10.51, 10.03, 5.21, 11.60, 9.21, 10.15, 10.98, 10.74, 12.03, 9.00, 7.62, 9.56, 9.08, 6.95, 12.48, 1.47, 8.93, 8.81, 9.76, 9.73, 11.20, 8.34, 10.01, 5.17, 12.06, 8.55, 8.45, 1.33, 8.19, 9.95, 9.20, 2.84, 7.26, 7.73, 7.64, 6.68, 11.22, 10.22, 9.95, 1.58, 9.07, 10.12, 9.21, 1.51, 11.92, 10.61],
  xi_586 = [8.67, 7.60, 1.30, 8.95, 7.97, 10.74, 8.71, 7.98, 2.16, 7.69, 3.28, 7.06, 7.56, 5.49, 8.29, 8.02, 8.66, 9.93, 6.47, 11.22, 10.57, 5.33, 9.52, 9.83, 2.93, 9.13, 5.40, 8.51, 9.36, 3.27, 7.86, 8.87, 9.55, 8.26, 8.35, 9.78, 9.96, 2.64, 5.05, 5.71, 6.11, 7.24, 4.28, 9.62, 8.85, 9.82, 8.58, 8.53, 9.61, 9.01],
  xi_587 = [6.80, 7.28, 7.59, 9.40, 4.46, 7.15, 7.43, 6.93, 5.39, 3.94, 7.27, 4.75, 6.19, 6.88, 6.42, 7.93, 7.49, 6.57, 7.40, 7.29, 6.26, 6.60, 7.88, 6.69, 6.68, 6.59, 5.73, 6.89, 7.92, 6.15, 7.10, 8.35, 2.29, 9.54, 6.59, 2.51, 5.88, 2.15, 6.55, 9.43, 7.58, 6.16, 7.14, 8.36, 7.25, 6.42, 6.54, 6.31, 5.91, 6.47],
  xi_588 = [7.21, 8.07, 5.68, 8.35, 8.65, 7.32, 7.41, 7.51, 8.63, 2.68, 8.10, 5.70, 7.60, 8.16, 7.13, 8.50, 7.49, 7.23, 1.90, 7.89, 8.81, 6.90, 7.23, 6.91, 7.41, 7.72, 7.02, 8.38, 4.88, 6.62, 8.54, 7.57, 8.96, 7.76, 8.82, 9.35, 9.31, 6.20, 8.42, 7.93, 7.74, 9.85, 1.44, 5.62, 6.70, 8.99, 2.65, 1.92, 8.04, 3.92],
  xi_589 = [9.56, 11.94, 10.02, 10.75, 9.67, 1.31, 5.81, 4.96, 11.02, 8.19, 10.08, 9.77, 10.80, 3.18, 8.37, 9.57, 10.20, 9.92, 9.48, 1.11, 2.54, 10.98, 5.47, 8.63, 5.08, 5.98, 11.22, 11.14, 10.01, 11.15, 10.78, 8.15, 9.65, 8.71, 9.37, 5.75, 7.87, 1.56, 8.15, 8.42, 6.28, 3.06, 5.76, 3.13, 3.71, 10.69, 9.57, 8.65, 3.51, 5.50],
  xi_5810 = [1.81, 5.90, 5.62, 5.51, 8.34, 5.53, 6.50, 5.72, 6.26, 9.17, 6.97, 5.74, 5.52, 9.40, 5.29, 7.13, 6.87, 5.83, 4.83, 6.99, 6.48, 6.36, 5.59, 5.51, 6.06, 5.99, 6.52, 5.24, 5.90, 6.56, 7.74, 6.52, 4.94, 6.79, 2.01, 6.48, 4.46, 5.42, 6.32, 5.88, 3.54, 6.33, 4.60, 4.39, 5.23, 5.75, 5.40, 6.23, 9.52, 9.44],
  xi_5811 = [6.16, 5.03, 6.46, 4.74, 4.69, 6.07, 6.62, 7.33, 5.07, 6.13, 2.04, 8.91, 6.23, 7.09, 5.65, 1.42, 6.91, 6.00, 7.11, 7.29, 5.34, 5.77, 6.80, 4.85, 5.92, 6.35, 5.07, 6.37, 4.00, 6.01, 7.89, 5.74, 5.80, 5.84, 5.77, 5.15, 1.94, 6.62, 5.98, 7.18, 4.20, 6.56, 5.45, 5.24, 6.68, 5.47, 4.67, 5.42, 8.88, 7.67],
  xi_5812 = [8.54, 2.31, 8.82, 1.76, 8.42, 8.70, 8.62, 11.34, 2.18, 8.95, 1.29, 9.73, 1.41, 6.50, 10.36, 9.61, 10.98, 9.75, 11.37, 5.82, 10.23, 9.40, 7.71, 12.23, 3.75, 5.94, 5.24, 5.23, 8.39, 8.95, 10.20, 10.24, 9.56, 10.84, 9.97, 9.99, 8.81, 9.27, 2.31, 10.84, 10.53, 9.49, 10.30, 11.06, 3.56, 9.92, 11.45, 11.66, 4.39, 9.44],
  xi_5813 = [3.83, 4.17, 4.40, 1.24, 5.13, 1.60, 4.21, 3.95, 9.18, 6.10, 3.74, 3.47, 2.80, 3.98, 3.80, 3.99, 3.63, 9.36, 6.72, 3.89, 4.23, 3.89, 4.54, 4.17, 4.43, 3.87, 3.72, 4.23, 8.89, 5.41, 4.44, 4.45, 4.10, 3.44, 8.59, 3.89, 4.10, 4.99, 3.74, 4.14, 3.52, 1.19, 2.62, 3.94, 4.67, 3.99, 3.51, 4.26, 3.76, 4.16],
  xi_5814 = [0.93, 9.71, 0.98, 8.32, 7.72, 9.73, 8.31, 8.14, 2.79, 0.89, 3.10, 1.02, 1.04, 5.07, 0.95, 3.28, 0.94, 4.07, 0.94, 6.59, 7.45, 0.97, 1.04, 0.88, 7.10, 2.46, 1.05, 0.90, 1.21, 1.05, 1.04, 8.75, 8.12, 3.48, 1.02, 1.10, 0.94, 0.90, 0.95, 0.95, 0.98, 0.90, 1.05, 2.26, 0.89, 0.95, 1.10, 5.42, 1.13, 1.33],
  xi_5815 = [9.46, 3.68, 3.93, 3.76, 3.72, 3.78, 6.23, 4.63, 4.66, 3.54, 4.59, 4.26, 4.06, 3.74, 7.93, 3.40, 8.08, 4.01, 2.96, 1.75, 1.65, 8.36, 3.04, 8.25, 4.05, 4.41, 4.20, 4.33, 6.86, 3.40, 4.40, 8.42, 6.24, 5.97, 5.76, 4.05, 4.40, 3.81, 4.20, 3.67, 3.83, 3.83, 3.85, 1.46, 4.12, 4.63, 3.87, 7.54, 3.43, 3.91],
  xi_5816 = [7.22, 5.32, 6.03, 4.78, 8.14, 7.21, 6.14, 6.14, 6.64, 2.26, 6.38, 7.13, 2.43, 6.93, 6.64, 9.05, 2.85, 6.86, 8.01, 8.28, 8.73, 7.13, 6.46, 8.23, 9.48, 7.27, 2.17, 9.24, 6.97, 7.35, 1.44, 8.06, 9.72, 5.07, 8.01, 7.31, 6.24, 6.96, 7.23, 8.68, 4.49, 7.42, 6.35, 8.20, 6.87, 6.57, 7.54, 5.52, 6.00, 7.94],
  xi_5817 = [4.29, 2.68, 10.70, 2.17, 9.96, 9.52, 5.88, 8.16, 9.44, 11.49, 2.73, 9.00, 10.60, 10.60, 10.60, 8.70, 2.45, 10.00, 9.35, 13.63, 9.58, 9.34, 10.33, 4.34, 10.25, 9.47, 10.32, 9.95, 2.44, 11.23, 5.64, 8.75, 9.25, 9.21, 10.80, 10.80, 8.33, 11.12, 10.51, 10.23, 12.30, 9.38, 1.64, 11.12, 3.40, 10.11, 9.98, 8.82, 10.05, 10.76],
  xi_5818 = [8.95, 10.14, 8.76, 9.45, 8.91, 10.23, 8.47, 2.58, 11.26, 9.61, 8.29, 8.64, 9.20, 8.91, 6.01, 8.63, 8.50, 9.32, 8.37, 9.78, 7.05, 7.99, 8.78, 9.46, 3.23, 9.26, 8.60, 4.33, 7.88, 8.98, 9.53, 8.26, 8.80, 10.27, 8.63, 9.72, 4.80, 9.56, 6.96, 4.26, 8.60, 9.30, 7.65, 7.71, 10.06, 9.16, 7.82, 9.76, 8.83, 10.87],
  xi_5819 = [8.29, 8.97, 8.16, 9.73, 9.56, 9.26, 8.24, 8.27, 10.86, 9.84, 9.78, 5.06, 8.86, 10.98, 2.83, 8.78, 1.09, 8.06, 8.98, 1.15, 8.39, 9.56, 2.67, 9.35, 1.80, 10.13, 10.46, 9.83, 9.23, 3.77, 9.98, 1.70, 5.44, 1.43, 9.30, 10.58, 6.52, 5.45, 8.76, 8.42, 4.60, 8.46, 9.32, 4.54, 9.80, 8.14, 8.38, 9.16, 4.56, 5.93],
  xi_5820 = [7.04, 5.33, 6.04, 7.88, 6.49, 1.53, 9.58, 9.52, 5.78, 6.45, 5.01, 6.57, 5.38, 5.07, 6.34, 5.01, 5.86, 8.42, 6.08, 4.87, 6.23, 6.74, 6.10, 6.13, 5.76, 7.02, 6.39, 9.26, 6.61, 5.84, 6.40, 6.40, 5.69, 5.92, 9.83, 2.28, 6.07, 5.64, 5.24, 6.92, 5.63, 6.05, 5.30, 3.90, 6.42, 6.17, 6.26, 5.59, 7.08, 2.22],
  xi_591 = [7.72, 6.45, 8.65, 9.33, 10.85, 8.43, 6.64, 9.77, 8.58, 8.47, 6.85, 1.62, 9.63, 9.52, 7.88, 10.62, 4.03, 2.44, 9.81, 8.58, 11.12, 9.22, 7.07, 9.05, 9.00, 7.53, 9.23, 8.90, 8.57, 8.28, 7.54, 8.51, 5.89, 11.57, 1.51, 10.03, 8.60, 8.87, 6.80, 10.02, 9.22, 9.13, 8.70, 10.07, 7.62, 8.36, 8.49, 2.75, 5.33, 5.92],
  xi_592 = [1.80, 1.84, 1.98, 1.99, 2.06, 2.16, 5.66, 8.87, 1.79, 2.45, 2.27, 2.05, 1.62, 2.23, 1.92, 5.09, 1.98, 2.02, 2.11, 1.81, 2.09, 2.11, 2.27, 6.88, 2.28, 4.01, 2.24, 2.07, 2.02, 1.94, 7.59, 1.85, 3.00, 1.63, 1.88, 2.31, 1.20, 1.99, 1.96, 1.50, 4.37, 3.66, 2.43, 1.83, 2.38, 5.43, 2.03, 2.46, 1.79, 6.60],
  xi_593 = [3.31, 2.56, 3.28, 8.76, 2.83, 2.91, 7.33, 3.25, 2.62, 3.30, 2.88, 9.81, 3.14, 3.18, 9.30, 2.37, 3.02, 3.22, 2.07, 1.18, 2.95, 6.43, 2.47, 3.14, 4.93, 2.79, 3.41, 3.08, 3.48, 2.74, 3.04, 3.32, 2.73, 2.92, 2.73, 2.63, 2.23, 5.20, 2.86, 3.36, 3.62, 9.60, 2.86, 3.47, 4.70, 5.13, 3.24, 3.01, 3.30, 2.67],
  xi_594 = [1.55, 7.60, 2.99, 2.50, 2.98, 2.93, 2.93, 2.83, 3.45, 3.14, 2.08, 9.62, 6.20, 3.24, 7.80, 4.05, 7.44, 3.03, 3.25, 2.78, 3.51, 2.39, 2.68, 9.29, 1.85, 3.09, 3.25, 2.59, 3.47, 3.19, 3.74, 3.04, 3.01, 3.47, 4.87, 2.56, 5.53, 3.02, 2.90, 2.99, 2.79, 5.53, 1.92, 3.97, 4.15, 2.90, 2.93, 2.65, 2.49, 2.39],
  xi_595 = [2.39, 3.08, 2.92, 2.69, 3.12, 2.93, 3.60, 1.76, 2.84, 3.60, 2.81, 3.09, 3.18, 3.52, 3.39, 3.29, 8.40, 2.67, 3.05, 3.20, 2.79, 3.25, 2.82, 3.01, 5.98, 6.53, 2.37, 4.11, 3.65, 3.12, 2.84, 5.12, 2.88, 9.89, 6.62, 3.14, 3.06, 4.85, 2.88, 2.46, 3.27, 3.13, 3.59, 4.63, 2.10, 8.10, 2.16, 3.20, 5.57, 8.64],
  xi_596 = [2.66, 3.09, 2.24, 2.99, 3.02, 3.47, 3.23, 3.03, 2.72, 9.75, 1.25, 6.45, 3.10, 3.06, 3.27, 1.05, 3.16, 2.87, 2.80, 2.73, 3.09, 3.50, 4.49, 3.36, 3.03, 3.13, 2.38, 3.02, 2.73, 3.00, 2.57, 2.69, 3.01, 2.97, 3.03, 3.10, 2.88, 8.25, 2.94, 7.14, 2.91, 3.71, 3.20, 2.83, 2.32, 5.28, 2.88, 3.09, 3.16, 2.79],
  xi_597 = [1.09, 0.96, 1.07, 0.89, 7.79, 4.90, 0.98, 7.09, 0.87, 0.94, 1.65, 0.93, 6.26, 1.02, 5.15, 5.28, 1.21, 1.15, 7.02, 0.89, 0.87, 0.91, 1.10, 9.62, 0.93, 1.93, 0.90, 7.93, 0.97, 0.89, 0.96, 1.04, 7.51, 1.09, 9.96, 5.20, 0.92, 0.89, 3.89, 0.96, 0.95, 8.42, 3.27, 7.62, 0.96, 8.02, 0.96, 8.02, 1.07, 1.10],
  xi_598 = [6.43, 3.77, 8.01, 3.09, 1.74, 6.03, 6.44, 6.42, 5.59, 8.34, 5.90, 5.49, 6.13, 5.79, 5.81, 6.77, 5.48, 5.15, 7.16, 5.06, 6.14, 6.16, 5.53, 3.49, 5.28, 5.55, 6.94, 5.92, 5.21, 6.01, 3.30, 5.48, 8.99, 6.64, 5.63, 5.90, 5.45, 5.97, 1.10, 6.09, 5.38, 1.63, 5.73, 8.93, 5.75, 5.89, 5.95, 1.35, 9.76, 5.62],
  xi_599 = [4.73, 5.20, 4.57, 4.70, 4.77, 4.55, 7.63, 5.42, 4.04, 5.13, 8.94, 1.61, 5.59, 8.84, 4.52, 7.10, 5.88, 4.55, 9.03, 3.28, 5.40, 4.99, 5.10, 5.03, 5.55, 7.49, 2.65, 5.41, 5.22, 5.59, 5.00, 9.30, 7.27, 4.83, 4.45, 4.80, 6.33, 2.85, 5.18, 2.63, 5.18, 4.85, 4.41, 4.30, 5.66, 5.26, 5.67, 4.19, 5.55, 4.90],
  xi_5910 = [2.17, 9.96, 1.90, 1.90, 5.08, 9.22, 6.62, 8.11, 2.17, 1.89, 4.79, 1.90, 2.20, 2.09, 2.11, 2.25, 7.38, 2.12, 2.61, 2.19, 2.35, 5.80, 2.13, 7.28, 1.92, 2.00, 2.17, 7.23, 6.75, 2.19, 2.34, 9.12, 2.23, 2.29, 3.37, 1.69, 8.31, 8.41, 1.89, 9.32, 2.19, 3.71, 1.94, 3.29, 5.86, 2.24, 1.98, 6.43, 4.31, 4.17],
  xi_5911 = [3.41, 6.10, 2.92, 2.39, 3.28, 2.74, 8.35, 3.11, 2.94, 3.15, 2.09, 2.15, 3.04, 2.95, 3.01, 3.53, 3.18, 2.81, 7.66, 3.58, 3.28, 2.48, 3.42, 2.90, 8.23, 3.12, 2.76, 3.45, 4.82, 3.09, 3.59, 7.93, 3.12, 3.61, 8.67, 5.19, 2.78, 2.23, 1.08, 2.94, 3.01, 5.81, 2.41, 2.78, 2.93, 2.60, 3.54, 3.02, 7.59, 2.62],
  xi_5912 = [8.42, 5.84, 5.91, 5.34, 6.05, 6.36, 5.44, 6.35, 3.75, 5.47, 7.75, 6.05, 5.93, 6.40, 5.48, 5.86, 5.20, 6.35, 5.26, 1.13, 2.81, 6.33, 6.27, 5.07, 5.59, 6.04, 3.71, 6.64, 6.52, 7.26, 6.73, 6.39, 4.88, 3.79, 2.66, 3.26, 7.21, 5.78, 8.30, 5.75, 5.49, 6.40, 5.75, 6.55, 5.59, 6.53, 2.94, 5.63, 9.67, 9.83],
  xi_5913 = [0.99, 4.84, 0.97, 4.50, 4.02, 0.91, 0.92, 1.05, 6.10, 1.22, 0.98, 8.35, 8.77, 4.70, 1.17, 1.09, 6.27, 4.82, 1.10, 0.97, 1.01, 1.02, 1.01, 9.07, 1.00, 0.98, 3.70, 0.91, 8.71, 1.04, 3.38, 7.08, 0.83, 0.96, 1.12, 1.03, 0.92, 9.80, 9.85, 1.07, 1.04, 0.93, 0.86, 0.93, 1.16, 8.75, 8.69, 8.01, 6.99, 8.01],
  xi_5914 = [7.97, 1.17, 1.12, 1.00, 3.37, 0.91, 2.97, 1.02, 0.98, 1.05, 7.66, 1.06, 0.91, 5.74, 0.98, 1.06, 7.97, 1.06, 6.86, 1.21, 0.76, 1.05, 0.89, 0.92, 1.09, 1.06, 0.89, 1.21, 4.08, 1.10, 2.98, 0.92, 0.93, 9.87, 1.08, 1.50, 0.87, 3.87, 1.03, 0.92, 1.03, 0.97, 5.48, 1.07, 1.12, 3.85, 0.99, 0.99, 0.87, 8.15],
  xi_5915 = [2.19, 1.78, 1.81, 2.12, 1.76, 2.04, 2.42, 1.89, 1.10, 1.88, 2.11, 2.01, 1.65, 1.53, 2.04, 1.80, 1.66, 2.06, 8.87, 2.77, 2.12, 9.07, 2.24, 2.41, 2.04, 1.96, 1.80, 2.09, 6.66, 2.19, 2.00, 5.76, 2.09, 2.19, 2.02, 2.36, 2.06, 2.12, 4.95, 1.94, 1.98, 1.97, 9.47, 2.19, 8.23, 5.44, 2.13, 1.10, 1.69, 1.86],
  xi_5916 = [7.65, 2.91, 2.19, 1.27, 8.97, 8.16, 7.82, 9.41, 8.48, 9.75, 3.88, 8.98, 7.45, 6.35, 8.02, 7.21, 7.40, 8.45, 8.75, 7.17, 7.84, 3.51, 8.26, 8.55, 7.88, 8.39, 7.11, 7.94, 7.62, 8.39, 7.91, 7.24, 8.74, 8.72, 8.62, 7.05, 8.86, 9.56, 7.32, 8.46, 6.58, 8.85, 7.69, 8.10, 8.54, 4.75, 8.34, 1.81, 8.10, 7.89],
  xi_5917 = [6.11, 9.10, 2.95, 3.16, 4.56, 2.82, 1.37, 2.95, 2.33, 2.76, 3.06, 3.52, 2.77, 3.07, 9.19, 2.60, 2.62, 3.25, 7.21, 2.75, 4.33, 2.77, 2.83, 3.23, 3.32, 3.47, 2.87, 2.67, 3.13, 2.98, 4.62, 3.71, 3.24, 4.56, 4.31, 3.18, 3.36, 3.12, 2.64, 3.49, 1.57, 2.99, 6.47, 3.63, 3.12, 8.74, 2.85, 2.79, 4.96, 2.45],
  xi_5918 = [7.43, 6.82, 6.32, 7.34, 7.54, 6.19, 6.80, 5.16, 8.21, 1.23, 7.15, 7.90, 9.60, 8.76, 5.17, 6.73, 7.20, 6.74, 9.82, 6.58, 6.46, 6.32, 6.32, 6.59, 8.16, 6.23, 7.00, 7.05, 6.95, 5.87, 6.25, 6.71, 6.09, 7.39, 8.10, 7.80, 6.76, 2.70, 7.55, 6.72, 5.61, 7.50, 4.59, 7.38, 6.78, 6.18, 3.07, 7.33, 2.91, 7.37],
  xi_5919 = [2.30, 1.79, 2.02, 1.82, 2.14, 4.14, 2.25, 1.94, 1.93, 6.38, 2.23, 1.39, 1.69, 2.23, 2.29, 7.52, 3.25, 4.39, 2.15, 1.68, 1.88, 1.96, 1.93, 2.12, 1.91, 1.69, 2.15, 2.66, 2.39, 4.43, 3.69, 4.12, 2.17, 2.17, 1.96, 1.99, 1.95, 1.84, 2.10, 2.52, 2.15, 2.04, 1.98, 1.59, 1.77, 2.27, 7.01, 2.16, 2.01, 5.20],
  xi_5920 = [0.95, 1.06, 0.98, 7.62, 1.14, 1.05, 0.89, 8.60, 3.76, 1.10, 4.02, 1.03, 1.01, 7.94, 0.96, 2.81, 7.93, 1.02, 0.91, 1.19, 1.15, 1.01, 1.16, 1.05, 0.90, 2.14, 1.10, 0.92, 0.90, 1.07, 0.90, 0.99, 1.11, 4.71, 1.02, 0.92, 0.97, 1.02, 1.06, 1.03, 8.96, 2.21, 0.87, 0.92, 3.58, 1.09, 1.08, 1.11, 1.12, 3.76],
  xi_601 = [7.33, 7.07, 2.18, 9.06, 9.87, 6.62, 9.53, 6.82, 8.00, 9.14, 7.95, 6.76, 9.30, 8.97, 9.32, 8.00, 7.83, 9.24, 8.49, 7.87, 8.65, 7.36, 6.23, 4.55, 8.03, 8.14, 8.36, 7.49, 7.32, 9.21, 7.51, 6.97, 7.69, 7.73, 7.39, 6.21, 6.90, 7.36, 2.07, 7.64, 9.73, 8.45, 8.50, 8.62, 8.10, 3.41, 5.22, 9.60, 6.34, 7.08],
  xi_602 = [2.02, 6.62, 1.89, 1.81, 2.25, 2.05, 1.77, 1.95, 8.20, 1.96, 2.05, 2.46, 1.83, 8.97, 2.02, 1.77, 2.12, 4.40, 5.10, 2.09, 2.07, 6.16, 2.02, 4.39, 2.33, 2.46, 2.07, 1.79, 2.30, 1.68, 6.41, 2.35, 3.91, 7.09, 1.89, 2.04, 1.58, 8.50, 2.22, 7.84, 2.33, 2.21, 1.96, 1.87, 2.18, 7.54, 1.97, 2.08, 8.61, 1.82],
  xi_603 = [2.81, 2.94, 3.18, 3.48, 8.14, 2.98, 7.15, 3.54, 2.72, 9.30, 4.62, 2.72, 3.50, 2.73, 2.95, 5.56, 2.95, 2.52, 3.64, 3.10, 2.85, 3.02, 3.01, 6.66, 3.32, 3.11, 2.37, 2.92, 3.11, 3.13, 3.02, 2.87, 2.56, 3.10, 4.08, 3.20, 3.63, 2.68, 8.00, 3.15, 2.74, 2.88, 3.21, 2.75, 3.22, 3.25, 2.79, 3.08, 3.39, 2.88],
  xi_604 = [4.04, 9.72, 8.42, 3.46, 3.91, 5.97, 3.79, 3.59, 3.34, 3.66, 4.78, 4.80, 3.71, 4.15, 6.16, 3.74, 4.69, 4.82, 3.35, 4.15, 3.44, 7.22, 3.55, 3.62, 3.85, 9.89, 3.84, 8.69, 9.43, 5.89, 4.28, 3.81, 6.19, 3.73, 4.51, 4.59, 4.34, 4.83, 3.96, 4.92, 3.49, 7.51, 4.09, 5.91, 4.42, 3.75, 4.02, 3.99, 3.92, 4.21],
  xi_605 = [6.25, 5.92, 7.19, 5.59, 6.04, 7.50, 5.23, 7.84, 6.49, 7.11, 7.38, 5.96, 6.59, 7.06, 8.94, 1.35, 6.99, 7.43, 9.14, 6.08, 6.91, 5.56, 7.77, 5.56, 6.82, 6.86, 6.84, 7.28, 7.59, 7.81, 6.24, 6.62, 6.70, 6.96, 7.93, 5.70, 8.65, 6.77, 8.01, 6.44, 6.67, 7.33, 4.84, 8.23, 7.40, 7.94, 7.35, 1.65, 6.48, 8.13],
  xi_606 = [5.84, 7.80, 6.87, 4.90, 7.49, 8.12, 7.69, 9.83, 7.87, 7.25, 3.47, 7.34, 8.45, 8.88, 9.37, 7.44, 8.87, 7.68, 7.69, 5.17, 8.34, 8.96, 6.32, 7.59, 4.46, 1.00, 7.02, 1.56, 8.52, 7.51, 6.73, 9.78, 7.36, 9.07, 9.95, 7.80, 7.72, 8.14, 8.69, 7.27, 1.50, 7.50, 6.44, 7.57, 9.73, 2.50, 8.25, 2.03, 8.64, 7.01],
  xi_607 = [7.66, 8.23, 8.79, 8.08, 9.27, 8.63, 8.61, 9.90, 3.73, 8.89, 9.78, 10.11, 10.11, 1.68, 3.22, 9.15, 9.10, 8.73, 2.03, 5.08, 1.83, 10.07, 8.28, 8.58, 8.62, 5.90, 1.26, 10.11, 8.76, 9.87, 9.90, 9.04, 1.70, 9.93, 2.15, 9.15, 9.10, 8.00, 8.94, 7.58, 9.46, 10.16, 8.00, 8.43, 2.61, 8.81, 6.16, 1.07, 9.27, 10.32],
  xi_608 = [2.71, 2.81, 2.76, 3.29, 5.73, 2.95, 7.83, 2.68, 6.18, 5.65, 5.98, 8.52, 3.03, 6.96, 9.41, 4.08, 3.02, 2.77, 2.93, 1.40, 3.15, 3.54, 3.17, 3.12, 3.19, 2.66, 2.39, 2.76, 9.47, 4.12, 3.14, 2.48, 2.70, 6.12, 2.92, 6.95, 3.09, 3.47, 2.66, 2.71, 5.37, 3.06, 3.07, 3.00, 2.96, 2.85, 3.27, 3.20, 3.02, 3.00],
  xi_609 = [10.79, 8.94, 10.13, 10.74, 10.26, 8.21, 8.47, 9.03, 6.87, 3.66, 9.74, 9.52, 5.15, 9.44, 7.04, 9.20, 10.27, 10.39, 1.60, 9.14, 2.30, 7.91, 10.47, 7.58, 9.43, 9.49, 10.71, 1.30, 1.26, 6.50, 1.20, 8.85, 10.14, 7.58, 7.90, 11.88, 3.73, 9.50, 10.52, 2.43, 6.34, 9.65, 6.24, 7.70, 9.64, 9.60, 9.02, 9.05, 9.03, 11.64],
  xi_6010 = [3.97, 4.29, 3.68, 3.49, 9.71, 3.59, 3.69, 7.43, 4.92, 4.28, 4.23, 4.41, 3.37, 4.22, 4.14, 1.82, 3.83, 6.24, 8.49, 4.19, 4.71, 6.68, 4.29, 3.81, 5.03, 9.46, 4.06, 3.53, 4.43, 4.06, 4.38, 2.51, 4.15, 8.32, 3.96, 4.55, 3.49, 9.22, 6.34, 4.01, 4.04, 8.36, 6.86, 5.66, 4.61, 4.17, 3.31, 4.10, 4.48, 4.42],
  xi_6011 = [9.93, 9.51, 8.30, 3.01, 5.78, 8.31, 6.42, 7.53, 9.73, 8.45, 9.74, 8.19, 9.00, 7.15, 3.10, 9.51, 7.71, 7.41, 10.23, 4.21, 7.35, 9.46, 9.76, 9.69, 9.87, 7.63, 9.59, 9.15, 8.34, 7.67, 10.01, 2.92, 10.25, 1.29, 8.23, 11.09, 7.79, 9.27, 3.57, 8.13, 9.37, 8.14, 9.62, 8.57, 10.66, 9.32, 8.30, 7.77, 2.37, 9.45],
  xi_6012 = [8.50, 9.43, 10.21, 8.19, 11.07, 2.76, 4.78, 11.16, 8.94, 9.66, 9.91, 10.15, 11.10, 10.38, 2.51, 9.34, 9.43, 9.05, 9.67, 9.66, 7.68, 9.38, 10.80, 11.22, 8.52, 7.00, 4.16, 9.74, 10.05, 8.29, 11.16, 4.77, 8.67, 10.41, 9.67, 8.69, 1.52, 3.98, 9.27, 9.26, 10.62, 10.45, 11.58, 10.79, 10.06, 9.43, 9.54, 1.80, 9.97, 6.38],
  xi_6013 = [6.92, 5.49, 2.19, 6.12, 2.96, 6.27, 5.39, 8.95, 5.59, 6.44, 5.75, 5.78, 6.24, 5.62, 9.48, 5.76, 4.88, 1.01, 6.24, 6.05, 3.24, 5.55, 6.64, 5.36, 5.06, 5.79, 6.54, 4.52, 7.17, 5.17, 6.25, 4.49, 5.56, 5.53, 5.55, 6.14, 6.09, 6.24, 6.58, 6.55, 5.95, 6.63, 5.27, 5.92, 7.56, 8.88, 5.65, 8.53, 5.75, 6.54],
  xi_6014 = [10.99, 11.63, 12.14, 12.31, 9.30, 9.93, 9.75, 3.12, 9.76, 9.78, 3.00, 10.59, 8.99, 9.04, 9.68, 8.83, 10.88, 8.60, 10.46, 3.87, 9.17, 10.32, 10.42, 11.13, 8.91, 11.20, 7.50, 10.75, 11.53, 10.13, 2.33, 1.94, 7.03, 8.44, 2.83, 10.33, 9.39, 1.26, 3.89, 7.19, 9.73, 7.92, 8.92, 4.80, 10.58, 8.97, 9.82, 8.52, 10.38, 5.33],
  xi_6015 = [6.55, 8.50, 6.64, 8.73, 8.90, 7.35, 7.96, 6.39, 8.42, 6.82, 7.20, 7.77, 8.45, 6.94, 7.43, 10.02, 8.20, 8.69, 7.16, 8.53, 7.70, 7.55, 8.66, 3.42, 6.34, 4.21, 7.69, 8.31, 9.83, 3.77, 7.76, 1.01, 8.35, 6.31, 8.74, 7.42, 7.81, 8.97, 7.38, 6.21, 2.38, 6.59, 7.55, 7.71, 8.67, 8.74, 7.92, 8.16, 8.30, 7.81],
  xi_6016 = [11.10, 10.10, 10.05, 8.75, 4.49, 1.26, 6.74, 9.36, 8.85, 10.45, 8.68, 11.71, 9.48, 10.28, 7.33, 1.19, 2.49, 10.67, 10.87, 10.02, 9.97, 10.17, 5.33, 10.84, 11.30, 10.23, 10.37, 9.68, 10.80, 10.16, 9.57, 10.69, 10.63, 9.72, 8.96, 9.95, 8.37, 8.60, 5.28, 8.99, 10.70, 4.73, 8.23, 10.41, 7.95, 9.75, 9.67, 8.76, 2.98, 6.45],
  xi_6017 = [4.04, 2.17, 4.50, 4.15, 3.95, 3.80, 9.18, 9.96, 4.22, 5.09, 5.58, 4.17, 4.28, 5.60, 2.85, 3.77, 4.50, 4.92, 5.92, 1.55, 7.60, 4.17, 3.78, 4.36, 3.91, 4.18, 4.55, 4.12, 4.05, 3.92, 3.88, 4.72, 4.72, 3.93, 4.37, 5.12, 4.13, 7.21, 4.23, 4.13, 7.40, 3.70, 4.24, 9.90, 7.86, 3.77, 3.78, 7.58, 4.22, 3.57],
  xi_6018 = [5.51, 9.07, 9.23, 7.85, 9.52, 8.48, 3.41, 8.28, 8.37, 8.28, 9.35, 7.98, 1.57, 8.11, 9.70, 1.04, 8.47, 3.21, 10.53, 5.74, 2.10, 9.94, 9.75, 9.43, 8.92, 7.50, 8.87, 9.47, 9.24, 9.48, 9.14, 9.51, 9.16, 11.39, 8.51, 7.51, 8.39, 8.46, 8.59, 7.37, 10.06, 9.03, 9.84, 7.59, 9.04, 7.99, 9.04, 9.11, 8.76, 8.38],
  xi_6019 = [10.52, 8.70, 9.57, 8.75, 9.27, 11.48, 9.82, 5.13, 1.11, 8.89, 11.36, 12.09, 10.22, 7.31, 1.61, 1.42, 9.51, 8.72, 10.66, 9.96, 4.20, 1.48, 5.81, 11.06, 5.31, 10.10, 11.09, 10.27, 9.85, 8.93, 10.42, 10.44, 5.89, 6.72, 1.76, 1.82, 11.11, 2.04, 10.03, 9.85, 8.74, 11.56, 5.80, 9.48, 1.09, 10.38, 9.47, 9.74, 6.35, 12.72],
  xi_6020 = [7.03, 6.05, 7.98, 5.59, 7.72, 1.53, 4.44, 8.50, 8.54, 6.96, 6.87, 8.18, 1.64, 8.22, 2.97, 7.44, 8.30, 8.07, 6.54, 7.01, 9.07, 6.94, 5.70, 6.70, 6.50, 9.35, 6.82, 7.44, 3.12, 6.36, 6.62, 5.86, 1.49, 7.66, 8.27, 6.81, 6.12, 6.34, 6.77, 5.88, 7.04, 7.61, 5.92, 6.79, 7.54, 9.07, 6.06, 7.53, 7.09, 2.39],
]

Transportation Costs (cjk) = [
  [7.47, 6.91, 7.08, 3.07, 7.85, 7.56, 7.35, 3.31, 6.33, 6.85, 6.38, 8.35, 9.31, 4.37, 5.35, 7.88, 4.83, 3.00, 7.41, 8.10],
  [0.97, 7.72, 1.78, 3.27, 9.04, 0.85, 1.11, 3.25, 0.78, 10.71, 1.11, 3.55, 7.26, 2.30, 2.04, 0.92, 1.03, 8.27, 9.70, 7.84],
  [1.17, 4.59, 5.19, 6.01, 8.22, 5.08, 7.93, 8.32, 0.99, 2.07, 1.16, 4.20, 3.19, 0.99, 4.02, 4.17, 1.96, 4.48, 6.46, 8.30],
  [7.03, 9.98, 9.09, 9.62, 1.00, 3.10, 4.65, 5.74, 5.42, 10.25, 5.72, 3.94, 7.69, 3.03, 7.97, 1.68, 5.50, 7.89, 1.15, 5.96],
  [3.19, 8.48, 7.78, 7.84, 2.16, 9.45, 4.29, 3.28, 9.13, 4.02, 5.62, 8.19, 1.16, 6.04, 2.11, 7.86, 7.92, 8.45, 5.07, 4.04],
  [8.63, 9.18, 1.78, 4.20, 3.06, 6.56, 4.54, 4.34, 3.84, 5.15, 3.93, 5.07, 0.84, 9.84, 8.62, 1.92, 6.90, 6.98, 6.58, 3.03],
  [4.77, 8.13, 5.72, 7.22, 8.09, 2.14, 1.02, 7.56, 1.85, 1.89, 2.71, 1.65, 6.90, 2.11, 5.37, 1.08, 8.35, 1.03, 2.12, 4.83],
  [3.94, 6.86, 1.88, 7.57, 3.11, 0.98, 7.09, 6.06, 8.19, 1.10, 5.42, 2.09, 3.47, 5.29, 6.41, 5.72, 7.70, 4.45, 2.97, 0.95],
  [4.16, 4.10, 8.42, 6.65, 2.98, 0.93, 1.95, 4.05, 1.01, 7.05, 0.95, 6.60, 8.62, 7.05, 1.00, 7.44, 8.68, 7.68, 8.54, 1.77],
  [3.34, 2.92, 8.81, 2.04, 6.51, 6.59, 2.26, 10.11, 1.96, 4.13, 6.22, 9.49, 3.37, 4.99, 0.93, 5.57, 8.27, 8.08, 5.37, 4.95],
  [5.94, 3.18, 3.33, 3.16, 4.24, 4.68, 9.38, 9.41, 4.90, 8.21, 8.44, 3.09, 4.84, 1.19, 1.87, 9.55, 10.52, 2.73, 1.04, 2.06],
  [5.42, 2.01, 4.57, 6.06, 5.56, 3.41, 5.66, 1.76, 4.95, 8.12, 5.31, 5.28, 9.22, 4.82, 1.03, 1.03, 7.85, 2.96, 6.35, 8.74],
  [7.93, 10.02, 5.76, 1.83, 5.28, 8.49, 4.37, 2.84, 6.26, 5.60, 2.96, 4.85, 6.58, 6.96, 6.66, 1.85, 4.32, 4.19, 2.05, 0.96],
  [8.15, 3.71, 8.52, 3.26, 9.32, 8.24, 8.20, 1.08, 5.17, 7.80, 3.40, 3.21, 7.65, 5.14, 1.11, 7.68, 1.89, 1.95, 1.09, 2.89],
  [5.43, 7.83, 2.99, 9.15, 8.65, 0.85, 1.14, 4.03, 2.89, 4.90, 8.29, 1.00, 2.22, 6.31, 2.24, 2.93, 5.40, 2.41, 0.92, 6.51],
  [8.71, 2.29, 4.47, 7.04, 8.98, 0.91, 3.99, 0.91, 6.57, 2.16, 7.90, 1.74, 4.63, 4.20, 5.88, 7.12, 7.42, 3.36, 5.59, 5.92],
  [9.44, 1.80, 7.14, 2.16, 4.83, 2.02, 1.93, 4.09, 3.94, 6.15, 9.65, 1.69, 1.95, 3.58, 3.52, 9.05, 5.00, 5.92, 0.94, 1.07],
  [1.04, 7.08, 4.38, 2.48, 5.65, 3.34, 4.88, 8.27, 8.11, 7.44, 9.10, 7.06, 2.29, 2.30, 2.66, 7.99, 7.47, 5.68, 7.65, 1.03],
  [4.74, 7.84, 1.12, 8.01, 5.67, 6.24, 4.86, 10.07, 1.02, 3.45, 3.26, 8.19, 5.13, 7.77, 2.26, 6.51, 3.35, 2.53, 6.56, 1.90],
  [2.62, 8.68, 9.57, 3.82, 0.95, 7.56, 7.56, 7.48, 3.32, 5.93, 3.04, 8.72, 2.48, 3.62, 6.71, 5.34, 1.04, 9.43, 7.68, 6.48],
  [2.10, 8.63, 7.63, 2.63, 9.66, 5.29, 8.45, 3.99, 4.35, 2.74, 4.67, 3.71, 1.90, 8.34, 6.09, 6.87, 4.31, 7.66, 9.20, 5.26],
  [5.14, 3.02, 7.12, 7.77, 8.03, 7.70, 6.18, 4.85, 3.35, 8.53, 1.03, 5.83, 2.74, 0.79, 1.05, 2.16, 6.44, 6.17, 4.82, 1.87],
  [6.39, 4.66, 6.16, 2.78, 0.94, 3.34, 2.51, 2.89, 8.94, 5.66, 1.04, 1.00, 3.76, 1.02, 9.47, 2.92, 6.87, 3.09, 0.91, 6.75],
  [3.07, 6.32, 3.96, 2.77, 3.18, 2.14, 4.25, 4.89, 9.65, 8.40, 9.13, 7.51, 5.34, 6.55, 9.50, 8.92, 2.57, 9.56, 0.93, 6.76],
  [6.89, 1.78, 2.23, 8.89, 4.02, 6.72, 9.40, 7.18, 0.97, 5.12, 2.24, 0.93, 4.35, 4.26, 0.98, 5.70, 3.21, 7.45, 5.48, 3.65],
  [6.93, 2.11, 9.59, 2.03, 1.79, 4.32, 6.68, 7.57, 4.55, 1.66, 1.00, 7.84, 7.54, 4.58, 8.88, 1.32, 1.75, 1.16, 3.44, 7.77],
  [3.00, 1.72, 6.23, 0.95, 3.16, 0.87, 6.28, 2.97, 3.85, 0.88, 1.91, 3.02, 5.96, 10.23, 1.09, 6.24, 5.57, 8.44, 7.28, 1.32],
  [6.85, 4.44, 7.07, 2.65, 7.26, 0.99, 1.43, 3.34, 4.79, 6.39, 4.98, 4.38, 1.13, 5.69, 4.37, 1.14, 3.70, 2.34, 5.75, 1.88],
  [6.00, 3.43, 2.01, 1.01, 10.74, 9.39, 2.62, 9.65, 9.17, 1.06, 5.58, 5.29, 1.77, 3.74, 1.73, 7.74, 3.07, 6.17, 5.42, 8.75],
  [5.94, 4.65, 8.96, 3.11, 1.00, 4.13, 4.09, 3.10, 1.83, 7.83, 7.96, 5.09, 1.04, 3.26, 3.21, 2.95, 7.12, 8.82, 5.27, 7.41],
  [6.89, 7.91, 5.07, 10.27, 5.63, 1.93, 8.69, 0.99, 1.95, 8.40, 1.95, 8.54, 7.25, 3.68, 2.89, 1.68, 1.07, 2.44, 8.50, 1.71],
  [6.90, 2.78, 9.08, 2.29, 10.00, 3.94, 5.96, 3.41, 0.95, 3.27, 2.93, 4.52, 3.01, 9.17, 0.95, 5.39, 6.24, 8.90, 6.47, 3.42],
  [5.22, 3.07, 7.00, 4.13, 0.98, 1.65, 5.11, 5.41, 7.10, 1.06, 7.48, 6.88, 4.56, 1.92, 3.02, 6.68, 9.37, 6.98, 6.42, 0.94],
  [8.94, 8.62, 5.53, 3.12, 1.86, 4.68, 9.43, 1.03, 9.06, 10.75, 0.98, 5.83, 10.47, 6.98, 4.07, 5.90, 5.06, 5.17, 10.70, 3.75],
  [6.88, 7.69, 9.70, 3.63, 9.90, 4.88, 7.12, 3.28, 4.09, 7.66, 6.98, 6.46, 7.84, 0.98, 4.52, 0.84, 7.14, 0.88, 5.09, 2.66],
  [8.21, 3.93, 4.02, 1.79, 5.37, 1.08, 9.91, 1.11, 7.10, 0.75, 7.42, 1.08, 4.38, 6.18, 0.95, 7.57, 5.19, 6.67, 2.69, 0.82],
  [3.29, 5.11, 3.84, 7.75, 4.08, 7.33, 2.60, 5.87, 4.64, 2.06, 6.51, 2.92, 0.99, 3.98, 8.81, 7.99, 3.75, 6.78, 6.73, 7.53],
  [5.37, 0.91, 5.78, 2.69, 8.02, 2.85, 10.62, 9.76, 3.04, 7.54, 3.48, 1.00, 0.99, 9.91, 3.87, 6.15, 5.11, 8.10, 1.83, 6.50],
  [4.43, 4.58, 9.25, 0.88, 2.18, 9.76, 1.13, 5.06, 8.17, 2.83, 8.21, 9.67, 3.01, 8.28, 6.02, 4.29, 6.11, 7.74, 2.73, 5.00],
  [4.94, 0.90, 2.89, 8.28, 1.09, 3.98, 2.60, 0.90, 4.19, 4.93, 7.56, 6.07, 6.72, 7.45, 6.27, 1.03, 9.32, 6.25, 6.23, 5.11],
  [6.27, 6.56, 3.62, 9.65, 6.67, 9.22, 1.06, 1.02, 2.44, 2.32, 3.77, 5.71, 9.19, 1.05, 6.08, 5.01, 6.67, 5.78, 0.89, 5.35],
  [1.14, 3.54, 3.88, 2.97, 6.03, 4.05, 8.50, 3.01, 0.99, 7.14, 6.42, 7.51, 7.90, 3.18, 8.59, 2.73, 1.82, 6.06, 6.14, 5.06],
  [4.79, 7.15, 5.34, 8.60, 2.22, 5.41, 0.97, 3.11, 3.36, 8.42, 9.68, 4.64, 7.85, 5.79, 8.75, 3.17, 1.03, 9.63, 8.11, 9.65],
  [0.82, 1.06, 7.11, 4.49, 1.97, 5.55, 0.95, 1.98, 6.90, 4.02, 7.13, 7.26, 0.81, 1.00, 1.91, 4.13, 1.08, 0.94, 0.96, 8.76],
  [3.23, 6.24, 7.16, 8.44, 7.82, 8.58, 7.82, 6.10, 2.00, 7.31, 1.02, 5.46, 2.83, 3.36, 4.70, 6.28, 4.20, 9.13, 6.27, 3.46],
  [6.03, 8.20, 8.34, 4.27, 7.32, 1.77, 5.56, 9.90, 1.90, 2.24, 6.18, 4.84, 7.63, 2.77, 3.42, 7.21, 5.11, 3.21, 1.99, 8.65],
  [5.71, 7.21, 9.31, 3.67, 5.42, 5.23, 6.50, 8.22, 1.00, 10.43, 6.83, 1.14, 1.85, 4.78, 7.35, 2.30, 2.53, 1.12, 4.51, 3.11],
  [3.35, 7.41, 8.44, 7.27, 4.73, 10.70, 7.11, 2.93, 2.87, 2.18, 2.22, 5.99, 8.12, 7.67, 9.02, 2.03, 5.77, 2.06, 0.73, 4.77],
  [6.76, 0.99, 4.17, 8.78, 2.31, 6.43, 7.51, 3.20, 6.14, 7.45, 2.01, 6.82, 4.41, 5.12, 1.03, 7.04, 1.98, 4.53, 8.80, 3.12],
  [7.81, 8.30, 0.84, 10.02, 1.85, 5.42, 10.12, 5.25, 3.88, 2.04, 4.56, 8.62, 4.00, 8.56, 3.64, 9.54, 2.87, 10.31, 2.08, 3.83],
  [1.73, 2.84, 3.35, 9.07, 6.58, 6.43, 8.30, 4.27, 7.94, 4.47, 2.50, 7.00, 6.30, 8.37, 7.01, 6.16, 1.03, 7.55, 5.27, 10.72],
  [2.31, 5.63, 6.01, 3.17, 3.91, 4.98, 9.10, 2.05, 9.40, 3.78, 4.53, 7.33, 1.59, 2.09, 1.06, 2.62, 1.95, 3.95, 2.89, 5.56],
  [5.69, 1.97, 1.61, 5.08, 8.00, 5.19, 1.00, 1.26, 4.38, 4.48, 8.74, 1.84, 8.32, 5.04, 7.63, 6.56, 5.95, 5.49, 8.78, 5.44],
  [7.89, 2.27, 8.87, 2.00, 3.20, 7.71, 8.56, 0.98, 9.11, 2.25, 2.00, 4.26, 5.89, 1.82, 2.73, 8.62, 6.64, 1.10, 1.02, 6.43],
  [4.25, 4.06, 7.94, 3.60, 8.52, 5.01, 9.52, 1.14, 7.59, 5.40, 6.42, 2.07, 1.93, 3.84, 0.90, 7.05, 0.88, 4.72, 5.11, 4.06],
  [1.96, 5.79, 1.09, 5.00, 6.74, 1.88, 1.79, 9.12, 3.30, 5.04, 6.27, 3.95, 1.14, 3.95, 2.44, 9.87, 2.73, 1.68, 2.48, 10.70],
  [2.85, 8.04, 5.96, 3.56, 7.48, 1.11, 6.43, 3.25, 2.13, 0.87, 3.26, 1.87, 3.46, 1.93, 5.46, 2.10, 4.82, 3.02, 4.01, 1.79],
  [1.01, 4.70, 4.18, 8.61, 0.99, 2.03, 6.10, 9.03, 9.06, 3.09, 2.17, 7.63, 0.88, 2.23, 9.60, 9.46, 7.85, 5.43, 4.50, 7.31],
  [3.24, 8.40, 1.00, 3.07, 5.86, 9.53, 7.60, 5.83, 0.96, 7.96, 2.99, 8.35, 1.00, 2.29, 6.42, 5.75, 6.71, 6.22, 5.96, 3.07],
  [7.60, 9.09, 4.08, 1.09, 5.89, 3.09, 3.49, 2.83, 3.73, 2.21, 2.77, 6.80, 8.34, 6.26, 2.12, 4.54, 7.81, 1.63, 5.93, 4.04],
]

Mean Service Times (¦Ì_{jk}) = [
  mu_11 = [7.21],
  mu_12 = [4.83],
  mu_13 = [7.42],
  mu_14 = [5.18],
  mu_15 = [7.50],
  mu_16 = [5.25],
  mu_17 = [5.27],
  mu_18 = [3.06],
  mu_19 = [4.34],
  mu_110 = [3.71],
  mu_111 = [5.75],
  mu_112 = [7.48],
  mu_113 = [2.68],
  mu_114 = [4.97],
  mu_115 = [8.48],
  mu_116 = [2.29],
  mu_117 = [6.75],
  mu_118 = [5.72],
  mu_119 = [5.58],
  mu_120 = [2.29],
  mu_21 = [4.97],
  mu_22 = [8.72],
  mu_23 = [6.46],
  mu_24 = [4.63],
  mu_25 = [7.74],
  mu_26 = [7.38],
  mu_27 = [3.95],
  mu_28 = [5.28],
  mu_29 = [8.29],
  mu_210 = [4.15],
  mu_211 = [8.19],
  mu_212 = [8.18],
  mu_213 = [6.71],
  mu_214 = [8.43],
  mu_215 = [7.83],
  mu_216 = [2.71],
  mu_217 = [3.15],
  mu_218 = [8.77],
  mu_219 = [8.69],
  mu_220 = [8.10],
  mu_31 = [4.27],
  mu_32 = [7.62],
  mu_33 = [7.22],
  mu_34 = [5.51],
  mu_35 = [7.36],
  mu_36 = [6.86],
  mu_37 = [6.85],
  mu_38 = [6.14],
  mu_39 = [7.81],
  mu_310 = [5.74],
  mu_311 = [2.94],
  mu_312 = [3.50],
  mu_313 = [5.54],
  mu_314 = [6.47],
  mu_315 = [2.80],
  mu_316 = [6.92],
  mu_317 = [4.11],
  mu_318 = [6.33],
  mu_319 = [7.04],
  mu_320 = [5.84],
  mu_41 = [4.11],
  mu_42 = [6.57],
  mu_43 = [6.54],
  mu_44 = [7.68],
  mu_45 = [3.11],
  mu_46 = [6.86],
  mu_47 = [3.58],
  mu_48 = [7.95],
  mu_49 = [8.36],
  mu_410 = [6.65],
  mu_411 = [5.74],
  mu_412 = [4.61],
  mu_413 = [7.78],
  mu_414 = [3.07],
  mu_415 = [3.29],
  mu_416 = [5.79],
  mu_417 = [2.70],
  mu_418 = [8.21],
  mu_419 = [3.33],
  mu_420 = [6.58],
  mu_51 = [4.56],
  mu_52 = [7.83],
  mu_53 = [7.08],
  mu_54 = [5.21],
  mu_55 = [4.50],
  mu_56 = [4.34],
  mu_57 = [5.16],
  mu_58 = [8.30],
  mu_59 = [2.49],
  mu_510 = [3.67],
  mu_511 = [3.93],
  mu_512 = [5.09],
  mu_513 = [3.81],
  mu_514 = [5.12],
  mu_515 = [7.82],
  mu_516 = [5.63],
  mu_517 = [2.32],
  mu_518 = [7.51],
  mu_519 = [8.59],
  mu_520 = [6.74],
  mu_61 = [8.46],
  mu_62 = [4.54],
  mu_63 = [2.76],
  mu_64 = [8.37],
  mu_65 = [7.39],
  mu_66 = [2.41],
  mu_67 = [2.67],
  mu_68 = [5.62],
  mu_69 = [7.02],
  mu_610 = [2.13],
  mu_611 = [2.33],
  mu_612 = [2.43],
  mu_613 = [6.00],
  mu_614 = [5.21],
  mu_615 = [2.86],
  mu_616 = [4.30],
  mu_617 = [3.88],
  mu_618 = [6.95],
  mu_619 = [4.82],
  mu_620 = [4.97],
  mu_71 = [8.80],
  mu_72 = [4.89],
  mu_73 = [6.52],
  mu_74 = [4.29],
  mu_75 = [5.54],
  mu_76 = [5.56],
  mu_77 = [7.47],
  mu_78 = [8.43],
  mu_79 = [4.33],
  mu_710 = [7.83],
  mu_711 = [4.79],
  mu_712 = [3.02],
  mu_713 = [5.56],
  mu_714 = [4.17],
  mu_715 = [6.87],
  mu_716 = [2.55],
  mu_717 = [4.03],
  mu_718 = [4.31],
  mu_719 = [3.77],
  mu_720 = [4.30],
  mu_81 = [3.80],
  mu_82 = [6.31],
  mu_83 = [5.68],
  mu_84 = [3.15],
  mu_85 = [5.18],
  mu_86 = [3.18],
  mu_87 = [6.41],
  mu_88 = [6.08],
  mu_89 = [3.73],
  mu_810 = [5.77],
  mu_811 = [3.60],
  mu_812 = [7.36],
  mu_813 = [8.18],
  mu_814 = [5.22],
  mu_815 = [4.96],
  mu_816 = [8.38],
  mu_817 = [7.98],
  mu_818 = [5.86],
  mu_819 = [3.09],
  mu_820 = [7.40],
  mu_91 = [7.07],
  mu_92 = [5.08],
  mu_93 = [7.55],
  mu_94 = [2.60],
  mu_95 = [6.71],
  mu_96 = [4.32],
  mu_97 = [6.34],
  mu_98 = [5.12],
  mu_99 = [5.25],
  mu_910 = [6.48],
  mu_911 = [6.58],
  mu_912 = [2.98],
  mu_913 = [4.75],
  mu_914 = [7.30],
  mu_915 = [4.02],
  mu_916 = [7.52],
  mu_917 = [3.53],
  mu_918 = [3.81],
  mu_919 = [3.99],
  mu_920 = [5.00],
  mu_101 = [2.52],
  mu_102 = [6.43],
  mu_103 = [3.58],
  mu_104 = [5.21],
  mu_105 = [9.05],
  mu_106 = [3.52],
  mu_107 = [5.40],
  mu_108 = [3.95],
  mu_109 = [6.09],
  mu_1010 = [3.36],
  mu_1011 = [4.19],
  mu_1012 = [2.27],
  mu_1013 = [5.81],
  mu_1014 = [7.15],
  mu_1015 = [5.35],
  mu_1016 = [5.78],
  mu_1017 = [6.96],
  mu_1018 = [7.81],
  mu_1019 = [3.76],
  mu_1020 = [7.70],
  mu_111 = [6.85],
  mu_112 = [3.38],
  mu_113 = [6.17],
  mu_114 = [7.22],
  mu_115 = [4.59],
  mu_116 = [6.03],
  mu_117 = [6.59],
  mu_118 = [8.70],
  mu_119 = [3.11],
  mu_1110 = [6.71],
  mu_1111 = [7.15],
  mu_1112 = [4.44],
  mu_1113 = [8.70],
  mu_1114 = [3.60],
  mu_1115 = [3.47],
  mu_1116 = [2.82],
  mu_1117 = [5.58],
  mu_1118 = [2.69],
  mu_1119 = [4.34],
  mu_1120 = [7.63],
  mu_121 = [4.50],
  mu_122 = [3.21],
  mu_123 = [7.58],
  mu_124 = [2.00],
  mu_125 = [5.13],
  mu_126 = [4.80],
  mu_127 = [4.14],
  mu_128 = [5.18],
  mu_129 = [2.38],
  mu_1210 = [5.15],
  mu_1211 = [3.43],
  mu_1212 = [2.93],
  mu_1213 = [5.90],
  mu_1214 = [6.34],
  mu_1215 = [8.82],
  mu_1216 = [4.30],
  mu_1217 = [6.25],
  mu_1218 = [3.10],
  mu_1219 = [3.95],
  mu_1220 = [1.86],
  mu_131 = [3.06],
  mu_132 = [7.15],
  mu_133 = [4.70],
  mu_134 = [6.24],
  mu_135 = [6.50],
  mu_136 = [4.61],
  mu_137 = [2.67],
  mu_138 = [7.47],
  mu_139 = [5.98],
  mu_1310 = [3.07],
  mu_1311 = [7.98],
  mu_1312 = [2.31],
  mu_1313 = [8.43],
  mu_1314 = [6.69],
  mu_1315 = [7.08],
  mu_1316 = [5.87],
  mu_1317 = [4.40],
  mu_1318 = [2.96],
  mu_1319 = [4.27],
  mu_1320 = [8.89],
  mu_141 = [8.34],
  mu_142 = [5.86],
  mu_143 = [6.82],
  mu_144 = [6.08],
  mu_145 = [2.65],
  mu_146 = [2.21],
  mu_147 = [5.64],
  mu_148 = [3.40],
  mu_149 = [3.88],
  mu_1410 = [7.55],
  mu_1411 = [4.96],
  mu_1412 = [2.48],
  mu_1413 = [4.41],
  mu_1414 = [2.65],
  mu_1415 = [4.91],
  mu_1416 = [2.86],
  mu_1417 = [5.36],
  mu_1418 = [4.64],
  mu_1419 = [8.22],
  mu_1420 = [6.05],
  mu_151 = [4.61],
  mu_152 = [3.07],
  mu_153 = [2.92],
  mu_154 = [8.79],
  mu_155 = [4.16],
  mu_156 = [2.52],
  mu_157 = [3.69],
  mu_158 = [7.58],
  mu_159 = [3.58],
  mu_1510 = [4.86],
  mu_1511 = [5.22],
  mu_1512 = [6.82],
  mu_1513 = [2.88],
  mu_1514 = [2.97],
  mu_1515 = [2.44],
  mu_1516 = [8.86],
  mu_1517 = [3.54],
  mu_1518 = [6.64],
  mu_1519 = [5.50],
  mu_1520 = [4.43],
  mu_161 = [6.01],
  mu_162 = [7.68],
  mu_163 = [6.58],
  mu_164 = [9.12],
  mu_165 = [5.16],
  mu_166 = [4.59],
  mu_167 = [8.60],
  mu_168 = [7.11],
  mu_169 = [4.88],
  mu_1610 = [3.77],
  mu_1611 = [2.97],
  mu_1612 = [6.20],
  mu_1613 = [7.11],
  mu_1614 = [2.79],
  mu_1615 = [4.28],
  mu_1616 = [7.06],
  mu_1617 = [7.28],
  mu_1618 = [1.88],
  mu_1619 = [4.69],
  mu_1620 = [4.22],
  mu_171 = [8.47],
  mu_172 = [3.64],
  mu_173 = [5.71],
  mu_174 = [8.02],
  mu_175 = [4.92],
  mu_176 = [2.44],
  mu_177 = [5.03],
  mu_178 = [2.24],
  mu_179 = [3.78],
  mu_1710 = [9.11],
  mu_1711 = [7.62],
  mu_1712 = [7.54],
  mu_1713 = [5.99],
  mu_1714 = [8.53],
  mu_1715 = [8.19],
  mu_1716 = [4.82],
  mu_1717 = [3.13],
  mu_1718 = [8.81],
  mu_1719 = [5.79],
  mu_1720 = [4.47],
  mu_181 = [8.65],
  mu_182 = [5.79],
  mu_183 = [6.73],
  mu_184 = [7.11],
  mu_185 = [6.69],
  mu_186 = [6.39],
  mu_187 = [2.73],
  mu_188 = [3.59],
  mu_189 = [3.38],
  mu_1810 = [2.69],
  mu_1811 = [6.24],
  mu_1812 = [4.08],
  mu_1813 = [5.44],
  mu_1814 = [4.10],
  mu_1815 = [6.52],
  mu_1816 = [8.30],
  mu_1817 = [3.86],
  mu_1818 = [4.48],
  mu_1819 = [7.33],
  mu_1820 = [9.23],
  mu_191 = [4.46],
  mu_192 = [7.39],
  mu_193 = [4.58],
  mu_194 = [4.58],
  mu_195 = [8.14],
  mu_196 = [6.17],
  mu_197 = [4.48],
  mu_198 = [6.46],
  mu_199 = [4.35],
  mu_1910 = [8.53],
  mu_1911 = [8.31],
  mu_1912 = [5.81],
  mu_1913 = [4.51],
  mu_1914 = [8.87],
  mu_1915 = [3.07],
  mu_1916 = [8.37],
  mu_1917 = [5.97],
  mu_1918 = [3.08],
  mu_1919 = [7.44],
  mu_1920 = [5.89],
  mu_201 = [4.61],
  mu_202 = [2.37],
  mu_203 = [8.06],
  mu_204 = [6.86],
  mu_205 = [3.14],
  mu_206 = [2.83],
  mu_207 = [7.24],
  mu_208 = [4.12],
  mu_209 = [5.01],
  mu_2010 = [3.88],
  mu_2011 = [8.11],
  mu_2012 = [5.22],
  mu_2013 = [2.18],
  mu_2014 = [1.80],
  mu_2015 = [6.35],
  mu_2016 = [6.77],
  mu_2017 = [5.58],
  mu_2018 = [8.08],
  mu_2019 = [3.62],
  mu_2020 = [8.20],
  mu_211 = [3.93],
  mu_212 = [7.14],
  mu_213 = [4.40],
  mu_214 = [4.61],
  mu_215 = [4.33],
  mu_216 = [4.42],
  mu_217 = [2.55],
  mu_218 = [8.08],
  mu_219 = [6.17],
  mu_2110 = [3.99],
  mu_2111 = [4.00],
  mu_2112 = [4.55],
  mu_2113 = [6.68],
  mu_2114 = [8.64],
  mu_2115 = [2.17],
  mu_2116 = [3.90],
  mu_2117 = [6.45],
  mu_2118 = [5.26],
  mu_2119 = [4.25],
  mu_2120 = [3.81],
  mu_221 = [3.04],
  mu_222 = [3.14],
  mu_223 = [5.18],
  mu_224 = [2.03],
  mu_225 = [4.31],
  mu_226 = [7.31],
  mu_227 = [7.13],
  mu_228 = [3.17],
  mu_229 = [4.17],
  mu_2210 = [7.01],
  mu_2211 = [5.16],
  mu_2212 = [8.02],
  mu_2213 = [6.04],
  mu_2214 = [2.81],
  mu_2215 = [2.73],
  mu_2216 = [6.19],
  mu_2217 = [5.18],
  mu_2218 = [7.71],
  mu_2219 = [7.89],
  mu_2220 = [2.23],
  mu_231 = [5.42],
  mu_232 = [6.19],
  mu_233 = [7.94],
  mu_234 = [2.43],
  mu_235 = [4.22],
  mu_236 = [2.41],
  mu_237 = [5.43],
  mu_238 = [7.38],
  mu_239 = [4.39],
  mu_2310 = [3.29],
  mu_2311 = [2.34],
  mu_2312 = [7.44],
  mu_2313 = [8.12],
  mu_2314 = [6.76],
  mu_2315 = [4.07],
  mu_2316 = [3.05],
  mu_2317 = [7.31],
  mu_2318 = [5.73],
  mu_2319 = [4.93],
  mu_2320 = [6.92],
  mu_241 = [5.58],
  mu_242 = [5.45],
  mu_243 = [3.64],
  mu_244 = [7.68],
  mu_245 = [6.11],
  mu_246 = [7.11],
  mu_247 = [5.10],
  mu_248 = [5.74],
  mu_249 = [3.18],
  mu_2410 = [3.49],
  mu_2411 = [6.45],
  mu_2412 = [3.06],
  mu_2413 = [8.73],
  mu_2414 = [5.13],
  mu_2415 = [6.53],
  mu_2416 = [2.90],
  mu_2417 = [6.48],
  mu_2418 = [6.40],
  mu_2419 = [5.92],
  mu_2420 = [4.26],
  mu_251 = [6.37],
  mu_252 = [5.47],
  mu_253 = [2.46],
  mu_254 = [7.77],
  mu_255 = [7.34],
  mu_256 = [8.13],
  mu_257 = [3.88],
  mu_258 = [2.71],
  mu_259 = [7.06],
  mu_2510 = [8.25],
  mu_2511 = [4.43],
  mu_2512 = [5.86],
  mu_2513 = [4.32],
  mu_2514 = [6.47],
  mu_2515 = [2.32],
  mu_2516 = [4.31],
  mu_2517 = [8.22],
  mu_2518 = [5.37],
  mu_2519 = [8.66],
  mu_2520 = [2.22],
  mu_261 = [7.57],
  mu_262 = [9.15],
  mu_263 = [6.06],
  mu_264 = [3.98],
  mu_265 = [2.16],
  mu_266 = [3.23],
  mu_267 = [3.88],
  mu_268 = [6.22],
  mu_269 = [4.79],
  mu_2610 = [2.34],
  mu_2611 = [6.49],
  mu_2612 = [7.32],
  mu_2613 = [3.58],
  mu_2614 = [8.65],
  mu_2615 = [7.46],
  mu_2616 = [2.80],
  mu_2617 = [4.66],
  mu_2618 = [6.60],
  mu_2619 = [5.86],
  mu_2620 = [3.50],
  mu_271 = [6.94],
  mu_272 = [7.44],
  mu_273 = [8.88],
  mu_274 = [5.13],
  mu_275 = [6.42],
  mu_276 = [4.31],
  mu_277 = [7.36],
  mu_278 = [9.02],
  mu_279 = [8.29],
  mu_2710 = [8.18],
  mu_2711 = [3.18],
  mu_2712 = [5.52],
  mu_2713 = [4.70],
  mu_2714 = [8.11],
  mu_2715 = [5.85],
  mu_2716 = [4.01],
  mu_2717 = [4.48],
  mu_2718 = [7.71],
  mu_2719 = [4.19],
  mu_2720 = [5.81],
  mu_281 = [4.58],
  mu_282 = [4.91],
  mu_283 = [4.50],
  mu_284 = [4.37],
  mu_285 = [7.61],
  mu_286 = [6.97],
  mu_287 = [5.05],
  mu_288 = [3.09],
  mu_289 = [2.25],
  mu_2810 = [5.09],
  mu_2811 = [5.18],
  mu_2812 = [4.50],
  mu_2813 = [5.99],
  mu_2814 = [5.80],
  mu_2815 = [6.40],
  mu_2816 = [6.51],
  mu_2817 = [7.48],
  mu_2818 = [8.34],
  mu_2819 = [3.76],
  mu_2820 = [2.82],
  mu_291 = [5.00],
  mu_292 = [5.09],
  mu_293 = [4.48],
  mu_294 = [3.24],
  mu_295 = [6.06],
  mu_296 = [8.14],
  mu_297 = [5.30],
  mu_298 = [3.68],
  mu_299 = [8.15],
  mu_2910 = [7.50],
  mu_2911 = [5.33],
  mu_2912 = [4.67],
  mu_2913 = [5.35],
  mu_2914 = [7.01],
  mu_2915 = [5.27],
  mu_2916 = [8.14],
  mu_2917 = [3.94],
  mu_2918 = [4.94],
  mu_2919 = [4.96],
  mu_2920 = [5.95],
  mu_301 = [9.27],
  mu_302 = [4.25],
  mu_303 = [7.64],
  mu_304 = [7.13],
  mu_305 = [7.04],
  mu_306 = [2.87],
  mu_307 = [5.80],
  mu_308 = [4.39],
  mu_309 = [7.11],
  mu_3010 = [3.71],
  mu_3011 = [6.32],
  mu_3012 = [7.16],
  mu_3013 = [5.05],
  mu_3014 = [7.58],
  mu_3015 = [5.80],
  mu_3016 = [8.19],
  mu_3017 = [5.07],
  mu_3018 = [4.93],
  mu_3019 = [4.05],
  mu_3020 = [9.42],
  mu_311 = [5.04],
  mu_312 = [3.01],
  mu_313 = [4.61],
  mu_314 = [2.82],
  mu_315 = [5.65],
  mu_316 = [4.05],
  mu_317 = [7.32],
  mu_318 = [8.27],
  mu_319 = [2.43],
  mu_3110 = [5.23],
  mu_3111 = [4.33],
  mu_3112 = [4.74],
  mu_3113 = [7.17],
  mu_3114 = [3.87],
  mu_3115 = [8.67],
  mu_3116 = [3.73],
  mu_3117 = [4.13],
  mu_3118 = [7.79],
  mu_3119 = [2.67],
  mu_3120 = [5.34],
  mu_321 = [4.44],
  mu_322 = [3.55],
  mu_323 = [2.18],
  mu_324 = [5.43],
  mu_325 = [5.82],
  mu_326 = [3.08],
  mu_327 = [2.27],
  mu_328 = [8.92],
  mu_329 = [6.56],
  mu_3210 = [4.94],
  mu_3211 = [3.61],
  mu_3212 = [6.46],
  mu_3213 = [6.98],
  mu_3214 = [7.41],
  mu_3215 = [7.23],
  mu_3216 = [3.66],
  mu_3217 = [4.31],
  mu_3218 = [7.93],
  mu_3219 = [8.25],
  mu_3220 = [3.15],
  mu_331 = [3.54],
  mu_332 = [5.71],
  mu_333 = [3.75],
  mu_334 = [4.48],
  mu_335 = [4.11],
  mu_336 = [2.52],
  mu_337 = [4.60],
  mu_338 = [7.19],
  mu_339 = [6.07],
  mu_3310 = [4.62],
  mu_3311 = [4.69],
  mu_3312 = [5.75],
  mu_3313 = [4.95],
  mu_3314 = [4.88],
  mu_3315 = [7.33],
  mu_3316 = [2.90],
  mu_3317 = [7.54],
  mu_3318 = [5.27],
  mu_3319 = [4.13],
  mu_3320 = [8.00],
  mu_341 = [5.71],
  mu_342 = [4.23],
  mu_343 = [2.94],
  mu_344 = [3.93],
  mu_345 = [7.57],
  mu_346 = [2.46],
  mu_347 = [7.45],
  mu_348 = [7.11],
  mu_349 = [6.45],
  mu_3410 = [6.21],
  mu_3411 = [7.39],
  mu_3412 = [7.84],
  mu_3413 = [2.58],
  mu_3414 = [5.62],
  mu_3415 = [7.96],
  mu_3416 = [7.03],
  mu_3417 = [2.59],
  mu_3418 = [4.48],
  mu_3419 = [2.60],
  mu_3420 = [1.57],
  mu_351 = [3.01],
  mu_352 = [8.74],
  mu_353 = [3.92],
  mu_354 = [9.02],
  mu_355 = [2.98],
  mu_356 = [8.52],
  mu_357 = [4.05],
  mu_358 = [5.34],
  mu_359 = [4.40],
  mu_3510 = [3.52],
  mu_3511 = [2.64],
  mu_3512 = [7.39],
  mu_3513 = [6.31],
  mu_3514 = [7.36],
  mu_3515 = [2.72],
  mu_3516 = [5.12],
  mu_3517 = [5.17],
  mu_3518 = [6.57],
  mu_3519 = [5.20],
  mu_3520 = [9.09],
  mu_361 = [8.21],
  mu_362 = [9.10],
  mu_363 = [7.35],
  mu_364 = [8.36],
  mu_365 = [4.40],
  mu_366 = [7.73],
  mu_367 = [3.89],
  mu_368 = [8.79],
  mu_369 = [6.15],
  mu_3610 = [5.66],
  mu_3611 = [7.81],
  mu_3612 = [4.47],
  mu_3613 = [3.69],
  mu_3614 = [3.42],
  mu_3615 = [7.25],
  mu_3616 = [3.70],
  mu_3617 = [7.76],
  mu_3618 = [7.40],
  mu_3619 = [4.86],
  mu_3620 = [6.56],
  mu_371 = [7.21],
  mu_372 = [5.96],
  mu_373 = [5.70],
  mu_374 = [5.97],
  mu_375 = [7.73],
  mu_376 = [2.78],
  mu_377 = [4.82],
  mu_378 = [3.69],
  mu_379 = [5.60],
  mu_3710 = [6.94],
  mu_3711 = [5.98],
  mu_3712 = [7.70],
  mu_3713 = [4.99],
  mu_3714 = [4.34],
  mu_3715 = [3.16],
  mu_3716 = [7.83],
  mu_3717 = [5.73],
  mu_3718 = [4.61],
  mu_3719 = [8.58],
  mu_3720 = [7.32],
  mu_381 = [5.02],
  mu_382 = [5.70],
  mu_383 = [3.11],
  mu_384 = [7.04],
  mu_385 = [3.30],
  mu_386 = [7.46],
  mu_387 = [2.68],
  mu_388 = [2.83],
  mu_389 = [5.70],
  mu_3810 = [5.76],
  mu_3811 = [4.47],
  mu_3812 = [6.43],
  mu_3813 = [7.17],
  mu_3814 = [3.16],
  mu_3815 = [7.38],
  mu_3816 = [7.11],
  mu_3817 = [6.33],
  mu_3818 = [8.25],
  mu_3819 = [5.30],
  mu_3820 = [7.87],
  mu_391 = [2.92],
  mu_392 = [4.25],
  mu_393 = [5.78],
  mu_394 = [5.50],
  mu_395 = [7.71],
  mu_396 = [2.94],
  mu_397 = [2.41],
  mu_398 = [2.24],
  mu_399 = [9.17],
  mu_3910 = [6.00],
  mu_3911 = [8.13],
  mu_3912 = [5.15],
  mu_3913 = [6.52],
  mu_3914 = [2.71],
  mu_3915 = [3.36],
  mu_3916 = [2.49],
  mu_3917 = [8.04],
  mu_3918 = [4.42],
  mu_3919 = [3.37],
  mu_3920 = [7.61],
  mu_401 = [5.71],
  mu_402 = [7.92],
  mu_403 = [6.66],
  mu_404 = [4.60],
  mu_405 = [3.03],
  mu_406 = [4.93],
  mu_407 = [2.51],
  mu_408 = [3.27],
  mu_409 = [2.76],
  mu_4010 = [2.13],
  mu_4011 = [2.60],
  mu_4012 = [6.96],
  mu_4013 = [4.41],
  mu_4014 = [8.29],
  mu_4015 = [2.48],
  mu_4016 = [4.31],
  mu_4017 = [3.71],
  mu_4018 = [6.51],
  mu_4019 = [6.76],
  mu_4020 = [6.31],
  mu_411 = [4.61],
  mu_412 = [7.55],
  mu_413 = [7.89],
  mu_414 = [5.09],
  mu_415 = [6.32],
  mu_416 = [3.59],
  mu_417 = [5.42],
  mu_418 = [3.91],
  mu_419 = [4.54],
  mu_4110 = [6.05],
  mu_4111 = [8.73],
  mu_4112 = [2.98],
  mu_4113 = [3.89],
  mu_4114 = [8.42],
  mu_4115 = [2.75],
  mu_4116 = [6.80],
  mu_4117 = [4.46],
  mu_4118 = [7.15],
  mu_4119 = [4.92],
  mu_4120 = [8.78],
  mu_421 = [8.11],
  mu_422 = [3.28],
  mu_423 = [3.26],
  mu_424 = [8.73],
  mu_425 = [2.59],
  mu_426 = [8.04],
  mu_427 = [4.95],
  mu_428 = [8.03],
  mu_429 = [4.32],
  mu_4210 = [4.24],
  mu_4211 = [2.27],
  mu_4212 = [6.68],
  mu_4213 = [6.41],
  mu_4214 = [5.09],
  mu_4215 = [6.91],
  mu_4216 = [8.23],
  mu_4217 = [4.88],
  mu_4218 = [2.88],
  mu_4219 = [6.57],
  mu_4220 = [3.97],
  mu_431 = [6.11],
  mu_432 = [6.82],
  mu_433 = [7.06],
  mu_434 = [1.99],
  mu_435 = [2.77],
  mu_436 = [5.31],
  mu_437 = [5.17],
  mu_438 = [4.72],
  mu_439 = [7.24],
  mu_4310 = [6.02],
  mu_4311 = [8.78],
  mu_4312 = [5.46],
  mu_4313 = [5.65],
  mu_4314 = [8.06],
  mu_4315 = [4.25],
  mu_4316 = [5.57],
  mu_4317 = [5.73],
  mu_4318 = [6.36],
  mu_4319 = [3.04],
  mu_4320 = [3.18],
  mu_441 = [3.62],
  mu_442 = [6.14],
  mu_443 = [6.39],
  mu_444 = [2.53],
  mu_445 = [8.56],
  mu_446 = [5.41],
  mu_447 = [4.20],
  mu_448 = [6.55],
  mu_449 = [3.58],
  mu_4410 = [3.14],
  mu_4411 = [3.42],
  mu_4412 = [2.42],
  mu_4413 = [5.23],
  mu_4414 = [8.92],
  mu_4415 = [5.76],
  mu_4416 = [4.43],
  mu_4417 = [4.14],
  mu_4418 = [5.38],
  mu_4419 = [5.74],
  mu_4420 = [6.33],
  mu_451 = [3.94],
  mu_452 = [8.52],
  mu_453 = [7.92],
  mu_454 = [6.22],
  mu_455 = [4.24],
  mu_456 = [6.12],
  mu_457 = [2.85],
  mu_458 = [2.05],
  mu_459 = [3.65],
  mu_4510 = [5.79],
  mu_4511 = [3.01],
  mu_4512 = [8.19],
  mu_4513 = [5.60],
  mu_4514 = [8.02],
  mu_4515 = [4.87],
  mu_4516 = [4.38],
  mu_4517 = [9.18],
  mu_4518 = [3.09],
  mu_4519 = [7.57],
  mu_4520 = [6.98],
  mu_461 = [7.48],
  mu_462 = [4.13],
  mu_463 = [5.92],
  mu_464 = [7.94],
  mu_465 = [4.95],
  mu_466 = [5.70],
  mu_467 = [3.62],
  mu_468 = [5.48],
  mu_469 = [8.34],
  mu_4610 = [6.43],
  mu_4611 = [6.15],
  mu_4612 = [7.72],
  mu_4613 = [7.80],
  mu_4614 = [5.21],
  mu_4615 = [7.01],
  mu_4616 = [9.03],
  mu_4617 = [3.46],
  mu_4618 = [3.75],
  mu_4619 = [3.15],
  mu_4620 = [3.47],
  mu_471 = [2.94],
  mu_472 = [3.63],
  mu_473 = [2.23],
  mu_474 = [7.86],
  mu_475 = [5.87],
  mu_476 = [7.14],
  mu_477 = [5.71],
  mu_478 = [9.16],
  mu_479 = [4.19],
  mu_4710 = [4.44],
  mu_4711 = [6.77],
  mu_4712 = [2.33],
  mu_4713 = [7.14],
  mu_4714 = [4.13],
  mu_4715 = [4.01],
  mu_4716 = [1.89],
  mu_4717 = [8.36],
  mu_4718 = [4.97],
  mu_4719 = [5.33],
  mu_4720 = [4.44],
  mu_481 = [3.25],
  mu_482 = [6.96],
  mu_483 = [4.14],
  mu_484 = [4.43],
  mu_485 = [5.75],
  mu_486 = [3.16],
  mu_487 = [3.23],
  mu_488 = [8.39],
  mu_489 = [5.99],
  mu_4810 = [3.67],
  mu_4811 = [3.57],
  mu_4812 = [8.27],
  mu_4813 = [3.90],
  mu_4814 = [4.07],
  mu_4815 = [7.13],
  mu_4816 = [6.16],
  mu_4817 = [4.44],
  mu_4818 = [5.13],
  mu_4819 = [5.82],
  mu_4820 = [8.79],
  mu_491 = [2.41],
  mu_492 = [7.46],
  mu_493 = [2.18],
  mu_494 = [3.72],
  mu_495 = [8.32],
  mu_496 = [2.74],
  mu_497 = [4.01],
  mu_498 = [8.30],
  mu_499 = [4.36],
  mu_4910 = [5.18],
  mu_4911 = [3.99],
  mu_4912 = [7.56],
  mu_4913 = [4.60],
  mu_4914 = [4.89],
  mu_4915 = [4.28],
  mu_4916 = [6.72],
  mu_4917 = [4.08],
  mu_4918 = [6.79],
  mu_4919 = [3.89],
  mu_4920 = [5.95],
  mu_501 = [6.12],
  mu_502 = [3.26],
  mu_503 = [1.77],
  mu_504 = [5.82],
  mu_505 = [8.06],
  mu_506 = [4.55],
  mu_507 = [3.56],
  mu_508 = [7.48],
  mu_509 = [4.25],
  mu_5010 = [7.40],
  mu_5011 = [4.59],
  mu_5012 = [5.92],
  mu_5013 = [8.87],
  mu_5014 = [6.86],
  mu_5015 = [5.98],
  mu_5016 = [4.12],
  mu_5017 = [3.19],
  mu_5018 = [7.03],
  mu_5019 = [7.25],
  mu_5020 = [4.57],
  mu_511 = [4.36],
  mu_512 = [8.65],
  mu_513 = [8.10],
  mu_514 = [2.63],
  mu_515 = [4.78],
  mu_516 = [2.82],
  mu_517 = [5.02],
  mu_518 = [8.26],
  mu_519 = [5.53],
  mu_5110 = [5.61],
  mu_5111 = [5.10],
  mu_5112 = [3.89],
  mu_5113 = [5.62],
  mu_5114 = [5.34],
  mu_5115 = [8.62],
  mu_5116 = [3.05],
  mu_5117 = [5.89],
  mu_5118 = [6.48],
  mu_5119 = [8.09],
  mu_5120 = [2.58],
  mu_521 = [6.38],
  mu_522 = [5.62],
  mu_523 = [4.83],
  mu_524 = [5.93],
  mu_525 = [6.04],
  mu_526 = [4.30],
  mu_527 = [3.09],
  mu_528 = [5.94],
  mu_529 = [7.53],
  mu_5210 = [4.90],
  mu_5211 = [2.02],
  mu_5212 = [5.93],
  mu_5213 = [8.11],
  mu_5214 = [6.76],
  mu_5215 = [2.74],
  mu_5216 = [4.56],
  mu_5217 = [4.69],
  mu_5218 = [5.20],
  mu_5219 = [7.44],
  mu_5220 = [6.42],
  mu_531 = [5.88],
  mu_532 = [2.96],
  mu_533 = [2.43],
  mu_534 = [2.97],
  mu_535 = [8.10],
  mu_536 = [2.76],
  mu_537 = [3.33],
  mu_538 = [2.89],
  mu_539 = [7.45],
  mu_5310 = [6.70],
  mu_5311 = [8.35],
  mu_5312 = [1.94],
  mu_5313 = [8.07],
  mu_5314 = [3.71],
  mu_5315 = [5.29],
  mu_5316 = [3.56],
  mu_5317 = [7.65],
  mu_5318 = [6.00],
  mu_5319 = [2.82],
  mu_5320 = [3.82],
  mu_541 = [3.43],
  mu_542 = [2.38],
  mu_543 = [4.43],
  mu_544 = [8.08],
  mu_545 = [5.51],
  mu_546 = [9.09],
  mu_547 = [4.80],
  mu_548 = [3.02],
  mu_549 = [5.14],
  mu_5410 = [2.38],
  mu_5411 = [3.55],
  mu_5412 = [6.08],
  mu_5413 = [8.75],
  mu_5414 = [3.03],
  mu_5415 = [7.89],
  mu_5416 = [3.62],
  mu_5417 = [7.26],
  mu_5418 = [7.20],
  mu_5419 = [7.01],
  mu_5420 = [5.80],
  mu_551 = [2.95],
  mu_552 = [2.93],
  mu_553 = [4.90],
  mu_554 = [7.85],
  mu_555 = [2.71],
  mu_556 = [5.38],
  mu_557 = [1.92],
  mu_558 = [9.11],
  mu_559 = [7.62],
  mu_5510 = [7.57],
  mu_5511 = [5.15],
  mu_5512 = [8.56],
  mu_5513 = [3.12],
  mu_5514 = [5.30],
  mu_5515 = [2.91],
  mu_5516 = [9.26],
  mu_5517 = [7.83],
  mu_5518 = [7.36],
  mu_5519 = [7.56],
  mu_5520 = [7.70],
  mu_561 = [6.09],
  mu_562 = [8.03],
  mu_563 = [4.88],
  mu_564 = [5.88],
  mu_565 = [3.42],
  mu_566 = [1.99],
  mu_567 = [4.29],
  mu_568 = [4.37],
  mu_569 = [5.20],
  mu_5610 = [3.88],
  mu_5611 = [5.78],
  mu_5612 = [4.49],
  mu_5613 = [4.09],
  mu_5614 = [4.81],
  mu_5615 = [6.08],
  mu_5616 = [7.11],
  mu_5617 = [4.63],
  mu_5618 = [8.53],
  mu_5619 = [3.67],
  mu_5620 = [6.13],
  mu_571 = [7.99],
  mu_572 = [4.06],
  mu_573 = [3.81],
  mu_574 = [3.77],
  mu_575 = [5.30],
  mu_576 = [8.01],
  mu_577 = [5.00],
  mu_578 = [3.23],
  mu_579 = [3.39],
  mu_5710 = [6.93],
  mu_5711 = [3.44],
  mu_5712 = [7.15],
  mu_5713 = [6.86],
  mu_5714 = [4.71],
  mu_5715 = [4.63],
  mu_5716 = [4.89],
  mu_5717 = [4.04],
  mu_5718 = [4.53],
  mu_5719 = [3.72],
  mu_5720 = [2.81],
  mu_581 = [3.99],
  mu_582 = [8.66],
  mu_583 = [1.62],
  mu_584 = [5.13],
  mu_585 = [8.69],
  mu_586 = [7.59],
  mu_587 = [6.61],
  mu_588 = [7.06],
  mu_589 = [7.72],
  mu_5810 = [6.04],
  mu_5811 = [5.83],
  mu_5812 = [8.15],
  mu_5813 = [4.36],
  mu_5814 = [3.04],
  mu_5815 = [4.64],
  mu_5816 = [6.66],
  mu_5817 = [8.63],
  mu_5818 = [8.40],
  mu_5819 = [7.45],
  mu_5820 = [6.11],
  mu_591 = [7.98],
  mu_592 = [2.79],
  mu_593 = [3.77],
  mu_594 = [3.69],
  mu_595 = [3.83],
  mu_596 = [3.37],
  mu_597 = [3.12],
  mu_598 = [5.63],
  mu_599 = [5.30],
  mu_5910 = [4.07],
  mu_5911 = [3.75],
  mu_5912 = [5.79],
  mu_5913 = [3.47],
  mu_5914 = [2.35],
  mu_5915 = [2.83],
  mu_5916 = [7.38],
  mu_5917 = [3.71],
  mu_5918 = [6.61],
  mu_5919 = [2.63],
  mu_5920 = [2.12],
  mu_601 = [7.54],
  mu_602 = [3.34],
  mu_603 = [3.61],
  mu_604 = [4.88],
  mu_605 = [6.74],
  mu_606 = [7.06],
  mu_607 = [7.48],
  mu_608 = [3.95],
  mu_609 = [7.94],
  mu_6010 = [4.90],
  mu_6011 = [7.96],
  mu_6012 = [8.61],
  mu_6013 = [5.88],
  mu_6014 = [8.47],
  mu_6015 = [7.36],
  mu_6016 = [8.66],
  mu_6017 = [4.83],
  mu_6018 = [8.11],
  mu_6019 = [7.99],
  mu_6020 = [6.53],
]

Mean Transportation Times (¦Ó_{jk}) = [
  tau_11 = [4.42],
  tau_12 = [4.31],
  tau_13 = [3.85],
  tau_14 = [4.37],
  tau_15 = [3.50],
  tau_16 = [2.37],
  tau_17 = [3.09],
  tau_18 = [4.42],
  tau_19 = [1.72],
  tau_110 = [4.50],
  tau_111 = [3.67],
  tau_112 = [1.50],
  tau_113 = [1.58],
  tau_114 = [1.68],
  tau_115 = [1.75],
  tau_116 = [1.56],
  tau_117 = [4.33],
  tau_118 = [3.16],
  tau_119 = [1.52],
  tau_120 = [1.72],
  tau_21 = [2.48],
  tau_22 = [3.65],
  tau_23 = [2.57],
  tau_24 = [1.51],
  tau_25 = [1.74],
  tau_26 = [2.99],
  tau_27 = [4.64],
  tau_28 = [1.57],
  tau_29 = [2.20],
  tau_210 = [1.60],
  tau_211 = [2.98],
  tau_212 = [4.61],
  tau_213 = [4.25],
  tau_214 = [4.38],
  tau_215 = [3.64],
  tau_216 = [4.54],
  tau_217 = [3.74],
  tau_218 = [1.80],
  tau_219 = [2.23],
  tau_220 = [2.37],
  tau_31 = [2.95],
  tau_32 = [2.91],
  tau_33 = [3.09],
  tau_34 = [4.34],
  tau_35 = [2.19],
  tau_36 = [2.34],
  tau_37 = [1.95],
  tau_38 = [2.99],
  tau_39 = [3.72],
  tau_310 = [3.67],
  tau_311 = [1.78],
  tau_312 = [3.58],
  tau_313 = [1.79],
  tau_314 = [4.28],
  tau_315 = [3.15],
  tau_316 = [4.17],
  tau_317 = [3.14],
  tau_318 = [3.03],
  tau_319 = [2.95],
  tau_320 = [2.41],
  tau_41 = [4.19],
  tau_42 = [1.91],
  tau_43 = [2.33],
  tau_44 = [3.58],
  tau_45 = [4.26],
  tau_46 = [2.92],
  tau_47 = [2.27],
  tau_48 = [2.84],
  tau_49 = [2.83],
  tau_410 = [3.70],
  tau_411 = [4.35],
  tau_412 = [1.66],
  tau_413 = [1.42],
  tau_414 = [4.19],
  tau_415 = [4.38],
  tau_416 = [2.98],
  tau_417 = [3.51],
  tau_418 = [4.64],
  tau_419 = [3.41],
  tau_420 = [1.77],
  tau_51 = [1.58],
  tau_52 = [2.43],
  tau_53 = [2.21],
  tau_54 = [4.08],
  tau_55 = [4.58],
  tau_56 = [4.16],
  tau_57 = [1.97],
  tau_58 = [4.16],
  tau_59 = [1.77],
  tau_510 = [3.84],
  tau_511 = [3.03],
  tau_512 = [4.33],
  tau_513 = [3.51],
  tau_514 = [3.42],
  tau_515 = [1.61],
  tau_516 = [1.51],
  tau_517 = [1.46],
  tau_518 = [3.59],
  tau_519 = [3.81],
  tau_520 = [2.78],
  tau_61 = [4.45],
  tau_62 = [4.42],
  tau_63 = [1.78],
  tau_64 = [2.87],
  tau_65 = [3.73],
  tau_66 = [4.17],
  tau_67 = [2.24],
  tau_68 = [2.21],
  tau_69 = [4.29],
  tau_610 = [1.52],
  tau_611 = [2.17],
  tau_612 = [1.62],
  tau_613 = [2.47],
  tau_614 = [1.73],
  tau_615 = [1.81],
  tau_616 = [3.71],
  tau_617 = [2.81],
  tau_618 = [3.02],
  tau_619 = [2.17],
  tau_620 = [2.42],
  tau_71 = [4.25],
  tau_72 = [4.32],
  tau_73 = [1.73],
  tau_74 = [1.68],
  tau_75 = [1.64],
  tau_76 = [4.24],
  tau_77 = [3.57],
  tau_78 = [3.10],
  tau_79 = [3.03],
  tau_710 = [2.30],
  tau_711 = [4.45],
  tau_712 = [4.46],
  tau_713 = [3.79],
  tau_714 = [3.00],
  tau_715 = [1.99],
  tau_716 = [4.35],
  tau_717 = [2.34],
  tau_718 = [2.51],
  tau_719 = [2.33],
  tau_720 = [3.83],
  tau_81 = [1.67],
  tau_82 = [1.73],
  tau_83 = [4.23],
  tau_84 = [4.26],
  tau_85 = [3.67],
  tau_86 = [2.18],
  tau_87 = [2.49],
  tau_88 = [3.72],
  tau_89 = [4.50],
  tau_810 = [3.07],
  tau_811 = [3.79],
  tau_812 = [4.53],
  tau_813 = [2.25],
  tau_814 = [1.78],
  tau_815 = [1.64],
  tau_816 = [2.88],
  tau_817 = [4.41],
  tau_818 = [2.00],
  tau_819 = [4.29],
  tau_820 = [1.78],
  tau_91 = [4.28],
  tau_92 = [2.83],
  tau_93 = [2.52],
  tau_94 = [4.45],
  tau_95 = [2.43],
  tau_96 = [3.57],
  tau_97 = [2.25],
  tau_98 = [3.67],
  tau_99 = [2.26],
  tau_910 = [4.28],
  tau_911 = [3.54],
  tau_912 = [3.50],
  tau_913 = [4.50],
  tau_914 = [4.19],
  tau_915 = [3.33],
  tau_916 = [1.62],
  tau_917 = [1.78],
  tau_918 = [2.08],
  tau_919 = [1.59],
  tau_920 = [2.33],
  tau_101 = [3.83],
  tau_102 = [2.29],
  tau_103 = [3.81],
  tau_104 = [1.85],
  tau_105 = [2.26],
  tau_106 = [2.34],
  tau_107 = [3.73],
  tau_108 = [3.69],
  tau_109 = [3.56],
  tau_1010 = [3.69],
  tau_1011 = [2.31],
  tau_1012 = [3.88],
  tau_1013 = [2.01],
  tau_1014 = [2.94],
  tau_1015 = [1.60],
  tau_1016 = [2.42],
  tau_1017 = [2.37],
  tau_1018 = [3.71],
  tau_1019 = [3.54],
  tau_1020 = [2.00],
  tau_111 = [3.50],
  tau_112 = [3.12],
  tau_113 = [4.36],
  tau_114 = [3.03],
  tau_115 = [4.24],
  tau_116 = [3.58],
  tau_117 = [4.44],
  tau_118 = [1.42],
  tau_119 = [1.73],
  tau_1110 = [1.78],
  tau_1111 = [4.31],
  tau_1112 = [3.61],
  tau_1113 = [4.28],
  tau_1114 = [1.51],
  tau_1115 = [1.47],
  tau_1116 = [2.33],
  tau_1117 = [4.35],
  tau_1118 = [2.89],
  tau_1119 = [3.75],
  tau_1120 = [1.69],
  tau_121 = [2.14],
  tau_122 = [3.04],
  tau_123 = [1.72],
  tau_124 = [4.33],
  tau_125 = [2.90],
  tau_126 = [1.80],
  tau_127 = [3.12],
  tau_128 = [2.33],
  tau_129 = [3.95],
  tau_1210 = [3.00],
  tau_1211 = [3.11],
  tau_1212 = [2.50],
  tau_1213 = [2.92],
  tau_1214 = [3.68],
  tau_1215 = [4.40],
  tau_1216 = [1.42],
  tau_1217 = [3.56],
  tau_1218 = [3.72],
  tau_1219 = [3.09],
  tau_1220 = [2.93],
  tau_131 = [1.52],
  tau_132 = [2.32],
  tau_133 = [2.86],
  tau_134 = [2.95],
  tau_135 = [3.03],
  tau_136 = [3.10],
  tau_137 = [4.16],
  tau_138 = [3.61],
  tau_139 = [2.98],
  tau_1310 = [4.11],
  tau_1311 = [4.60],
  tau_1312 = [2.66],
  tau_1313 = [4.53],
  tau_1314 = [2.13],
  tau_1315 = [4.41],
  tau_1316 = [3.89],
  tau_1317 = [4.36],
  tau_1318 = [2.49],
  tau_1319 = [2.33],
  tau_1320 = [4.30],
  tau_141 = [3.81],
  tau_142 = [3.72],
  tau_143 = [2.12],
  tau_144 = [3.64],
  tau_145 = [4.30],
  tau_146 = [1.34],
  tau_147 = [2.38],
  tau_148 = [3.77],
  tau_149 = [2.41],
  tau_1410 = [3.02],
  tau_1411 = [4.30],
  tau_1412 = [4.70],
  tau_1413 = [1.47],
  tau_1414 = [1.73],
  tau_1415 = [4.28],
  tau_1416 = [2.26],
  tau_1417 = [3.08],
  tau_1418 = [3.47],
  tau_1419 = [2.44],
  tau_1420 = [4.16],
  tau_151 = [4.12],
  tau_152 = [3.59],
  tau_153 = [1.92],
  tau_154 = [2.89],
  tau_155 = [2.31],
  tau_156 = [4.56],
  tau_157 = [2.23],
  tau_158 = [2.91],
  tau_159 = [3.66],
  tau_1510 = [2.85],
  tau_1511 = [4.41],
  tau_1512 = [4.34],
  tau_1513 = [2.38],
  tau_1514 = [3.93],
  tau_1515 = [1.55],
  tau_1516 = [4.24],
  tau_1517 = [3.06],
  tau_1518 = [4.42],
  tau_1519 = [3.68],
  tau_1520 = [4.48],
  tau_161 = [4.46],
  tau_162 = [3.68],
  tau_163 = [2.96],
  tau_164 = [4.43],
  tau_165 = [1.71],
  tau_166 = [1.79],
  tau_167 = [3.06],
  tau_168 = [3.17],
  tau_169 = [2.31],
  tau_1610 = [1.72],
  tau_1611 = [3.54],
  tau_1612 = [4.34],
  tau_1613 = [2.57],
  tau_1614 = [4.58],
  tau_1615 = [1.89],
  tau_1616 = [1.69],
  tau_1617 = [3.02],
  tau_1618 = [4.38],
  tau_1619 = [1.59],
  tau_1620 = [3.11],
  tau_171 = [3.60],
  tau_172 = [2.16],
  tau_173 = [1.80],
  tau_174 = [2.58],
  tau_175 = [4.21],
  tau_176 = [3.02],
  tau_177 = [1.72],
  tau_178 = [1.52],
  tau_179 = [2.94],
  tau_1710 = [2.96],
  tau_1711 = [2.92],
  tau_1712 = [2.87],
  tau_1713 = [2.88],
  tau_1714 = [1.89],
  tau_1715 = [4.31],
  tau_1716 = [3.58],
  tau_1717 = [1.66],
  tau_1718 = [1.62],
  tau_1719 = [3.62],
  tau_1720 = [3.17],
  tau_181 = [2.34],
  tau_182 = [3.06],
  tau_183 = [1.78],
  tau_184 = [3.57],
  tau_185 = [3.00],
  tau_186 = [2.21],
  tau_187 = [4.44],
  tau_188 = [3.16],
  tau_189 = [3.07],
  tau_1810 = [3.77],
  tau_1811 = [3.61],
  tau_1812 = [1.53],
  tau_1813 = [4.36],
  tau_1814 = [1.88],
  tau_1815 = [2.86],
  tau_1816 = [4.04],
  tau_1817 = [3.72],
  tau_1818 = [4.75],
  tau_1819 = [3.14],
  tau_1820 = [3.63],
  tau_191 = [2.51],
  tau_192 = [2.39],
  tau_193 = [2.44],
  tau_194 = [1.61],
  tau_195 = [4.40],
  tau_196 = [4.49],
  tau_197 = [3.08],
  tau_198 = [2.96],
  tau_199 = [3.83],
  tau_1910 = [3.49],
  tau_1911 = [3.86],
  tau_1912 = [1.48],
  tau_1913 = [1.53],
  tau_1914 = [1.90],
  tau_1915 = [2.34],
  tau_1916 = [1.75],
  tau_1917 = [3.69],
  tau_1918 = [1.53],
  tau_1919 = [2.43],
  tau_1920 = [2.21],
  tau_201 = [2.22],
  tau_202 = [1.45],
  tau_203 = [2.74],
  tau_204 = [1.41],
  tau_205 = [3.72],
  tau_206 = [4.16],
  tau_207 = [2.90],
  tau_208 = [3.72],
  tau_209 = [3.69],
  tau_2010 = [2.42],
  tau_2011 = [4.09],
  tau_2012 = [3.08],
  tau_2013 = [2.92],
  tau_2014 = [1.67],
  tau_2015 = [3.64],
  tau_2016 = [3.70],
  tau_2017 = [3.60],
  tau_2018 = [3.09],
  tau_2019 = [1.41],
  tau_2020 = [3.73],
  tau_211 = [4.18],
  tau_212 = [2.94],
  tau_213 = [4.07],
  tau_214 = [1.72],
  tau_215 = [3.08],
  tau_216 = [4.46],
  tau_217 = [2.34],
  tau_218 = [1.52],
  tau_219 = [1.49],
  tau_2110 = [1.70],
  tau_2111 = [2.96],
  tau_2112 = [4.72],
  tau_2113 = [2.62],
  tau_2114 = [2.27],
  tau_2115 = [4.51],
  tau_2116 = [2.87],
  tau_2117 = [2.43],
  tau_2118 = [2.94],
  tau_2119 = [2.35],
  tau_2120 = [1.82],
  tau_221 = [2.23],
  tau_222 = [3.79],
  tau_223 = [2.29],
  tau_224 = [2.86],
  tau_225 = [4.33],
  tau_226 = [4.30],
  tau_227 = [3.13],
  tau_228 = [4.35],
  tau_229 = [3.08],
  tau_2210 = [2.32],
  tau_2211 = [3.14],
  tau_2212 = [2.99],
  tau_2213 = [4.47],
  tau_2214 = [3.46],
  tau_2215 = [4.36],
  tau_2216 = [2.27],
  tau_2217 = [4.52],
  tau_2218 = [2.96],
  tau_2219 = [1.65],
  tau_2220 = [2.55],
  tau_231 = [4.09],
  tau_232 = [1.39],
  tau_233 = [4.36],
  tau_234 = [2.82],
  tau_235 = [3.06],
  tau_236 = [2.11],
  tau_237 = [2.38],
  tau_238 = [4.72],
  tau_239 = [3.16],
  tau_2310 = [1.72],
  tau_2311 = [2.43],
  tau_2312 = [2.45],
  tau_2313 = [3.53],
  tau_2314 = [2.24],
  tau_2315 = [2.41],
  tau_2316 = [1.79],
  tau_2317 = [3.04],
  tau_2318 = [3.39],
  tau_2319 = [2.93],
  tau_2320 = [2.97],
  tau_241 = [2.16],
  tau_242 = [4.23],
  tau_243 = [1.94],
  tau_244 = [2.22],
  tau_245 = [1.51],
  tau_246 = [1.75],
  tau_247 = [2.45],
  tau_248 = [1.57],
  tau_249 = [3.65],
  tau_2410 = [4.35],
  tau_2411 = [2.92],
  tau_2412 = [1.50],
  tau_2413 = [3.54],
  tau_2414 = [3.61],
  tau_2415 = [3.03],
  tau_2416 = [2.39],
  tau_2417 = [2.81],
  tau_2418 = [3.01],
  tau_2419 = [4.21],
  tau_2420 = [1.55],
  tau_251 = [3.56],
  tau_252 = [4.41],
  tau_253 = [4.03],
  tau_254 = [3.51],
  tau_255 = [4.26],
  tau_256 = [3.10],
  tau_257 = [3.03],
  tau_258 = [2.12],
  tau_259 = [2.36],
  tau_2510 = [1.77],
  tau_2511 = [2.99],
  tau_2512 = [3.53],
  tau_2513 = [2.94],
  tau_2514 = [4.01],
  tau_2515 = [1.60],
  tau_2516 = [2.22],
  tau_2517 = [2.79],
  tau_2518 = [3.86],
  tau_2519 = [3.03],
  tau_2520 = [3.68],
  tau_261 = [1.66],
  tau_262 = [4.64],
  tau_263 = [2.42],
  tau_264 = [1.85],
  tau_265 = [3.56],
  tau_266 = [4.18],
  tau_267 = [2.92],
  tau_268 = [3.80],
  tau_269 = [4.38],
  tau_2610 = [2.50],
  tau_2611 = [2.32],
  tau_2612 = [4.21],
  tau_2613 = [3.04],
  tau_2614 = [4.33],
  tau_2615 = [3.00],
  tau_2616 = [4.07],
  tau_2617 = [1.36],
  tau_2618 = [4.34],
  tau_2619 = [1.69],
  tau_2620 = [3.20],
  tau_271 = [2.15],
  tau_272 = [4.36],
  tau_273 = [1.38],
  tau_274 = [4.29],
  tau_275 = [2.44],
  tau_276 = [3.75],
  tau_277 = [3.11],
  tau_278 = [2.98],
  tau_279 = [3.76],
  tau_2710 = [3.46],
  tau_2711 = [3.61],
  tau_2712 = [1.89],
  tau_2713 = [1.66],
  tau_2714 = [3.56],
  tau_2715 = [2.84],
  tau_2716 = [1.66],
  tau_2717 = [1.78],
  tau_2718 = [3.95],
  tau_2719 = [4.39],
  tau_2720 = [3.67],
  tau_281 = [2.91],
  tau_282 = [3.75],
  tau_283 = [2.40],
  tau_284 = [4.47],
  tau_285 = [1.23],
  tau_286 = [1.77],
  tau_287 = [3.01],
  tau_288 = [3.02],
  tau_289 = [2.89],
  tau_2810 = [2.48],
  tau_2811 = [3.05],
  tau_2812 = [4.27],
  tau_2813 = [2.51],
  tau_2814 = [4.11],
  tau_2815 = [2.31],
  tau_2816 = [2.12],
  tau_2817 = [2.29],
  tau_2818 = [3.07],
  tau_2819 = [3.70],
  tau_2820 = [3.80],
  tau_291 = [4.08],
  tau_292 = [2.98],
  tau_293 = [2.55],
  tau_294 = [4.39],
  tau_295 = [2.84],
  tau_296 = [2.98],
  tau_297 = [4.03],
  tau_298 = [3.75],
  tau_299 = [4.67],
  tau_2910 = [3.25],
  tau_2911 = [2.18],
  tau_2912 = [1.77],
  tau_2913 = [2.90],
  tau_2914 = [2.35],
  tau_2915 = [3.56],
  tau_2916 = [2.43],
  tau_2917 = [2.97],
  tau_2918 = [2.88],
  tau_2919 = [3.09],
  tau_2920 = [4.06],
  tau_301 = [4.47],
  tau_302 = [2.97],
  tau_303 = [2.21],
  tau_304 = [1.82],
  tau_305 = [2.35],
  tau_306 = [1.54],
  tau_307 = [1.65],
  tau_308 = [3.73],
  tau_309 = [4.27],
  tau_3010 = [2.36],
  tau_3011 = [1.81],
  tau_3012 = [2.23],
  tau_3013 = [1.80],
  tau_3014 = [1.81],
  tau_3015 = [4.35],
  tau_3016 = [3.04],
  tau_3017 = [2.53],
  tau_3018 = [1.70],
  tau_3019 = [2.44],
  tau_3020 = [2.11],
  tau_311 = [2.48],
  tau_312 = [2.95],
  tau_313 = [3.01],
  tau_314 = [2.43],
  tau_315 = [3.61],
  tau_316 = [3.93],
  tau_317 = [2.43],
  tau_318 = [4.40],
  tau_319 = [3.20],
  tau_3110 = [2.16],
  tau_3111 = [3.56],
  tau_3112 = [1.58],
  tau_3113 = [3.66],
  tau_3114 = [3.11],
  tau_3115 = [1.75],
  tau_3116 = [3.09],
  tau_3117 = [3.79],
  tau_3118 = [4.09],
  tau_3119 = [1.47],
  tau_3120 = [3.57],
  tau_321 = [2.99],
  tau_322 = [1.81],
  tau_323 = [1.76],
  tau_324 = [4.37],
  tau_325 = [3.63],
  tau_326 = [1.55],
  tau_327 = [3.54],
  tau_328 = [2.36],
  tau_329 = [2.18],
  tau_3210 = [3.52],
  tau_3211 = [1.64],
  tau_3212 = [2.31],
  tau_3213 = [1.94],
  tau_3214 = [2.46],
  tau_3215 = [3.08],
  tau_3216 = [4.19],
  tau_3217 = [4.49],
  tau_3218 = [4.33],
  tau_3219 = [3.03],
  tau_3220 = [3.69],
  tau_331 = [3.89],
  tau_332 = [1.55],
  tau_333 = [4.38],
  tau_334 = [4.33],
  tau_335 = [2.31],
  tau_336 = [2.16],
  tau_337 = [1.76],
  tau_338 = [2.87],
  tau_339 = [3.72],
  tau_3310 = [2.86],
  tau_3311 = [3.66],
  tau_3312 = [3.73],
  tau_3313 = [2.38],
  tau_3314 = [1.83],
  tau_3315 = [3.13],
  tau_3316 = [3.72],
  tau_3317 = [1.81],
  tau_3318 = [2.05],
  tau_3319 = [3.65],
  tau_3320 = [3.69],
  tau_341 = [3.68],
  tau_342 = [3.66],
  tau_343 = [4.26],
  tau_344 = [4.57],
  tau_345 = [3.15],
  tau_346 = [2.99],
  tau_347 = [2.36],
  tau_348 = [1.83],
  tau_349 = [1.47],
  tau_3410 = [2.41],
  tau_3411 = [3.10],
  tau_3412 = [2.94],
  tau_3413 = [1.62],
  tau_3414 = [4.01],
  tau_3415 = [3.03],
  tau_3416 = [1.77],
  tau_3417 = [1.67],
  tau_3418 = [4.32],
  tau_3419 = [4.32],
  tau_3420 = [2.31],
  tau_351 = [2.27],
  tau_352 = [3.63],
  tau_353 = [3.53],
  tau_354 = [3.67],
  tau_355 = [2.26],
  tau_356 = [3.77],
  tau_357 = [2.29],
  tau_358 = [2.35],
  tau_359 = [3.57],
  tau_3510 = [1.42],
  tau_3511 = [1.59],
  tau_3512 = [3.10],
  tau_3513 = [1.79],
  tau_3514 = [4.17],
  tau_3515 = [2.42],
  tau_3516 = [3.78],
  tau_3517 = [3.62],
  tau_3518 = [4.10],
  tau_3519 = [2.97],
  tau_3520 = [3.59],
  tau_361 = [2.27],
  tau_362 = [4.61],
  tau_363 = [3.56],
  tau_364 = [2.21],
  tau_365 = [2.97],
  tau_366 = [1.52],
  tau_367 = [1.70],
  tau_368 = [3.73],
  tau_369 = [3.09],
  tau_3610 = [4.20],
  tau_3611 = [1.54],
  tau_3612 = [3.02],
  tau_3613 = [1.50],
  tau_3614 = [3.69],
  tau_3615 = [1.55],
  tau_3616 = [2.93],
  tau_3617 = [1.85],
  tau_3618 = [2.32],
  tau_3619 = [3.69],
  tau_3620 = [3.11],
  tau_371 = [2.42],
  tau_372 = [2.32],
  tau_373 = [2.46],
  tau_374 = [3.21],
  tau_375 = [2.98],
  tau_376 = [2.39],
  tau_377 = [4.26],
  tau_378 = [2.97],
  tau_379 = [1.68],
  tau_3710 = [2.30],
  tau_3711 = [2.48],
  tau_3712 = [4.25],
  tau_3713 = [2.45],
  tau_3714 = [3.02],
  tau_3715 = [2.30],
  tau_3716 = [4.49],
  tau_3717 = [3.45],
  tau_3718 = [2.40],
  tau_3719 = [3.05],
  tau_3720 = [3.90],
  tau_381 = [3.59],
  tau_382 = [3.02],
  tau_383 = [3.55],
  tau_384 = [3.19],
  tau_385 = [3.84],
  tau_386 = [2.92],
  tau_387 = [1.60],
  tau_388 = [1.76],
  tau_389 = [3.77],
  tau_3810 = [3.77],
  tau_3811 = [3.38],
  tau_3812 = [3.40],
  tau_3813 = [2.23],
  tau_3814 = [4.13],
  tau_3815 = [1.72],
  tau_3816 = [1.78],
  tau_3817 = [3.72],
  tau_3818 = [3.43],
  tau_3819 = [2.98],
  tau_3820 = [3.84],
  tau_391 = [1.72],
  tau_392 = [3.52],
  tau_393 = [1.76],
  tau_394 = [3.94],
  tau_395 = [2.90],
  tau_396 = [3.72],
  tau_397 = [2.82],
  tau_398 = [2.17],
  tau_399 = [1.86],
  tau_3910 = [2.46],
  tau_3911 = [2.33],
  tau_3912 = [2.32],
  tau_3913 = [2.39],
  tau_3914 = [3.67],
  tau_3915 = [3.72],
  tau_3916 = [2.41],
  tau_3917 = [2.20],
  tau_3918 = [3.02],
  tau_3919 = [3.68],
  tau_3920 = [4.40],
  tau_401 = [3.76],
  tau_402 = [4.36],
  tau_403 = [4.53],
  tau_404 = [3.74],
  tau_405 = [1.40],
  tau_406 = [3.82],
  tau_407 = [3.70],
  tau_408 = [1.60],
  tau_409 = [4.29],
  tau_4010 = [1.62],
  tau_4011 = [2.96],
  tau_4012 = [2.29],
  tau_4013 = [3.02],
  tau_4014 = [4.26],
  tau_4015 = [3.66],
  tau_4016 = [4.45],
  tau_4017 = [3.70],
  tau_4018 = [3.50],
  tau_4019 = [4.34],
  tau_4020 = [2.58],
  tau_411 = [2.34],
  tau_412 = [2.51],
  tau_413 = [2.90],
  tau_414 = [4.22],
  tau_415 = [3.07],
  tau_416 = [3.69],
  tau_417 = [1.70],
  tau_418 = [3.10],
  tau_419 = [4.41],
  tau_4110 = [3.66],
  tau_4111 = [1.71],
  tau_4112 = [3.03],
  tau_4113 = [1.68],
  tau_4114 = [3.13],
  tau_4115 = [2.99],
  tau_4116 = [4.21],
  tau_4117 = [4.23],
  tau_4118 = [2.22],
  tau_4119 = [4.28],
  tau_4120 = [2.22],
  tau_421 = [1.48],
  tau_422 = [4.26],
  tau_423 = [2.20],
  tau_424 = [3.86],
  tau_425 = [2.36],
  tau_426 = [4.45],
  tau_427 = [2.87],
  tau_428 = [3.63],
  tau_429 = [1.66],
  tau_4210 = [3.76],
  tau_4211 = [1.66],
  tau_4212 = [4.41],
  tau_4213 = [2.29],
  tau_4214 = [1.66],
  tau_4215 = [2.31],
  tau_4216 = [2.33],
  tau_4217 = [4.68],
  tau_4218 = [2.92],
  tau_4219 = [3.01],
  tau_4220 = [4.37],
  tau_431 = [3.73],
  tau_432 = [3.72],
  tau_433 = [1.76],
  tau_434 = [4.35],
  tau_435 = [1.67],
  tau_436 = [3.09],
  tau_437 = [3.04],
  tau_438 = [4.02],
  tau_439 = [2.31],
  tau_4310 = [4.51],
  tau_4311 = [1.32],
  tau_4312 = [1.57],
  tau_4313 = [3.94],
  tau_4314 = [2.97],
  tau_4315 = [2.94],
  tau_4316 = [1.98],
  tau_4317 = [1.66],
  tau_4318 = [2.13],
  tau_4319 = [2.31],
  tau_4320 = [3.77],
  tau_441 = [3.63],
  tau_442 = [4.37],
  tau_443 = [2.36],
  tau_444 = [4.51],
  tau_445 = [4.11],
  tau_446 = [2.84],
  tau_447 = [2.41],
  tau_448 = [2.51],
  tau_449 = [2.26],
  tau_4410 = [2.94],
  tau_4411 = [1.97],
  tau_4412 = [3.58],
  tau_4413 = [1.67],
  tau_4414 = [4.20],
  tau_4415 = [1.67],
  tau_4416 = [2.26],
  tau_4417 = [3.74],
  tau_4418 = [3.73],
  tau_4419 = [2.30],
  tau_4420 = [1.69],
  tau_451 = [3.81],
  tau_452 = [4.12],
  tau_453 = [2.41],
  tau_454 = [3.11],
  tau_455 = [3.60],
  tau_456 = [3.76],
  tau_457 = [3.51],
  tau_458 = [2.72],
  tau_459 = [1.75],
  tau_4510 = [4.42],
  tau_4511 = [4.53],
  tau_4512 = [2.89],
  tau_4513 = [4.43],
  tau_4514 = [4.43],
  tau_4515 = [3.03],
  tau_4516 = [2.38],
  tau_4517 = [2.24],
  tau_4518 = [2.25],
  tau_4519 = [3.76],
  tau_4520 = [3.48],
  tau_461 = [3.65],
  tau_462 = [3.57],
  tau_463 = [2.21],
  tau_464 = [1.90],
  tau_465 = [2.45],
  tau_466 = [2.30],
  tau_467 = [2.92],
  tau_468 = [4.09],
  tau_469 = [4.30],
  tau_4610 = [3.73],
  tau_4611 = [2.18],
  tau_4612 = [3.60],
  tau_4613 = [3.81],
  tau_4614 = [2.86],
  tau_4615 = [1.81],
  tau_4616 = [2.61],
  tau_4617 = [3.60],
  tau_4618 = [2.96],
  tau_4619 = [2.39],
  tau_4620 = [1.52],
  tau_471 = [3.71],
  tau_472 = [3.62],
  tau_473 = [2.35],
  tau_474 = [3.10],
  tau_475 = [1.66],
  tau_476 = [4.30],
  tau_477 = [3.05],
  tau_478 = [1.51],
  tau_479 = [2.38],
  tau_4710 = [1.89],
  tau_4711 = [2.99],
  tau_4712 = [2.23],
  tau_4713 = [2.91],
  tau_4714 = [3.56],
  tau_4715 = [2.89],
  tau_4716 = [4.44],
  tau_4717 = [2.48],
  tau_4718 = [2.41],
  tau_4719 = [4.48],
  tau_4720 = [2.28],
  tau_481 = [1.78],
  tau_482 = [3.78],
  tau_483 = [3.85],
  tau_484 = [2.34],
  tau_485 = [4.26],
  tau_486 = [3.06],
  tau_487 = [1.94],
  tau_488 = [1.60],
  tau_489 = [4.59],
  tau_4810 = [2.57],
  tau_4811 = [4.22],
  tau_4812 = [2.96],
  tau_4813 = [1.72],
  tau_4814 = [3.72],
  tau_4815 = [1.58],
  tau_4816 = [3.72],
  tau_4817 = [2.56],
  tau_4818 = [1.60],
  tau_4819 = [3.01],
  tau_4820 = [2.09],
  tau_491 = [4.14],
  tau_492 = [4.46],
  tau_493 = [2.60],
  tau_494 = [3.70],
  tau_495 = [1.50],
  tau_496 = [2.22],
  tau_497 = [2.47],
  tau_498 = [3.62],
  tau_499 = [3.05],
  tau_4910 = [2.24],
  tau_4911 = [3.17],
  tau_4912 = [1.43],
  tau_4913 = [1.36],
  tau_4914 = [2.45],
  tau_4915 = [4.51],
  tau_4916 = [1.82],
  tau_4917 = [2.93],
  tau_4918 = [2.15],
  tau_4919 = [3.03],
  tau_4920 = [2.48],
  tau_501 = [3.75],
  tau_502 = [1.83],
  tau_503 = [4.13],
  tau_504 = [1.91],
  tau_505 = [2.96],
  tau_506 = [2.36],
  tau_507 = [4.26],
  tau_508 = [2.89],
  tau_509 = [4.25],
  tau_5010 = [3.10],
  tau_5011 = [2.53],
  tau_5012 = [2.27],
  tau_5013 = [2.89],
  tau_5014 = [2.51],
  tau_5015 = [1.80],
  tau_5016 = [2.54],
  tau_5017 = [1.77],
  tau_5018 = [4.16],
  tau_5019 = [4.42],
  tau_5020 = [4.44],
  tau_511 = [3.58],
  tau_512 = [2.08],
  tau_513 = [3.62],
  tau_514 = [4.31],
  tau_515 = [1.84],
  tau_516 = [3.22],
  tau_517 = [1.56],
  tau_518 = [4.43],
  tau_519 = [4.50],
  tau_5110 = [4.38],
  tau_5111 = [4.14],
  tau_5112 = [4.19],
  tau_5113 = [3.34],
  tau_5114 = [1.72],
  tau_5115 = [1.65],
  tau_5116 = [4.61],
  tau_5117 = [3.66],
  tau_5118 = [3.72],
  tau_5119 = [2.36],
  tau_5120 = [3.58],
  tau_521 = [1.85],
  tau_522 = [1.70],
  tau_523 = [3.74],
  tau_524 = [4.23],
  tau_525 = [2.24],
  tau_526 = [2.26],
  tau_527 = [3.13],
  tau_528 = [4.66],
  tau_529 = [3.94],
  tau_5210 = [2.41],
  tau_5211 = [4.46],
  tau_5212 = [3.80],
  tau_5213 = [3.45],
  tau_5214 = [3.55],
  tau_5215 = [2.99],
  tau_5216 = [2.52],
  tau_5217 = [1.71],
  tau_5218 = [2.30],
  tau_5219 = [2.26],
  tau_5220 = [3.01],
  tau_531 = [3.56],
  tau_532 = [3.18],
  tau_533 = [2.11],
  tau_534 = [2.56],
  tau_535 = [4.47],
  tau_536 = [3.00],
  tau_537 = [1.56],
  tau_538 = [2.99],
  tau_539 = [3.74],
  tau_5310 = [3.46],
  tau_5311 = [1.96],
  tau_5312 = [3.68],
  tau_5313 = [3.44],
  tau_5314 = [4.49],
  tau_5315 = [4.52],
  tau_5316 = [3.00],
  tau_5317 = [3.76],
  tau_5318 = [2.00],
  tau_5319 = [3.59],
  tau_5320 = [3.53],
  tau_541 = [2.83],
  tau_542 = [3.70],
  tau_543 = [1.51],
  tau_544 = [1.62],
  tau_545 = [1.54],
  tau_546 = [2.92],
  tau_547 = [4.74],
  tau_548 = [3.06],
  tau_549 = [2.37],
  tau_5410 = [3.75],
  tau_5411 = [4.32],
  tau_5412 = [3.93],
  tau_5413 = [2.19],
  tau_5414 = [1.66],
  tau_5415 = [3.38],
  tau_5416 = [4.53],
  tau_5417 = [4.11],
  tau_5418 = [1.87],
  tau_5419 = [2.31],
  tau_5420 = [3.70],
  tau_551 = [1.67],
  tau_552 = [1.62],
  tau_553 = [2.55],
  tau_554 = [4.24],
  tau_555 = [3.91],
  tau_556 = [3.59],
  tau_557 = [4.46],
  tau_558 = [4.46],
  tau_559 = [3.67],
  tau_5510 = [4.11],
  tau_5511 = [3.62],
  tau_5512 = [1.83],
  tau_5513 = [2.31],
  tau_5514 = [1.37],
  tau_5515 = [4.40],
  tau_5516 = [4.31],
  tau_5517 = [4.46],
  tau_5518 = [3.14],
  tau_5519 = [3.73],
  tau_5520 = [2.41],
  tau_561 = [2.37],
  tau_562 = [4.61],
  tau_563 = [3.58],
  tau_564 = [2.93],
  tau_565 = [2.86],
  tau_566 = [4.17],
  tau_567 = [3.73],
  tau_568 = [1.49],
  tau_569 = [4.65],
  tau_5610 = [1.71],
  tau_5611 = [1.78],
  tau_5612 = [3.57],
  tau_5613 = [2.95],
  tau_5614 = [2.56],
  tau_5615 = [2.18],
  tau_5616 = [3.55],
  tau_5617 = [2.94],
  tau_5618 = [2.29],
  tau_5619 = [2.36],
  tau_5620 = [3.74],
  tau_571 = [3.95],
  tau_572 = [2.17],
  tau_573 = [3.51],
  tau_574 = [1.63],
  tau_575 = [3.45],
  tau_576 = [3.63],
  tau_577 = [2.48],
  tau_578 = [4.57],
  tau_579 = [3.03],
  tau_5710 = [3.84],
  tau_5711 = [3.38],
  tau_5712 = [1.63],
  tau_5713 = [1.69],
  tau_5714 = [3.70],
  tau_5715 = [2.37],
  tau_5716 = [3.70],
  tau_5717 = [2.26],
  tau_5718 = [2.39],
  tau_5719 = [2.29],
  tau_5720 = [3.82],
  tau_581 = [1.65],
  tau_582 = [4.15],
  tau_583 = [4.51],
  tau_584 = [1.46],
  tau_585 = [2.33],
  tau_586 = [3.71],
  tau_587 = [2.25],
  tau_588 = [3.70],
  tau_589 = [3.77],
  tau_5810 = [4.21],
  tau_5811 = [3.48],
  tau_5812 = [4.41],
  tau_5813 = [2.35],
  tau_5814 = [3.10],
  tau_5815 = [3.61],
  tau_5816 = [3.56],
  tau_5817 = [1.80],
  tau_5818 = [3.59],
  tau_5819 = [3.48],
  tau_5820 = [4.14],
  tau_591 = [2.95],
  tau_592 = [3.02],
  tau_593 = [3.69],
  tau_594 = [1.60],
  tau_595 = [4.42],
  tau_596 = [1.77],
  tau_597 = [2.99],
  tau_598 = [3.98],
  tau_599 = [1.66],
  tau_5910 = [1.71],
  tau_5911 = [3.84],
  tau_5912 = [1.73],
  tau_5913 = [4.70],
  tau_5914 = [3.78],
  tau_5915 = [2.36],
  tau_5916 = [4.13],
  tau_5917 = [4.59],
  tau_5918 = [1.77],
  tau_5919 = [4.44],
  tau_5920 = [2.91],
  tau_601 = [1.59],
  tau_602 = [4.43],
  tau_603 = [2.92],
  tau_604 = [1.55],
  tau_605 = [2.32],
  tau_606 = [4.57],
  tau_607 = [2.21],
  tau_608 = [4.47],
  tau_609 = [1.82],
  tau_6010 = [1.56],
  tau_6011 = [1.58],
  tau_6012 = [1.67],
  tau_6013 = [1.42],
  tau_6014 = [2.97],
  tau_6015 = [3.79],
  tau_6016 = [3.75],
  tau_6017 = [4.22],
  tau_6018 = [3.86],
  tau_6019 = [4.54],
  tau_6020 = [3.75],
]

Epsilon + ¦Ì_{jk} = [
  epsilon_plus_mu_11 = [10.82],
  epsilon_plus_mu_12 = [7.24],
  epsilon_plus_mu_13 = [11.13],
  epsilon_plus_mu_14 = [7.76],
  epsilon_plus_mu_15 = [11.25],
  epsilon_plus_mu_16 = [7.88],
  epsilon_plus_mu_17 = [7.90],
  epsilon_plus_mu_18 = [4.58],
  epsilon_plus_mu_19 = [6.50],
  epsilon_plus_mu_110 = [5.57],
  epsilon_plus_mu_111 = [8.63],
  epsilon_plus_mu_112 = [11.22],
  epsilon_plus_mu_113 = [4.02],
  epsilon_plus_mu_114 = [7.45],
  epsilon_plus_mu_115 = [12.72],
  epsilon_plus_mu_116 = [3.43],
  epsilon_plus_mu_117 = [10.12],
  epsilon_plus_mu_118 = [8.58],
  epsilon_plus_mu_119 = [8.38],
  epsilon_plus_mu_120 = [3.43],
  epsilon_plus_mu_21 = [7.46],
  epsilon_plus_mu_22 = [13.08],
  epsilon_plus_mu_23 = [9.69],
  epsilon_plus_mu_24 = [6.95],
  epsilon_plus_mu_25 = [11.61],
  epsilon_plus_mu_26 = [11.07],
  epsilon_plus_mu_27 = [5.92],
  epsilon_plus_mu_28 = [7.93],
  epsilon_plus_mu_29 = [12.43],
  epsilon_plus_mu_210 = [6.22],
  epsilon_plus_mu_211 = [12.28],
  epsilon_plus_mu_212 = [12.27],
  epsilon_plus_mu_213 = [10.06],
  epsilon_plus_mu_214 = [12.65],
  epsilon_plus_mu_215 = [11.74],
  epsilon_plus_mu_216 = [4.06],
  epsilon_plus_mu_217 = [4.73],
  epsilon_plus_mu_218 = [13.15],
  epsilon_plus_mu_219 = [13.03],
  epsilon_plus_mu_220 = [12.15],
  epsilon_plus_mu_31 = [6.40],
  epsilon_plus_mu_32 = [11.43],
  epsilon_plus_mu_33 = [10.82],
  epsilon_plus_mu_34 = [8.27],
  epsilon_plus_mu_35 = [11.04],
  epsilon_plus_mu_36 = [10.29],
  epsilon_plus_mu_37 = [10.27],
  epsilon_plus_mu_38 = [9.21],
  epsilon_plus_mu_39 = [11.71],
  epsilon_plus_mu_310 = [8.61],
  epsilon_plus_mu_311 = [4.40],
  epsilon_plus_mu_312 = [5.25],
  epsilon_plus_mu_313 = [8.31],
  epsilon_plus_mu_314 = [9.71],
  epsilon_plus_mu_315 = [4.20],
  epsilon_plus_mu_316 = [10.38],
  epsilon_plus_mu_317 = [6.17],
  epsilon_plus_mu_318 = [9.50],
  epsilon_plus_mu_319 = [10.55],
  epsilon_plus_mu_320 = [8.76],
  epsilon_plus_mu_41 = [6.17],
  epsilon_plus_mu_42 = [9.86],
  epsilon_plus_mu_43 = [9.81],
  epsilon_plus_mu_44 = [11.52],
  epsilon_plus_mu_45 = [4.67],
  epsilon_plus_mu_46 = [10.29],
  epsilon_plus_mu_47 = [5.37],
  epsilon_plus_mu_48 = [11.93],
  epsilon_plus_mu_49 = [12.54],
  epsilon_plus_mu_410 = [9.98],
  epsilon_plus_mu_411 = [8.61],
  epsilon_plus_mu_412 = [6.91],
  epsilon_plus_mu_413 = [11.67],
  epsilon_plus_mu_414 = [4.61],
  epsilon_plus_mu_415 = [4.94],
  epsilon_plus_mu_416 = [8.68],
  epsilon_plus_mu_417 = [4.06],
  epsilon_plus_mu_418 = [12.32],
  epsilon_plus_mu_419 = [4.99],
  epsilon_plus_mu_420 = [9.87],
  epsilon_plus_mu_51 = [6.83],
  epsilon_plus_mu_52 = [11.74],
  epsilon_plus_mu_53 = [10.62],
  epsilon_plus_mu_54 = [7.82],
  epsilon_plus_mu_55 = [6.75],
  epsilon_plus_mu_56 = [6.52],
  epsilon_plus_mu_57 = [7.74],
  epsilon_plus_mu_58 = [12.45],
  epsilon_plus_mu_59 = [3.74],
  epsilon_plus_mu_510 = [5.51],
  epsilon_plus_mu_511 = [5.89],
  epsilon_plus_mu_512 = [7.63],
  epsilon_plus_mu_513 = [5.72],
  epsilon_plus_mu_514 = [7.69],
  epsilon_plus_mu_515 = [11.74],
  epsilon_plus_mu_516 = [8.45],
  epsilon_plus_mu_517 = [3.48],
  epsilon_plus_mu_518 = [11.27],
  epsilon_plus_mu_519 = [12.88],
  epsilon_plus_mu_520 = [10.11],
  epsilon_plus_mu_61 = [12.69],
  epsilon_plus_mu_62 = [6.81],
  epsilon_plus_mu_63 = [4.14],
  epsilon_plus_mu_64 = [12.56],
  epsilon_plus_mu_65 = [11.09],
  epsilon_plus_mu_66 = [3.62],
  epsilon_plus_mu_67 = [4.00],
  epsilon_plus_mu_68 = [8.44],
  epsilon_plus_mu_69 = [10.53],
  epsilon_plus_mu_610 = [3.19],
  epsilon_plus_mu_611 = [3.50],
  epsilon_plus_mu_612 = [3.65],
  epsilon_plus_mu_613 = [9.01],
  epsilon_plus_mu_614 = [7.81],
  epsilon_plus_mu_615 = [4.29],
  epsilon_plus_mu_616 = [6.45],
  epsilon_plus_mu_617 = [5.81],
  epsilon_plus_mu_618 = [10.43],
  epsilon_plus_mu_619 = [7.24],
  epsilon_plus_mu_620 = [7.46],
  epsilon_plus_mu_71 = [13.21],
  epsilon_plus_mu_72 = [7.33],
  epsilon_plus_mu_73 = [9.77],
  epsilon_plus_mu_74 = [6.44],
  epsilon_plus_mu_75 = [8.32],
  epsilon_plus_mu_76 = [8.34],
  epsilon_plus_mu_77 = [11.20],
  epsilon_plus_mu_78 = [12.64],
  epsilon_plus_mu_79 = [6.49],
  epsilon_plus_mu_710 = [11.74],
  epsilon_plus_mu_711 = [7.18],
  epsilon_plus_mu_712 = [4.52],
  epsilon_plus_mu_713 = [8.34],
  epsilon_plus_mu_714 = [6.26],
  epsilon_plus_mu_715 = [10.31],
  epsilon_plus_mu_716 = [3.82],
  epsilon_plus_mu_717 = [6.04],
  epsilon_plus_mu_718 = [6.47],
  epsilon_plus_mu_719 = [5.65],
  epsilon_plus_mu_720 = [6.46],
  epsilon_plus_mu_81 = [5.71],
  epsilon_plus_mu_82 = [9.47],
  epsilon_plus_mu_83 = [8.52],
  epsilon_plus_mu_84 = [4.73],
  epsilon_plus_mu_85 = [7.78],
  epsilon_plus_mu_86 = [4.78],
  epsilon_plus_mu_87 = [9.62],
  epsilon_plus_mu_88 = [9.12],
  epsilon_plus_mu_89 = [5.59],
  epsilon_plus_mu_810 = [8.65],
  epsilon_plus_mu_811 = [5.40],
  epsilon_plus_mu_812 = [11.04],
  epsilon_plus_mu_813 = [12.27],
  epsilon_plus_mu_814 = [7.84],
  epsilon_plus_mu_815 = [7.44],
  epsilon_plus_mu_816 = [12.57],
  epsilon_plus_mu_817 = [11.97],
  epsilon_plus_mu_818 = [8.79],
  epsilon_plus_mu_819 = [4.64],
  epsilon_plus_mu_820 = [11.10],
  epsilon_plus_mu_91 = [10.61],
  epsilon_plus_mu_92 = [7.63],
  epsilon_plus_mu_93 = [11.32],
  epsilon_plus_mu_94 = [3.90],
  epsilon_plus_mu_95 = [10.07],
  epsilon_plus_mu_96 = [6.48],
  epsilon_plus_mu_97 = [9.51],
  epsilon_plus_mu_98 = [7.68],
  epsilon_plus_mu_99 = [7.87],
  epsilon_plus_mu_910 = [9.72],
  epsilon_plus_mu_911 = [9.87],
  epsilon_plus_mu_912 = [4.47],
  epsilon_plus_mu_913 = [7.12],
  epsilon_plus_mu_914 = [10.95],
  epsilon_plus_mu_915 = [6.04],
  epsilon_plus_mu_916 = [11.28],
  epsilon_plus_mu_917 = [5.29],
  epsilon_plus_mu_918 = [5.72],
  epsilon_plus_mu_919 = [5.99],
  epsilon_plus_mu_920 = [7.51],
  epsilon_plus_mu_101 = [3.78],
  epsilon_plus_mu_102 = [9.64],
  epsilon_plus_mu_103 = [5.36],
  epsilon_plus_mu_104 = [7.82],
  epsilon_plus_mu_105 = [13.57],
  epsilon_plus_mu_106 = [5.28],
  epsilon_plus_mu_107 = [8.11],
  epsilon_plus_mu_108 = [5.92],
  epsilon_plus_mu_109 = [9.14],
  epsilon_plus_mu_1010 = [5.04],
  epsilon_plus_mu_1011 = [6.29],
  epsilon_plus_mu_1012 = [3.41],
  epsilon_plus_mu_1013 = [8.72],
  epsilon_plus_mu_1014 = [10.72],
  epsilon_plus_mu_1015 = [8.03],
  epsilon_plus_mu_1016 = [8.67],
  epsilon_plus_mu_1017 = [10.45],
  epsilon_plus_mu_1018 = [11.71],
  epsilon_plus_mu_1019 = [5.64],
  epsilon_plus_mu_1020 = [11.55],
  epsilon_plus_mu_111 = [10.28],
  epsilon_plus_mu_112 = [5.07],
  epsilon_plus_mu_113 = [9.25],
  epsilon_plus_mu_114 = [10.83],
  epsilon_plus_mu_115 = [6.88],
  epsilon_plus_mu_116 = [9.05],
  epsilon_plus_mu_117 = [9.88],
  epsilon_plus_mu_118 = [13.05],
  epsilon_plus_mu_119 = [4.66],
  epsilon_plus_mu_1110 = [10.06],
  epsilon_plus_mu_1111 = [10.72],
  epsilon_plus_mu_1112 = [6.66],
  epsilon_plus_mu_1113 = [13.05],
  epsilon_plus_mu_1114 = [5.40],
  epsilon_plus_mu_1115 = [5.20],
  epsilon_plus_mu_1116 = [4.23],
  epsilon_plus_mu_1117 = [8.37],
  epsilon_plus_mu_1118 = [4.04],
  epsilon_plus_mu_1119 = [6.50],
  epsilon_plus_mu_1120 = [11.44],
  epsilon_plus_mu_121 = [6.75],
  epsilon_plus_mu_122 = [4.82],
  epsilon_plus_mu_123 = [11.37],
  epsilon_plus_mu_124 = [3.00],
  epsilon_plus_mu_125 = [7.70],
  epsilon_plus_mu_126 = [7.19],
  epsilon_plus_mu_127 = [6.20],
  epsilon_plus_mu_128 = [7.77],
  epsilon_plus_mu_129 = [3.56],
  epsilon_plus_mu_1210 = [7.73],
  epsilon_plus_mu_1211 = [5.15],
  epsilon_plus_mu_1212 = [4.40],
  epsilon_plus_mu_1213 = [8.86],
  epsilon_plus_mu_1214 = [9.51],
  epsilon_plus_mu_1215 = [13.23],
  epsilon_plus_mu_1216 = [6.45],
  epsilon_plus_mu_1217 = [9.37],
  epsilon_plus_mu_1218 = [4.64],
  epsilon_plus_mu_1219 = [5.92],
  epsilon_plus_mu_1220 = [2.80],
  epsilon_plus_mu_131 = [4.60],
  epsilon_plus_mu_132 = [10.73],
  epsilon_plus_mu_133 = [7.06],
  epsilon_plus_mu_134 = [9.37],
  epsilon_plus_mu_135 = [9.76],
  epsilon_plus_mu_136 = [6.92],
  epsilon_plus_mu_137 = [4.00],
  epsilon_plus_mu_138 = [11.20],
  epsilon_plus_mu_139 = [8.97],
  epsilon_plus_mu_1310 = [4.61],
  epsilon_plus_mu_1311 = [11.97],
  epsilon_plus_mu_1312 = [3.46],
  epsilon_plus_mu_1313 = [12.64],
  epsilon_plus_mu_1314 = [10.04],
  epsilon_plus_mu_1315 = [10.62],
  epsilon_plus_mu_1316 = [8.80],
  epsilon_plus_mu_1317 = [6.60],
  epsilon_plus_mu_1318 = [4.45],
  epsilon_plus_mu_1319 = [6.40],
  epsilon_plus_mu_1320 = [13.34],
  epsilon_plus_mu_141 = [12.51],
  epsilon_plus_mu_142 = [8.79],
  epsilon_plus_mu_143 = [10.23],
  epsilon_plus_mu_144 = [9.12],
  epsilon_plus_mu_145 = [3.97],
  epsilon_plus_mu_146 = [3.31],
  epsilon_plus_mu_147 = [8.46],
  epsilon_plus_mu_148 = [5.10],
  epsilon_plus_mu_149 = [5.82],
  epsilon_plus_mu_1410 = [11.32],
  epsilon_plus_mu_1411 = [7.44],
  epsilon_plus_mu_1412 = [3.72],
  epsilon_plus_mu_1413 = [6.61],
  epsilon_plus_mu_1414 = [3.98],
  epsilon_plus_mu_1415 = [7.36],
  epsilon_plus_mu_1416 = [4.29],
  epsilon_plus_mu_1417 = [8.03],
  epsilon_plus_mu_1418 = [6.96],
  epsilon_plus_mu_1419 = [12.32],
  epsilon_plus_mu_1420 = [9.08],
  epsilon_plus_mu_151 = [6.92],
  epsilon_plus_mu_152 = [4.60],
  epsilon_plus_mu_153 = [4.38],
  epsilon_plus_mu_154 = [13.18],
  epsilon_plus_mu_155 = [6.23],
  epsilon_plus_mu_156 = [3.78],
  epsilon_plus_mu_157 = [5.53],
  epsilon_plus_mu_158 = [11.36],
  epsilon_plus_mu_159 = [5.37],
  epsilon_plus_mu_1510 = [7.30],
  epsilon_plus_mu_1511 = [7.83],
  epsilon_plus_mu_1512 = [10.24],
  epsilon_plus_mu_1513 = [4.32],
  epsilon_plus_mu_1514 = [4.45],
  epsilon_plus_mu_1515 = [3.66],
  epsilon_plus_mu_1516 = [13.30],
  epsilon_plus_mu_1517 = [5.31],
  epsilon_plus_mu_1518 = [9.96],
  epsilon_plus_mu_1519 = [8.24],
  epsilon_plus_mu_1520 = [6.65],
  epsilon_plus_mu_161 = [9.01],
  epsilon_plus_mu_162 = [11.51],
  epsilon_plus_mu_163 = [9.87],
  epsilon_plus_mu_164 = [13.68],
  epsilon_plus_mu_165 = [7.74],
  epsilon_plus_mu_166 = [6.89],
  epsilon_plus_mu_167 = [12.90],
  epsilon_plus_mu_168 = [10.66],
  epsilon_plus_mu_169 = [7.32],
  epsilon_plus_mu_1610 = [5.65],
  epsilon_plus_mu_1611 = [4.45],
  epsilon_plus_mu_1612 = [9.30],
  epsilon_plus_mu_1613 = [10.66],
  epsilon_plus_mu_1614 = [4.19],
  epsilon_plus_mu_1615 = [6.42],
  epsilon_plus_mu_1616 = [10.60],
  epsilon_plus_mu_1617 = [10.92],
  epsilon_plus_mu_1618 = [2.81],
  epsilon_plus_mu_1619 = [7.04],
  epsilon_plus_mu_1620 = [6.33],
  epsilon_plus_mu_171 = [12.70],
  epsilon_plus_mu_172 = [5.46],
  epsilon_plus_mu_173 = [8.56],
  epsilon_plus_mu_174 = [12.02],
  epsilon_plus_mu_175 = [7.37],
  epsilon_plus_mu_176 = [3.66],
  epsilon_plus_mu_177 = [7.55],
  epsilon_plus_mu_178 = [3.36],
  epsilon_plus_mu_179 = [5.67],
  epsilon_plus_mu_1710 = [13.67],
  epsilon_plus_mu_1711 = [11.43],
  epsilon_plus_mu_1712 = [11.30],
  epsilon_plus_mu_1713 = [8.98],
  epsilon_plus_mu_1714 = [12.80],
  epsilon_plus_mu_1715 = [12.29],
  epsilon_plus_mu_1716 = [7.23],
  epsilon_plus_mu_1717 = [4.69],
  epsilon_plus_mu_1718 = [13.22],
  epsilon_plus_mu_1719 = [8.69],
  epsilon_plus_mu_1720 = [6.71],
  epsilon_plus_mu_181 = [12.98],
  epsilon_plus_mu_182 = [8.69],
  epsilon_plus_mu_183 = [10.09],
  epsilon_plus_mu_184 = [10.67],
  epsilon_plus_mu_185 = [10.04],
  epsilon_plus_mu_186 = [9.58],
  epsilon_plus_mu_187 = [4.09],
  epsilon_plus_mu_188 = [5.38],
  epsilon_plus_mu_189 = [5.07],
  epsilon_plus_mu_1810 = [4.04],
  epsilon_plus_mu_1811 = [9.35],
  epsilon_plus_mu_1812 = [6.12],
  epsilon_plus_mu_1813 = [8.15],
  epsilon_plus_mu_1814 = [6.16],
  epsilon_plus_mu_1815 = [9.78],
  epsilon_plus_mu_1816 = [12.45],
  epsilon_plus_mu_1817 = [5.79],
  epsilon_plus_mu_1818 = [6.72],
  epsilon_plus_mu_1819 = [11.00],
  epsilon_plus_mu_1820 = [13.84],
  epsilon_plus_mu_191 = [6.70],
  epsilon_plus_mu_192 = [11.09],
  epsilon_plus_mu_193 = [6.86],
  epsilon_plus_mu_194 = [6.88],
  epsilon_plus_mu_195 = [12.21],
  epsilon_plus_mu_196 = [9.25],
  epsilon_plus_mu_197 = [6.72],
  epsilon_plus_mu_198 = [9.69],
  epsilon_plus_mu_199 = [6.52],
  epsilon_plus_mu_1910 = [12.79],
  epsilon_plus_mu_1911 = [12.47],
  epsilon_plus_mu_1912 = [8.72],
  epsilon_plus_mu_1913 = [6.77],
  epsilon_plus_mu_1914 = [13.30],
  epsilon_plus_mu_1915 = [4.60],
  epsilon_plus_mu_1916 = [12.55],
  epsilon_plus_mu_1917 = [8.96],
  epsilon_plus_mu_1918 = [4.62],
  epsilon_plus_mu_1919 = [11.16],
  epsilon_plus_mu_1920 = [8.83],
  epsilon_plus_mu_201 = [6.92],
  epsilon_plus_mu_202 = [3.55],
  epsilon_plus_mu_203 = [12.09],
  epsilon_plus_mu_204 = [10.29],
  epsilon_plus_mu_205 = [4.72],
  epsilon_plus_mu_206 = [4.24],
  epsilon_plus_mu_207 = [10.86],
  epsilon_plus_mu_208 = [6.18],
  epsilon_plus_mu_209 = [7.52],
  epsilon_plus_mu_2010 = [5.82],
  epsilon_plus_mu_2011 = [12.17],
  epsilon_plus_mu_2012 = [7.83],
  epsilon_plus_mu_2013 = [3.27],
  epsilon_plus_mu_2014 = [2.71],
  epsilon_plus_mu_2015 = [9.53],
  epsilon_plus_mu_2016 = [10.15],
  epsilon_plus_mu_2017 = [8.37],
  epsilon_plus_mu_2018 = [12.12],
  epsilon_plus_mu_2019 = [5.43],
  epsilon_plus_mu_2020 = [12.30],
  epsilon_plus_mu_211 = [5.90],
  epsilon_plus_mu_212 = [10.71],
  epsilon_plus_mu_213 = [6.59],
  epsilon_plus_mu_214 = [6.92],
  epsilon_plus_mu_215 = [6.50],
  epsilon_plus_mu_216 = [6.63],
  epsilon_plus_mu_217 = [3.83],
  epsilon_plus_mu_218 = [12.12],
  epsilon_plus_mu_219 = [9.25],
  epsilon_plus_mu_2110 = [5.99],
  epsilon_plus_mu_2111 = [6.00],
  epsilon_plus_mu_2112 = [6.83],
  epsilon_plus_mu_2113 = [10.02],
  epsilon_plus_mu_2114 = [12.95],
  epsilon_plus_mu_2115 = [3.25],
  epsilon_plus_mu_2116 = [5.84],
  epsilon_plus_mu_2117 = [9.68],
  epsilon_plus_mu_2118 = [7.90],
  epsilon_plus_mu_2119 = [6.38],
  epsilon_plus_mu_2120 = [5.72],
  epsilon_plus_mu_221 = [4.56],
  epsilon_plus_mu_222 = [4.72],
  epsilon_plus_mu_223 = [7.77],
  epsilon_plus_mu_224 = [3.04],
  epsilon_plus_mu_225 = [6.46],
  epsilon_plus_mu_226 = [10.97],
  epsilon_plus_mu_227 = [10.69],
  epsilon_plus_mu_228 = [4.76],
  epsilon_plus_mu_229 = [6.26],
  epsilon_plus_mu_2210 = [10.51],
  epsilon_plus_mu_2211 = [7.75],
  epsilon_plus_mu_2212 = [12.03],
  epsilon_plus_mu_2213 = [9.05],
  epsilon_plus_mu_2214 = [4.22],
  epsilon_plus_mu_2215 = [4.10],
  epsilon_plus_mu_2216 = [9.28],
  epsilon_plus_mu_2217 = [7.76],
  epsilon_plus_mu_2218 = [11.56],
  epsilon_plus_mu_2219 = [11.84],
  epsilon_plus_mu_2220 = [3.35],
  epsilon_plus_mu_231 = [8.13],
  epsilon_plus_mu_232 = [9.28],
  epsilon_plus_mu_233 = [11.91],
  epsilon_plus_mu_234 = [3.64],
  epsilon_plus_mu_235 = [6.33],
  epsilon_plus_mu_236 = [3.61],
  epsilon_plus_mu_237 = [8.15],
  epsilon_plus_mu_238 = [11.07],
  epsilon_plus_mu_239 = [6.58],
  epsilon_plus_mu_2310 = [4.93],
  epsilon_plus_mu_2311 = [3.51],
  epsilon_plus_mu_2312 = [11.16],
  epsilon_plus_mu_2313 = [12.18],
  epsilon_plus_mu_2314 = [10.14],
  epsilon_plus_mu_2315 = [6.10],
  epsilon_plus_mu_2316 = [4.57],
  epsilon_plus_mu_2317 = [10.97],
  epsilon_plus_mu_2318 = [8.59],
  epsilon_plus_mu_2319 = [7.40],
  epsilon_plus_mu_2320 = [10.39],
  epsilon_plus_mu_241 = [8.36],
  epsilon_plus_mu_242 = [8.18],
  epsilon_plus_mu_243 = [5.47],
  epsilon_plus_mu_244 = [11.52],
  epsilon_plus_mu_245 = [9.17],
  epsilon_plus_mu_246 = [10.67],
  epsilon_plus_mu_247 = [7.65],
  epsilon_plus_mu_248 = [8.61],
  epsilon_plus_mu_249 = [4.77],
  epsilon_plus_mu_2410 = [5.23],
  epsilon_plus_mu_2411 = [9.68],
  epsilon_plus_mu_2412 = [4.58],
  epsilon_plus_mu_2413 = [13.09],
  epsilon_plus_mu_2414 = [7.70],
  epsilon_plus_mu_2415 = [9.79],
  epsilon_plus_mu_2416 = [4.35],
  epsilon_plus_mu_2417 = [9.71],
  epsilon_plus_mu_2418 = [9.60],
  epsilon_plus_mu_2419 = [8.89],
  epsilon_plus_mu_2420 = [6.39],
  epsilon_plus_mu_251 = [9.56],
  epsilon_plus_mu_252 = [8.21],
  epsilon_plus_mu_253 = [3.69],
  epsilon_plus_mu_254 = [11.66],
  epsilon_plus_mu_255 = [11.00],
  epsilon_plus_mu_256 = [12.19],
  epsilon_plus_mu_257 = [5.82],
  epsilon_plus_mu_258 = [4.07],
  epsilon_plus_mu_259 = [10.59],
  epsilon_plus_mu_2510 = [12.37],
  epsilon_plus_mu_2511 = [6.65],
  epsilon_plus_mu_2512 = [8.79],
  epsilon_plus_mu_2513 = [6.48],
  epsilon_plus_mu_2514 = [9.71],
  epsilon_plus_mu_2515 = [3.48],
  epsilon_plus_mu_2516 = [6.47],
  epsilon_plus_mu_2517 = [12.33],
  epsilon_plus_mu_2518 = [8.05],
  epsilon_plus_mu_2519 = [12.99],
  epsilon_plus_mu_2520 = [3.33],
  epsilon_plus_mu_261 = [11.36],
  epsilon_plus_mu_262 = [13.73],
  epsilon_plus_mu_263 = [9.08],
  epsilon_plus_mu_264 = [5.97],
  epsilon_plus_mu_265 = [3.24],
  epsilon_plus_mu_266 = [4.84],
  epsilon_plus_mu_267 = [5.83],
  epsilon_plus_mu_268 = [9.33],
  epsilon_plus_mu_269 = [7.19],
  epsilon_plus_mu_2610 = [3.51],
  epsilon_plus_mu_2611 = [9.74],
  epsilon_plus_mu_2612 = [10.97],
  epsilon_plus_mu_2613 = [5.38],
  epsilon_plus_mu_2614 = [12.97],
  epsilon_plus_mu_2615 = [11.19],
  epsilon_plus_mu_2616 = [4.20],
  epsilon_plus_mu_2617 = [6.99],
  epsilon_plus_mu_2618 = [9.90],
  epsilon_plus_mu_2619 = [8.78],
  epsilon_plus_mu_2620 = [5.25],
  epsilon_plus_mu_271 = [10.41],
  epsilon_plus_mu_272 = [11.15],
  epsilon_plus_mu_273 = [13.33],
  epsilon_plus_mu_274 = [7.69],
  epsilon_plus_mu_275 = [9.63],
  epsilon_plus_mu_276 = [6.46],
  epsilon_plus_mu_277 = [11.04],
  epsilon_plus_mu_278 = [13.53],
  epsilon_plus_mu_279 = [12.44],
  epsilon_plus_mu_2710 = [12.27],
  epsilon_plus_mu_2711 = [4.77],
  epsilon_plus_mu_2712 = [8.29],
  epsilon_plus_mu_2713 = [7.06],
  epsilon_plus_mu_2714 = [12.17],
  epsilon_plus_mu_2715 = [8.78],
  epsilon_plus_mu_2716 = [6.01],
  epsilon_plus_mu_2717 = [6.72],
  epsilon_plus_mu_2718 = [11.56],
  epsilon_plus_mu_2719 = [6.29],
  epsilon_plus_mu_2720 = [8.72],
  epsilon_plus_mu_281 = [6.88],
  epsilon_plus_mu_282 = [7.37],
  epsilon_plus_mu_283 = [6.75],
  epsilon_plus_mu_284 = [6.56],
  epsilon_plus_mu_285 = [11.42],
  epsilon_plus_mu_286 = [10.46],
  epsilon_plus_mu_287 = [7.58],
  epsilon_plus_mu_288 = [4.63],
  epsilon_plus_mu_289 = [3.37],
  epsilon_plus_mu_2810 = [7.64],
  epsilon_plus_mu_2811 = [7.77],
  epsilon_plus_mu_2812 = [6.75],
  epsilon_plus_mu_2813 = [8.98],
  epsilon_plus_mu_2814 = [8.70],
  epsilon_plus_mu_2815 = [9.60],
  epsilon_plus_mu_2816 = [9.76],
  epsilon_plus_mu_2817 = [11.23],
  epsilon_plus_mu_2818 = [12.51],
  epsilon_plus_mu_2819 = [5.64],
  epsilon_plus_mu_2820 = [4.23],
  epsilon_plus_mu_291 = [7.50],
  epsilon_plus_mu_292 = [7.63],
  epsilon_plus_mu_293 = [6.72],
  epsilon_plus_mu_294 = [4.85],
  epsilon_plus_mu_295 = [9.10],
  epsilon_plus_mu_296 = [12.21],
  epsilon_plus_mu_297 = [7.96],
  epsilon_plus_mu_298 = [5.51],
  epsilon_plus_mu_299 = [12.22],
  epsilon_plus_mu_2910 = [11.24],
  epsilon_plus_mu_2911 = [7.99],
  epsilon_plus_mu_2912 = [7.00],
  epsilon_plus_mu_2913 = [8.02],
  epsilon_plus_mu_2914 = [10.51],
  epsilon_plus_mu_2915 = [7.90],
  epsilon_plus_mu_2916 = [12.21],
  epsilon_plus_mu_2917 = [5.90],
  epsilon_plus_mu_2918 = [7.42],
  epsilon_plus_mu_2919 = [7.44],
  epsilon_plus_mu_2920 = [8.92],
  epsilon_plus_mu_301 = [13.91],
  epsilon_plus_mu_302 = [6.37],
  epsilon_plus_mu_303 = [11.46],
  epsilon_plus_mu_304 = [10.69],
  epsilon_plus_mu_305 = [10.56],
  epsilon_plus_mu_306 = [4.31],
  epsilon_plus_mu_307 = [8.70],
  epsilon_plus_mu_308 = [6.59],
  epsilon_plus_mu_309 = [10.66],
  epsilon_plus_mu_3010 = [5.57],
  epsilon_plus_mu_3011 = [9.48],
  epsilon_plus_mu_3012 = [10.74],
  epsilon_plus_mu_3013 = [7.58],
  epsilon_plus_mu_3014 = [11.37],
  epsilon_plus_mu_3015 = [8.70],
  epsilon_plus_mu_3016 = [12.28],
  epsilon_plus_mu_3017 = [7.61],
  epsilon_plus_mu_3018 = [7.39],
  epsilon_plus_mu_3019 = [6.08],
  epsilon_plus_mu_3020 = [14.13],
  epsilon_plus_mu_311 = [7.56],
  epsilon_plus_mu_312 = [4.52],
  epsilon_plus_mu_313 = [6.92],
  epsilon_plus_mu_314 = [4.23],
  epsilon_plus_mu_315 = [8.48],
  epsilon_plus_mu_316 = [6.08],
  epsilon_plus_mu_317 = [10.98],
  epsilon_plus_mu_318 = [12.40],
  epsilon_plus_mu_319 = [3.65],
  epsilon_plus_mu_3110 = [7.84],
  epsilon_plus_mu_3111 = [6.50],
  epsilon_plus_mu_3112 = [7.10],
  epsilon_plus_mu_3113 = [10.76],
  epsilon_plus_mu_3114 = [5.81],
  epsilon_plus_mu_3115 = [13.00],
  epsilon_plus_mu_3116 = [5.59],
  epsilon_plus_mu_3117 = [6.19],
  epsilon_plus_mu_3118 = [11.69],
  epsilon_plus_mu_3119 = [4.00],
  epsilon_plus_mu_3120 = [8.00],
  epsilon_plus_mu_321 = [6.65],
  epsilon_plus_mu_322 = [5.33],
  epsilon_plus_mu_323 = [3.28],
  epsilon_plus_mu_324 = [8.14],
  epsilon_plus_mu_325 = [8.73],
  epsilon_plus_mu_326 = [4.62],
  epsilon_plus_mu_327 = [3.40],
  epsilon_plus_mu_328 = [13.38],
  epsilon_plus_mu_329 = [9.83],
  epsilon_plus_mu_3210 = [7.40],
  epsilon_plus_mu_3211 = [5.41],
  epsilon_plus_mu_3212 = [9.70],
  epsilon_plus_mu_3213 = [10.47],
  epsilon_plus_mu_3214 = [11.12],
  epsilon_plus_mu_3215 = [10.84],
  epsilon_plus_mu_3216 = [5.49],
  epsilon_plus_mu_3217 = [6.46],
  epsilon_plus_mu_3218 = [11.90],
  epsilon_plus_mu_3219 = [12.37],
  epsilon_plus_mu_3220 = [4.72],
  epsilon_plus_mu_331 = [5.32],
  epsilon_plus_mu_332 = [8.56],
  epsilon_plus_mu_333 = [5.63],
  epsilon_plus_mu_334 = [6.72],
  epsilon_plus_mu_335 = [6.17],
  epsilon_plus_mu_336 = [3.78],
  epsilon_plus_mu_337 = [6.90],
  epsilon_plus_mu_338 = [10.78],
  epsilon_plus_mu_339 = [9.10],
  epsilon_plus_mu_3310 = [6.92],
  epsilon_plus_mu_3311 = [7.04],
  epsilon_plus_mu_3312 = [8.63],
  epsilon_plus_mu_3313 = [7.43],
  epsilon_plus_mu_3314 = [7.32],
  epsilon_plus_mu_3315 = [10.99],
  epsilon_plus_mu_3316 = [4.34],
  epsilon_plus_mu_3317 = [11.31],
  epsilon_plus_mu_3318 = [7.91],
  epsilon_plus_mu_3319 = [6.19],
  epsilon_plus_mu_3320 = [12.00],
  epsilon_plus_mu_341 = [8.56],
  epsilon_plus_mu_342 = [6.34],
  epsilon_plus_mu_343 = [4.41],
  epsilon_plus_mu_344 = [5.90],
  epsilon_plus_mu_345 = [11.35],
  epsilon_plus_mu_346 = [3.69],
  epsilon_plus_mu_347 = [11.18],
  epsilon_plus_mu_348 = [10.66],
  epsilon_plus_mu_349 = [9.68],
  epsilon_plus_mu_3410 = [9.31],
  epsilon_plus_mu_3411 = [11.08],
  epsilon_plus_mu_3412 = [11.77],
  epsilon_plus_mu_3413 = [3.87],
  epsilon_plus_mu_3414 = [8.43],
  epsilon_plus_mu_3415 = [11.94],
  epsilon_plus_mu_3416 = [10.55],
  epsilon_plus_mu_3417 = [3.88],
  epsilon_plus_mu_3418 = [6.73],
  epsilon_plus_mu_3419 = [3.91],
  epsilon_plus_mu_3420 = [2.35],
  epsilon_plus_mu_351 = [4.51],
  epsilon_plus_mu_352 = [13.11],
  epsilon_plus_mu_353 = [5.88],
  epsilon_plus_mu_354 = [13.54],
  epsilon_plus_mu_355 = [4.47],
  epsilon_plus_mu_356 = [12.79],
  epsilon_plus_mu_357 = [6.08],
  epsilon_plus_mu_358 = [8.01],
  epsilon_plus_mu_359 = [6.59],
  epsilon_plus_mu_3510 = [5.28],
  epsilon_plus_mu_3511 = [3.97],
  epsilon_plus_mu_3512 = [11.08],
  epsilon_plus_mu_3513 = [9.46],
  epsilon_plus_mu_3514 = [11.04],
  epsilon_plus_mu_3515 = [4.07],
  epsilon_plus_mu_3516 = [7.67],
  epsilon_plus_mu_3517 = [7.76],
  epsilon_plus_mu_3518 = [9.85],
  epsilon_plus_mu_3519 = [7.80],
  epsilon_plus_mu_3520 = [13.64],
  epsilon_plus_mu_361 = [12.31],
  epsilon_plus_mu_362 = [13.65],
  epsilon_plus_mu_363 = [11.02],
  epsilon_plus_mu_364 = [12.53],
  epsilon_plus_mu_365 = [6.60],
  epsilon_plus_mu_366 = [11.59],
  epsilon_plus_mu_367 = [5.84],
  epsilon_plus_mu_368 = [13.18],
  epsilon_plus_mu_369 = [9.22],
  epsilon_plus_mu_3610 = [8.49],
  epsilon_plus_mu_3611 = [11.72],
  epsilon_plus_mu_3612 = [6.70],
  epsilon_plus_mu_3613 = [5.54],
  epsilon_plus_mu_3614 = [5.14],
  epsilon_plus_mu_3615 = [10.87],
  epsilon_plus_mu_3616 = [5.55],
  epsilon_plus_mu_3617 = [11.65],
  epsilon_plus_mu_3618 = [11.10],
  epsilon_plus_mu_3619 = [7.29],
  epsilon_plus_mu_3620 = [9.84],
  epsilon_plus_mu_371 = [10.81],
  epsilon_plus_mu_372 = [8.94],
  epsilon_plus_mu_373 = [8.55],
  epsilon_plus_mu_374 = [8.95],
  epsilon_plus_mu_375 = [11.60],
  epsilon_plus_mu_376 = [4.17],
  epsilon_plus_mu_377 = [7.22],
  epsilon_plus_mu_378 = [5.53],
  epsilon_plus_mu_379 = [8.39],
  epsilon_plus_mu_3710 = [10.41],
  epsilon_plus_mu_3711 = [8.97],
  epsilon_plus_mu_3712 = [11.55],
  epsilon_plus_mu_3713 = [7.48],
  epsilon_plus_mu_3714 = [6.51],
  epsilon_plus_mu_3715 = [4.74],
  epsilon_plus_mu_3716 = [11.75],
  epsilon_plus_mu_3717 = [8.60],
  epsilon_plus_mu_3718 = [6.91],
  epsilon_plus_mu_3719 = [12.87],
  epsilon_plus_mu_3720 = [10.98],
  epsilon_plus_mu_381 = [7.53],
  epsilon_plus_mu_382 = [8.55],
  epsilon_plus_mu_383 = [4.67],
  epsilon_plus_mu_384 = [10.56],
  epsilon_plus_mu_385 = [4.96],
  epsilon_plus_mu_386 = [11.18],
  epsilon_plus_mu_387 = [4.02],
  epsilon_plus_mu_388 = [4.24],
  epsilon_plus_mu_389 = [8.54],
  epsilon_plus_mu_3810 = [8.64],
  epsilon_plus_mu_3811 = [6.71],
  epsilon_plus_mu_3812 = [9.64],
  epsilon_plus_mu_3813 = [10.75],
  epsilon_plus_mu_3814 = [4.74],
  epsilon_plus_mu_3815 = [11.08],
  epsilon_plus_mu_3816 = [10.67],
  epsilon_plus_mu_3817 = [9.49],
  epsilon_plus_mu_3818 = [12.37],
  epsilon_plus_mu_3819 = [7.95],
  epsilon_plus_mu_3820 = [11.81],
  epsilon_plus_mu_391 = [4.37],
  epsilon_plus_mu_392 = [6.37],
  epsilon_plus_mu_393 = [8.66],
  epsilon_plus_mu_394 = [8.26],
  epsilon_plus_mu_395 = [11.56],
  epsilon_plus_mu_396 = [4.41],
  epsilon_plus_mu_397 = [3.62],
  epsilon_plus_mu_398 = [3.36],
  epsilon_plus_mu_399 = [13.76],
  epsilon_plus_mu_3910 = [9.00],
  epsilon_plus_mu_3911 = [12.19],
  epsilon_plus_mu_3912 = [7.73],
  epsilon_plus_mu_3913 = [9.79],
  epsilon_plus_mu_3914 = [4.06],
  epsilon_plus_mu_3915 = [5.04],
  epsilon_plus_mu_3916 = [3.73],
  epsilon_plus_mu_3917 = [12.06],
  epsilon_plus_mu_3918 = [6.62],
  epsilon_plus_mu_3919 = [5.05],
  epsilon_plus_mu_3920 = [11.42],
  epsilon_plus_mu_401 = [8.57],
  epsilon_plus_mu_402 = [11.88],
  epsilon_plus_mu_403 = [9.99],
  epsilon_plus_mu_404 = [6.91],
  epsilon_plus_mu_405 = [4.55],
  epsilon_plus_mu_406 = [7.40],
  epsilon_plus_mu_407 = [3.76],
  epsilon_plus_mu_408 = [4.90],
  epsilon_plus_mu_409 = [4.14],
  epsilon_plus_mu_4010 = [3.20],
  epsilon_plus_mu_4011 = [3.91],
  epsilon_plus_mu_4012 = [10.45],
  epsilon_plus_mu_4013 = [6.61],
  epsilon_plus_mu_4014 = [12.43],
  epsilon_plus_mu_4015 = [3.72],
  epsilon_plus_mu_4016 = [6.46],
  epsilon_plus_mu_4017 = [5.56],
  epsilon_plus_mu_4018 = [9.76],
  epsilon_plus_mu_4019 = [10.14],
  epsilon_plus_mu_4020 = [9.46],
  epsilon_plus_mu_411 = [6.91],
  epsilon_plus_mu_412 = [11.33],
  epsilon_plus_mu_413 = [11.83],
  epsilon_plus_mu_414 = [7.63],
  epsilon_plus_mu_415 = [9.48],
  epsilon_plus_mu_416 = [5.38],
  epsilon_plus_mu_417 = [8.14],
  epsilon_plus_mu_418 = [5.86],
  epsilon_plus_mu_419 = [6.81],
  epsilon_plus_mu_4110 = [9.08],
  epsilon_plus_mu_4111 = [13.10],
  epsilon_plus_mu_4112 = [4.46],
  epsilon_plus_mu_4113 = [5.84],
  epsilon_plus_mu_4114 = [12.63],
  epsilon_plus_mu_4115 = [4.13],
  epsilon_plus_mu_4116 = [10.19],
  epsilon_plus_mu_4117 = [6.70],
  epsilon_plus_mu_4118 = [10.72],
  epsilon_plus_mu_4119 = [7.38],
  epsilon_plus_mu_4120 = [13.16],
  epsilon_plus_mu_421 = [12.16],
  epsilon_plus_mu_422 = [4.92],
  epsilon_plus_mu_423 = [4.88],
  epsilon_plus_mu_424 = [13.10],
  epsilon_plus_mu_425 = [3.88],
  epsilon_plus_mu_426 = [12.06],
  epsilon_plus_mu_427 = [7.43],
  epsilon_plus_mu_428 = [12.04],
  epsilon_plus_mu_429 = [6.49],
  epsilon_plus_mu_4210 = [6.36],
  epsilon_plus_mu_4211 = [3.41],
  epsilon_plus_mu_4212 = [10.03],
  epsilon_plus_mu_4213 = [9.61],
  epsilon_plus_mu_4214 = [7.63],
  epsilon_plus_mu_4215 = [10.36],
  epsilon_plus_mu_4216 = [12.34],
  epsilon_plus_mu_4217 = [7.32],
  epsilon_plus_mu_4218 = [4.32],
  epsilon_plus_mu_4219 = [9.85],
  epsilon_plus_mu_4220 = [5.95],
  epsilon_plus_mu_431 = [9.17],
  epsilon_plus_mu_432 = [10.23],
  epsilon_plus_mu_433 = [10.60],
  epsilon_plus_mu_434 = [2.99],
  epsilon_plus_mu_435 = [4.16],
  epsilon_plus_mu_436 = [7.97],
  epsilon_plus_mu_437 = [7.75],
  epsilon_plus_mu_438 = [7.08],
  epsilon_plus_mu_439 = [10.86],
  epsilon_plus_mu_4310 = [9.04],
  epsilon_plus_mu_4311 = [13.16],
  epsilon_plus_mu_4312 = [8.20],
  epsilon_plus_mu_4313 = [8.47],
  epsilon_plus_mu_4314 = [12.09],
  epsilon_plus_mu_4315 = [6.38],
  epsilon_plus_mu_4316 = [8.36],
  epsilon_plus_mu_4317 = [8.60],
  epsilon_plus_mu_4318 = [9.53],
  epsilon_plus_mu_4319 = [4.56],
  epsilon_plus_mu_4320 = [4.76],
  epsilon_plus_mu_441 = [5.43],
  epsilon_plus_mu_442 = [9.21],
  epsilon_plus_mu_443 = [9.58],
  epsilon_plus_mu_444 = [3.80],
  epsilon_plus_mu_445 = [12.84],
  epsilon_plus_mu_446 = [8.11],
  epsilon_plus_mu_447 = [6.30],
  epsilon_plus_mu_448 = [9.83],
  epsilon_plus_mu_449 = [5.37],
  epsilon_plus_mu_4410 = [4.71],
  epsilon_plus_mu_4411 = [5.13],
  epsilon_plus_mu_4412 = [3.63],
  epsilon_plus_mu_4413 = [7.84],
  epsilon_plus_mu_4414 = [13.38],
  epsilon_plus_mu_4415 = [8.64],
  epsilon_plus_mu_4416 = [6.65],
  epsilon_plus_mu_4417 = [6.22],
  epsilon_plus_mu_4418 = [8.07],
  epsilon_plus_mu_4419 = [8.60],
  epsilon_plus_mu_4420 = [9.49],
  epsilon_plus_mu_451 = [5.91],
  epsilon_plus_mu_452 = [12.77],
  epsilon_plus_mu_453 = [11.88],
  epsilon_plus_mu_454 = [9.34],
  epsilon_plus_mu_455 = [6.36],
  epsilon_plus_mu_456 = [9.18],
  epsilon_plus_mu_457 = [4.27],
  epsilon_plus_mu_458 = [3.08],
  epsilon_plus_mu_459 = [5.48],
  epsilon_plus_mu_4510 = [8.68],
  epsilon_plus_mu_4511 = [4.51],
  epsilon_plus_mu_4512 = [12.29],
  epsilon_plus_mu_4513 = [8.41],
  epsilon_plus_mu_4514 = [12.04],
  epsilon_plus_mu_4515 = [7.30],
  epsilon_plus_mu_4516 = [6.56],
  epsilon_plus_mu_4517 = [13.77],
  epsilon_plus_mu_4518 = [4.64],
  epsilon_plus_mu_4519 = [11.35],
  epsilon_plus_mu_4520 = [10.46],
  epsilon_plus_mu_461 = [11.22],
  epsilon_plus_mu_462 = [6.20],
  epsilon_plus_mu_463 = [8.87],
  epsilon_plus_mu_464 = [11.91],
  epsilon_plus_mu_465 = [7.43],
  epsilon_plus_mu_466 = [8.54],
  epsilon_plus_mu_467 = [5.44],
  epsilon_plus_mu_468 = [8.22],
  epsilon_plus_mu_469 = [12.51],
  epsilon_plus_mu_4610 = [9.65],
  epsilon_plus_mu_4611 = [9.22],
  epsilon_plus_mu_4612 = [11.58],
  epsilon_plus_mu_4613 = [11.70],
  epsilon_plus_mu_4614 = [7.81],
  epsilon_plus_mu_4615 = [10.52],
  epsilon_plus_mu_4616 = [13.55],
  epsilon_plus_mu_4617 = [5.19],
  epsilon_plus_mu_4618 = [5.63],
  epsilon_plus_mu_4619 = [4.73],
  epsilon_plus_mu_4620 = [5.20],
  epsilon_plus_mu_471 = [4.41],
  epsilon_plus_mu_472 = [5.45],
  epsilon_plus_mu_473 = [3.35],
  epsilon_plus_mu_474 = [11.79],
  epsilon_plus_mu_475 = [8.81],
  epsilon_plus_mu_476 = [10.71],
  epsilon_plus_mu_477 = [8.56],
  epsilon_plus_mu_478 = [13.73],
  epsilon_plus_mu_479 = [6.29],
  epsilon_plus_mu_4710 = [6.67],
  epsilon_plus_mu_4711 = [10.16],
  epsilon_plus_mu_4712 = [3.49],
  epsilon_plus_mu_4713 = [10.70],
  epsilon_plus_mu_4714 = [6.20],
  epsilon_plus_mu_4715 = [6.02],
  epsilon_plus_mu_4716 = [2.84],
  epsilon_plus_mu_4717 = [12.54],
  epsilon_plus_mu_4718 = [7.45],
  epsilon_plus_mu_4719 = [8.00],
  epsilon_plus_mu_4720 = [6.66],
  epsilon_plus_mu_481 = [4.88],
  epsilon_plus_mu_482 = [10.44],
  epsilon_plus_mu_483 = [6.21],
  epsilon_plus_mu_484 = [6.65],
  epsilon_plus_mu_485 = [8.63],
  epsilon_plus_mu_486 = [4.74],
  epsilon_plus_mu_487 = [4.84],
  epsilon_plus_mu_488 = [12.59],
  epsilon_plus_mu_489 = [8.99],
  epsilon_plus_mu_4810 = [5.51],
  epsilon_plus_mu_4811 = [5.36],
  epsilon_plus_mu_4812 = [12.40],
  epsilon_plus_mu_4813 = [5.84],
  epsilon_plus_mu_4814 = [6.10],
  epsilon_plus_mu_4815 = [10.69],
  epsilon_plus_mu_4816 = [9.24],
  epsilon_plus_mu_4817 = [6.66],
  epsilon_plus_mu_4818 = [7.69],
  epsilon_plus_mu_4819 = [8.73],
  epsilon_plus_mu_4820 = [13.19],
  epsilon_plus_mu_491 = [3.61],
  epsilon_plus_mu_492 = [11.19],
  epsilon_plus_mu_493 = [3.26],
  epsilon_plus_mu_494 = [5.57],
  epsilon_plus_mu_495 = [12.48],
  epsilon_plus_mu_496 = [4.11],
  epsilon_plus_mu_497 = [6.02],
  epsilon_plus_mu_498 = [12.45],
  epsilon_plus_mu_499 = [6.54],
  epsilon_plus_mu_4910 = [7.77],
  epsilon_plus_mu_4911 = [5.98],
  epsilon_plus_mu_4912 = [11.33],
  epsilon_plus_mu_4913 = [6.90],
  epsilon_plus_mu_4914 = [7.34],
  epsilon_plus_mu_4915 = [6.42],
  epsilon_plus_mu_4916 = [10.07],
  epsilon_plus_mu_4917 = [6.12],
  epsilon_plus_mu_4918 = [10.19],
  epsilon_plus_mu_4919 = [5.84],
  epsilon_plus_mu_4920 = [8.92],
  epsilon_plus_mu_501 = [9.18],
  epsilon_plus_mu_502 = [4.89],
  epsilon_plus_mu_503 = [2.66],
  epsilon_plus_mu_504 = [8.72],
  epsilon_plus_mu_505 = [12.09],
  epsilon_plus_mu_506 = [6.82],
  epsilon_plus_mu_507 = [5.35],
  epsilon_plus_mu_508 = [11.22],
  epsilon_plus_mu_509 = [6.38],
  epsilon_plus_mu_5010 = [11.10],
  epsilon_plus_mu_5011 = [6.89],
  epsilon_plus_mu_5012 = [8.87],
  epsilon_plus_mu_5013 = [13.31],
  epsilon_plus_mu_5014 = [10.28],
  epsilon_plus_mu_5015 = [8.97],
  epsilon_plus_mu_5016 = [6.19],
  epsilon_plus_mu_5017 = [4.78],
  epsilon_plus_mu_5018 = [10.55],
  epsilon_plus_mu_5019 = [10.88],
  epsilon_plus_mu_5020 = [6.86],
  epsilon_plus_mu_511 = [6.53],
  epsilon_plus_mu_512 = [12.98],
  epsilon_plus_mu_513 = [12.15],
  epsilon_plus_mu_514 = [3.94],
  epsilon_plus_mu_515 = [7.17],
  epsilon_plus_mu_516 = [4.23],
  epsilon_plus_mu_517 = [7.53],
  epsilon_plus_mu_518 = [12.38],
  epsilon_plus_mu_519 = [8.30],
  epsilon_plus_mu_5110 = [8.42],
  epsilon_plus_mu_5111 = [7.65],
  epsilon_plus_mu_5112 = [5.83],
  epsilon_plus_mu_5113 = [8.43],
  epsilon_plus_mu_5114 = [8.01],
  epsilon_plus_mu_5115 = [12.93],
  epsilon_plus_mu_5116 = [4.58],
  epsilon_plus_mu_5117 = [8.83],
  epsilon_plus_mu_5118 = [9.72],
  epsilon_plus_mu_5119 = [12.14],
  epsilon_plus_mu_5120 = [3.87],
  epsilon_plus_mu_521 = [9.57],
  epsilon_plus_mu_522 = [8.44],
  epsilon_plus_mu_523 = [7.24],
  epsilon_plus_mu_524 = [8.90],
  epsilon_plus_mu_525 = [9.05],
  epsilon_plus_mu_526 = [6.45],
  epsilon_plus_mu_527 = [4.64],
  epsilon_plus_mu_528 = [8.91],
  epsilon_plus_mu_529 = [11.30],
  epsilon_plus_mu_5210 = [7.35],
  epsilon_plus_mu_5211 = [3.02],
  epsilon_plus_mu_5212 = [8.89],
  epsilon_plus_mu_5213 = [12.16],
  epsilon_plus_mu_5214 = [10.14],
  epsilon_plus_mu_5215 = [4.12],
  epsilon_plus_mu_5216 = [6.84],
  epsilon_plus_mu_5217 = [7.03],
  epsilon_plus_mu_5218 = [7.80],
  epsilon_plus_mu_5219 = [11.16],
  epsilon_plus_mu_5220 = [9.63],
  epsilon_plus_mu_531 = [8.82],
  epsilon_plus_mu_532 = [4.44],
  epsilon_plus_mu_533 = [3.64],
  epsilon_plus_mu_534 = [4.46],
  epsilon_plus_mu_535 = [12.15],
  epsilon_plus_mu_536 = [4.14],
  epsilon_plus_mu_537 = [4.99],
  epsilon_plus_mu_538 = [4.34],
  epsilon_plus_mu_539 = [11.18],
  epsilon_plus_mu_5310 = [10.06],
  epsilon_plus_mu_5311 = [12.52],
  epsilon_plus_mu_5312 = [2.90],
  epsilon_plus_mu_5313 = [12.11],
  epsilon_plus_mu_5314 = [5.57],
  epsilon_plus_mu_5315 = [7.94],
  epsilon_plus_mu_5316 = [5.34],
  epsilon_plus_mu_5317 = [11.48],
  epsilon_plus_mu_5318 = [9.00],
  epsilon_plus_mu_5319 = [4.23],
  epsilon_plus_mu_5320 = [5.73],
  epsilon_plus_mu_541 = [5.14],
  epsilon_plus_mu_542 = [3.57],
  epsilon_plus_mu_543 = [6.64],
  epsilon_plus_mu_544 = [12.13],
  epsilon_plus_mu_545 = [8.27],
  epsilon_plus_mu_546 = [13.64],
  epsilon_plus_mu_547 = [7.20],
  epsilon_plus_mu_548 = [4.53],
  epsilon_plus_mu_549 = [7.72],
  epsilon_plus_mu_5410 = [3.57],
  epsilon_plus_mu_5411 = [5.32],
  epsilon_plus_mu_5412 = [9.12],
  epsilon_plus_mu_5413 = [13.13],
  epsilon_plus_mu_5414 = [4.55],
  epsilon_plus_mu_5415 = [11.84],
  epsilon_plus_mu_5416 = [5.43],
  epsilon_plus_mu_5417 = [10.89],
  epsilon_plus_mu_5418 = [10.80],
  epsilon_plus_mu_5419 = [10.51],
  epsilon_plus_mu_5420 = [8.69],
  epsilon_plus_mu_551 = [4.43],
  epsilon_plus_mu_552 = [4.40],
  epsilon_plus_mu_553 = [7.35],
  epsilon_plus_mu_554 = [11.78],
  epsilon_plus_mu_555 = [4.07],
  epsilon_plus_mu_556 = [8.06],
  epsilon_plus_mu_557 = [2.88],
  epsilon_plus_mu_558 = [13.66],
  epsilon_plus_mu_559 = [11.43],
  epsilon_plus_mu_5510 = [11.36],
  epsilon_plus_mu_5511 = [7.72],
  epsilon_plus_mu_5512 = [12.84],
  epsilon_plus_mu_5513 = [4.68],
  epsilon_plus_mu_5514 = [7.95],
  epsilon_plus_mu_5515 = [4.37],
  epsilon_plus_mu_5516 = [13.89],
  epsilon_plus_mu_5517 = [11.75],
  epsilon_plus_mu_5518 = [11.04],
  epsilon_plus_mu_5519 = [11.34],
  epsilon_plus_mu_5520 = [11.56],
  epsilon_plus_mu_561 = [9.14],
  epsilon_plus_mu_562 = [12.04],
  epsilon_plus_mu_563 = [7.32],
  epsilon_plus_mu_564 = [8.81],
  epsilon_plus_mu_565 = [5.14],
  epsilon_plus_mu_566 = [2.98],
  epsilon_plus_mu_567 = [6.43],
  epsilon_plus_mu_568 = [6.55],
  epsilon_plus_mu_569 = [7.80],
  epsilon_plus_mu_5610 = [5.82],
  epsilon_plus_mu_5611 = [8.67],
  epsilon_plus_mu_5612 = [6.74],
  epsilon_plus_mu_5613 = [6.13],
  epsilon_plus_mu_5614 = [7.22],
  epsilon_plus_mu_5615 = [9.13],
  epsilon_plus_mu_5616 = [10.66],
  epsilon_plus_mu_5617 = [6.95],
  epsilon_plus_mu_5618 = [12.80],
  epsilon_plus_mu_5619 = [5.50],
  epsilon_plus_mu_5620 = [9.19],
  epsilon_plus_mu_571 = [11.99],
  epsilon_plus_mu_572 = [6.10],
  epsilon_plus_mu_573 = [5.71],
  epsilon_plus_mu_574 = [5.65],
  epsilon_plus_mu_575 = [7.96],
  epsilon_plus_mu_576 = [12.02],
  epsilon_plus_mu_577 = [7.50],
  epsilon_plus_mu_578 = [4.85],
  epsilon_plus_mu_579 = [5.08],
  epsilon_plus_mu_5710 = [10.39],
  epsilon_plus_mu_5711 = [5.16],
  epsilon_plus_mu_5712 = [10.73],
  epsilon_plus_mu_5713 = [10.29],
  epsilon_plus_mu_5714 = [7.06],
  epsilon_plus_mu_5715 = [6.94],
  epsilon_plus_mu_5716 = [7.34],
  epsilon_plus_mu_5717 = [6.06],
  epsilon_plus_mu_5718 = [6.80],
  epsilon_plus_mu_5719 = [5.57],
  epsilon_plus_mu_5720 = [4.22],
  epsilon_plus_mu_581 = [5.98],
  epsilon_plus_mu_582 = [12.99],
  epsilon_plus_mu_583 = [2.42],
  epsilon_plus_mu_584 = [7.69],
  epsilon_plus_mu_585 = [13.03],
  epsilon_plus_mu_586 = [11.38],
  epsilon_plus_mu_587 = [9.91],
  epsilon_plus_mu_588 = [10.58],
  epsilon_plus_mu_589 = [11.59],
  epsilon_plus_mu_5810 = [9.06],
  epsilon_plus_mu_5811 = [8.75],
  epsilon_plus_mu_5812 = [12.22],
  epsilon_plus_mu_5813 = [6.54],
  epsilon_plus_mu_5814 = [4.56],
  epsilon_plus_mu_5815 = [6.96],
  epsilon_plus_mu_5816 = [9.99],
  epsilon_plus_mu_5817 = [12.94],
  epsilon_plus_mu_5818 = [12.60],
  epsilon_plus_mu_5819 = [11.17],
  epsilon_plus_mu_5820 = [9.16],
  epsilon_plus_mu_591 = [11.96],
  epsilon_plus_mu_592 = [4.19],
  epsilon_plus_mu_593 = [5.65],
  epsilon_plus_mu_594 = [5.54],
  epsilon_plus_mu_595 = [5.74],
  epsilon_plus_mu_596 = [5.05],
  epsilon_plus_mu_597 = [4.68],
  epsilon_plus_mu_598 = [8.44],
  epsilon_plus_mu_599 = [7.95],
  epsilon_plus_mu_5910 = [6.11],
  epsilon_plus_mu_5911 = [5.62],
  epsilon_plus_mu_5912 = [8.69],
  epsilon_plus_mu_5913 = [5.21],
  epsilon_plus_mu_5914 = [3.53],
  epsilon_plus_mu_5915 = [4.25],
  epsilon_plus_mu_5916 = [11.07],
  epsilon_plus_mu_5917 = [5.57],
  epsilon_plus_mu_5918 = [9.91],
  epsilon_plus_mu_5919 = [3.94],
  epsilon_plus_mu_5920 = [3.17],
  epsilon_plus_mu_601 = [11.32],
  epsilon_plus_mu_602 = [5.01],
  epsilon_plus_mu_603 = [5.42],
  epsilon_plus_mu_604 = [7.32],
  epsilon_plus_mu_605 = [10.11],
  epsilon_plus_mu_606 = [10.59],
  epsilon_plus_mu_607 = [11.21],
  epsilon_plus_mu_608 = [5.92],
  epsilon_plus_mu_609 = [11.92],
  epsilon_plus_mu_6010 = [7.35],
  epsilon_plus_mu_6011 = [11.94],
  epsilon_plus_mu_6012 = [12.92],
  epsilon_plus_mu_6013 = [8.81],
  epsilon_plus_mu_6014 = [12.70],
  epsilon_plus_mu_6015 = [11.04],
  epsilon_plus_mu_6016 = [12.99],
  epsilon_plus_mu_6017 = [7.24],
  epsilon_plus_mu_6018 = [12.16],
  epsilon_plus_mu_6019 = [11.99],
  epsilon_plus_mu_6020 = [9.79],
]

Epsilon - ¦Ì_{jk} = [
  epsilon_minus_mu_11 = [-3.61],
  epsilon_minus_mu_12 = [-2.41],
  epsilon_minus_mu_13 = [-3.71],
  epsilon_minus_mu_14 = [-2.59],
  epsilon_minus_mu_15 = [-3.75],
  epsilon_minus_mu_16 = [-2.63],
  epsilon_minus_mu_17 = [-2.63],
  epsilon_minus_mu_18 = [-1.53],
  epsilon_minus_mu_19 = [-2.17],
  epsilon_minus_mu_110 = [-1.86],
  epsilon_minus_mu_111 = [-2.88],
  epsilon_minus_mu_112 = [-3.74],
  epsilon_minus_mu_113 = [-1.34],
  epsilon_minus_mu_114 = [-2.48],
  epsilon_minus_mu_115 = [-4.24],
  epsilon_minus_mu_116 = [-1.14],
  epsilon_minus_mu_117 = [-3.37],
  epsilon_minus_mu_118 = [-2.86],
  epsilon_minus_mu_119 = [-2.79],
  epsilon_minus_mu_120 = [-1.14],
  epsilon_minus_mu_21 = [-2.49],
  epsilon_minus_mu_22 = [-4.36],
  epsilon_minus_mu_23 = [-3.23],
  epsilon_minus_mu_24 = [-2.32],
  epsilon_minus_mu_25 = [-3.87],
  epsilon_minus_mu_26 = [-3.69],
  epsilon_minus_mu_27 = [-1.97],
  epsilon_minus_mu_28 = [-2.64],
  epsilon_minus_mu_29 = [-4.14],
  epsilon_minus_mu_210 = [-2.07],
  epsilon_minus_mu_211 = [-4.09],
  epsilon_minus_mu_212 = [-4.09],
  epsilon_minus_mu_213 = [-3.35],
  epsilon_minus_mu_214 = [-4.22],
  epsilon_minus_mu_215 = [-3.91],
  epsilon_minus_mu_216 = [-1.35],
  epsilon_minus_mu_217 = [-1.58],
  epsilon_minus_mu_218 = [-4.38],
  epsilon_minus_mu_219 = [-4.34],
  epsilon_minus_mu_220 = [-4.05],
  epsilon_minus_mu_31 = [-2.13],
  epsilon_minus_mu_32 = [-3.81],
  epsilon_minus_mu_33 = [-3.61],
  epsilon_minus_mu_34 = [-2.76],
  epsilon_minus_mu_35 = [-3.68],
  epsilon_minus_mu_36 = [-3.43],
  epsilon_minus_mu_37 = [-3.42],
  epsilon_minus_mu_38 = [-3.07],
  epsilon_minus_mu_39 = [-3.90],
  epsilon_minus_mu_310 = [-2.87],
  epsilon_minus_mu_311 = [-1.47],
  epsilon_minus_mu_312 = [-1.75],
  epsilon_minus_mu_313 = [-2.77],
  epsilon_minus_mu_314 = [-3.24],
  epsilon_minus_mu_315 = [-1.40],
  epsilon_minus_mu_316 = [-3.46],
  epsilon_minus_mu_317 = [-2.06],
  epsilon_minus_mu_318 = [-3.17],
  epsilon_minus_mu_319 = [-3.52],
  epsilon_minus_mu_320 = [-2.92],
  epsilon_minus_mu_41 = [-2.06],
  epsilon_minus_mu_42 = [-3.29],
  epsilon_minus_mu_43 = [-3.27],
  epsilon_minus_mu_44 = [-3.84],
  epsilon_minus_mu_45 = [-1.56],
  epsilon_minus_mu_46 = [-3.43],
  epsilon_minus_mu_47 = [-1.79],
  epsilon_minus_mu_48 = [-3.98],
  epsilon_minus_mu_49 = [-4.18],
  epsilon_minus_mu_410 = [-3.33],
  epsilon_minus_mu_411 = [-2.87],
  epsilon_minus_mu_412 = [-2.30],
  epsilon_minus_mu_413 = [-3.89],
  epsilon_minus_mu_414 = [-1.54],
  epsilon_minus_mu_415 = [-1.65],
  epsilon_minus_mu_416 = [-2.89],
  epsilon_minus_mu_417 = [-1.35],
  epsilon_minus_mu_418 = [-4.11],
  epsilon_minus_mu_419 = [-1.66],
  epsilon_minus_mu_420 = [-3.29],
  epsilon_minus_mu_51 = [-2.28],
  epsilon_minus_mu_52 = [-3.91],
  epsilon_minus_mu_53 = [-3.54],
  epsilon_minus_mu_54 = [-2.61],
  epsilon_minus_mu_55 = [-2.25],
  epsilon_minus_mu_56 = [-2.17],
  epsilon_minus_mu_57 = [-2.58],
  epsilon_minus_mu_58 = [-4.15],
  epsilon_minus_mu_59 = [-1.25],
  epsilon_minus_mu_510 = [-1.84],
  epsilon_minus_mu_511 = [-1.96],
  epsilon_minus_mu_512 = [-2.54],
  epsilon_minus_mu_513 = [-1.91],
  epsilon_minus_mu_514 = [-2.56],
  epsilon_minus_mu_515 = [-3.91],
  epsilon_minus_mu_516 = [-2.82],
  epsilon_minus_mu_517 = [-1.16],
  epsilon_minus_mu_518 = [-3.76],
  epsilon_minus_mu_519 = [-4.29],
  epsilon_minus_mu_520 = [-3.37],
  epsilon_minus_mu_61 = [-4.23],
  epsilon_minus_mu_62 = [-2.27],
  epsilon_minus_mu_63 = [-1.38],
  epsilon_minus_mu_64 = [-4.19],
  epsilon_minus_mu_65 = [-3.70],
  epsilon_minus_mu_66 = [-1.21],
  epsilon_minus_mu_67 = [-1.33],
  epsilon_minus_mu_68 = [-2.81],
  epsilon_minus_mu_69 = [-3.51],
  epsilon_minus_mu_610 = [-1.06],
  epsilon_minus_mu_611 = [-1.17],
  epsilon_minus_mu_612 = [-1.22],
  epsilon_minus_mu_613 = [-3.00],
  epsilon_minus_mu_614 = [-2.60],
  epsilon_minus_mu_615 = [-1.43],
  epsilon_minus_mu_616 = [-2.15],
  epsilon_minus_mu_617 = [-1.94],
  epsilon_minus_mu_618 = [-3.48],
  epsilon_minus_mu_619 = [-2.41],
  epsilon_minus_mu_620 = [-2.49],
  epsilon_minus_mu_71 = [-4.40],
  epsilon_minus_mu_72 = [-2.44],
  epsilon_minus_mu_73 = [-3.26],
  epsilon_minus_mu_74 = [-2.15],
  epsilon_minus_mu_75 = [-2.77],
  epsilon_minus_mu_76 = [-2.78],
  epsilon_minus_mu_77 = [-3.73],
  epsilon_minus_mu_78 = [-4.21],
  epsilon_minus_mu_79 = [-2.16],
  epsilon_minus_mu_710 = [-3.91],
  epsilon_minus_mu_711 = [-2.39],
  epsilon_minus_mu_712 = [-1.51],
  epsilon_minus_mu_713 = [-2.78],
  epsilon_minus_mu_714 = [-2.09],
  epsilon_minus_mu_715 = [-3.44],
  epsilon_minus_mu_716 = [-1.27],
  epsilon_minus_mu_717 = [-2.01],
  epsilon_minus_mu_718 = [-2.16],
  epsilon_minus_mu_719 = [-1.88],
  epsilon_minus_mu_720 = [-2.15],
  epsilon_minus_mu_81 = [-1.90],
  epsilon_minus_mu_82 = [-3.16],
  epsilon_minus_mu_83 = [-2.84],
  epsilon_minus_mu_84 = [-1.58],
  epsilon_minus_mu_85 = [-2.59],
  epsilon_minus_mu_86 = [-1.59],
  epsilon_minus_mu_87 = [-3.21],
  epsilon_minus_mu_88 = [-3.04],
  epsilon_minus_mu_89 = [-1.86],
  epsilon_minus_mu_810 = [-2.88],
  epsilon_minus_mu_811 = [-1.80],
  epsilon_minus_mu_812 = [-3.68],
  epsilon_minus_mu_813 = [-4.09],
  epsilon_minus_mu_814 = [-2.61],
  epsilon_minus_mu_815 = [-2.48],
  epsilon_minus_mu_816 = [-4.19],
  epsilon_minus_mu_817 = [-3.99],
  epsilon_minus_mu_818 = [-2.93],
  epsilon_minus_mu_819 = [-1.55],
  epsilon_minus_mu_820 = [-3.70],
  epsilon_minus_mu_91 = [-3.54],
  epsilon_minus_mu_92 = [-2.54],
  epsilon_minus_mu_93 = [-3.77],
  epsilon_minus_mu_94 = [-1.30],
  epsilon_minus_mu_95 = [-3.36],
  epsilon_minus_mu_96 = [-2.16],
  epsilon_minus_mu_97 = [-3.17],
  epsilon_minus_mu_98 = [-2.56],
  epsilon_minus_mu_99 = [-2.62],
  epsilon_minus_mu_910 = [-3.24],
  epsilon_minus_mu_911 = [-3.29],
  epsilon_minus_mu_912 = [-1.49],
  epsilon_minus_mu_913 = [-2.37],
  epsilon_minus_mu_914 = [-3.65],
  epsilon_minus_mu_915 = [-2.01],
  epsilon_minus_mu_916 = [-3.76],
  epsilon_minus_mu_917 = [-1.76],
  epsilon_minus_mu_918 = [-1.91],
  epsilon_minus_mu_919 = [-2.00],
  epsilon_minus_mu_920 = [-2.50],
  epsilon_minus_mu_101 = [-1.26],
  epsilon_minus_mu_102 = [-3.21],
  epsilon_minus_mu_103 = [-1.79],
  epsilon_minus_mu_104 = [-2.61],
  epsilon_minus_mu_105 = [-4.52],
  epsilon_minus_mu_106 = [-1.76],
  epsilon_minus_mu_107 = [-2.70],
  epsilon_minus_mu_108 = [-1.97],
  epsilon_minus_mu_109 = [-3.05],
  epsilon_minus_mu_1010 = [-1.68],
  epsilon_minus_mu_1011 = [-2.10],
  epsilon_minus_mu_1012 = [-1.14],
  epsilon_minus_mu_1013 = [-2.91],
  epsilon_minus_mu_1014 = [-3.57],
  epsilon_minus_mu_1015 = [-2.68],
  epsilon_minus_mu_1016 = [-2.89],
  epsilon_minus_mu_1017 = [-3.48],
  epsilon_minus_mu_1018 = [-3.90],
  epsilon_minus_mu_1019 = [-1.88],
  epsilon_minus_mu_1020 = [-3.85],
  epsilon_minus_mu_111 = [-3.43],
  epsilon_minus_mu_112 = [-1.69],
  epsilon_minus_mu_113 = [-3.08],
  epsilon_minus_mu_114 = [-3.61],
  epsilon_minus_mu_115 = [-2.29],
  epsilon_minus_mu_116 = [-3.02],
  epsilon_minus_mu_117 = [-3.29],
  epsilon_minus_mu_118 = [-4.35],
  epsilon_minus_mu_119 = [-1.55],
  epsilon_minus_mu_1110 = [-3.35],
  epsilon_minus_mu_1111 = [-3.57],
  epsilon_minus_mu_1112 = [-2.22],
  epsilon_minus_mu_1113 = [-4.35],
  epsilon_minus_mu_1114 = [-1.80],
  epsilon_minus_mu_1115 = [-1.73],
  epsilon_minus_mu_1116 = [-1.41],
  epsilon_minus_mu_1117 = [-2.79],
  epsilon_minus_mu_1118 = [-1.35],
  epsilon_minus_mu_1119 = [-2.17],
  epsilon_minus_mu_1120 = [-3.81],
  epsilon_minus_mu_121 = [-2.25],
  epsilon_minus_mu_122 = [-1.61],
  epsilon_minus_mu_123 = [-3.79],
  epsilon_minus_mu_124 = [-1.00],
  epsilon_minus_mu_125 = [-2.57],
  epsilon_minus_mu_126 = [-2.40],
  epsilon_minus_mu_127 = [-2.07],
  epsilon_minus_mu_128 = [-2.59],
  epsilon_minus_mu_129 = [-1.19],
  epsilon_minus_mu_1210 = [-2.58],
  epsilon_minus_mu_1211 = [-1.72],
  epsilon_minus_mu_1212 = [-1.47],
  epsilon_minus_mu_1213 = [-2.95],
  epsilon_minus_mu_1214 = [-3.17],
  epsilon_minus_mu_1215 = [-4.41],
  epsilon_minus_mu_1216 = [-2.15],
  epsilon_minus_mu_1217 = [-3.12],
  epsilon_minus_mu_1218 = [-1.55],
  epsilon_minus_mu_1219 = [-1.97],
  epsilon_minus_mu_1220 = [-0.93],
  epsilon_minus_mu_131 = [-1.53],
  epsilon_minus_mu_132 = [-3.58],
  epsilon_minus_mu_133 = [-2.35],
  epsilon_minus_mu_134 = [-3.12],
  epsilon_minus_mu_135 = [-3.25],
  epsilon_minus_mu_136 = [-2.31],
  epsilon_minus_mu_137 = [-1.33],
  epsilon_minus_mu_138 = [-3.73],
  epsilon_minus_mu_139 = [-2.99],
  epsilon_minus_mu_1310 = [-1.54],
  epsilon_minus_mu_1311 = [-3.99],
  epsilon_minus_mu_1312 = [-1.15],
  epsilon_minus_mu_1313 = [-4.21],
  epsilon_minus_mu_1314 = [-3.35],
  epsilon_minus_mu_1315 = [-3.54],
  epsilon_minus_mu_1316 = [-2.93],
  epsilon_minus_mu_1317 = [-2.20],
  epsilon_minus_mu_1318 = [-1.48],
  epsilon_minus_mu_1319 = [-2.13],
  epsilon_minus_mu_1320 = [-4.45],
  epsilon_minus_mu_141 = [-4.17],
  epsilon_minus_mu_142 = [-2.93],
  epsilon_minus_mu_143 = [-3.41],
  epsilon_minus_mu_144 = [-3.04],
  epsilon_minus_mu_145 = [-1.32],
  epsilon_minus_mu_146 = [-1.10],
  epsilon_minus_mu_147 = [-2.82],
  epsilon_minus_mu_148 = [-1.70],
  epsilon_minus_mu_149 = [-1.94],
  epsilon_minus_mu_1410 = [-3.77],
  epsilon_minus_mu_1411 = [-2.48],
  epsilon_minus_mu_1412 = [-1.24],
  epsilon_minus_mu_1413 = [-2.20],
  epsilon_minus_mu_1414 = [-1.33],
  epsilon_minus_mu_1415 = [-2.45],
  epsilon_minus_mu_1416 = [-1.43],
  epsilon_minus_mu_1417 = [-2.68],
  epsilon_minus_mu_1418 = [-2.32],
  epsilon_minus_mu_1419 = [-4.11],
  epsilon_minus_mu_1420 = [-3.03],
  epsilon_minus_mu_151 = [-2.31],
  epsilon_minus_mu_152 = [-1.53],
  epsilon_minus_mu_153 = [-1.46],
  epsilon_minus_mu_154 = [-4.39],
  epsilon_minus_mu_155 = [-2.08],
  epsilon_minus_mu_156 = [-1.26],
  epsilon_minus_mu_157 = [-1.84],
  epsilon_minus_mu_158 = [-3.79],
  epsilon_minus_mu_159 = [-1.79],
  epsilon_minus_mu_1510 = [-2.43],
  epsilon_minus_mu_1511 = [-2.61],
  epsilon_minus_mu_1512 = [-3.41],
  epsilon_minus_mu_1513 = [-1.44],
  epsilon_minus_mu_1514 = [-1.48],
  epsilon_minus_mu_1515 = [-1.22],
  epsilon_minus_mu_1516 = [-4.43],
  epsilon_minus_mu_1517 = [-1.77],
  epsilon_minus_mu_1518 = [-3.32],
  epsilon_minus_mu_1519 = [-2.75],
  epsilon_minus_mu_1520 = [-2.22],
  epsilon_minus_mu_161 = [-3.00],
  epsilon_minus_mu_162 = [-3.84],
  epsilon_minus_mu_163 = [-3.29],
  epsilon_minus_mu_164 = [-4.56],
  epsilon_minus_mu_165 = [-2.58],
  epsilon_minus_mu_166 = [-2.30],
  epsilon_minus_mu_167 = [-4.30],
  epsilon_minus_mu_168 = [-3.55],
  epsilon_minus_mu_169 = [-2.44],
  epsilon_minus_mu_1610 = [-1.88],
  epsilon_minus_mu_1611 = [-1.48],
  epsilon_minus_mu_1612 = [-3.10],
  epsilon_minus_mu_1613 = [-3.55],
  epsilon_minus_mu_1614 = [-1.40],
  epsilon_minus_mu_1615 = [-2.14],
  epsilon_minus_mu_1616 = [-3.53],
  epsilon_minus_mu_1617 = [-3.64],
  epsilon_minus_mu_1618 = [-0.94],
  epsilon_minus_mu_1619 = [-2.35],
  epsilon_minus_mu_1620 = [-2.11],
  epsilon_minus_mu_171 = [-4.23],
  epsilon_minus_mu_172 = [-1.82],
  epsilon_minus_mu_173 = [-2.85],
  epsilon_minus_mu_174 = [-4.01],
  epsilon_minus_mu_175 = [-2.46],
  epsilon_minus_mu_176 = [-1.22],
  epsilon_minus_mu_177 = [-2.52],
  epsilon_minus_mu_178 = [-1.12],
  epsilon_minus_mu_179 = [-1.89],
  epsilon_minus_mu_1710 = [-4.56],
  epsilon_minus_mu_1711 = [-3.81],
  epsilon_minus_mu_1712 = [-3.77],
  epsilon_minus_mu_1713 = [-2.99],
  epsilon_minus_mu_1714 = [-4.27],
  epsilon_minus_mu_1715 = [-4.10],
  epsilon_minus_mu_1716 = [-2.41],
  epsilon_minus_mu_1717 = [-1.56],
  epsilon_minus_mu_1718 = [-4.41],
  epsilon_minus_mu_1719 = [-2.90],
  epsilon_minus_mu_1720 = [-2.24],
  epsilon_minus_mu_181 = [-4.33],
  epsilon_minus_mu_182 = [-2.90],
  epsilon_minus_mu_183 = [-3.36],
  epsilon_minus_mu_184 = [-3.56],
  epsilon_minus_mu_185 = [-3.35],
  epsilon_minus_mu_186 = [-3.19],
  epsilon_minus_mu_187 = [-1.36],
  epsilon_minus_mu_188 = [-1.79],
  epsilon_minus_mu_189 = [-1.69],
  epsilon_minus_mu_1810 = [-1.35],
  epsilon_minus_mu_1811 = [-3.12],
  epsilon_minus_mu_1812 = [-2.04],
  epsilon_minus_mu_1813 = [-2.72],
  epsilon_minus_mu_1814 = [-2.05],
  epsilon_minus_mu_1815 = [-3.26],
  epsilon_minus_mu_1816 = [-4.15],
  epsilon_minus_mu_1817 = [-1.93],
  epsilon_minus_mu_1818 = [-2.24],
  epsilon_minus_mu_1819 = [-3.67],
  epsilon_minus_mu_1820 = [-4.61],
  epsilon_minus_mu_191 = [-2.23],
  epsilon_minus_mu_192 = [-3.70],
  epsilon_minus_mu_193 = [-2.29],
  epsilon_minus_mu_194 = [-2.29],
  epsilon_minus_mu_195 = [-4.07],
  epsilon_minus_mu_196 = [-3.08],
  epsilon_minus_mu_197 = [-2.24],
  epsilon_minus_mu_198 = [-3.23],
  epsilon_minus_mu_199 = [-2.17],
  epsilon_minus_mu_1910 = [-4.26],
  epsilon_minus_mu_1911 = [-4.16],
  epsilon_minus_mu_1912 = [-2.91],
  epsilon_minus_mu_1913 = [-2.26],
  epsilon_minus_mu_1914 = [-4.43],
  epsilon_minus_mu_1915 = [-1.53],
  epsilon_minus_mu_1916 = [-4.18],
  epsilon_minus_mu_1917 = [-2.99],
  epsilon_minus_mu_1918 = [-1.54],
  epsilon_minus_mu_1919 = [-3.72],
  epsilon_minus_mu_1920 = [-2.94],
  epsilon_minus_mu_201 = [-2.31],
  epsilon_minus_mu_202 = [-1.18],
  epsilon_minus_mu_203 = [-4.03],
  epsilon_minus_mu_204 = [-3.43],
  epsilon_minus_mu_205 = [-1.57],
  epsilon_minus_mu_206 = [-1.41],
  epsilon_minus_mu_207 = [-3.62],
  epsilon_minus_mu_208 = [-2.06],
  epsilon_minus_mu_209 = [-2.51],
  epsilon_minus_mu_2010 = [-1.94],
  epsilon_minus_mu_2011 = [-4.06],
  epsilon_minus_mu_2012 = [-2.61],
  epsilon_minus_mu_2013 = [-1.09],
  epsilon_minus_mu_2014 = [-0.90],
  epsilon_minus_mu_2015 = [-3.18],
  epsilon_minus_mu_2016 = [-3.38],
  epsilon_minus_mu_2017 = [-2.79],
  epsilon_minus_mu_2018 = [-4.04],
  epsilon_minus_mu_2019 = [-1.81],
  epsilon_minus_mu_2020 = [-4.10],
  epsilon_minus_mu_211 = [-1.97],
  epsilon_minus_mu_212 = [-3.57],
  epsilon_minus_mu_213 = [-2.20],
  epsilon_minus_mu_214 = [-2.31],
  epsilon_minus_mu_215 = [-2.17],
  epsilon_minus_mu_216 = [-2.21],
  epsilon_minus_mu_217 = [-1.28],
  epsilon_minus_mu_218 = [-4.04],
  epsilon_minus_mu_219 = [-3.08],
  epsilon_minus_mu_2110 = [-2.00],
  epsilon_minus_mu_2111 = [-2.00],
  epsilon_minus_mu_2112 = [-2.28],
  epsilon_minus_mu_2113 = [-3.34],
  epsilon_minus_mu_2114 = [-4.32],
  epsilon_minus_mu_2115 = [-1.08],
  epsilon_minus_mu_2116 = [-1.95],
  epsilon_minus_mu_2117 = [-3.23],
  epsilon_minus_mu_2118 = [-2.63],
  epsilon_minus_mu_2119 = [-2.13],
  epsilon_minus_mu_2120 = [-1.91],
  epsilon_minus_mu_221 = [-1.52],
  epsilon_minus_mu_222 = [-1.57],
  epsilon_minus_mu_223 = [-2.59],
  epsilon_minus_mu_224 = [-1.01],
  epsilon_minus_mu_225 = [-2.15],
  epsilon_minus_mu_226 = [-3.66],
  epsilon_minus_mu_227 = [-3.56],
  epsilon_minus_mu_228 = [-1.59],
  epsilon_minus_mu_229 = [-2.09],
  epsilon_minus_mu_2210 = [-3.50],
  epsilon_minus_mu_2211 = [-2.58],
  epsilon_minus_mu_2212 = [-4.01],
  epsilon_minus_mu_2213 = [-3.02],
  epsilon_minus_mu_2214 = [-1.41],
  epsilon_minus_mu_2215 = [-1.37],
  epsilon_minus_mu_2216 = [-3.09],
  epsilon_minus_mu_2217 = [-2.59],
  epsilon_minus_mu_2218 = [-3.85],
  epsilon_minus_mu_2219 = [-3.95],
  epsilon_minus_mu_2220 = [-1.12],
  epsilon_minus_mu_231 = [-2.71],
  epsilon_minus_mu_232 = [-3.09],
  epsilon_minus_mu_233 = [-3.97],
  epsilon_minus_mu_234 = [-1.21],
  epsilon_minus_mu_235 = [-2.11],
  epsilon_minus_mu_236 = [-1.20],
  epsilon_minus_mu_237 = [-2.72],
  epsilon_minus_mu_238 = [-3.69],
  epsilon_minus_mu_239 = [-2.19],
  epsilon_minus_mu_2310 = [-1.64],
  epsilon_minus_mu_2311 = [-1.17],
  epsilon_minus_mu_2312 = [-3.72],
  epsilon_minus_mu_2313 = [-4.06],
  epsilon_minus_mu_2314 = [-3.38],
  epsilon_minus_mu_2315 = [-2.03],
  epsilon_minus_mu_2316 = [-1.52],
  epsilon_minus_mu_2317 = [-3.66],
  epsilon_minus_mu_2318 = [-2.86],
  epsilon_minus_mu_2319 = [-2.47],
  epsilon_minus_mu_2320 = [-3.46],
  epsilon_minus_mu_241 = [-2.79],
  epsilon_minus_mu_242 = [-2.73],
  epsilon_minus_mu_243 = [-1.82],
  epsilon_minus_mu_244 = [-3.84],
  epsilon_minus_mu_245 = [-3.06],
  epsilon_minus_mu_246 = [-3.56],
  epsilon_minus_mu_247 = [-2.55],
  epsilon_minus_mu_248 = [-2.87],
  epsilon_minus_mu_249 = [-1.59],
  epsilon_minus_mu_2410 = [-1.74],
  epsilon_minus_mu_2411 = [-3.23],
  epsilon_minus_mu_2412 = [-1.53],
  epsilon_minus_mu_2413 = [-4.36],
  epsilon_minus_mu_2414 = [-2.57],
  epsilon_minus_mu_2415 = [-3.26],
  epsilon_minus_mu_2416 = [-1.45],
  epsilon_minus_mu_2417 = [-3.24],
  epsilon_minus_mu_2418 = [-3.20],
  epsilon_minus_mu_2419 = [-2.96],
  epsilon_minus_mu_2420 = [-2.13],
  epsilon_minus_mu_251 = [-3.19],
  epsilon_minus_mu_252 = [-2.74],
  epsilon_minus_mu_253 = [-1.23],
  epsilon_minus_mu_254 = [-3.89],
  epsilon_minus_mu_255 = [-3.67],
  epsilon_minus_mu_256 = [-4.06],
  epsilon_minus_mu_257 = [-1.94],
  epsilon_minus_mu_258 = [-1.36],
  epsilon_minus_mu_259 = [-3.53],
  epsilon_minus_mu_2510 = [-4.12],
  epsilon_minus_mu_2511 = [-2.22],
  epsilon_minus_mu_2512 = [-2.93],
  epsilon_minus_mu_2513 = [-2.16],
  epsilon_minus_mu_2514 = [-3.24],
  epsilon_minus_mu_2515 = [-1.16],
  epsilon_minus_mu_2516 = [-2.16],
  epsilon_minus_mu_2517 = [-4.11],
  epsilon_minus_mu_2518 = [-2.68],
  epsilon_minus_mu_2519 = [-4.33],
  epsilon_minus_mu_2520 = [-1.11],
  epsilon_minus_mu_261 = [-3.79],
  epsilon_minus_mu_262 = [-4.58],
  epsilon_minus_mu_263 = [-3.03],
  epsilon_minus_mu_264 = [-1.99],
  epsilon_minus_mu_265 = [-1.08],
  epsilon_minus_mu_266 = [-1.61],
  epsilon_minus_mu_267 = [-1.94],
  epsilon_minus_mu_268 = [-3.11],
  epsilon_minus_mu_269 = [-2.40],
  epsilon_minus_mu_2610 = [-1.17],
  epsilon_minus_mu_2611 = [-3.25],
  epsilon_minus_mu_2612 = [-3.66],
  epsilon_minus_mu_2613 = [-1.79],
  epsilon_minus_mu_2614 = [-4.32],
  epsilon_minus_mu_2615 = [-3.73],
  epsilon_minus_mu_2616 = [-1.40],
  epsilon_minus_mu_2617 = [-2.33],
  epsilon_minus_mu_2618 = [-3.30],
  epsilon_minus_mu_2619 = [-2.93],
  epsilon_minus_mu_2620 = [-1.75],
  epsilon_minus_mu_271 = [-3.47],
  epsilon_minus_mu_272 = [-3.72],
  epsilon_minus_mu_273 = [-4.44],
  epsilon_minus_mu_274 = [-2.56],
  epsilon_minus_mu_275 = [-3.21],
  epsilon_minus_mu_276 = [-2.15],
  epsilon_minus_mu_277 = [-3.68],
  epsilon_minus_mu_278 = [-4.51],
  epsilon_minus_mu_279 = [-4.15],
  epsilon_minus_mu_2710 = [-4.09],
  epsilon_minus_mu_2711 = [-1.59],
  epsilon_minus_mu_2712 = [-2.76],
  epsilon_minus_mu_2713 = [-2.35],
  epsilon_minus_mu_2714 = [-4.06],
  epsilon_minus_mu_2715 = [-2.93],
  epsilon_minus_mu_2716 = [-2.00],
  epsilon_minus_mu_2717 = [-2.24],
  epsilon_minus_mu_2718 = [-3.85],
  epsilon_minus_mu_2719 = [-2.10],
  epsilon_minus_mu_2720 = [-2.91],
  epsilon_minus_mu_281 = [-2.29],
  epsilon_minus_mu_282 = [-2.46],
  epsilon_minus_mu_283 = [-2.25],
  epsilon_minus_mu_284 = [-2.19],
  epsilon_minus_mu_285 = [-3.81],
  epsilon_minus_mu_286 = [-3.49],
  epsilon_minus_mu_287 = [-2.53],
  epsilon_minus_mu_288 = [-1.54],
  epsilon_minus_mu_289 = [-1.12],
  epsilon_minus_mu_2810 = [-2.55],
  epsilon_minus_mu_2811 = [-2.59],
  epsilon_minus_mu_2812 = [-2.25],
  epsilon_minus_mu_2813 = [-2.99],
  epsilon_minus_mu_2814 = [-2.90],
  epsilon_minus_mu_2815 = [-3.20],
  epsilon_minus_mu_2816 = [-3.25],
  epsilon_minus_mu_2817 = [-3.74],
  epsilon_minus_mu_2818 = [-4.17],
  epsilon_minus_mu_2819 = [-1.88],
  epsilon_minus_mu_2820 = [-1.41],
  epsilon_minus_mu_291 = [-2.50],
  epsilon_minus_mu_292 = [-2.54],
  epsilon_minus_mu_293 = [-2.24],
  epsilon_minus_mu_294 = [-1.62],
  epsilon_minus_mu_295 = [-3.03],
  epsilon_minus_mu_296 = [-4.07],
  epsilon_minus_mu_297 = [-2.65],
  epsilon_minus_mu_298 = [-1.84],
  epsilon_minus_mu_299 = [-4.07],
  epsilon_minus_mu_2910 = [-3.75],
  epsilon_minus_mu_2911 = [-2.66],
  epsilon_minus_mu_2912 = [-2.33],
  epsilon_minus_mu_2913 = [-2.67],
  epsilon_minus_mu_2914 = [-3.50],
  epsilon_minus_mu_2915 = [-2.63],
  epsilon_minus_mu_2916 = [-4.07],
  epsilon_minus_mu_2917 = [-1.97],
  epsilon_minus_mu_2918 = [-2.47],
  epsilon_minus_mu_2919 = [-2.48],
  epsilon_minus_mu_2920 = [-2.97],
  epsilon_minus_mu_301 = [-4.64],
  epsilon_minus_mu_302 = [-2.12],
  epsilon_minus_mu_303 = [-3.82],
  epsilon_minus_mu_304 = [-3.56],
  epsilon_minus_mu_305 = [-3.52],
  epsilon_minus_mu_306 = [-1.44],
  epsilon_minus_mu_307 = [-2.90],
  epsilon_minus_mu_308 = [-2.20],
  epsilon_minus_mu_309 = [-3.55],
  epsilon_minus_mu_3010 = [-1.86],
  epsilon_minus_mu_3011 = [-3.16],
  epsilon_minus_mu_3012 = [-3.58],
  epsilon_minus_mu_3013 = [-2.53],
  epsilon_minus_mu_3014 = [-3.79],
  epsilon_minus_mu_3015 = [-2.90],
  epsilon_minus_mu_3016 = [-4.09],
  epsilon_minus_mu_3017 = [-2.54],
  epsilon_minus_mu_3018 = [-2.46],
  epsilon_minus_mu_3019 = [-2.03],
  epsilon_minus_mu_3020 = [-4.71],
  epsilon_minus_mu_311 = [-2.52],
  epsilon_minus_mu_312 = [-1.51],
  epsilon_minus_mu_313 = [-2.31],
  epsilon_minus_mu_314 = [-1.41],
  epsilon_minus_mu_315 = [-2.83],
  epsilon_minus_mu_316 = [-2.03],
  epsilon_minus_mu_317 = [-3.66],
  epsilon_minus_mu_318 = [-4.13],
  epsilon_minus_mu_319 = [-1.22],
  epsilon_minus_mu_3110 = [-2.61],
  epsilon_minus_mu_3111 = [-2.17],
  epsilon_minus_mu_3112 = [-2.37],
  epsilon_minus_mu_3113 = [-3.59],
  epsilon_minus_mu_3114 = [-1.94],
  epsilon_minus_mu_3115 = [-4.33],
  epsilon_minus_mu_3116 = [-1.86],
  epsilon_minus_mu_3117 = [-2.06],
  epsilon_minus_mu_3118 = [-3.90],
  epsilon_minus_mu_3119 = [-1.33],
  epsilon_minus_mu_3120 = [-2.67],
  epsilon_minus_mu_321 = [-2.22],
  epsilon_minus_mu_322 = [-1.78],
  epsilon_minus_mu_323 = [-1.09],
  epsilon_minus_mu_324 = [-2.71],
  epsilon_minus_mu_325 = [-2.91],
  epsilon_minus_mu_326 = [-1.54],
  epsilon_minus_mu_327 = [-1.13],
  epsilon_minus_mu_328 = [-4.46],
  epsilon_minus_mu_329 = [-3.28],
  epsilon_minus_mu_3210 = [-2.47],
  epsilon_minus_mu_3211 = [-1.80],
  epsilon_minus_mu_3212 = [-3.23],
  epsilon_minus_mu_3213 = [-3.49],
  epsilon_minus_mu_3214 = [-3.71],
  epsilon_minus_mu_3215 = [-3.61],
  epsilon_minus_mu_3216 = [-1.83],
  epsilon_minus_mu_3217 = [-2.15],
  epsilon_minus_mu_3218 = [-3.97],
  epsilon_minus_mu_3219 = [-4.12],
  epsilon_minus_mu_3220 = [-1.57],
  epsilon_minus_mu_331 = [-1.77],
  epsilon_minus_mu_332 = [-2.85],
  epsilon_minus_mu_333 = [-1.88],
  epsilon_minus_mu_334 = [-2.24],
  epsilon_minus_mu_335 = [-2.06],
  epsilon_minus_mu_336 = [-1.26],
  epsilon_minus_mu_337 = [-2.30],
  epsilon_minus_mu_338 = [-3.59],
  epsilon_minus_mu_339 = [-3.03],
  epsilon_minus_mu_3310 = [-2.31],
  epsilon_minus_mu_3311 = [-2.35],
  epsilon_minus_mu_3312 = [-2.88],
  epsilon_minus_mu_3313 = [-2.48],
  epsilon_minus_mu_3314 = [-2.44],
  epsilon_minus_mu_3315 = [-3.66],
  epsilon_minus_mu_3316 = [-1.45],
  epsilon_minus_mu_3317 = [-3.77],
  epsilon_minus_mu_3318 = [-2.64],
  epsilon_minus_mu_3319 = [-2.06],
  epsilon_minus_mu_3320 = [-4.00],
  epsilon_minus_mu_341 = [-2.85],
  epsilon_minus_mu_342 = [-2.11],
  epsilon_minus_mu_343 = [-1.47],
  epsilon_minus_mu_344 = [-1.97],
  epsilon_minus_mu_345 = [-3.78],
  epsilon_minus_mu_346 = [-1.23],
  epsilon_minus_mu_347 = [-3.73],
  epsilon_minus_mu_348 = [-3.55],
  epsilon_minus_mu_349 = [-3.23],
  epsilon_minus_mu_3410 = [-3.10],
  epsilon_minus_mu_3411 = [-3.69],
  epsilon_minus_mu_3412 = [-3.92],
  epsilon_minus_mu_3413 = [-1.29],
  epsilon_minus_mu_3414 = [-2.81],
  epsilon_minus_mu_3415 = [-3.98],
  epsilon_minus_mu_3416 = [-3.52],
  epsilon_minus_mu_3417 = [-1.29],
  epsilon_minus_mu_3418 = [-2.24],
  epsilon_minus_mu_3419 = [-1.30],
  epsilon_minus_mu_3420 = [-0.78],
  epsilon_minus_mu_351 = [-1.50],
  epsilon_minus_mu_352 = [-4.37],
  epsilon_minus_mu_353 = [-1.96],
  epsilon_minus_mu_354 = [-4.51],
  epsilon_minus_mu_355 = [-1.49],
  epsilon_minus_mu_356 = [-4.26],
  epsilon_minus_mu_357 = [-2.03],
  epsilon_minus_mu_358 = [-2.67],
  epsilon_minus_mu_359 = [-2.20],
  epsilon_minus_mu_3510 = [-1.76],
  epsilon_minus_mu_3511 = [-1.32],
  epsilon_minus_mu_3512 = [-3.69],
  epsilon_minus_mu_3513 = [-3.15],
  epsilon_minus_mu_3514 = [-3.68],
  epsilon_minus_mu_3515 = [-1.36],
  epsilon_minus_mu_3516 = [-2.56],
  epsilon_minus_mu_3517 = [-2.59],
  epsilon_minus_mu_3518 = [-3.28],
  epsilon_minus_mu_3519 = [-2.60],
  epsilon_minus_mu_3520 = [-4.55],
  epsilon_minus_mu_361 = [-4.10],
  epsilon_minus_mu_362 = [-4.55],
  epsilon_minus_mu_363 = [-3.67],
  epsilon_minus_mu_364 = [-4.18],
  epsilon_minus_mu_365 = [-2.20],
  epsilon_minus_mu_366 = [-3.86],
  epsilon_minus_mu_367 = [-1.95],
  epsilon_minus_mu_368 = [-4.39],
  epsilon_minus_mu_369 = [-3.07],
  epsilon_minus_mu_3610 = [-2.83],
  epsilon_minus_mu_3611 = [-3.91],
  epsilon_minus_mu_3612 = [-2.23],
  epsilon_minus_mu_3613 = [-1.85],
  epsilon_minus_mu_3614 = [-1.71],
  epsilon_minus_mu_3615 = [-3.62],
  epsilon_minus_mu_3616 = [-1.85],
  epsilon_minus_mu_3617 = [-3.88],
  epsilon_minus_mu_3618 = [-3.70],
  epsilon_minus_mu_3619 = [-2.43],
  epsilon_minus_mu_3620 = [-3.28],
  epsilon_minus_mu_371 = [-3.60],
  epsilon_minus_mu_372 = [-2.98],
  epsilon_minus_mu_373 = [-2.85],
  epsilon_minus_mu_374 = [-2.98],
  epsilon_minus_mu_375 = [-3.87],
  epsilon_minus_mu_376 = [-1.39],
  epsilon_minus_mu_377 = [-2.41],
  epsilon_minus_mu_378 = [-1.84],
  epsilon_minus_mu_379 = [-2.80],
  epsilon_minus_mu_3710 = [-3.47],
  epsilon_minus_mu_3711 = [-2.99],
  epsilon_minus_mu_3712 = [-3.85],
  epsilon_minus_mu_3713 = [-2.49],
  epsilon_minus_mu_3714 = [-2.17],
  epsilon_minus_mu_3715 = [-1.58],
  epsilon_minus_mu_3716 = [-3.92],
  epsilon_minus_mu_3717 = [-2.87],
  epsilon_minus_mu_3718 = [-2.30],
  epsilon_minus_mu_3719 = [-4.29],
  epsilon_minus_mu_3720 = [-3.66],
  epsilon_minus_mu_381 = [-2.51],
  epsilon_minus_mu_382 = [-2.85],
  epsilon_minus_mu_383 = [-1.56],
  epsilon_minus_mu_384 = [-3.52],
  epsilon_minus_mu_385 = [-1.65],
  epsilon_minus_mu_386 = [-3.73],
  epsilon_minus_mu_387 = [-1.34],
  epsilon_minus_mu_388 = [-1.41],
  epsilon_minus_mu_389 = [-2.85],
  epsilon_minus_mu_3810 = [-2.88],
  epsilon_minus_mu_3811 = [-2.24],
  epsilon_minus_mu_3812 = [-3.21],
  epsilon_minus_mu_3813 = [-3.58],
  epsilon_minus_mu_3814 = [-1.58],
  epsilon_minus_mu_3815 = [-3.69],
  epsilon_minus_mu_3816 = [-3.56],
  epsilon_minus_mu_3817 = [-3.16],
  epsilon_minus_mu_3818 = [-4.12],
  epsilon_minus_mu_3819 = [-2.65],
  epsilon_minus_mu_3820 = [-3.94],
  epsilon_minus_mu_391 = [-1.46],
  epsilon_minus_mu_392 = [-2.12],
  epsilon_minus_mu_393 = [-2.89],
  epsilon_minus_mu_394 = [-2.75],
  epsilon_minus_mu_395 = [-3.85],
  epsilon_minus_mu_396 = [-1.47],
  epsilon_minus_mu_397 = [-1.21],
  epsilon_minus_mu_398 = [-1.12],
  epsilon_minus_mu_399 = [-4.59],
  epsilon_minus_mu_3910 = [-3.00],
  epsilon_minus_mu_3911 = [-4.06],
  epsilon_minus_mu_3912 = [-2.58],
  epsilon_minus_mu_3913 = [-3.26],
  epsilon_minus_mu_3914 = [-1.35],
  epsilon_minus_mu_3915 = [-1.68],
  epsilon_minus_mu_3916 = [-1.24],
  epsilon_minus_mu_3917 = [-4.02],
  epsilon_minus_mu_3918 = [-2.21],
  epsilon_minus_mu_3919 = [-1.68],
  epsilon_minus_mu_3920 = [-3.81],
  epsilon_minus_mu_401 = [-2.86],
  epsilon_minus_mu_402 = [-3.96],
  epsilon_minus_mu_403 = [-3.33],
  epsilon_minus_mu_404 = [-2.30],
  epsilon_minus_mu_405 = [-1.52],
  epsilon_minus_mu_406 = [-2.47],
  epsilon_minus_mu_407 = [-1.25],
  epsilon_minus_mu_408 = [-1.63],
  epsilon_minus_mu_409 = [-1.38],
  epsilon_minus_mu_4010 = [-1.07],
  epsilon_minus_mu_4011 = [-1.30],
  epsilon_minus_mu_4012 = [-3.48],
  epsilon_minus_mu_4013 = [-2.20],
  epsilon_minus_mu_4014 = [-4.14],
  epsilon_minus_mu_4015 = [-1.24],
  epsilon_minus_mu_4016 = [-2.15],
  epsilon_minus_mu_4017 = [-1.85],
  epsilon_minus_mu_4018 = [-3.25],
  epsilon_minus_mu_4019 = [-3.38],
  epsilon_minus_mu_4020 = [-3.15],
  epsilon_minus_mu_411 = [-2.30],
  epsilon_minus_mu_412 = [-3.78],
  epsilon_minus_mu_413 = [-3.94],
  epsilon_minus_mu_414 = [-2.54],
  epsilon_minus_mu_415 = [-3.16],
  epsilon_minus_mu_416 = [-1.79],
  epsilon_minus_mu_417 = [-2.71],
  epsilon_minus_mu_418 = [-1.95],
  epsilon_minus_mu_419 = [-2.27],
  epsilon_minus_mu_4110 = [-3.03],
  epsilon_minus_mu_4111 = [-4.37],
  epsilon_minus_mu_4112 = [-1.49],
  epsilon_minus_mu_4113 = [-1.95],
  epsilon_minus_mu_4114 = [-4.21],
  epsilon_minus_mu_4115 = [-1.38],
  epsilon_minus_mu_4116 = [-3.40],
  epsilon_minus_mu_4117 = [-2.23],
  epsilon_minus_mu_4118 = [-3.57],
  epsilon_minus_mu_4119 = [-2.46],
  epsilon_minus_mu_4120 = [-4.39],
  epsilon_minus_mu_421 = [-4.05],
  epsilon_minus_mu_422 = [-1.64],
  epsilon_minus_mu_423 = [-1.63],
  epsilon_minus_mu_424 = [-4.37],
  epsilon_minus_mu_425 = [-1.29],
  epsilon_minus_mu_426 = [-4.02],
  epsilon_minus_mu_427 = [-2.48],
  epsilon_minus_mu_428 = [-4.01],
  epsilon_minus_mu_429 = [-2.16],
  epsilon_minus_mu_4210 = [-2.12],
  epsilon_minus_mu_4211 = [-1.14],
  epsilon_minus_mu_4212 = [-3.34],
  epsilon_minus_mu_4213 = [-3.20],
  epsilon_minus_mu_4214 = [-2.54],
  epsilon_minus_mu_4215 = [-3.45],
  epsilon_minus_mu_4216 = [-4.11],
  epsilon_minus_mu_4217 = [-2.44],
  epsilon_minus_mu_4218 = [-1.44],
  epsilon_minus_mu_4219 = [-3.28],
  epsilon_minus_mu_4220 = [-1.98],
  epsilon_minus_mu_431 = [-3.06],
  epsilon_minus_mu_432 = [-3.41],
  epsilon_minus_mu_433 = [-3.53],
  epsilon_minus_mu_434 = [-1.00],
  epsilon_minus_mu_435 = [-1.39],
  epsilon_minus_mu_436 = [-2.66],
  epsilon_minus_mu_437 = [-2.58],
  epsilon_minus_mu_438 = [-2.36],
  epsilon_minus_mu_439 = [-3.62],
  epsilon_minus_mu_4310 = [-3.01],
  epsilon_minus_mu_4311 = [-4.39],
  epsilon_minus_mu_4312 = [-2.73],
  epsilon_minus_mu_4313 = [-2.82],
  epsilon_minus_mu_4314 = [-4.03],
  epsilon_minus_mu_4315 = [-2.13],
  epsilon_minus_mu_4316 = [-2.79],
  epsilon_minus_mu_4317 = [-2.87],
  epsilon_minus_mu_4318 = [-3.18],
  epsilon_minus_mu_4319 = [-1.52],
  epsilon_minus_mu_4320 = [-1.59],
  epsilon_minus_mu_441 = [-1.81],
  epsilon_minus_mu_442 = [-3.07],
  epsilon_minus_mu_443 = [-3.19],
  epsilon_minus_mu_444 = [-1.27],
  epsilon_minus_mu_445 = [-4.28],
  epsilon_minus_mu_446 = [-2.70],
  epsilon_minus_mu_447 = [-2.10],
  epsilon_minus_mu_448 = [-3.28],
  epsilon_minus_mu_449 = [-1.79],
  epsilon_minus_mu_4410 = [-1.57],
  epsilon_minus_mu_4411 = [-1.71],
  epsilon_minus_mu_4412 = [-1.21],
  epsilon_minus_mu_4413 = [-2.61],
  epsilon_minus_mu_4414 = [-4.46],
  epsilon_minus_mu_4415 = [-2.88],
  epsilon_minus_mu_4416 = [-2.22],
  epsilon_minus_mu_4417 = [-2.07],
  epsilon_minus_mu_4418 = [-2.69],
  epsilon_minus_mu_4419 = [-2.87],
  epsilon_minus_mu_4420 = [-3.16],
  epsilon_minus_mu_451 = [-1.97],
  epsilon_minus_mu_452 = [-4.26],
  epsilon_minus_mu_453 = [-3.96],
  epsilon_minus_mu_454 = [-3.11],
  epsilon_minus_mu_455 = [-2.12],
  epsilon_minus_mu_456 = [-3.06],
  epsilon_minus_mu_457 = [-1.42],
  epsilon_minus_mu_458 = [-1.03],
  epsilon_minus_mu_459 = [-1.83],
  epsilon_minus_mu_4510 = [-2.89],
  epsilon_minus_mu_4511 = [-1.50],
  epsilon_minus_mu_4512 = [-4.10],
  epsilon_minus_mu_4513 = [-2.80],
  epsilon_minus_mu_4514 = [-4.01],
  epsilon_minus_mu_4515 = [-2.43],
  epsilon_minus_mu_4516 = [-2.19],
  epsilon_minus_mu_4517 = [-4.59],
  epsilon_minus_mu_4518 = [-1.55],
  epsilon_minus_mu_4519 = [-3.78],
  epsilon_minus_mu_4520 = [-3.49],
  epsilon_minus_mu_461 = [-3.74],
  epsilon_minus_mu_462 = [-2.07],
  epsilon_minus_mu_463 = [-2.96],
  epsilon_minus_mu_464 = [-3.97],
  epsilon_minus_mu_465 = [-2.48],
  epsilon_minus_mu_466 = [-2.85],
  epsilon_minus_mu_467 = [-1.81],
  epsilon_minus_mu_468 = [-2.74],
  epsilon_minus_mu_469 = [-4.17],
  epsilon_minus_mu_4610 = [-3.22],
  epsilon_minus_mu_4611 = [-3.07],
  epsilon_minus_mu_4612 = [-3.86],
  epsilon_minus_mu_4613 = [-3.90],
  epsilon_minus_mu_4614 = [-2.60],
  epsilon_minus_mu_4615 = [-3.51],
  epsilon_minus_mu_4616 = [-4.52],
  epsilon_minus_mu_4617 = [-1.73],
  epsilon_minus_mu_4618 = [-1.88],
  epsilon_minus_mu_4619 = [-1.58],
  epsilon_minus_mu_4620 = [-1.73],
  epsilon_minus_mu_471 = [-1.47],
  epsilon_minus_mu_472 = [-1.82],
  epsilon_minus_mu_473 = [-1.12],
  epsilon_minus_mu_474 = [-3.93],
  epsilon_minus_mu_475 = [-2.94],
  epsilon_minus_mu_476 = [-3.57],
  epsilon_minus_mu_477 = [-2.85],
  epsilon_minus_mu_478 = [-4.58],
  epsilon_minus_mu_479 = [-2.10],
  epsilon_minus_mu_4710 = [-2.22],
  epsilon_minus_mu_4711 = [-3.39],
  epsilon_minus_mu_4712 = [-1.16],
  epsilon_minus_mu_4713 = [-3.57],
  epsilon_minus_mu_4714 = [-2.07],
  epsilon_minus_mu_4715 = [-2.01],
  epsilon_minus_mu_4716 = [-0.95],
  epsilon_minus_mu_4717 = [-4.18],
  epsilon_minus_mu_4718 = [-2.48],
  epsilon_minus_mu_4719 = [-2.67],
  epsilon_minus_mu_4720 = [-2.22],
  epsilon_minus_mu_481 = [-1.63],
  epsilon_minus_mu_482 = [-3.48],
  epsilon_minus_mu_483 = [-2.07],
  epsilon_minus_mu_484 = [-2.22],
  epsilon_minus_mu_485 = [-2.88],
  epsilon_minus_mu_486 = [-1.58],
  epsilon_minus_mu_487 = [-1.61],
  epsilon_minus_mu_488 = [-4.20],
  epsilon_minus_mu_489 = [-3.00],
  epsilon_minus_mu_4810 = [-1.84],
  epsilon_minus_mu_4811 = [-1.79],
  epsilon_minus_mu_4812 = [-4.13],
  epsilon_minus_mu_4813 = [-1.95],
  epsilon_minus_mu_4814 = [-2.03],
  epsilon_minus_mu_4815 = [-3.56],
  epsilon_minus_mu_4816 = [-3.08],
  epsilon_minus_mu_4817 = [-2.22],
  epsilon_minus_mu_4818 = [-2.56],
  epsilon_minus_mu_4819 = [-2.91],
  epsilon_minus_mu_4820 = [-4.40],
  epsilon_minus_mu_491 = [-1.20],
  epsilon_minus_mu_492 = [-3.73],
  epsilon_minus_mu_493 = [-1.09],
  epsilon_minus_mu_494 = [-1.86],
  epsilon_minus_mu_495 = [-4.16],
  epsilon_minus_mu_496 = [-1.37],
  epsilon_minus_mu_497 = [-2.01],
  epsilon_minus_mu_498 = [-4.15],
  epsilon_minus_mu_499 = [-2.18],
  epsilon_minus_mu_4910 = [-2.59],
  epsilon_minus_mu_4911 = [-1.99],
  epsilon_minus_mu_4912 = [-3.78],
  epsilon_minus_mu_4913 = [-2.30],
  epsilon_minus_mu_4914 = [-2.45],
  epsilon_minus_mu_4915 = [-2.14],
  epsilon_minus_mu_4916 = [-3.36],
  epsilon_minus_mu_4917 = [-2.04],
  epsilon_minus_mu_4918 = [-3.40],
  epsilon_minus_mu_4919 = [-1.95],
  epsilon_minus_mu_4920 = [-2.97],
  epsilon_minus_mu_501 = [-3.06],
  epsilon_minus_mu_502 = [-1.63],
  epsilon_minus_mu_503 = [-0.89],
  epsilon_minus_mu_504 = [-2.91],
  epsilon_minus_mu_505 = [-4.03],
  epsilon_minus_mu_506 = [-2.27],
  epsilon_minus_mu_507 = [-1.78],
  epsilon_minus_mu_508 = [-3.74],
  epsilon_minus_mu_509 = [-2.13],
  epsilon_minus_mu_5010 = [-3.70],
  epsilon_minus_mu_5011 = [-2.30],
  epsilon_minus_mu_5012 = [-2.96],
  epsilon_minus_mu_5013 = [-4.44],
  epsilon_minus_mu_5014 = [-3.43],
  epsilon_minus_mu_5015 = [-2.99],
  epsilon_minus_mu_5016 = [-2.06],
  epsilon_minus_mu_5017 = [-1.59],
  epsilon_minus_mu_5018 = [-3.52],
  epsilon_minus_mu_5019 = [-3.63],
  epsilon_minus_mu_5020 = [-2.29],
  epsilon_minus_mu_511 = [-2.18],
  epsilon_minus_mu_512 = [-4.33],
  epsilon_minus_mu_513 = [-4.05],
  epsilon_minus_mu_514 = [-1.31],
  epsilon_minus_mu_515 = [-2.39],
  epsilon_minus_mu_516 = [-1.41],
  epsilon_minus_mu_517 = [-2.51],
  epsilon_minus_mu_518 = [-4.13],
  epsilon_minus_mu_519 = [-2.77],
  epsilon_minus_mu_5110 = [-2.81],
  epsilon_minus_mu_5111 = [-2.55],
  epsilon_minus_mu_5112 = [-1.94],
  epsilon_minus_mu_5113 = [-2.81],
  epsilon_minus_mu_5114 = [-2.67],
  epsilon_minus_mu_5115 = [-4.31],
  epsilon_minus_mu_5116 = [-1.53],
  epsilon_minus_mu_5117 = [-2.94],
  epsilon_minus_mu_5118 = [-3.24],
  epsilon_minus_mu_5119 = [-4.05],
  epsilon_minus_mu_5120 = [-1.29],
  epsilon_minus_mu_521 = [-3.19],
  epsilon_minus_mu_522 = [-2.81],
  epsilon_minus_mu_523 = [-2.41],
  epsilon_minus_mu_524 = [-2.97],
  epsilon_minus_mu_525 = [-3.02],
  epsilon_minus_mu_526 = [-2.15],
  epsilon_minus_mu_527 = [-1.55],
  epsilon_minus_mu_528 = [-2.97],
  epsilon_minus_mu_529 = [-3.77],
  epsilon_minus_mu_5210 = [-2.45],
  epsilon_minus_mu_5211 = [-1.01],
  epsilon_minus_mu_5212 = [-2.96],
  epsilon_minus_mu_5213 = [-4.05],
  epsilon_minus_mu_5214 = [-3.38],
  epsilon_minus_mu_5215 = [-1.37],
  epsilon_minus_mu_5216 = [-2.28],
  epsilon_minus_mu_5217 = [-2.34],
  epsilon_minus_mu_5218 = [-2.60],
  epsilon_minus_mu_5219 = [-3.72],
  epsilon_minus_mu_5220 = [-3.21],
  epsilon_minus_mu_531 = [-2.94],
  epsilon_minus_mu_532 = [-1.48],
  epsilon_minus_mu_533 = [-1.21],
  epsilon_minus_mu_534 = [-1.49],
  epsilon_minus_mu_535 = [-4.05],
  epsilon_minus_mu_536 = [-1.38],
  epsilon_minus_mu_537 = [-1.66],
  epsilon_minus_mu_538 = [-1.45],
  epsilon_minus_mu_539 = [-3.73],
  epsilon_minus_mu_5310 = [-3.35],
  epsilon_minus_mu_5311 = [-4.17],
  epsilon_minus_mu_5312 = [-0.97],
  epsilon_minus_mu_5313 = [-4.04],
  epsilon_minus_mu_5314 = [-1.86],
  epsilon_minus_mu_5315 = [-2.65],
  epsilon_minus_mu_5316 = [-1.78],
  epsilon_minus_mu_5317 = [-3.83],
  epsilon_minus_mu_5318 = [-3.00],
  epsilon_minus_mu_5319 = [-1.41],
  epsilon_minus_mu_5320 = [-1.91],
  epsilon_minus_mu_541 = [-1.71],
  epsilon_minus_mu_542 = [-1.19],
  epsilon_minus_mu_543 = [-2.21],
  epsilon_minus_mu_544 = [-4.04],
  epsilon_minus_mu_545 = [-2.76],
  epsilon_minus_mu_546 = [-4.55],
  epsilon_minus_mu_547 = [-2.40],
  epsilon_minus_mu_548 = [-1.51],
  epsilon_minus_mu_549 = [-2.57],
  epsilon_minus_mu_5410 = [-1.19],
  epsilon_minus_mu_5411 = [-1.77],
  epsilon_minus_mu_5412 = [-3.04],
  epsilon_minus_mu_5413 = [-4.38],
  epsilon_minus_mu_5414 = [-1.52],
  epsilon_minus_mu_5415 = [-3.95],
  epsilon_minus_mu_5416 = [-1.81],
  epsilon_minus_mu_5417 = [-3.63],
  epsilon_minus_mu_5418 = [-3.60],
  epsilon_minus_mu_5419 = [-3.50],
  epsilon_minus_mu_5420 = [-2.90],
  epsilon_minus_mu_551 = [-1.48],
  epsilon_minus_mu_552 = [-1.47],
  epsilon_minus_mu_553 = [-2.45],
  epsilon_minus_mu_554 = [-3.93],
  epsilon_minus_mu_555 = [-1.36],
  epsilon_minus_mu_556 = [-2.69],
  epsilon_minus_mu_557 = [-0.96],
  epsilon_minus_mu_558 = [-4.55],
  epsilon_minus_mu_559 = [-3.81],
  epsilon_minus_mu_5510 = [-3.79],
  epsilon_minus_mu_5511 = [-2.57],
  epsilon_minus_mu_5512 = [-4.28],
  epsilon_minus_mu_5513 = [-1.56],
  epsilon_minus_mu_5514 = [-2.65],
  epsilon_minus_mu_5515 = [-1.46],
  epsilon_minus_mu_5516 = [-4.63],
  epsilon_minus_mu_5517 = [-3.92],
  epsilon_minus_mu_5518 = [-3.68],
  epsilon_minus_mu_5519 = [-3.78],
  epsilon_minus_mu_5520 = [-3.85],
  epsilon_minus_mu_561 = [-3.05],
  epsilon_minus_mu_562 = [-4.01],
  epsilon_minus_mu_563 = [-2.44],
  epsilon_minus_mu_564 = [-2.94],
  epsilon_minus_mu_565 = [-1.71],
  epsilon_minus_mu_566 = [-0.99],
  epsilon_minus_mu_567 = [-2.14],
  epsilon_minus_mu_568 = [-2.18],
  epsilon_minus_mu_569 = [-2.60],
  epsilon_minus_mu_5610 = [-1.94],
  epsilon_minus_mu_5611 = [-2.89],
  epsilon_minus_mu_5612 = [-2.25],
  epsilon_minus_mu_5613 = [-2.04],
  epsilon_minus_mu_5614 = [-2.41],
  epsilon_minus_mu_5615 = [-3.04],
  epsilon_minus_mu_5616 = [-3.55],
  epsilon_minus_mu_5617 = [-2.32],
  epsilon_minus_mu_5618 = [-4.27],
  epsilon_minus_mu_5619 = [-1.83],
  epsilon_minus_mu_5620 = [-3.06],
  epsilon_minus_mu_571 = [-4.00],
  epsilon_minus_mu_572 = [-2.03],
  epsilon_minus_mu_573 = [-1.90],
  epsilon_minus_mu_574 = [-1.88],
  epsilon_minus_mu_575 = [-2.65],
  epsilon_minus_mu_576 = [-4.01],
  epsilon_minus_mu_577 = [-2.50],
  epsilon_minus_mu_578 = [-1.62],
  epsilon_minus_mu_579 = [-1.69],
  epsilon_minus_mu_5710 = [-3.46],
  epsilon_minus_mu_5711 = [-1.72],
  epsilon_minus_mu_5712 = [-3.58],
  epsilon_minus_mu_5713 = [-3.43],
  epsilon_minus_mu_5714 = [-2.35],
  epsilon_minus_mu_5715 = [-2.31],
  epsilon_minus_mu_5716 = [-2.45],
  epsilon_minus_mu_5717 = [-2.02],
  epsilon_minus_mu_5718 = [-2.27],
  epsilon_minus_mu_5719 = [-1.86],
  epsilon_minus_mu_5720 = [-1.41],
  epsilon_minus_mu_581 = [-1.99],
  epsilon_minus_mu_582 = [-4.33],
  epsilon_minus_mu_583 = [-0.81],
  epsilon_minus_mu_584 = [-2.56],
  epsilon_minus_mu_585 = [-4.34],
  epsilon_minus_mu_586 = [-3.79],
  epsilon_minus_mu_587 = [-3.30],
  epsilon_minus_mu_588 = [-3.53],
  epsilon_minus_mu_589 = [-3.86],
  epsilon_minus_mu_5810 = [-3.02],
  epsilon_minus_mu_5811 = [-2.92],
  epsilon_minus_mu_5812 = [-4.07],
  epsilon_minus_mu_5813 = [-2.18],
  epsilon_minus_mu_5814 = [-1.52],
  epsilon_minus_mu_5815 = [-2.32],
  epsilon_minus_mu_5816 = [-3.33],
  epsilon_minus_mu_5817 = [-4.31],
  epsilon_minus_mu_5818 = [-4.20],
  epsilon_minus_mu_5819 = [-3.72],
  epsilon_minus_mu_5820 = [-3.05],
  epsilon_minus_mu_591 = [-3.99],
  epsilon_minus_mu_592 = [-1.40],
  epsilon_minus_mu_593 = [-1.88],
  epsilon_minus_mu_594 = [-1.85],
  epsilon_minus_mu_595 = [-1.91],
  epsilon_minus_mu_596 = [-1.68],
  epsilon_minus_mu_597 = [-1.56],
  epsilon_minus_mu_598 = [-2.81],
  epsilon_minus_mu_599 = [-2.65],
  epsilon_minus_mu_5910 = [-2.04],
  epsilon_minus_mu_5911 = [-1.87],
  epsilon_minus_mu_5912 = [-2.90],
  epsilon_minus_mu_5913 = [-1.74],
  epsilon_minus_mu_5914 = [-1.18],
  epsilon_minus_mu_5915 = [-1.42],
  epsilon_minus_mu_5916 = [-3.69],
  epsilon_minus_mu_5917 = [-1.86],
  epsilon_minus_mu_5918 = [-3.30],
  epsilon_minus_mu_5919 = [-1.31],
  epsilon_minus_mu_5920 = [-1.06],
  epsilon_minus_mu_601 = [-3.77],
  epsilon_minus_mu_602 = [-1.67],
  epsilon_minus_mu_603 = [-1.81],
  epsilon_minus_mu_604 = [-2.44],
  epsilon_minus_mu_605 = [-3.37],
  epsilon_minus_mu_606 = [-3.53],
  epsilon_minus_mu_607 = [-3.74],
  epsilon_minus_mu_608 = [-1.97],
  epsilon_minus_mu_609 = [-3.97],
  epsilon_minus_mu_6010 = [-2.45],
  epsilon_minus_mu_6011 = [-3.98],
  epsilon_minus_mu_6012 = [-4.31],
  epsilon_minus_mu_6013 = [-2.94],
  epsilon_minus_mu_6014 = [-4.23],
  epsilon_minus_mu_6015 = [-3.68],
  epsilon_minus_mu_6016 = [-4.33],
  epsilon_minus_mu_6017 = [-2.41],
  epsilon_minus_mu_6018 = [-4.05],
  epsilon_minus_mu_6019 = [-4.00],
  epsilon_minus_mu_6020 = [-3.26],
]

Sigma + ¦Ó_{jk} = [
  sigma_plus_tau_11 = [6.62],
  sigma_plus_tau_12 = [6.47],
  sigma_plus_tau_13 = [5.78],
  sigma_plus_tau_14 = [6.56],
  sigma_plus_tau_15 = [5.24],
  sigma_plus_tau_16 = [3.56],
  sigma_plus_tau_17 = [4.64],
  sigma_plus_tau_18 = [6.63],
  sigma_plus_tau_19 = [2.58],
  sigma_plus_tau_110 = [6.74],
  sigma_plus_tau_111 = [5.50],
  sigma_plus_tau_112 = [2.25],
  sigma_plus_tau_113 = [2.37],
  sigma_plus_tau_114 = [2.53],
  sigma_plus_tau_115 = [2.62],
  sigma_plus_tau_116 = [2.34],
  sigma_plus_tau_117 = [6.50],
  sigma_plus_tau_118 = [4.74],
  sigma_plus_tau_119 = [2.28],
  sigma_plus_tau_120 = [2.58],
  sigma_plus_tau_21 = [3.72],
  sigma_plus_tau_22 = [5.47],
  sigma_plus_tau_23 = [3.85],
  sigma_plus_tau_24 = [2.26],
  sigma_plus_tau_25 = [2.61],
  sigma_plus_tau_26 = [4.48],
  sigma_plus_tau_27 = [6.95],
  sigma_plus_tau_28 = [2.35],
  sigma_plus_tau_29 = [3.29],
  sigma_plus_tau_210 = [2.40],
  sigma_plus_tau_211 = [4.46],
  sigma_plus_tau_212 = [6.91],
  sigma_plus_tau_213 = [6.37],
  sigma_plus_tau_214 = [6.58],
  sigma_plus_tau_215 = [5.46],
  sigma_plus_tau_216 = [6.81],
  sigma_plus_tau_217 = [5.61],
  sigma_plus_tau_218 = [2.70],
  sigma_plus_tau_219 = [3.34],
  sigma_plus_tau_220 = [3.55],
  sigma_plus_tau_31 = [4.42],
  sigma_plus_tau_32 = [4.37],
  sigma_plus_tau_33 = [4.63],
  sigma_plus_tau_34 = [6.52],
  sigma_plus_tau_35 = [3.29],
  sigma_plus_tau_36 = [3.52],
  sigma_plus_tau_37 = [2.93],
  sigma_plus_tau_38 = [4.48],
  sigma_plus_tau_39 = [5.59],
  sigma_plus_tau_310 = [5.50],
  sigma_plus_tau_311 = [2.68],
  sigma_plus_tau_312 = [5.37],
  sigma_plus_tau_313 = [2.68],
  sigma_plus_tau_314 = [6.42],
  sigma_plus_tau_315 = [4.73],
  sigma_plus_tau_316 = [6.26],
  sigma_plus_tau_317 = [4.71],
  sigma_plus_tau_318 = [4.54],
  sigma_plus_tau_319 = [4.42],
  sigma_plus_tau_320 = [3.61],
  sigma_plus_tau_41 = [6.28],
  sigma_plus_tau_42 = [2.86],
  sigma_plus_tau_43 = [3.49],
  sigma_plus_tau_44 = [5.36],
  sigma_plus_tau_45 = [6.39],
  sigma_plus_tau_46 = [4.38],
  sigma_plus_tau_47 = [3.41],
  sigma_plus_tau_48 = [4.27],
  sigma_plus_tau_49 = [4.24],
  sigma_plus_tau_410 = [5.55],
  sigma_plus_tau_411 = [6.53],
  sigma_plus_tau_412 = [2.49],
  sigma_plus_tau_413 = [2.13],
  sigma_plus_tau_414 = [6.29],
  sigma_plus_tau_415 = [6.57],
  sigma_plus_tau_416 = [4.47],
  sigma_plus_tau_417 = [5.27],
  sigma_plus_tau_418 = [6.96],
  sigma_plus_tau_419 = [5.11],
  sigma_plus_tau_420 = [2.66],
  sigma_plus_tau_51 = [2.36],
  sigma_plus_tau_52 = [3.64],
  sigma_plus_tau_53 = [3.32],
  sigma_plus_tau_54 = [6.12],
  sigma_plus_tau_55 = [6.87],
  sigma_plus_tau_56 = [6.24],
  sigma_plus_tau_57 = [2.95],
  sigma_plus_tau_58 = [6.24],
  sigma_plus_tau_59 = [2.65],
  sigma_plus_tau_510 = [5.77],
  sigma_plus_tau_511 = [4.54],
  sigma_plus_tau_512 = [6.49],
  sigma_plus_tau_513 = [5.26],
  sigma_plus_tau_514 = [5.14],
  sigma_plus_tau_515 = [2.42],
  sigma_plus_tau_516 = [2.26],
  sigma_plus_tau_517 = [2.19],
  sigma_plus_tau_518 = [5.38],
  sigma_plus_tau_519 = [5.71],
  sigma_plus_tau_520 = [4.17],
  sigma_plus_tau_61 = [6.68],
  sigma_plus_tau_62 = [6.63],
  sigma_plus_tau_63 = [2.67],
  sigma_plus_tau_64 = [4.30],
  sigma_plus_tau_65 = [5.59],
  sigma_plus_tau_66 = [6.26],
  sigma_plus_tau_67 = [3.36],
  sigma_plus_tau_68 = [3.31],
  sigma_plus_tau_69 = [6.43],
  sigma_plus_tau_610 = [2.28],
  sigma_plus_tau_611 = [3.26],
  sigma_plus_tau_612 = [2.44],
  sigma_plus_tau_613 = [3.71],
  sigma_plus_tau_614 = [2.59],
  sigma_plus_tau_615 = [2.71],
  sigma_plus_tau_616 = [5.57],
  sigma_plus_tau_617 = [4.21],
  sigma_plus_tau_618 = [4.52],
  sigma_plus_tau_619 = [3.25],
  sigma_plus_tau_620 = [3.62],
  sigma_plus_tau_71 = [6.37],
  sigma_plus_tau_72 = [6.49],
  sigma_plus_tau_73 = [2.60],
  sigma_plus_tau_74 = [2.52],
  sigma_plus_tau_75 = [2.46],
  sigma_plus_tau_76 = [6.35],
  sigma_plus_tau_77 = [5.35],
  sigma_plus_tau_78 = [4.66],
  sigma_plus_tau_79 = [4.55],
  sigma_plus_tau_710 = [3.45],
  sigma_plus_tau_711 = [6.68],
  sigma_plus_tau_712 = [6.70],
  sigma_plus_tau_713 = [5.68],
  sigma_plus_tau_714 = [4.50],
  sigma_plus_tau_715 = [2.98],
  sigma_plus_tau_716 = [6.52],
  sigma_plus_tau_717 = [3.51],
  sigma_plus_tau_718 = [3.77],
  sigma_plus_tau_719 = [3.50],
  sigma_plus_tau_720 = [5.75],
  sigma_plus_tau_81 = [2.50],
  sigma_plus_tau_82 = [2.60],
  sigma_plus_tau_83 = [6.35],
  sigma_plus_tau_84 = [6.40],
  sigma_plus_tau_85 = [5.50],
  sigma_plus_tau_86 = [3.27],
  sigma_plus_tau_87 = [3.73],
  sigma_plus_tau_88 = [5.58],
  sigma_plus_tau_89 = [6.74],
  sigma_plus_tau_810 = [4.61],
  sigma_plus_tau_811 = [5.69],
  sigma_plus_tau_812 = [6.79],
  sigma_plus_tau_813 = [3.38],
  sigma_plus_tau_814 = [2.67],
  sigma_plus_tau_815 = [2.46],
  sigma_plus_tau_816 = [4.32],
  sigma_plus_tau_817 = [6.61],
  sigma_plus_tau_818 = [3.00],
  sigma_plus_tau_819 = [6.43],
  sigma_plus_tau_820 = [2.66],
  sigma_plus_tau_91 = [6.43],
  sigma_plus_tau_92 = [4.24],
  sigma_plus_tau_93 = [3.78],
  sigma_plus_tau_94 = [6.67],
  sigma_plus_tau_95 = [3.65],
  sigma_plus_tau_96 = [5.36],
  sigma_plus_tau_97 = [3.37],
  sigma_plus_tau_98 = [5.50],
  sigma_plus_tau_99 = [3.39],
  sigma_plus_tau_910 = [6.42],
  sigma_plus_tau_911 = [5.30],
  sigma_plus_tau_912 = [5.24],
  sigma_plus_tau_913 = [6.75],
  sigma_plus_tau_914 = [6.28],
  sigma_plus_tau_915 = [4.99],
  sigma_plus_tau_916 = [2.42],
  sigma_plus_tau_917 = [2.68],
  sigma_plus_tau_918 = [3.11],
  sigma_plus_tau_919 = [2.38],
  sigma_plus_tau_920 = [3.49],
  sigma_plus_tau_101 = [5.75],
  sigma_plus_tau_102 = [3.44],
  sigma_plus_tau_103 = [5.71],
  sigma_plus_tau_104 = [2.78],
  sigma_plus_tau_105 = [3.39],
  sigma_plus_tau_106 = [3.51],
  sigma_plus_tau_107 = [5.60],
  sigma_plus_tau_108 = [5.54],
  sigma_plus_tau_109 = [5.35],
  sigma_plus_tau_1010 = [5.54],
  sigma_plus_tau_1011 = [3.46],
  sigma_plus_tau_1012 = [5.82],
  sigma_plus_tau_1013 = [3.02],
  sigma_plus_tau_1014 = [4.41],
  sigma_plus_tau_1015 = [2.40],
  sigma_plus_tau_1016 = [3.63],
  sigma_plus_tau_1017 = [3.56],
  sigma_plus_tau_1018 = [5.57],
  sigma_plus_tau_1019 = [5.31],
  sigma_plus_tau_1020 = [3.00],
  sigma_plus_tau_111 = [5.25],
  sigma_plus_tau_112 = [4.68],
  sigma_plus_tau_113 = [6.54],
  sigma_plus_tau_114 = [4.54],
  sigma_plus_tau_115 = [6.37],
  sigma_plus_tau_116 = [5.37],
  sigma_plus_tau_117 = [6.66],
  sigma_plus_tau_118 = [2.13],
  sigma_plus_tau_119 = [2.59],
  sigma_plus_tau_1110 = [2.67],
  sigma_plus_tau_1111 = [6.47],
  sigma_plus_tau_1112 = [5.41],
  sigma_plus_tau_1113 = [6.42],
  sigma_plus_tau_1114 = [2.27],
  sigma_plus_tau_1115 = [2.20],
  sigma_plus_tau_1116 = [3.50],
  sigma_plus_tau_1117 = [6.52],
  sigma_plus_tau_1118 = [4.34],
  sigma_plus_tau_1119 = [5.62],
  sigma_plus_tau_1120 = [2.54],
  sigma_plus_tau_121 = [3.20],
  sigma_plus_tau_122 = [4.56],
  sigma_plus_tau_123 = [2.58],
  sigma_plus_tau_124 = [6.49],
  sigma_plus_tau_125 = [4.34],
  sigma_plus_tau_126 = [2.69],
  sigma_plus_tau_127 = [4.68],
  sigma_plus_tau_128 = [3.49],
  sigma_plus_tau_129 = [5.93],
  sigma_plus_tau_1210 = [4.50],
  sigma_plus_tau_1211 = [4.67],
  sigma_plus_tau_1212 = [3.75],
  sigma_plus_tau_1213 = [4.37],
  sigma_plus_tau_1214 = [5.51],
  sigma_plus_tau_1215 = [6.61],
  sigma_plus_tau_1216 = [2.13],
  sigma_plus_tau_1217 = [5.34],
  sigma_plus_tau_1218 = [5.58],
  sigma_plus_tau_1219 = [4.64],
  sigma_plus_tau_1220 = [4.39],
  sigma_plus_tau_131 = [2.28],
  sigma_plus_tau_132 = [3.48],
  sigma_plus_tau_133 = [4.29],
  sigma_plus_tau_134 = [4.42],
  sigma_plus_tau_135 = [4.54],
  sigma_plus_tau_136 = [4.65],
  sigma_plus_tau_137 = [6.23],
  sigma_plus_tau_138 = [5.41],
  sigma_plus_tau_139 = [4.47],
  sigma_plus_tau_1310 = [6.17],
  sigma_plus_tau_1311 = [6.89],
  sigma_plus_tau_1312 = [3.99],
  sigma_plus_tau_1313 = [6.79],
  sigma_plus_tau_1314 = [3.20],
  sigma_plus_tau_1315 = [6.61],
  sigma_plus_tau_1316 = [5.83],
  sigma_plus_tau_1317 = [6.55],
  sigma_plus_tau_1318 = [3.74],
  sigma_plus_tau_1319 = [3.50],
  sigma_plus_tau_1320 = [6.45],
  sigma_plus_tau_141 = [5.72],
  sigma_plus_tau_142 = [5.58],
  sigma_plus_tau_143 = [3.18],
  sigma_plus_tau_144 = [5.46],
  sigma_plus_tau_145 = [6.45],
  sigma_plus_tau_146 = [2.01],
  sigma_plus_tau_147 = [3.57],
  sigma_plus_tau_148 = [5.65],
  sigma_plus_tau_149 = [3.61],
  sigma_plus_tau_1410 = [4.53],
  sigma_plus_tau_1411 = [6.45],
  sigma_plus_tau_1412 = [7.05],
  sigma_plus_tau_1413 = [2.20],
  sigma_plus_tau_1414 = [2.59],
  sigma_plus_tau_1415 = [6.43],
  sigma_plus_tau_1416 = [3.39],
  sigma_plus_tau_1417 = [4.63],
  sigma_plus_tau_1418 = [5.21],
  sigma_plus_tau_1419 = [3.66],
  sigma_plus_tau_1420 = [6.25],
  sigma_plus_tau_151 = [6.18],
  sigma_plus_tau_152 = [5.38],
  sigma_plus_tau_153 = [2.88],
  sigma_plus_tau_154 = [4.33],
  sigma_plus_tau_155 = [3.47],
  sigma_plus_tau_156 = [6.84],
  sigma_plus_tau_157 = [3.34],
  sigma_plus_tau_158 = [4.37],
  sigma_plus_tau_159 = [5.50],
  sigma_plus_tau_1510 = [4.27],
  sigma_plus_tau_1511 = [6.62],
  sigma_plus_tau_1512 = [6.51],
  sigma_plus_tau_1513 = [3.57],
  sigma_plus_tau_1514 = [5.89],
  sigma_plus_tau_1515 = [2.33],
  sigma_plus_tau_1516 = [6.36],
  sigma_plus_tau_1517 = [4.59],
  sigma_plus_tau_1518 = [6.63],
  sigma_plus_tau_1519 = [5.51],
  sigma_plus_tau_1520 = [6.72],
  sigma_plus_tau_161 = [6.69],
  sigma_plus_tau_162 = [5.52],
  sigma_plus_tau_163 = [4.44],
  sigma_plus_tau_164 = [6.64],
  sigma_plus_tau_165 = [2.56],
  sigma_plus_tau_166 = [2.68],
  sigma_plus_tau_167 = [4.59],
  sigma_plus_tau_168 = [4.75],
  sigma_plus_tau_169 = [3.47],
  sigma_plus_tau_1610 = [2.58],
  sigma_plus_tau_1611 = [5.32],
  sigma_plus_tau_1612 = [6.50],
  sigma_plus_tau_1613 = [3.85],
  sigma_plus_tau_1614 = [6.87],
  sigma_plus_tau_1615 = [2.84],
  sigma_plus_tau_1616 = [2.54],
  sigma_plus_tau_1617 = [4.53],
  sigma_plus_tau_1618 = [6.57],
  sigma_plus_tau_1619 = [2.38],
  sigma_plus_tau_1620 = [4.67],
  sigma_plus_tau_171 = [5.40],
  sigma_plus_tau_172 = [3.23],
  sigma_plus_tau_173 = [2.70],
  sigma_plus_tau_174 = [3.87],
  sigma_plus_tau_175 = [6.32],
  sigma_plus_tau_176 = [4.53],
  sigma_plus_tau_177 = [2.59],
  sigma_plus_tau_178 = [2.28],
  sigma_plus_tau_179 = [4.41],
  sigma_plus_tau_1710 = [4.45],
  sigma_plus_tau_1711 = [4.38],
  sigma_plus_tau_1712 = [4.31],
  sigma_plus_tau_1713 = [4.33],
  sigma_plus_tau_1714 = [2.83],
  sigma_plus_tau_1715 = [6.47],
  sigma_plus_tau_1716 = [5.37],
  sigma_plus_tau_1717 = [2.48],
  sigma_plus_tau_1718 = [2.43],
  sigma_plus_tau_1719 = [5.43],
  sigma_plus_tau_1720 = [4.75],
  sigma_plus_tau_181 = [3.51],
  sigma_plus_tau_182 = [4.59],
  sigma_plus_tau_183 = [2.67],
  sigma_plus_tau_184 = [5.36],
  sigma_plus_tau_185 = [4.50],
  sigma_plus_tau_186 = [3.31],
  sigma_plus_tau_187 = [6.65],
  sigma_plus_tau_188 = [4.75],
  sigma_plus_tau_189 = [4.61],
  sigma_plus_tau_1810 = [5.66],
  sigma_plus_tau_1811 = [5.41],
  sigma_plus_tau_1812 = [2.30],
  sigma_plus_tau_1813 = [6.54],
  sigma_plus_tau_1814 = [2.83],
  sigma_plus_tau_1815 = [4.29],
  sigma_plus_tau_1816 = [6.05],
  sigma_plus_tau_1817 = [5.57],
  sigma_plus_tau_1818 = [7.12],
  sigma_plus_tau_1819 = [4.71],
  sigma_plus_tau_1820 = [5.44],
  sigma_plus_tau_191 = [3.77],
  sigma_plus_tau_192 = [3.58],
  sigma_plus_tau_193 = [3.67],
  sigma_plus_tau_194 = [2.41],
  sigma_plus_tau_195 = [6.60],
  sigma_plus_tau_196 = [6.73],
  sigma_plus_tau_197 = [4.62],
  sigma_plus_tau_198 = [4.43],
  sigma_plus_tau_199 = [5.75],
  sigma_plus_tau_1910 = [5.24],
  sigma_plus_tau_1911 = [5.79],
  sigma_plus_tau_1912 = [2.22],
  sigma_plus_tau_1913 = [2.30],
  sigma_plus_tau_1914 = [2.85],
  sigma_plus_tau_1915 = [3.51],
  sigma_plus_tau_1916 = [2.63],
  sigma_plus_tau_1917 = [5.54],
  sigma_plus_tau_1918 = [2.30],
  sigma_plus_tau_1919 = [3.65],
  sigma_plus_tau_1920 = [3.32],
  sigma_plus_tau_201 = [3.33],
  sigma_plus_tau_202 = [2.17],
  sigma_plus_tau_203 = [4.11],
  sigma_plus_tau_204 = [2.12],
  sigma_plus_tau_205 = [5.57],
  sigma_plus_tau_206 = [6.25],
  sigma_plus_tau_207 = [4.35],
  sigma_plus_tau_208 = [5.57],
  sigma_plus_tau_209 = [5.53],
  sigma_plus_tau_2010 = [3.63],
  sigma_plus_tau_2011 = [6.14],
  sigma_plus_tau_2012 = [4.62],
  sigma_plus_tau_2013 = [4.39],
  sigma_plus_tau_2014 = [2.51],
  sigma_plus_tau_2015 = [5.47],
  sigma_plus_tau_2016 = [5.54],
  sigma_plus_tau_2017 = [5.41],
  sigma_plus_tau_2018 = [4.63],
  sigma_plus_tau_2019 = [2.11],
  sigma_plus_tau_2020 = [5.59],
  sigma_plus_tau_211 = [6.27],
  sigma_plus_tau_212 = [4.40],
  sigma_plus_tau_213 = [6.10],
  sigma_plus_tau_214 = [2.57],
  sigma_plus_tau_215 = [4.62],
  sigma_plus_tau_216 = [6.68],
  sigma_plus_tau_217 = [3.51],
  sigma_plus_tau_218 = [2.28],
  sigma_plus_tau_219 = [2.23],
  sigma_plus_tau_2110 = [2.54],
  sigma_plus_tau_2111 = [4.44],
  sigma_plus_tau_2112 = [7.08],
  sigma_plus_tau_2113 = [3.92],
  sigma_plus_tau_2114 = [3.40],
  sigma_plus_tau_2115 = [6.76],
  sigma_plus_tau_2116 = [4.31],
  sigma_plus_tau_2117 = [3.65],
  sigma_plus_tau_2118 = [4.41],
  sigma_plus_tau_2119 = [3.53],
  sigma_plus_tau_2120 = [2.73],
  sigma_plus_tau_221 = [3.35],
  sigma_plus_tau_222 = [5.68],
  sigma_plus_tau_223 = [3.44],
  sigma_plus_tau_224 = [4.30],
  sigma_plus_tau_225 = [6.50],
  sigma_plus_tau_226 = [6.46],
  sigma_plus_tau_227 = [4.70],
  sigma_plus_tau_228 = [6.53],
  sigma_plus_tau_229 = [4.63],
  sigma_plus_tau_2210 = [3.48],
  sigma_plus_tau_2211 = [4.72],
  sigma_plus_tau_2212 = [4.48],
  sigma_plus_tau_2213 = [6.71],
  sigma_plus_tau_2214 = [5.19],
  sigma_plus_tau_2215 = [6.54],
  sigma_plus_tau_2216 = [3.41],
  sigma_plus_tau_2217 = [6.79],
  sigma_plus_tau_2218 = [4.44],
  sigma_plus_tau_2219 = [2.48],
  sigma_plus_tau_2220 = [3.83],
  sigma_plus_tau_231 = [6.14],
  sigma_plus_tau_232 = [2.09],
  sigma_plus_tau_233 = [6.54],
  sigma_plus_tau_234 = [4.23],
  sigma_plus_tau_235 = [4.59],
  sigma_plus_tau_236 = [3.16],
  sigma_plus_tau_237 = [3.57],
  sigma_plus_tau_238 = [7.09],
  sigma_plus_tau_239 = [4.74],
  sigma_plus_tau_2310 = [2.58],
  sigma_plus_tau_2311 = [3.65],
  sigma_plus_tau_2312 = [3.68],
  sigma_plus_tau_2313 = [5.30],
  sigma_plus_tau_2314 = [3.37],
  sigma_plus_tau_2315 = [3.61],
  sigma_plus_tau_2316 = [2.69],
  sigma_plus_tau_2317 = [4.57],
  sigma_plus_tau_2318 = [5.08],
  sigma_plus_tau_2319 = [4.40],
  sigma_plus_tau_2320 = [4.45],
  sigma_plus_tau_241 = [3.24],
  sigma_plus_tau_242 = [6.34],
  sigma_plus_tau_243 = [2.91],
  sigma_plus_tau_244 = [3.33],
  sigma_plus_tau_245 = [2.26],
  sigma_plus_tau_246 = [2.62],
  sigma_plus_tau_247 = [3.67],
  sigma_plus_tau_248 = [2.35],
  sigma_plus_tau_249 = [5.47],
  sigma_plus_tau_2410 = [6.52],
  sigma_plus_tau_2411 = [4.39],
  sigma_plus_tau_2412 = [2.25],
  sigma_plus_tau_2413 = [5.31],
  sigma_plus_tau_2414 = [5.42],
  sigma_plus_tau_2415 = [4.55],
  sigma_plus_tau_2416 = [3.59],
  sigma_plus_tau_2417 = [4.21],
  sigma_plus_tau_2418 = [4.51],
  sigma_plus_tau_2419 = [6.32],
  sigma_plus_tau_2420 = [2.33],
  sigma_plus_tau_251 = [5.34],
  sigma_plus_tau_252 = [6.61],
  sigma_plus_tau_253 = [6.04],
  sigma_plus_tau_254 = [5.27],
  sigma_plus_tau_255 = [6.39],
  sigma_plus_tau_256 = [4.65],
  sigma_plus_tau_257 = [4.55],
  sigma_plus_tau_258 = [3.18],
  sigma_plus_tau_259 = [3.54],
  sigma_plus_tau_2510 = [2.66],
  sigma_plus_tau_2511 = [4.48],
  sigma_plus_tau_2512 = [5.29],
  sigma_plus_tau_2513 = [4.41],
  sigma_plus_tau_2514 = [6.02],
  sigma_plus_tau_2515 = [2.41],
  sigma_plus_tau_2516 = [3.33],
  sigma_plus_tau_2517 = [4.19],
  sigma_plus_tau_2518 = [5.79],
  sigma_plus_tau_2519 = [4.54],
  sigma_plus_tau_2520 = [5.52],
  sigma_plus_tau_261 = [2.49],
  sigma_plus_tau_262 = [6.97],
  sigma_plus_tau_263 = [3.63],
  sigma_plus_tau_264 = [2.78],
  sigma_plus_tau_265 = [5.34],
  sigma_plus_tau_266 = [6.26],
  sigma_plus_tau_267 = [4.38],
  sigma_plus_tau_268 = [5.70],
  sigma_plus_tau_269 = [6.57],
  sigma_plus_tau_2610 = [3.74],
  sigma_plus_tau_2611 = [3.49],
  sigma_plus_tau_2612 = [6.31],
  sigma_plus_tau_2613 = [4.56],
  sigma_plus_tau_2614 = [6.50],
  sigma_plus_tau_2615 = [4.49],
  sigma_plus_tau_2616 = [6.11],
  sigma_plus_tau_2617 = [2.04],
  sigma_plus_tau_2618 = [6.50],
  sigma_plus_tau_2619 = [2.54],
  sigma_plus_tau_2620 = [4.80],
  sigma_plus_tau_271 = [3.23],
  sigma_plus_tau_272 = [6.54],
  sigma_plus_tau_273 = [2.07],
  sigma_plus_tau_274 = [6.43],
  sigma_plus_tau_275 = [3.66],
  sigma_plus_tau_276 = [5.62],
  sigma_plus_tau_277 = [4.67],
  sigma_plus_tau_278 = [4.47],
  sigma_plus_tau_279 = [5.63],
  sigma_plus_tau_2710 = [5.20],
  sigma_plus_tau_2711 = [5.41],
  sigma_plus_tau_2712 = [2.83],
  sigma_plus_tau_2713 = [2.49],
  sigma_plus_tau_2714 = [5.33],
  sigma_plus_tau_2715 = [4.26],
  sigma_plus_tau_2716 = [2.49],
  sigma_plus_tau_2717 = [2.67],
  sigma_plus_tau_2718 = [5.92],
  sigma_plus_tau_2719 = [6.59],
  sigma_plus_tau_2720 = [5.50],
  sigma_plus_tau_281 = [4.36],
  sigma_plus_tau_282 = [5.63],
  sigma_plus_tau_283 = [3.60],
  sigma_plus_tau_284 = [6.71],
  sigma_plus_tau_285 = [1.84],
  sigma_plus_tau_286 = [2.66],
  sigma_plus_tau_287 = [4.51],
  sigma_plus_tau_288 = [4.54],
  sigma_plus_tau_289 = [4.34],
  sigma_plus_tau_2810 = [3.72],
  sigma_plus_tau_2811 = [4.57],
  sigma_plus_tau_2812 = [6.40],
  sigma_plus_tau_2813 = [3.77],
  sigma_plus_tau_2814 = [6.16],
  sigma_plus_tau_2815 = [3.46],
  sigma_plus_tau_2816 = [3.18],
  sigma_plus_tau_2817 = [3.44],
  sigma_plus_tau_2818 = [4.61],
  sigma_plus_tau_2819 = [5.55],
  sigma_plus_tau_2820 = [5.70],
  sigma_plus_tau_291 = [6.11],
  sigma_plus_tau_292 = [4.47],
  sigma_plus_tau_293 = [3.83],
  sigma_plus_tau_294 = [6.59],
  sigma_plus_tau_295 = [4.25],
  sigma_plus_tau_296 = [4.46],
  sigma_plus_tau_297 = [6.05],
  sigma_plus_tau_298 = [5.63],
  sigma_plus_tau_299 = [7.00],
  sigma_plus_tau_2910 = [4.87],
  sigma_plus_tau_2911 = [3.27],
  sigma_plus_tau_2912 = [2.65],
  sigma_plus_tau_2913 = [4.35],
  sigma_plus_tau_2914 = [3.53],
  sigma_plus_tau_2915 = [5.35],
  sigma_plus_tau_2916 = [3.64],
  sigma_plus_tau_2917 = [4.46],
  sigma_plus_tau_2918 = [4.33],
  sigma_plus_tau_2919 = [4.64],
  sigma_plus_tau_2920 = [6.09],
  sigma_plus_tau_301 = [6.70],
  sigma_plus_tau_302 = [4.46],
  sigma_plus_tau_303 = [3.31],
  sigma_plus_tau_304 = [2.72],
  sigma_plus_tau_305 = [3.53],
  sigma_plus_tau_306 = [2.31],
  sigma_plus_tau_307 = [2.47],
  sigma_plus_tau_308 = [5.59],
  sigma_plus_tau_309 = [6.40],
  sigma_plus_tau_3010 = [3.54],
  sigma_plus_tau_3011 = [2.71],
  sigma_plus_tau_3012 = [3.35],
  sigma_plus_tau_3013 = [2.70],
  sigma_plus_tau_3014 = [2.71],
  sigma_plus_tau_3015 = [6.53],
  sigma_plus_tau_3016 = [4.56],
  sigma_plus_tau_3017 = [3.80],
  sigma_plus_tau_3018 = [2.55],
  sigma_plus_tau_3019 = [3.66],
  sigma_plus_tau_3020 = [3.16],
  sigma_plus_tau_311 = [3.72],
  sigma_plus_tau_312 = [4.43],
  sigma_plus_tau_313 = [4.52],
  sigma_plus_tau_314 = [3.65],
  sigma_plus_tau_315 = [5.41],
  sigma_plus_tau_316 = [5.90],
  sigma_plus_tau_317 = [3.64],
  sigma_plus_tau_318 = [6.61],
  sigma_plus_tau_319 = [4.79],
  sigma_plus_tau_3110 = [3.24],
  sigma_plus_tau_3111 = [5.34],
  sigma_plus_tau_3112 = [2.37],
  sigma_plus_tau_3113 = [5.50],
  sigma_plus_tau_3114 = [4.67],
  sigma_plus_tau_3115 = [2.63],
  sigma_plus_tau_3116 = [4.63],
  sigma_plus_tau_3117 = [5.69],
  sigma_plus_tau_3118 = [6.13],
  sigma_plus_tau_3119 = [2.21],
  sigma_plus_tau_3120 = [5.35],
  sigma_plus_tau_321 = [4.48],
  sigma_plus_tau_322 = [2.72],
  sigma_plus_tau_323 = [2.64],
  sigma_plus_tau_324 = [6.55],
  sigma_plus_tau_325 = [5.44],
  sigma_plus_tau_326 = [2.32],
  sigma_plus_tau_327 = [5.31],
  sigma_plus_tau_328 = [3.54],
  sigma_plus_tau_329 = [3.27],
  sigma_plus_tau_3210 = [5.29],
  sigma_plus_tau_3211 = [2.47],
  sigma_plus_tau_3212 = [3.47],
  sigma_plus_tau_3213 = [2.92],
  sigma_plus_tau_3214 = [3.69],
  sigma_plus_tau_3215 = [4.62],
  sigma_plus_tau_3216 = [6.29],
  sigma_plus_tau_3217 = [6.74],
  sigma_plus_tau_3218 = [6.50],
  sigma_plus_tau_3219 = [4.54],
  sigma_plus_tau_3220 = [5.53],
  sigma_plus_tau_331 = [5.84],
  sigma_plus_tau_332 = [2.33],
  sigma_plus_tau_333 = [6.57],
  sigma_plus_tau_334 = [6.49],
  sigma_plus_tau_335 = [3.47],
  sigma_plus_tau_336 = [3.24],
  sigma_plus_tau_337 = [2.64],
  sigma_plus_tau_338 = [4.31],
  sigma_plus_tau_339 = [5.58],
  sigma_plus_tau_3310 = [4.29],
  sigma_plus_tau_3311 = [5.49],
  sigma_plus_tau_3312 = [5.59],
  sigma_plus_tau_3313 = [3.57],
  sigma_plus_tau_3314 = [2.74],
  sigma_plus_tau_3315 = [4.70],
  sigma_plus_tau_3316 = [5.58],
  sigma_plus_tau_3317 = [2.71],
  sigma_plus_tau_3318 = [3.08],
  sigma_plus_tau_3319 = [5.48],
  sigma_plus_tau_3320 = [5.54],
  sigma_plus_tau_341 = [5.52],
  sigma_plus_tau_342 = [5.49],
  sigma_plus_tau_343 = [6.38],
  sigma_plus_tau_344 = [6.85],
  sigma_plus_tau_345 = [4.73],
  sigma_plus_tau_346 = [4.48],
  sigma_plus_tau_347 = [3.54],
  sigma_plus_tau_348 = [2.75],
  sigma_plus_tau_349 = [2.21],
  sigma_plus_tau_3410 = [3.62],
  sigma_plus_tau_3411 = [4.66],
  sigma_plus_tau_3412 = [4.41],
  sigma_plus_tau_3413 = [2.42],
  sigma_plus_tau_3414 = [6.01],
  sigma_plus_tau_3415 = [4.54],
  sigma_plus_tau_3416 = [2.66],
  sigma_plus_tau_3417 = [2.51],
  sigma_plus_tau_3418 = [6.48],
  sigma_plus_tau_3419 = [6.47],
  sigma_plus_tau_3420 = [3.46],
  sigma_plus_tau_351 = [3.41],
  sigma_plus_tau_352 = [5.45],
  sigma_plus_tau_353 = [5.30],
  sigma_plus_tau_354 = [5.50],
  sigma_plus_tau_355 = [3.40],
  sigma_plus_tau_356 = [5.65],
  sigma_plus_tau_357 = [3.44],
  sigma_plus_tau_358 = [3.52],
  sigma_plus_tau_359 = [5.36],
  sigma_plus_tau_3510 = [2.12],
  sigma_plus_tau_3511 = [2.38],
  sigma_plus_tau_3512 = [4.64],
  sigma_plus_tau_3513 = [2.68],
  sigma_plus_tau_3514 = [6.26],
  sigma_plus_tau_3515 = [3.63],
  sigma_plus_tau_3516 = [5.66],
  sigma_plus_tau_3517 = [5.43],
  sigma_plus_tau_3518 = [6.15],
  sigma_plus_tau_3519 = [4.45],
  sigma_plus_tau_3520 = [5.38],
  sigma_plus_tau_361 = [3.41],
  sigma_plus_tau_362 = [6.91],
  sigma_plus_tau_363 = [5.34],
  sigma_plus_tau_364 = [3.31],
  sigma_plus_tau_365 = [4.46],
  sigma_plus_tau_366 = [2.27],
  sigma_plus_tau_367 = [2.55],
  sigma_plus_tau_368 = [5.59],
  sigma_plus_tau_369 = [4.63],
  sigma_plus_tau_3610 = [6.30],
  sigma_plus_tau_3611 = [2.31],
  sigma_plus_tau_3612 = [4.54],
  sigma_plus_tau_3613 = [2.25],
  sigma_plus_tau_3614 = [5.54],
  sigma_plus_tau_3615 = [2.32],
  sigma_plus_tau_3616 = [4.39],
  sigma_plus_tau_3617 = [2.78],
  sigma_plus_tau_3618 = [3.48],
  sigma_plus_tau_3619 = [5.54],
  sigma_plus_tau_3620 = [4.67],
  sigma_plus_tau_371 = [3.63],
  sigma_plus_tau_372 = [3.47],
  sigma_plus_tau_373 = [3.69],
  sigma_plus_tau_374 = [4.82],
  sigma_plus_tau_375 = [4.46],
  sigma_plus_tau_376 = [3.58],
  sigma_plus_tau_377 = [6.39],
  sigma_plus_tau_378 = [4.46],
  sigma_plus_tau_379 = [2.52],
  sigma_plus_tau_3710 = [3.45],
  sigma_plus_tau_3711 = [3.72],
  sigma_plus_tau_3712 = [6.38],
  sigma_plus_tau_3713 = [3.68],
  sigma_plus_tau_3714 = [4.52],
  sigma_plus_tau_3715 = [3.45],
  sigma_plus_tau_3716 = [6.74],
  sigma_plus_tau_3717 = [5.18],
  sigma_plus_tau_3718 = [3.61],
  sigma_plus_tau_3719 = [4.58],
  sigma_plus_tau_3720 = [5.84],
  sigma_plus_tau_381 = [5.39],
  sigma_plus_tau_382 = [4.53],
  sigma_plus_tau_383 = [5.32],
  sigma_plus_tau_384 = [4.79],
  sigma_plus_tau_385 = [5.76],
  sigma_plus_tau_386 = [4.37],
  sigma_plus_tau_387 = [2.40],
  sigma_plus_tau_388 = [2.64],
  sigma_plus_tau_389 = [5.65],
  sigma_plus_tau_3810 = [5.65],
  sigma_plus_tau_3811 = [5.07],
  sigma_plus_tau_3812 = [5.10],
  sigma_plus_tau_3813 = [3.35],
  sigma_plus_tau_3814 = [6.20],
  sigma_plus_tau_3815 = [2.58],
  sigma_plus_tau_3816 = [2.67],
  sigma_plus_tau_3817 = [5.59],
  sigma_plus_tau_3818 = [5.15],
  sigma_plus_tau_3819 = [4.48],
  sigma_plus_tau_3820 = [5.76],
  sigma_plus_tau_391 = [2.58],
  sigma_plus_tau_392 = [5.27],
  sigma_plus_tau_393 = [2.64],
  sigma_plus_tau_394 = [5.92],
  sigma_plus_tau_395 = [4.35],
  sigma_plus_tau_396 = [5.57],
  sigma_plus_tau_397 = [4.23],
  sigma_plus_tau_398 = [3.25],
  sigma_plus_tau_399 = [2.79],
  sigma_plus_tau_3910 = [3.69],
  sigma_plus_tau_3911 = [3.49],
  sigma_plus_tau_3912 = [3.48],
  sigma_plus_tau_3913 = [3.58],
  sigma_plus_tau_3914 = [5.51],
  sigma_plus_tau_3915 = [5.59],
  sigma_plus_tau_3916 = [3.61],
  sigma_plus_tau_3917 = [3.29],
  sigma_plus_tau_3918 = [4.54],
  sigma_plus_tau_3919 = [5.52],
  sigma_plus_tau_3920 = [6.60],
  sigma_plus_tau_401 = [5.64],
  sigma_plus_tau_402 = [6.55],
  sigma_plus_tau_403 = [6.80],
  sigma_plus_tau_404 = [5.60],
  sigma_plus_tau_405 = [2.10],
  sigma_plus_tau_406 = [5.73],
  sigma_plus_tau_407 = [5.55],
  sigma_plus_tau_408 = [2.39],
  sigma_plus_tau_409 = [6.43],
  sigma_plus_tau_4010 = [2.43],
  sigma_plus_tau_4011 = [4.45],
  sigma_plus_tau_4012 = [3.43],
  sigma_plus_tau_4013 = [4.52],
  sigma_plus_tau_4014 = [6.39],
  sigma_plus_tau_4015 = [5.49],
  sigma_plus_tau_4016 = [6.68],
  sigma_plus_tau_4017 = [5.54],
  sigma_plus_tau_4018 = [5.26],
  sigma_plus_tau_4019 = [6.50],
  sigma_plus_tau_4020 = [3.86],
  sigma_plus_tau_411 = [3.51],
  sigma_plus_tau_412 = [3.77],
  sigma_plus_tau_413 = [4.35],
  sigma_plus_tau_414 = [6.33],
  sigma_plus_tau_415 = [4.61],
  sigma_plus_tau_416 = [5.53],
  sigma_plus_tau_417 = [2.55],
  sigma_plus_tau_418 = [4.64],
  sigma_plus_tau_419 = [6.61],
  sigma_plus_tau_4110 = [5.50],
  sigma_plus_tau_4111 = [2.57],
  sigma_plus_tau_4112 = [4.55],
  sigma_plus_tau_4113 = [2.52],
  sigma_plus_tau_4114 = [4.70],
  sigma_plus_tau_4115 = [4.49],
  sigma_plus_tau_4116 = [6.31],
  sigma_plus_tau_4117 = [6.35],
  sigma_plus_tau_4118 = [3.34],
  sigma_plus_tau_4119 = [6.42],
  sigma_plus_tau_4120 = [3.33],
  sigma_plus_tau_421 = [2.22],
  sigma_plus_tau_422 = [6.39],
  sigma_plus_tau_423 = [3.29],
  sigma_plus_tau_424 = [5.79],
  sigma_plus_tau_425 = [3.54],
  sigma_plus_tau_426 = [6.68],
  sigma_plus_tau_427 = [4.30],
  sigma_plus_tau_428 = [5.45],
  sigma_plus_tau_429 = [2.49],
  sigma_plus_tau_4210 = [5.64],
  sigma_plus_tau_4211 = [2.49],
  sigma_plus_tau_4212 = [6.62],
  sigma_plus_tau_4213 = [3.44],
  sigma_plus_tau_4214 = [2.49],
  sigma_plus_tau_4215 = [3.47],
  sigma_plus_tau_4216 = [3.49],
  sigma_plus_tau_4217 = [7.02],
  sigma_plus_tau_4218 = [4.38],
  sigma_plus_tau_4219 = [4.52],
  sigma_plus_tau_4220 = [6.55],
  sigma_plus_tau_431 = [5.59],
  sigma_plus_tau_432 = [5.58],
  sigma_plus_tau_433 = [2.65],
  sigma_plus_tau_434 = [6.52],
  sigma_plus_tau_435 = [2.51],
  sigma_plus_tau_436 = [4.63],
  sigma_plus_tau_437 = [4.56],
  sigma_plus_tau_438 = [6.03],
  sigma_plus_tau_439 = [3.47],
  sigma_plus_tau_4310 = [6.77],
  sigma_plus_tau_4311 = [1.99],
  sigma_plus_tau_4312 = [2.35],
  sigma_plus_tau_4313 = [5.92],
  sigma_plus_tau_4314 = [4.46],
  sigma_plus_tau_4315 = [4.41],
  sigma_plus_tau_4316 = [2.97],
  sigma_plus_tau_4317 = [2.49],
  sigma_plus_tau_4318 = [3.20],
  sigma_plus_tau_4319 = [3.47],
  sigma_plus_tau_4320 = [5.66],
  sigma_plus_tau_441 = [5.45],
  sigma_plus_tau_442 = [6.56],
  sigma_plus_tau_443 = [3.55],
  sigma_plus_tau_444 = [6.76],
  sigma_plus_tau_445 = [6.17],
  sigma_plus_tau_446 = [4.26],
  sigma_plus_tau_447 = [3.62],
  sigma_plus_tau_448 = [3.77],
  sigma_plus_tau_449 = [3.39],
  sigma_plus_tau_4410 = [4.41],
  sigma_plus_tau_4411 = [2.96],
  sigma_plus_tau_4412 = [5.38],
  sigma_plus_tau_4413 = [2.50],
  sigma_plus_tau_4414 = [6.30],
  sigma_plus_tau_4415 = [2.51],
  sigma_plus_tau_4416 = [3.39],
  sigma_plus_tau_4417 = [5.61],
  sigma_plus_tau_4418 = [5.59],
  sigma_plus_tau_4419 = [3.45],
  sigma_plus_tau_4420 = [2.54],
  sigma_plus_tau_451 = [5.71],
  sigma_plus_tau_452 = [6.18],
  sigma_plus_tau_453 = [3.61],
  sigma_plus_tau_454 = [4.67],
  sigma_plus_tau_455 = [5.41],
  sigma_plus_tau_456 = [5.64],
  sigma_plus_tau_457 = [5.27],
  sigma_plus_tau_458 = [4.08],
  sigma_plus_tau_459 = [2.63],
  sigma_plus_tau_4510 = [6.63],
  sigma_plus_tau_4511 = [6.80],
  sigma_plus_tau_4512 = [4.34],
  sigma_plus_tau_4513 = [6.64],
  sigma_plus_tau_4514 = [6.65],
  sigma_plus_tau_4515 = [4.54],
  sigma_plus_tau_4516 = [3.57],
  sigma_plus_tau_4517 = [3.36],
  sigma_plus_tau_4518 = [3.37],
  sigma_plus_tau_4519 = [5.64],
  sigma_plus_tau_4520 = [5.22],
  sigma_plus_tau_461 = [5.48],
  sigma_plus_tau_462 = [5.36],
  sigma_plus_tau_463 = [3.32],
  sigma_plus_tau_464 = [2.84],
  sigma_plus_tau_465 = [3.67],
  sigma_plus_tau_466 = [3.45],
  sigma_plus_tau_467 = [4.38],
  sigma_plus_tau_468 = [6.13],
  sigma_plus_tau_469 = [6.45],
  sigma_plus_tau_4610 = [5.60],
  sigma_plus_tau_4611 = [3.27],
  sigma_plus_tau_4612 = [5.40],
  sigma_plus_tau_4613 = [5.71],
  sigma_plus_tau_4614 = [4.30],
  sigma_plus_tau_4615 = [2.71],
  sigma_plus_tau_4616 = [3.92],
  sigma_plus_tau_4617 = [5.40],
  sigma_plus_tau_4618 = [4.45],
  sigma_plus_tau_4619 = [3.59],
  sigma_plus_tau_4620 = [2.27],
  sigma_plus_tau_471 = [5.57],
  sigma_plus_tau_472 = [5.43],
  sigma_plus_tau_473 = [3.52],
  sigma_plus_tau_474 = [4.65],
  sigma_plus_tau_475 = [2.50],
  sigma_plus_tau_476 = [6.44],
  sigma_plus_tau_477 = [4.58],
  sigma_plus_tau_478 = [2.27],
  sigma_plus_tau_479 = [3.58],
  sigma_plus_tau_4710 = [2.83],
  sigma_plus_tau_4711 = [4.49],
  sigma_plus_tau_4712 = [3.34],
  sigma_plus_tau_4713 = [4.36],
  sigma_plus_tau_4714 = [5.33],
  sigma_plus_tau_4715 = [4.33],
  sigma_plus_tau_4716 = [6.66],
  sigma_plus_tau_4717 = [3.72],
  sigma_plus_tau_4718 = [3.62],
  sigma_plus_tau_4719 = [6.72],
  sigma_plus_tau_4720 = [3.41],
  sigma_plus_tau_481 = [2.68],
  sigma_plus_tau_482 = [5.67],
  sigma_plus_tau_483 = [5.77],
  sigma_plus_tau_484 = [3.51],
  sigma_plus_tau_485 = [6.39],
  sigma_plus_tau_486 = [4.60],
  sigma_plus_tau_487 = [2.91],
  sigma_plus_tau_488 = [2.40],
  sigma_plus_tau_489 = [6.88],
  sigma_plus_tau_4810 = [3.85],
  sigma_plus_tau_4811 = [6.34],
  sigma_plus_tau_4812 = [4.44],
  sigma_plus_tau_4813 = [2.58],
  sigma_plus_tau_4814 = [5.59],
  sigma_plus_tau_4815 = [2.36],
  sigma_plus_tau_4816 = [5.57],
  sigma_plus_tau_4817 = [3.84],
  sigma_plus_tau_4818 = [2.40],
  sigma_plus_tau_4819 = [4.51],
  sigma_plus_tau_4820 = [3.13],
  sigma_plus_tau_491 = [6.21],
  sigma_plus_tau_492 = [6.69],
  sigma_plus_tau_493 = [3.90],
  sigma_plus_tau_494 = [5.55],
  sigma_plus_tau_495 = [2.25],
  sigma_plus_tau_496 = [3.33],
  sigma_plus_tau_497 = [3.70],
  sigma_plus_tau_498 = [5.43],
  sigma_plus_tau_499 = [4.58],
  sigma_plus_tau_4910 = [3.37],
  sigma_plus_tau_4911 = [4.75],
  sigma_plus_tau_4912 = [2.14],
  sigma_plus_tau_4913 = [2.04],
  sigma_plus_tau_4914 = [3.67],
  sigma_plus_tau_4915 = [6.77],
  sigma_plus_tau_4916 = [2.73],
  sigma_plus_tau_4917 = [4.39],
  sigma_plus_tau_4918 = [3.23],
  sigma_plus_tau_4919 = [4.55],
  sigma_plus_tau_4920 = [3.72],
  sigma_plus_tau_501 = [5.62],
  sigma_plus_tau_502 = [2.74],
  sigma_plus_tau_503 = [6.19],
  sigma_plus_tau_504 = [2.87],
  sigma_plus_tau_505 = [4.44],
  sigma_plus_tau_506 = [3.54],
  sigma_plus_tau_507 = [6.39],
  sigma_plus_tau_508 = [4.34],
  sigma_plus_tau_509 = [6.38],
  sigma_plus_tau_5010 = [4.65],
  sigma_plus_tau_5011 = [3.80],
  sigma_plus_tau_5012 = [3.41],
  sigma_plus_tau_5013 = [4.33],
  sigma_plus_tau_5014 = [3.77],
  sigma_plus_tau_5015 = [2.70],
  sigma_plus_tau_5016 = [3.82],
  sigma_plus_tau_5017 = [2.65],
  sigma_plus_tau_5018 = [6.25],
  sigma_plus_tau_5019 = [6.63],
  sigma_plus_tau_5020 = [6.66],
  sigma_plus_tau_511 = [5.38],
  sigma_plus_tau_512 = [3.12],
  sigma_plus_tau_513 = [5.43],
  sigma_plus_tau_514 = [6.46],
  sigma_plus_tau_515 = [2.75],
  sigma_plus_tau_516 = [4.83],
  sigma_plus_tau_517 = [2.34],
  sigma_plus_tau_518 = [6.64],
  sigma_plus_tau_519 = [6.76],
  sigma_plus_tau_5110 = [6.57],
  sigma_plus_tau_5111 = [6.21],
  sigma_plus_tau_5112 = [6.28],
  sigma_plus_tau_5113 = [5.01],
  sigma_plus_tau_5114 = [2.59],
  sigma_plus_tau_5115 = [2.47],
  sigma_plus_tau_5116 = [6.92],
  sigma_plus_tau_5117 = [5.49],
  sigma_plus_tau_5118 = [5.58],
  sigma_plus_tau_5119 = [3.54],
  sigma_plus_tau_5120 = [5.37],
  sigma_plus_tau_521 = [2.78],
  sigma_plus_tau_522 = [2.56],
  sigma_plus_tau_523 = [5.60],
  sigma_plus_tau_524 = [6.34],
  sigma_plus_tau_525 = [3.36],
  sigma_plus_tau_526 = [3.39],
  sigma_plus_tau_527 = [4.69],
  sigma_plus_tau_528 = [6.98],
  sigma_plus_tau_529 = [5.92],
  sigma_plus_tau_5210 = [3.62],
  sigma_plus_tau_5211 = [6.69],
  sigma_plus_tau_5212 = [5.70],
  sigma_plus_tau_5213 = [5.18],
  sigma_plus_tau_5214 = [5.32],
  sigma_plus_tau_5215 = [4.48],
  sigma_plus_tau_5216 = [3.78],
  sigma_plus_tau_5217 = [2.57],
  sigma_plus_tau_5218 = [3.45],
  sigma_plus_tau_5219 = [3.39],
  sigma_plus_tau_5220 = [4.51],
  sigma_plus_tau_531 = [5.35],
  sigma_plus_tau_532 = [4.77],
  sigma_plus_tau_533 = [3.16],
  sigma_plus_tau_534 = [3.84],
  sigma_plus_tau_535 = [6.71],
  sigma_plus_tau_536 = [4.50],
  sigma_plus_tau_537 = [2.34],
  sigma_plus_tau_538 = [4.49],
  sigma_plus_tau_539 = [5.62],
  sigma_plus_tau_5310 = [5.19],
  sigma_plus_tau_5311 = [2.94],
  sigma_plus_tau_5312 = [5.51],
  sigma_plus_tau_5313 = [5.15],
  sigma_plus_tau_5314 = [6.73],
  sigma_plus_tau_5315 = [6.77],
  sigma_plus_tau_5316 = [4.50],
  sigma_plus_tau_5317 = [5.63],
  sigma_plus_tau_5318 = [3.00],
  sigma_plus_tau_5319 = [5.39],
  sigma_plus_tau_5320 = [5.30],
  sigma_plus_tau_541 = [4.24],
  sigma_plus_tau_542 = [5.55],
  sigma_plus_tau_543 = [2.26],
  sigma_plus_tau_544 = [2.42],
  sigma_plus_tau_545 = [2.31],
  sigma_plus_tau_546 = [4.38],
  sigma_plus_tau_547 = [7.10],
  sigma_plus_tau_548 = [4.59],
  sigma_plus_tau_549 = [3.56],
  sigma_plus_tau_5410 = [5.62],
  sigma_plus_tau_5411 = [6.48],
  sigma_plus_tau_5412 = [5.90],
  sigma_plus_tau_5413 = [3.28],
  sigma_plus_tau_5414 = [2.49],
  sigma_plus_tau_5415 = [5.08],
  sigma_plus_tau_5416 = [6.80],
  sigma_plus_tau_5417 = [6.16],
  sigma_plus_tau_5418 = [2.80],
  sigma_plus_tau_5419 = [3.46],
  sigma_plus_tau_5420 = [5.55],
  sigma_plus_tau_551 = [2.51],
  sigma_plus_tau_552 = [2.42],
  sigma_plus_tau_553 = [3.82],
  sigma_plus_tau_554 = [6.36],
  sigma_plus_tau_555 = [5.87],
  sigma_plus_tau_556 = [5.38],
  sigma_plus_tau_557 = [6.69],
  sigma_plus_tau_558 = [6.69],
  sigma_plus_tau_559 = [5.50],
  sigma_plus_tau_5510 = [6.17],
  sigma_plus_tau_5511 = [5.43],
  sigma_plus_tau_5512 = [2.75],
  sigma_plus_tau_5513 = [3.47],
  sigma_plus_tau_5514 = [2.05],
  sigma_plus_tau_5515 = [6.59],
  sigma_plus_tau_5516 = [6.46],
  sigma_plus_tau_5517 = [6.69],
  sigma_plus_tau_5518 = [4.71],
  sigma_plus_tau_5519 = [5.59],
  sigma_plus_tau_5520 = [3.61],
  sigma_plus_tau_561 = [3.56],
  sigma_plus_tau_562 = [6.91],
  sigma_plus_tau_563 = [5.37],
  sigma_plus_tau_564 = [4.40],
  sigma_plus_tau_565 = [4.30],
  sigma_plus_tau_566 = [6.26],
  sigma_plus_tau_567 = [5.59],
  sigma_plus_tau_568 = [2.24],
  sigma_plus_tau_569 = [6.97],
  sigma_plus_tau_5610 = [2.56],
  sigma_plus_tau_5611 = [2.67],
  sigma_plus_tau_5612 = [5.36],
  sigma_plus_tau_5613 = [4.42],
  sigma_plus_tau_5614 = [3.84],
  sigma_plus_tau_5615 = [3.26],
  sigma_plus_tau_5616 = [5.33],
  sigma_plus_tau_5617 = [4.40],
  sigma_plus_tau_5618 = [3.43],
  sigma_plus_tau_5619 = [3.54],
  sigma_plus_tau_5620 = [5.61],
  sigma_plus_tau_571 = [5.92],
  sigma_plus_tau_572 = [3.26],
  sigma_plus_tau_573 = [5.26],
  sigma_plus_tau_574 = [2.44],
  sigma_plus_tau_575 = [5.18],
  sigma_plus_tau_576 = [5.45],
  sigma_plus_tau_577 = [3.72],
  sigma_plus_tau_578 = [6.85],
  sigma_plus_tau_579 = [4.54],
  sigma_plus_tau_5710 = [5.76],
  sigma_plus_tau_5711 = [5.07],
  sigma_plus_tau_5712 = [2.44],
  sigma_plus_tau_5713 = [2.53],
  sigma_plus_tau_5714 = [5.55],
  sigma_plus_tau_5715 = [3.56],
  sigma_plus_tau_5716 = [5.56],
  sigma_plus_tau_5717 = [3.39],
  sigma_plus_tau_5718 = [3.59],
  sigma_plus_tau_5719 = [3.43],
  sigma_plus_tau_5720 = [5.74],
  sigma_plus_tau_581 = [2.47],
  sigma_plus_tau_582 = [6.23],
  sigma_plus_tau_583 = [6.77],
  sigma_plus_tau_584 = [2.19],
  sigma_plus_tau_585 = [3.50],
  sigma_plus_tau_586 = [5.56],
  sigma_plus_tau_587 = [3.37],
  sigma_plus_tau_588 = [5.54],
  sigma_plus_tau_589 = [5.65],
  sigma_plus_tau_5810 = [6.31],
  sigma_plus_tau_5811 = [5.21],
  sigma_plus_tau_5812 = [6.62],
  sigma_plus_tau_5813 = [3.53],
  sigma_plus_tau_5814 = [4.65],
  sigma_plus_tau_5815 = [5.42],
  sigma_plus_tau_5816 = [5.35],
  sigma_plus_tau_5817 = [2.70],
  sigma_plus_tau_5818 = [5.38],
  sigma_plus_tau_5819 = [5.22],
  sigma_plus_tau_5820 = [6.21],
  sigma_plus_tau_591 = [4.43],
  sigma_plus_tau_592 = [4.53],
  sigma_plus_tau_593 = [5.54],
  sigma_plus_tau_594 = [2.41],
  sigma_plus_tau_595 = [6.63],
  sigma_plus_tau_596 = [2.66],
  sigma_plus_tau_597 = [4.49],
  sigma_plus_tau_598 = [5.97],
  sigma_plus_tau_599 = [2.49],
  sigma_plus_tau_5910 = [2.57],
  sigma_plus_tau_5911 = [5.77],
  sigma_plus_tau_5912 = [2.59],
  sigma_plus_tau_5913 = [7.05],
  sigma_plus_tau_5914 = [5.66],
  sigma_plus_tau_5915 = [3.54],
  sigma_plus_tau_5916 = [6.19],
  sigma_plus_tau_5917 = [6.89],
  sigma_plus_tau_5918 = [2.66],
  sigma_plus_tau_5919 = [6.66],
  sigma_plus_tau_5920 = [4.37],
  sigma_plus_tau_601 = [2.39],
  sigma_plus_tau_602 = [6.64],
  sigma_plus_tau_603 = [4.38],
  sigma_plus_tau_604 = [2.32],
  sigma_plus_tau_605 = [3.48],
  sigma_plus_tau_606 = [6.85],
  sigma_plus_tau_607 = [3.32],
  sigma_plus_tau_608 = [6.71],
  sigma_plus_tau_609 = [2.72],
  sigma_plus_tau_6010 = [2.33],
  sigma_plus_tau_6011 = [2.38],
  sigma_plus_tau_6012 = [2.51],
  sigma_plus_tau_6013 = [2.12],
  sigma_plus_tau_6014 = [4.45],
  sigma_plus_tau_6015 = [5.69],
  sigma_plus_tau_6016 = [5.62],
  sigma_plus_tau_6017 = [6.33],
  sigma_plus_tau_6018 = [5.80],
  sigma_plus_tau_6019 = [6.81],
  sigma_plus_tau_6020 = [5.63],
]

Sigma - ¦Ó_{jk} = [
  sigma_minus_tau_11 = [-2.21],
  sigma_minus_tau_12 = [-2.16],
  sigma_minus_tau_13 = [-1.93],
  sigma_minus_tau_14 = [-2.19],
  sigma_minus_tau_15 = [-1.75],
  sigma_minus_tau_16 = [-1.19],
  sigma_minus_tau_17 = [-1.55],
  sigma_minus_tau_18 = [-2.21],
  sigma_minus_tau_19 = [-0.86],
  sigma_minus_tau_110 = [-2.25],
  sigma_minus_tau_111 = [-1.83],
  sigma_minus_tau_112 = [-0.75],
  sigma_minus_tau_113 = [-0.79],
  sigma_minus_tau_114 = [-0.84],
  sigma_minus_tau_115 = [-0.87],
  sigma_minus_tau_116 = [-0.78],
  sigma_minus_tau_117 = [-2.17],
  sigma_minus_tau_118 = [-1.58],
  sigma_minus_tau_119 = [-0.76],
  sigma_minus_tau_120 = [-0.86],
  sigma_minus_tau_21 = [-1.24],
  sigma_minus_tau_22 = [-1.82],
  sigma_minus_tau_23 = [-1.28],
  sigma_minus_tau_24 = [-0.75],
  sigma_minus_tau_25 = [-0.87],
  sigma_minus_tau_26 = [-1.49],
  sigma_minus_tau_27 = [-2.32],
  sigma_minus_tau_28 = [-0.78],
  sigma_minus_tau_29 = [-1.10],
  sigma_minus_tau_210 = [-0.80],
  sigma_minus_tau_211 = [-1.49],
  sigma_minus_tau_212 = [-2.30],
  sigma_minus_tau_213 = [-2.12],
  sigma_minus_tau_214 = [-2.19],
  sigma_minus_tau_215 = [-1.82],
  sigma_minus_tau_216 = [-2.27],
  sigma_minus_tau_217 = [-1.87],
  sigma_minus_tau_218 = [-0.90],
  sigma_minus_tau_219 = [-1.11],
  sigma_minus_tau_220 = [-1.18],
  sigma_minus_tau_31 = [-1.47],
  sigma_minus_tau_32 = [-1.46],
  sigma_minus_tau_33 = [-1.54],
  sigma_minus_tau_34 = [-2.17],
  sigma_minus_tau_35 = [-1.10],
  sigma_minus_tau_36 = [-1.17],
  sigma_minus_tau_37 = [-0.98],
  sigma_minus_tau_38 = [-1.49],
  sigma_minus_tau_39 = [-1.86],
  sigma_minus_tau_310 = [-1.83],
  sigma_minus_tau_311 = [-0.89],
  sigma_minus_tau_312 = [-1.79],
  sigma_minus_tau_313 = [-0.89],
  sigma_minus_tau_314 = [-2.14],
  sigma_minus_tau_315 = [-1.58],
  sigma_minus_tau_316 = [-2.09],
  sigma_minus_tau_317 = [-1.57],
  sigma_minus_tau_318 = [-1.51],
  sigma_minus_tau_319 = [-1.47],
  sigma_minus_tau_320 = [-1.20],
  sigma_minus_tau_41 = [-2.09],
  sigma_minus_tau_42 = [-0.95],
  sigma_minus_tau_43 = [-1.16],
  sigma_minus_tau_44 = [-1.79],
  sigma_minus_tau_45 = [-2.13],
  sigma_minus_tau_46 = [-1.46],
  sigma_minus_tau_47 = [-1.14],
  sigma_minus_tau_48 = [-1.42],
  sigma_minus_tau_49 = [-1.41],
  sigma_minus_tau_410 = [-1.85],
  sigma_minus_tau_411 = [-2.18],
  sigma_minus_tau_412 = [-0.83],
  sigma_minus_tau_413 = [-0.71],
  sigma_minus_tau_414 = [-2.10],
  sigma_minus_tau_415 = [-2.19],
  sigma_minus_tau_416 = [-1.49],
  sigma_minus_tau_417 = [-1.76],
  sigma_minus_tau_418 = [-2.32],
  sigma_minus_tau_419 = [-1.70],
  sigma_minus_tau_420 = [-0.89],
  sigma_minus_tau_51 = [-0.79],
  sigma_minus_tau_52 = [-1.21],
  sigma_minus_tau_53 = [-1.11],
  sigma_minus_tau_54 = [-2.04],
  sigma_minus_tau_55 = [-2.29],
  sigma_minus_tau_56 = [-2.08],
  sigma_minus_tau_57 = [-0.98],
  sigma_minus_tau_58 = [-2.08],
  sigma_minus_tau_59 = [-0.88],
  sigma_minus_tau_510 = [-1.92],
  sigma_minus_tau_511 = [-1.51],
  sigma_minus_tau_512 = [-2.16],
  sigma_minus_tau_513 = [-1.75],
  sigma_minus_tau_514 = [-1.71],
  sigma_minus_tau_515 = [-0.81],
  sigma_minus_tau_516 = [-0.75],
  sigma_minus_tau_517 = [-0.73],
  sigma_minus_tau_518 = [-1.79],
  sigma_minus_tau_519 = [-1.90],
  sigma_minus_tau_520 = [-1.39],
  sigma_minus_tau_61 = [-2.23],
  sigma_minus_tau_62 = [-2.21],
  sigma_minus_tau_63 = [-0.89],
  sigma_minus_tau_64 = [-1.43],
  sigma_minus_tau_65 = [-1.86],
  sigma_minus_tau_66 = [-2.09],
  sigma_minus_tau_67 = [-1.12],
  sigma_minus_tau_68 = [-1.10],
  sigma_minus_tau_69 = [-2.14],
  sigma_minus_tau_610 = [-0.76],
  sigma_minus_tau_611 = [-1.09],
  sigma_minus_tau_612 = [-0.81],
  sigma_minus_tau_613 = [-1.24],
  sigma_minus_tau_614 = [-0.86],
  sigma_minus_tau_615 = [-0.90],
  sigma_minus_tau_616 = [-1.86],
  sigma_minus_tau_617 = [-1.40],
  sigma_minus_tau_618 = [-1.51],
  sigma_minus_tau_619 = [-1.08],
  sigma_minus_tau_620 = [-1.21],
  sigma_minus_tau_71 = [-2.12],
  sigma_minus_tau_72 = [-2.16],
  sigma_minus_tau_73 = [-0.87],
  sigma_minus_tau_74 = [-0.84],
  sigma_minus_tau_75 = [-0.82],
  sigma_minus_tau_76 = [-2.12],
  sigma_minus_tau_77 = [-1.78],
  sigma_minus_tau_78 = [-1.55],
  sigma_minus_tau_79 = [-1.52],
  sigma_minus_tau_710 = [-1.15],
  sigma_minus_tau_711 = [-2.23],
  sigma_minus_tau_712 = [-2.23],
  sigma_minus_tau_713 = [-1.89],
  sigma_minus_tau_714 = [-1.50],
  sigma_minus_tau_715 = [-0.99],
  sigma_minus_tau_716 = [-2.17],
  sigma_minus_tau_717 = [-1.17],
  sigma_minus_tau_718 = [-1.26],
  sigma_minus_tau_719 = [-1.17],
  sigma_minus_tau_720 = [-1.92],
  sigma_minus_tau_81 = [-0.83],
  sigma_minus_tau_82 = [-0.87],
  sigma_minus_tau_83 = [-2.12],
  sigma_minus_tau_84 = [-2.13],
  sigma_minus_tau_85 = [-1.83],
  sigma_minus_tau_86 = [-1.09],
  sigma_minus_tau_87 = [-1.24],
  sigma_minus_tau_88 = [-1.86],
  sigma_minus_tau_89 = [-2.25],
  sigma_minus_tau_810 = [-1.54],
  sigma_minus_tau_811 = [-1.90],
  sigma_minus_tau_812 = [-2.26],
  sigma_minus_tau_813 = [-1.13],
  sigma_minus_tau_814 = [-0.89],
  sigma_minus_tau_815 = [-0.82],
  sigma_minus_tau_816 = [-1.44],
  sigma_minus_tau_817 = [-2.20],
  sigma_minus_tau_818 = [-1.00],
  sigma_minus_tau_819 = [-2.14],
  sigma_minus_tau_820 = [-0.89],
  sigma_minus_tau_91 = [-2.14],
  sigma_minus_tau_92 = [-1.41],
  sigma_minus_tau_93 = [-1.26],
  sigma_minus_tau_94 = [-2.22],
  sigma_minus_tau_95 = [-1.22],
  sigma_minus_tau_96 = [-1.79],
  sigma_minus_tau_97 = [-1.12],
  sigma_minus_tau_98 = [-1.83],
  sigma_minus_tau_99 = [-1.13],
  sigma_minus_tau_910 = [-2.14],
  sigma_minus_tau_911 = [-1.77],
  sigma_minus_tau_912 = [-1.75],
  sigma_minus_tau_913 = [-2.25],
  sigma_minus_tau_914 = [-2.09],
  sigma_minus_tau_915 = [-1.66],
  sigma_minus_tau_916 = [-0.81],
  sigma_minus_tau_917 = [-0.89],
  sigma_minus_tau_918 = [-1.04],
  sigma_minus_tau_919 = [-0.79],
  sigma_minus_tau_920 = [-1.16],
  sigma_minus_tau_101 = [-1.92],
  sigma_minus_tau_102 = [-1.15],
  sigma_minus_tau_103 = [-1.90],
  sigma_minus_tau_104 = [-0.93],
  sigma_minus_tau_105 = [-1.13],
  sigma_minus_tau_106 = [-1.17],
  sigma_minus_tau_107 = [-1.87],
  sigma_minus_tau_108 = [-1.85],
  sigma_minus_tau_109 = [-1.78],
  sigma_minus_tau_1010 = [-1.85],
  sigma_minus_tau_1011 = [-1.15],
  sigma_minus_tau_1012 = [-1.94],
  sigma_minus_tau_1013 = [-1.01],
  sigma_minus_tau_1014 = [-1.47],
  sigma_minus_tau_1015 = [-0.80],
  sigma_minus_tau_1016 = [-1.21],
  sigma_minus_tau_1017 = [-1.19],
  sigma_minus_tau_1018 = [-1.86],
  sigma_minus_tau_1019 = [-1.77],
  sigma_minus_tau_1020 = [-1.00],
  sigma_minus_tau_111 = [-1.75],
  sigma_minus_tau_112 = [-1.56],
  sigma_minus_tau_113 = [-2.18],
  sigma_minus_tau_114 = [-1.51],
  sigma_minus_tau_115 = [-2.12],
  sigma_minus_tau_116 = [-1.79],
  sigma_minus_tau_117 = [-2.22],
  sigma_minus_tau_118 = [-0.71],
  sigma_minus_tau_119 = [-0.86],
  sigma_minus_tau_1110 = [-0.89],
  sigma_minus_tau_1111 = [-2.16],
  sigma_minus_tau_1112 = [-1.80],
  sigma_minus_tau_1113 = [-2.14],
  sigma_minus_tau_1114 = [-0.76],
  sigma_minus_tau_1115 = [-0.73],
  sigma_minus_tau_1116 = [-1.17],
  sigma_minus_tau_1117 = [-2.17],
  sigma_minus_tau_1118 = [-1.45],
  sigma_minus_tau_1119 = [-1.87],
  sigma_minus_tau_1120 = [-0.85],
  sigma_minus_tau_121 = [-1.07],
  sigma_minus_tau_122 = [-1.52],
  sigma_minus_tau_123 = [-0.86],
  sigma_minus_tau_124 = [-2.16],
  sigma_minus_tau_125 = [-1.45],
  sigma_minus_tau_126 = [-0.90],
  sigma_minus_tau_127 = [-1.56],
  sigma_minus_tau_128 = [-1.16],
  sigma_minus_tau_129 = [-1.98],
  sigma_minus_tau_1210 = [-1.50],
  sigma_minus_tau_1211 = [-1.56],
  sigma_minus_tau_1212 = [-1.25],
  sigma_minus_tau_1213 = [-1.46],
  sigma_minus_tau_1214 = [-1.84],
  sigma_minus_tau_1215 = [-2.20],
  sigma_minus_tau_1216 = [-0.71],
  sigma_minus_tau_1217 = [-1.78],
  sigma_minus_tau_1218 = [-1.86],
  sigma_minus_tau_1219 = [-1.55],
  sigma_minus_tau_1220 = [-1.46],
  sigma_minus_tau_131 = [-0.76],
  sigma_minus_tau_132 = [-1.16],
  sigma_minus_tau_133 = [-1.43],
  sigma_minus_tau_134 = [-1.47],
  sigma_minus_tau_135 = [-1.51],
  sigma_minus_tau_136 = [-1.55],
  sigma_minus_tau_137 = [-2.08],
  sigma_minus_tau_138 = [-1.80],
  sigma_minus_tau_139 = [-1.49],
  sigma_minus_tau_1310 = [-2.06],
  sigma_minus_tau_1311 = [-2.30],
  sigma_minus_tau_1312 = [-1.33],
  sigma_minus_tau_1313 = [-2.26],
  sigma_minus_tau_1314 = [-1.07],
  sigma_minus_tau_1315 = [-2.20],
  sigma_minus_tau_1316 = [-1.94],
  sigma_minus_tau_1317 = [-2.18],
  sigma_minus_tau_1318 = [-1.25],
  sigma_minus_tau_1319 = [-1.17],
  sigma_minus_tau_1320 = [-2.15],
  sigma_minus_tau_141 = [-1.91],
  sigma_minus_tau_142 = [-1.86],
  sigma_minus_tau_143 = [-1.06],
  sigma_minus_tau_144 = [-1.82],
  sigma_minus_tau_145 = [-2.15],
  sigma_minus_tau_146 = [-0.67],
  sigma_minus_tau_147 = [-1.19],
  sigma_minus_tau_148 = [-1.88],
  sigma_minus_tau_149 = [-1.20],
  sigma_minus_tau_1410 = [-1.51],
  sigma_minus_tau_1411 = [-2.15],
  sigma_minus_tau_1412 = [-2.35],
  sigma_minus_tau_1413 = [-0.73],
  sigma_minus_tau_1414 = [-0.86],
  sigma_minus_tau_1415 = [-2.14],
  sigma_minus_tau_1416 = [-1.13],
  sigma_minus_tau_1417 = [-1.54],
  sigma_minus_tau_1418 = [-1.74],
  sigma_minus_tau_1419 = [-1.22],
  sigma_minus_tau_1420 = [-2.08],
  sigma_minus_tau_151 = [-2.06],
  sigma_minus_tau_152 = [-1.79],
  sigma_minus_tau_153 = [-0.96],
  sigma_minus_tau_154 = [-1.44],
  sigma_minus_tau_155 = [-1.16],
  sigma_minus_tau_156 = [-2.28],
  sigma_minus_tau_157 = [-1.11],
  sigma_minus_tau_158 = [-1.46],
  sigma_minus_tau_159 = [-1.83],
  sigma_minus_tau_1510 = [-1.42],
  sigma_minus_tau_1511 = [-2.21],
  sigma_minus_tau_1512 = [-2.17],
  sigma_minus_tau_1513 = [-1.19],
  sigma_minus_tau_1514 = [-1.96],
  sigma_minus_tau_1515 = [-0.78],
  sigma_minus_tau_1516 = [-2.12],
  sigma_minus_tau_1517 = [-1.53],
  sigma_minus_tau_1518 = [-2.21],
  sigma_minus_tau_1519 = [-1.84],
  sigma_minus_tau_1520 = [-2.24],
  sigma_minus_tau_161 = [-2.23],
  sigma_minus_tau_162 = [-1.84],
  sigma_minus_tau_163 = [-1.48],
  sigma_minus_tau_164 = [-2.21],
  sigma_minus_tau_165 = [-0.85],
  sigma_minus_tau_166 = [-0.89],
  sigma_minus_tau_167 = [-1.53],
  sigma_minus_tau_168 = [-1.58],
  sigma_minus_tau_169 = [-1.16],
  sigma_minus_tau_1610 = [-0.86],
  sigma_minus_tau_1611 = [-1.77],
  sigma_minus_tau_1612 = [-2.17],
  sigma_minus_tau_1613 = [-1.28],
  sigma_minus_tau_1614 = [-2.29],
  sigma_minus_tau_1615 = [-0.95],
  sigma_minus_tau_1616 = [-0.85],
  sigma_minus_tau_1617 = [-1.51],
  sigma_minus_tau_1618 = [-2.19],
  sigma_minus_tau_1619 = [-0.79],
  sigma_minus_tau_1620 = [-1.56],
  sigma_minus_tau_171 = [-1.80],
  sigma_minus_tau_172 = [-1.08],
  sigma_minus_tau_173 = [-0.90],
  sigma_minus_tau_174 = [-1.29],
  sigma_minus_tau_175 = [-2.11],
  sigma_minus_tau_176 = [-1.51],
  sigma_minus_tau_177 = [-0.86],
  sigma_minus_tau_178 = [-0.76],
  sigma_minus_tau_179 = [-1.47],
  sigma_minus_tau_1710 = [-1.48],
  sigma_minus_tau_1711 = [-1.46],
  sigma_minus_tau_1712 = [-1.44],
  sigma_minus_tau_1713 = [-1.44],
  sigma_minus_tau_1714 = [-0.94],
  sigma_minus_tau_1715 = [-2.16],
  sigma_minus_tau_1716 = [-1.79],
  sigma_minus_tau_1717 = [-0.83],
  sigma_minus_tau_1718 = [-0.81],
  sigma_minus_tau_1719 = [-1.81],
  sigma_minus_tau_1720 = [-1.58],
  sigma_minus_tau_181 = [-1.17],
  sigma_minus_tau_182 = [-1.53],
  sigma_minus_tau_183 = [-0.89],
  sigma_minus_tau_184 = [-1.79],
  sigma_minus_tau_185 = [-1.50],
  sigma_minus_tau_186 = [-1.10],
  sigma_minus_tau_187 = [-2.22],
  sigma_minus_tau_188 = [-1.58],
  sigma_minus_tau_189 = [-1.54],
  sigma_minus_tau_1810 = [-1.89],
  sigma_minus_tau_1811 = [-1.80],
  sigma_minus_tau_1812 = [-0.77],
  sigma_minus_tau_1813 = [-2.18],
  sigma_minus_tau_1814 = [-0.94],
  sigma_minus_tau_1815 = [-1.43],
  sigma_minus_tau_1816 = [-2.02],
  sigma_minus_tau_1817 = [-1.86],
  sigma_minus_tau_1818 = [-2.37],
  sigma_minus_tau_1819 = [-1.57],
  sigma_minus_tau_1820 = [-1.81],
  sigma_minus_tau_191 = [-1.26],
  sigma_minus_tau_192 = [-1.19],
  sigma_minus_tau_193 = [-1.22],
  sigma_minus_tau_194 = [-0.80],
  sigma_minus_tau_195 = [-2.20],
  sigma_minus_tau_196 = [-2.24],
  sigma_minus_tau_197 = [-1.54],
  sigma_minus_tau_198 = [-1.48],
  sigma_minus_tau_199 = [-1.92],
  sigma_minus_tau_1910 = [-1.75],
  sigma_minus_tau_1911 = [-1.93],
  sigma_minus_tau_1912 = [-0.74],
  sigma_minus_tau_1913 = [-0.77],
  sigma_minus_tau_1914 = [-0.95],
  sigma_minus_tau_1915 = [-1.17],
  sigma_minus_tau_1916 = [-0.88],
  sigma_minus_tau_1917 = [-1.85],
  sigma_minus_tau_1918 = [-0.77],
  sigma_minus_tau_1919 = [-1.22],
  sigma_minus_tau_1920 = [-1.11],
  sigma_minus_tau_201 = [-1.11],
  sigma_minus_tau_202 = [-0.72],
  sigma_minus_tau_203 = [-1.37],
  sigma_minus_tau_204 = [-0.71],
  sigma_minus_tau_205 = [-1.86],
  sigma_minus_tau_206 = [-2.08],
  sigma_minus_tau_207 = [-1.45],
  sigma_minus_tau_208 = [-1.86],
  sigma_minus_tau_209 = [-1.84],
  sigma_minus_tau_2010 = [-1.21],
  sigma_minus_tau_2011 = [-2.05],
  sigma_minus_tau_2012 = [-1.54],
  sigma_minus_tau_2013 = [-1.46],
  sigma_minus_tau_2014 = [-0.84],
  sigma_minus_tau_2015 = [-1.82],
  sigma_minus_tau_2016 = [-1.85],
  sigma_minus_tau_2017 = [-1.80],
  sigma_minus_tau_2018 = [-1.54],
  sigma_minus_tau_2019 = [-0.70],
  sigma_minus_tau_2020 = [-1.86],
  sigma_minus_tau_211 = [-2.09],
  sigma_minus_tau_212 = [-1.47],
  sigma_minus_tau_213 = [-2.03],
  sigma_minus_tau_214 = [-0.86],
  sigma_minus_tau_215 = [-1.54],
  sigma_minus_tau_216 = [-2.23],
  sigma_minus_tau_217 = [-1.17],
  sigma_minus_tau_218 = [-0.76],
  sigma_minus_tau_219 = [-0.74],
  sigma_minus_tau_2110 = [-0.85],
  sigma_minus_tau_2111 = [-1.48],
  sigma_minus_tau_2112 = [-2.36],
  sigma_minus_tau_2113 = [-1.31],
  sigma_minus_tau_2114 = [-1.13],
  sigma_minus_tau_2115 = [-2.25],
  sigma_minus_tau_2116 = [-1.44],
  sigma_minus_tau_2117 = [-1.22],
  sigma_minus_tau_2118 = [-1.47],
  sigma_minus_tau_2119 = [-1.18],
  sigma_minus_tau_2120 = [-0.91],
  sigma_minus_tau_221 = [-1.12],
  sigma_minus_tau_222 = [-1.89],
  sigma_minus_tau_223 = [-1.15],
  sigma_minus_tau_224 = [-1.43],
  sigma_minus_tau_225 = [-2.17],
  sigma_minus_tau_226 = [-2.15],
  sigma_minus_tau_227 = [-1.57],
  sigma_minus_tau_228 = [-2.18],
  sigma_minus_tau_229 = [-1.54],
  sigma_minus_tau_2210 = [-1.16],
  sigma_minus_tau_2211 = [-1.57],
  sigma_minus_tau_2212 = [-1.49],
  sigma_minus_tau_2213 = [-2.24],
  sigma_minus_tau_2214 = [-1.73],
  sigma_minus_tau_2215 = [-2.18],
  sigma_minus_tau_2216 = [-1.14],
  sigma_minus_tau_2217 = [-2.26],
  sigma_minus_tau_2218 = [-1.48],
  sigma_minus_tau_2219 = [-0.83],
  sigma_minus_tau_2220 = [-1.28],
  sigma_minus_tau_231 = [-2.05],
  sigma_minus_tau_232 = [-0.70],
  sigma_minus_tau_233 = [-2.18],
  sigma_minus_tau_234 = [-1.41],
  sigma_minus_tau_235 = [-1.53],
  sigma_minus_tau_236 = [-1.05],
  sigma_minus_tau_237 = [-1.19],
  sigma_minus_tau_238 = [-2.36],
  sigma_minus_tau_239 = [-1.58],
  sigma_minus_tau_2310 = [-0.86],
  sigma_minus_tau_2311 = [-1.22],
  sigma_minus_tau_2312 = [-1.23],
  sigma_minus_tau_2313 = [-1.77],
  sigma_minus_tau_2314 = [-1.12],
  sigma_minus_tau_2315 = [-1.20],
  sigma_minus_tau_2316 = [-0.90],
  sigma_minus_tau_2317 = [-1.52],
  sigma_minus_tau_2318 = [-1.69],
  sigma_minus_tau_2319 = [-1.47],
  sigma_minus_tau_2320 = [-1.48],
  sigma_minus_tau_241 = [-1.08],
  sigma_minus_tau_242 = [-2.11],
  sigma_minus_tau_243 = [-0.97],
  sigma_minus_tau_244 = [-1.11],
  sigma_minus_tau_245 = [-0.75],
  sigma_minus_tau_246 = [-0.87],
  sigma_minus_tau_247 = [-1.22],
  sigma_minus_tau_248 = [-0.78],
  sigma_minus_tau_249 = [-1.82],
  sigma_minus_tau_2410 = [-2.17],
  sigma_minus_tau_2411 = [-1.46],
  sigma_minus_tau_2412 = [-0.75],
  sigma_minus_tau_2413 = [-1.77],
  sigma_minus_tau_2414 = [-1.81],
  sigma_minus_tau_2415 = [-1.52],
  sigma_minus_tau_2416 = [-1.20],
  sigma_minus_tau_2417 = [-1.40],
  sigma_minus_tau_2418 = [-1.50],
  sigma_minus_tau_2419 = [-2.11],
  sigma_minus_tau_2420 = [-0.78],
  sigma_minus_tau_251 = [-1.78],
  sigma_minus_tau_252 = [-2.20],
  sigma_minus_tau_253 = [-2.01],
  sigma_minus_tau_254 = [-1.76],
  sigma_minus_tau_255 = [-2.13],
  sigma_minus_tau_256 = [-1.55],
  sigma_minus_tau_257 = [-1.52],
  sigma_minus_tau_258 = [-1.06],
  sigma_minus_tau_259 = [-1.18],
  sigma_minus_tau_2510 = [-0.89],
  sigma_minus_tau_2511 = [-1.49],
  sigma_minus_tau_2512 = [-1.76],
  sigma_minus_tau_2513 = [-1.47],
  sigma_minus_tau_2514 = [-2.01],
  sigma_minus_tau_2515 = [-0.80],
  sigma_minus_tau_2516 = [-1.11],
  sigma_minus_tau_2517 = [-1.40],
  sigma_minus_tau_2518 = [-1.93],
  sigma_minus_tau_2519 = [-1.51],
  sigma_minus_tau_2520 = [-1.84],
  sigma_minus_tau_261 = [-0.83],
  sigma_minus_tau_262 = [-2.32],
  sigma_minus_tau_263 = [-1.21],
  sigma_minus_tau_264 = [-0.93],
  sigma_minus_tau_265 = [-1.78],
  sigma_minus_tau_266 = [-2.09],
  sigma_minus_tau_267 = [-1.46],
  sigma_minus_tau_268 = [-1.90],
  sigma_minus_tau_269 = [-2.19],
  sigma_minus_tau_2610 = [-1.25],
  sigma_minus_tau_2611 = [-1.16],
  sigma_minus_tau_2612 = [-2.10],
  sigma_minus_tau_2613 = [-1.52],
  sigma_minus_tau_2614 = [-2.17],
  sigma_minus_tau_2615 = [-1.50],
  sigma_minus_tau_2616 = [-2.04],
  sigma_minus_tau_2617 = [-0.68],
  sigma_minus_tau_2618 = [-2.17],
  sigma_minus_tau_2619 = [-0.85],
  sigma_minus_tau_2620 = [-1.60],
  sigma_minus_tau_271 = [-1.08],
  sigma_minus_tau_272 = [-2.18],
  sigma_minus_tau_273 = [-0.69],
  sigma_minus_tau_274 = [-2.14],
  sigma_minus_tau_275 = [-1.22],
  sigma_minus_tau_276 = [-1.87],
  sigma_minus_tau_277 = [-1.56],
  sigma_minus_tau_278 = [-1.49],
  sigma_minus_tau_279 = [-1.88],
  sigma_minus_tau_2710 = [-1.73],
  sigma_minus_tau_2711 = [-1.80],
  sigma_minus_tau_2712 = [-0.94],
  sigma_minus_tau_2713 = [-0.83],
  sigma_minus_tau_2714 = [-1.78],
  sigma_minus_tau_2715 = [-1.42],
  sigma_minus_tau_2716 = [-0.83],
  sigma_minus_tau_2717 = [-0.89],
  sigma_minus_tau_2718 = [-1.97],
  sigma_minus_tau_2719 = [-2.20],
  sigma_minus_tau_2720 = [-1.83],
  sigma_minus_tau_281 = [-1.45],
  sigma_minus_tau_282 = [-1.88],
  sigma_minus_tau_283 = [-1.20],
  sigma_minus_tau_284 = [-2.24],
  sigma_minus_tau_285 = [-0.61],
  sigma_minus_tau_286 = [-0.89],
  sigma_minus_tau_287 = [-1.50],
  sigma_minus_tau_288 = [-1.51],
  sigma_minus_tau_289 = [-1.45],
  sigma_minus_tau_2810 = [-1.24],
  sigma_minus_tau_2811 = [-1.52],
  sigma_minus_tau_2812 = [-2.13],
  sigma_minus_tau_2813 = [-1.26],
  sigma_minus_tau_2814 = [-2.05],
  sigma_minus_tau_2815 = [-1.15],
  sigma_minus_tau_2816 = [-1.06],
  sigma_minus_tau_2817 = [-1.15],
  sigma_minus_tau_2818 = [-1.54],
  sigma_minus_tau_2819 = [-1.85],
  sigma_minus_tau_2820 = [-1.90],
  sigma_minus_tau_291 = [-2.04],
  sigma_minus_tau_292 = [-1.49],
  sigma_minus_tau_293 = [-1.28],
  sigma_minus_tau_294 = [-2.20],
  sigma_minus_tau_295 = [-1.42],
  sigma_minus_tau_296 = [-1.49],
  sigma_minus_tau_297 = [-2.02],
  sigma_minus_tau_298 = [-1.88],
  sigma_minus_tau_299 = [-2.33],
  sigma_minus_tau_2910 = [-1.62],
  sigma_minus_tau_2911 = [-1.09],
  sigma_minus_tau_2912 = [-0.88],
  sigma_minus_tau_2913 = [-1.45],
  sigma_minus_tau_2914 = [-1.18],
  sigma_minus_tau_2915 = [-1.78],
  sigma_minus_tau_2916 = [-1.21],
  sigma_minus_tau_2917 = [-1.49],
  sigma_minus_tau_2918 = [-1.44],
  sigma_minus_tau_2919 = [-1.55],
  sigma_minus_tau_2920 = [-2.03],
  sigma_minus_tau_301 = [-2.23],
  sigma_minus_tau_302 = [-1.49],
  sigma_minus_tau_303 = [-1.10],
  sigma_minus_tau_304 = [-0.91],
  sigma_minus_tau_305 = [-1.18],
  sigma_minus_tau_306 = [-0.77],
  sigma_minus_tau_307 = [-0.82],
  sigma_minus_tau_308 = [-1.86],
  sigma_minus_tau_309 = [-2.13],
  sigma_minus_tau_3010 = [-1.18],
  sigma_minus_tau_3011 = [-0.90],
  sigma_minus_tau_3012 = [-1.12],
  sigma_minus_tau_3013 = [-0.90],
  sigma_minus_tau_3014 = [-0.90],
  sigma_minus_tau_3015 = [-2.18],
  sigma_minus_tau_3016 = [-1.52],
  sigma_minus_tau_3017 = [-1.27],
  sigma_minus_tau_3018 = [-0.85],
  sigma_minus_tau_3019 = [-1.22],
  sigma_minus_tau_3020 = [-1.05],
  sigma_minus_tau_311 = [-1.24],
  sigma_minus_tau_312 = [-1.48],
  sigma_minus_tau_313 = [-1.51],
  sigma_minus_tau_314 = [-1.22],
  sigma_minus_tau_315 = [-1.80],
  sigma_minus_tau_316 = [-1.97],
  sigma_minus_tau_317 = [-1.21],
  sigma_minus_tau_318 = [-2.20],
  sigma_minus_tau_319 = [-1.60],
  sigma_minus_tau_3110 = [-1.08],
  sigma_minus_tau_3111 = [-1.78],
  sigma_minus_tau_3112 = [-0.79],
  sigma_minus_tau_3113 = [-1.83],
  sigma_minus_tau_3114 = [-1.56],
  sigma_minus_tau_3115 = [-0.88],
  sigma_minus_tau_3116 = [-1.54],
  sigma_minus_tau_3117 = [-1.90],
  sigma_minus_tau_3118 = [-2.04],
  sigma_minus_tau_3119 = [-0.74],
  sigma_minus_tau_3120 = [-1.78],
  sigma_minus_tau_321 = [-1.49],
  sigma_minus_tau_322 = [-0.91],
  sigma_minus_tau_323 = [-0.88],
  sigma_minus_tau_324 = [-2.18],
  sigma_minus_tau_325 = [-1.81],
  sigma_minus_tau_326 = [-0.77],
  sigma_minus_tau_327 = [-1.77],
  sigma_minus_tau_328 = [-1.18],
  sigma_minus_tau_329 = [-1.09],
  sigma_minus_tau_3210 = [-1.76],
  sigma_minus_tau_3211 = [-0.82],
  sigma_minus_tau_3212 = [-1.16],
  sigma_minus_tau_3213 = [-0.97],
  sigma_minus_tau_3214 = [-1.23],
  sigma_minus_tau_3215 = [-1.54],
  sigma_minus_tau_3216 = [-2.10],
  sigma_minus_tau_3217 = [-2.25],
  sigma_minus_tau_3218 = [-2.17],
  sigma_minus_tau_3219 = [-1.51],
  sigma_minus_tau_3220 = [-1.84],
  sigma_minus_tau_331 = [-1.95],
  sigma_minus_tau_332 = [-0.78],
  sigma_minus_tau_333 = [-2.19],
  sigma_minus_tau_334 = [-2.16],
  sigma_minus_tau_335 = [-1.16],
  sigma_minus_tau_336 = [-1.08],
  sigma_minus_tau_337 = [-0.88],
  sigma_minus_tau_338 = [-1.44],
  sigma_minus_tau_339 = [-1.86],
  sigma_minus_tau_3310 = [-1.43],
  sigma_minus_tau_3311 = [-1.83],
  sigma_minus_tau_3312 = [-1.86],
  sigma_minus_tau_3313 = [-1.19],
  sigma_minus_tau_3314 = [-0.91],
  sigma_minus_tau_3315 = [-1.57],
  sigma_minus_tau_3316 = [-1.86],
  sigma_minus_tau_3317 = [-0.90],
  sigma_minus_tau_3318 = [-1.03],
  sigma_minus_tau_3319 = [-1.83],
  sigma_minus_tau_3320 = [-1.85],
  sigma_minus_tau_341 = [-1.84],
  sigma_minus_tau_342 = [-1.83],
  sigma_minus_tau_343 = [-2.13],
  sigma_minus_tau_344 = [-2.28],
  sigma_minus_tau_345 = [-1.58],
  sigma_minus_tau_346 = [-1.49],
  sigma_minus_tau_347 = [-1.18],
  sigma_minus_tau_348 = [-0.92],
  sigma_minus_tau_349 = [-0.74],
  sigma_minus_tau_3410 = [-1.21],
  sigma_minus_tau_3411 = [-1.55],
  sigma_minus_tau_3412 = [-1.47],
  sigma_minus_tau_3413 = [-0.81],
  sigma_minus_tau_3414 = [-2.00],
  sigma_minus_tau_3415 = [-1.51],
  sigma_minus_tau_3416 = [-0.89],
  sigma_minus_tau_3417 = [-0.84],
  sigma_minus_tau_3418 = [-2.16],
  sigma_minus_tau_3419 = [-2.16],
  sigma_minus_tau_3420 = [-1.15],
  sigma_minus_tau_351 = [-1.14],
  sigma_minus_tau_352 = [-1.82],
  sigma_minus_tau_353 = [-1.77],
  sigma_minus_tau_354 = [-1.83],
  sigma_minus_tau_355 = [-1.13],
  sigma_minus_tau_356 = [-1.88],
  sigma_minus_tau_357 = [-1.15],
  sigma_minus_tau_358 = [-1.17],
  sigma_minus_tau_359 = [-1.79],
  sigma_minus_tau_3510 = [-0.71],
  sigma_minus_tau_3511 = [-0.79],
  sigma_minus_tau_3512 = [-1.55],
  sigma_minus_tau_3513 = [-0.89],
  sigma_minus_tau_3514 = [-2.09],
  sigma_minus_tau_3515 = [-1.21],
  sigma_minus_tau_3516 = [-1.89],
  sigma_minus_tau_3517 = [-1.81],
  sigma_minus_tau_3518 = [-2.05],
  sigma_minus_tau_3519 = [-1.48],
  sigma_minus_tau_3520 = [-1.79],
  sigma_minus_tau_361 = [-1.14],
  sigma_minus_tau_362 = [-2.30],
  sigma_minus_tau_363 = [-1.78],
  sigma_minus_tau_364 = [-1.10],
  sigma_minus_tau_365 = [-1.49],
  sigma_minus_tau_366 = [-0.76],
  sigma_minus_tau_367 = [-0.85],
  sigma_minus_tau_368 = [-1.86],
  sigma_minus_tau_369 = [-1.54],
  sigma_minus_tau_3610 = [-2.10],
  sigma_minus_tau_3611 = [-0.77],
  sigma_minus_tau_3612 = [-1.51],
  sigma_minus_tau_3613 = [-0.75],
  sigma_minus_tau_3614 = [-1.85],
  sigma_minus_tau_3615 = [-0.77],
  sigma_minus_tau_3616 = [-1.46],
  sigma_minus_tau_3617 = [-0.93],
  sigma_minus_tau_3618 = [-1.16],
  sigma_minus_tau_3619 = [-1.85],
  sigma_minus_tau_3620 = [-1.56],
  sigma_minus_tau_371 = [-1.21],
  sigma_minus_tau_372 = [-1.16],
  sigma_minus_tau_373 = [-1.23],
  sigma_minus_tau_374 = [-1.61],
  sigma_minus_tau_375 = [-1.49],
  sigma_minus_tau_376 = [-1.19],
  sigma_minus_tau_377 = [-2.13],
  sigma_minus_tau_378 = [-1.49],
  sigma_minus_tau_379 = [-0.84],
  sigma_minus_tau_3710 = [-1.15],
  sigma_minus_tau_3711 = [-1.24],
  sigma_minus_tau_3712 = [-2.13],
  sigma_minus_tau_3713 = [-1.23],
  sigma_minus_tau_3714 = [-1.51],
  sigma_minus_tau_3715 = [-1.15],
  sigma_minus_tau_3716 = [-2.25],
  sigma_minus_tau_3717 = [-1.73],
  sigma_minus_tau_3718 = [-1.20],
  sigma_minus_tau_3719 = [-1.53],
  sigma_minus_tau_3720 = [-1.95],
  sigma_minus_tau_381 = [-1.80],
  sigma_minus_tau_382 = [-1.51],
  sigma_minus_tau_383 = [-1.77],
  sigma_minus_tau_384 = [-1.60],
  sigma_minus_tau_385 = [-1.92],
  sigma_minus_tau_386 = [-1.46],
  sigma_minus_tau_387 = [-0.80],
  sigma_minus_tau_388 = [-0.88],
  sigma_minus_tau_389 = [-1.88],
  sigma_minus_tau_3810 = [-1.88],
  sigma_minus_tau_3811 = [-1.69],
  sigma_minus_tau_3812 = [-1.70],
  sigma_minus_tau_3813 = [-1.12],
  sigma_minus_tau_3814 = [-2.07],
  sigma_minus_tau_3815 = [-0.86],
  sigma_minus_tau_3816 = [-0.89],
  sigma_minus_tau_3817 = [-1.86],
  sigma_minus_tau_3818 = [-1.72],
  sigma_minus_tau_3819 = [-1.49],
  sigma_minus_tau_3820 = [-1.92],
  sigma_minus_tau_391 = [-0.86],
  sigma_minus_tau_392 = [-1.76],
  sigma_minus_tau_393 = [-0.88],
  sigma_minus_tau_394 = [-1.97],
  sigma_minus_tau_395 = [-1.45],
  sigma_minus_tau_396 = [-1.86],
  sigma_minus_tau_397 = [-1.41],
  sigma_minus_tau_398 = [-1.08],
  sigma_minus_tau_399 = [-0.93],
  sigma_minus_tau_3910 = [-1.23],
  sigma_minus_tau_3911 = [-1.16],
  sigma_minus_tau_3912 = [-1.16],
  sigma_minus_tau_3913 = [-1.19],
  sigma_minus_tau_3914 = [-1.84],
  sigma_minus_tau_3915 = [-1.86],
  sigma_minus_tau_3916 = [-1.20],
  sigma_minus_tau_3917 = [-1.10],
  sigma_minus_tau_3918 = [-1.51],
  sigma_minus_tau_3919 = [-1.84],
  sigma_minus_tau_3920 = [-2.20],
  sigma_minus_tau_401 = [-1.88],
  sigma_minus_tau_402 = [-2.18],
  sigma_minus_tau_403 = [-2.27],
  sigma_minus_tau_404 = [-1.87],
  sigma_minus_tau_405 = [-0.70],
  sigma_minus_tau_406 = [-1.91],
  sigma_minus_tau_407 = [-1.85],
  sigma_minus_tau_408 = [-0.80],
  sigma_minus_tau_409 = [-2.14],
  sigma_minus_tau_4010 = [-0.81],
  sigma_minus_tau_4011 = [-1.48],
  sigma_minus_tau_4012 = [-1.14],
  sigma_minus_tau_4013 = [-1.51],
  sigma_minus_tau_4014 = [-2.13],
  sigma_minus_tau_4015 = [-1.83],
  sigma_minus_tau_4016 = [-2.23],
  sigma_minus_tau_4017 = [-1.85],
  sigma_minus_tau_4018 = [-1.75],
  sigma_minus_tau_4019 = [-2.17],
  sigma_minus_tau_4020 = [-1.29],
  sigma_minus_tau_411 = [-1.17],
  sigma_minus_tau_412 = [-1.26],
  sigma_minus_tau_413 = [-1.45],
  sigma_minus_tau_414 = [-2.11],
  sigma_minus_tau_415 = [-1.54],
  sigma_minus_tau_416 = [-1.84],
  sigma_minus_tau_417 = [-0.85],
  sigma_minus_tau_418 = [-1.55],
  sigma_minus_tau_419 = [-2.20],
  sigma_minus_tau_4110 = [-1.83],
  sigma_minus_tau_4111 = [-0.86],
  sigma_minus_tau_4112 = [-1.52],
  sigma_minus_tau_4113 = [-0.84],
  sigma_minus_tau_4114 = [-1.57],
  sigma_minus_tau_4115 = [-1.50],
  sigma_minus_tau_4116 = [-2.10],
  sigma_minus_tau_4117 = [-2.12],
  sigma_minus_tau_4118 = [-1.11],
  sigma_minus_tau_4119 = [-2.14],
  sigma_minus_tau_4120 = [-1.11],
  sigma_minus_tau_421 = [-0.74],
  sigma_minus_tau_422 = [-2.13],
  sigma_minus_tau_423 = [-1.10],
  sigma_minus_tau_424 = [-1.93],
  sigma_minus_tau_425 = [-1.18],
  sigma_minus_tau_426 = [-2.23],
  sigma_minus_tau_427 = [-1.43],
  sigma_minus_tau_428 = [-1.82],
  sigma_minus_tau_429 = [-0.83],
  sigma_minus_tau_4210 = [-1.88],
  sigma_minus_tau_4211 = [-0.83],
  sigma_minus_tau_4212 = [-2.21],
  sigma_minus_tau_4213 = [-1.15],
  sigma_minus_tau_4214 = [-0.83],
  sigma_minus_tau_4215 = [-1.16],
  sigma_minus_tau_4216 = [-1.16],
  sigma_minus_tau_4217 = [-2.34],
  sigma_minus_tau_4218 = [-1.46],
  sigma_minus_tau_4219 = [-1.51],
  sigma_minus_tau_4220 = [-2.18],
  sigma_minus_tau_431 = [-1.86],
  sigma_minus_tau_432 = [-1.86],
  sigma_minus_tau_433 = [-0.88],
  sigma_minus_tau_434 = [-2.17],
  sigma_minus_tau_435 = [-0.84],
  sigma_minus_tau_436 = [-1.54],
  sigma_minus_tau_437 = [-1.52],
  sigma_minus_tau_438 = [-2.01],
  sigma_minus_tau_439 = [-1.16],
  sigma_minus_tau_4310 = [-2.26],
  sigma_minus_tau_4311 = [-0.66],
  sigma_minus_tau_4312 = [-0.78],
  sigma_minus_tau_4313 = [-1.97],
  sigma_minus_tau_4314 = [-1.49],
  sigma_minus_tau_4315 = [-1.47],
  sigma_minus_tau_4316 = [-0.99],
  sigma_minus_tau_4317 = [-0.83],
  sigma_minus_tau_4318 = [-1.07],
  sigma_minus_tau_4319 = [-1.16],
  sigma_minus_tau_4320 = [-1.89],
  sigma_minus_tau_441 = [-1.82],
  sigma_minus_tau_442 = [-2.19],
  sigma_minus_tau_443 = [-1.18],
  sigma_minus_tau_444 = [-2.25],
  sigma_minus_tau_445 = [-2.06],
  sigma_minus_tau_446 = [-1.42],
  sigma_minus_tau_447 = [-1.21],
  sigma_minus_tau_448 = [-1.26],
  sigma_minus_tau_449 = [-1.13],
  sigma_minus_tau_4410 = [-1.47],
  sigma_minus_tau_4411 = [-0.99],
  sigma_minus_tau_4412 = [-1.79],
  sigma_minus_tau_4413 = [-0.83],
  sigma_minus_tau_4414 = [-2.10],
  sigma_minus_tau_4415 = [-0.84],
  sigma_minus_tau_4416 = [-1.13],
  sigma_minus_tau_4417 = [-1.87],
  sigma_minus_tau_4418 = [-1.86],
  sigma_minus_tau_4419 = [-1.15],
  sigma_minus_tau_4420 = [-0.85],
  sigma_minus_tau_451 = [-1.90],
  sigma_minus_tau_452 = [-2.06],
  sigma_minus_tau_453 = [-1.20],
  sigma_minus_tau_454 = [-1.56],
  sigma_minus_tau_455 = [-1.80],
  sigma_minus_tau_456 = [-1.88],
  sigma_minus_tau_457 = [-1.76],
  sigma_minus_tau_458 = [-1.36],
  sigma_minus_tau_459 = [-0.88],
  sigma_minus_tau_4510 = [-2.21],
  sigma_minus_tau_4511 = [-2.27],
  sigma_minus_tau_4512 = [-1.45],
  sigma_minus_tau_4513 = [-2.21],
  sigma_minus_tau_4514 = [-2.22],
  sigma_minus_tau_4515 = [-1.51],
  sigma_minus_tau_4516 = [-1.19],
  sigma_minus_tau_4517 = [-1.12],
  sigma_minus_tau_4518 = [-1.12],
  sigma_minus_tau_4519 = [-1.88],
  sigma_minus_tau_4520 = [-1.74],
  sigma_minus_tau_461 = [-1.83],
  sigma_minus_tau_462 = [-1.79],
  sigma_minus_tau_463 = [-1.11],
  sigma_minus_tau_464 = [-0.95],
  sigma_minus_tau_465 = [-1.22],
  sigma_minus_tau_466 = [-1.15],
  sigma_minus_tau_467 = [-1.46],
  sigma_minus_tau_468 = [-2.04],
  sigma_minus_tau_469 = [-2.15],
  sigma_minus_tau_4610 = [-1.87],
  sigma_minus_tau_4611 = [-1.09],
  sigma_minus_tau_4612 = [-1.80],
  sigma_minus_tau_4613 = [-1.90],
  sigma_minus_tau_4614 = [-1.43],
  sigma_minus_tau_4615 = [-0.90],
  sigma_minus_tau_4616 = [-1.31],
  sigma_minus_tau_4617 = [-1.80],
  sigma_minus_tau_4618 = [-1.48],
  sigma_minus_tau_4619 = [-1.20],
  sigma_minus_tau_4620 = [-0.76],
  sigma_minus_tau_471 = [-1.86],
  sigma_minus_tau_472 = [-1.81],
  sigma_minus_tau_473 = [-1.17],
  sigma_minus_tau_474 = [-1.55],
  sigma_minus_tau_475 = [-0.83],
  sigma_minus_tau_476 = [-2.15],
  sigma_minus_tau_477 = [-1.53],
  sigma_minus_tau_478 = [-0.76],
  sigma_minus_tau_479 = [-1.19],
  sigma_minus_tau_4710 = [-0.94],
  sigma_minus_tau_4711 = [-1.50],
  sigma_minus_tau_4712 = [-1.11],
  sigma_minus_tau_4713 = [-1.45],
  sigma_minus_tau_4714 = [-1.78],
  sigma_minus_tau_4715 = [-1.44],
  sigma_minus_tau_4716 = [-2.22],
  sigma_minus_tau_4717 = [-1.24],
  sigma_minus_tau_4718 = [-1.21],
  sigma_minus_tau_4719 = [-2.24],
  sigma_minus_tau_4720 = [-1.14],
  sigma_minus_tau_481 = [-0.89],
  sigma_minus_tau_482 = [-1.89],
  sigma_minus_tau_483 = [-1.92],
  sigma_minus_tau_484 = [-1.17],
  sigma_minus_tau_485 = [-2.13],
  sigma_minus_tau_486 = [-1.53],
  sigma_minus_tau_487 = [-0.97],
  sigma_minus_tau_488 = [-0.80],
  sigma_minus_tau_489 = [-2.29],
  sigma_minus_tau_4810 = [-1.28],
  sigma_minus_tau_4811 = [-2.11],
  sigma_minus_tau_4812 = [-1.48],
  sigma_minus_tau_4813 = [-0.86],
  sigma_minus_tau_4814 = [-1.86],
  sigma_minus_tau_4815 = [-0.79],
  sigma_minus_tau_4816 = [-1.86],
  sigma_minus_tau_4817 = [-1.28],
  sigma_minus_tau_4818 = [-0.80],
  sigma_minus_tau_4819 = [-1.50],
  sigma_minus_tau_4820 = [-1.04],
  sigma_minus_tau_491 = [-2.07],
  sigma_minus_tau_492 = [-2.23],
  sigma_minus_tau_493 = [-1.30],
  sigma_minus_tau_494 = [-1.85],
  sigma_minus_tau_495 = [-0.75],
  sigma_minus_tau_496 = [-1.11],
  sigma_minus_tau_497 = [-1.23],
  sigma_minus_tau_498 = [-1.81],
  sigma_minus_tau_499 = [-1.53],
  sigma_minus_tau_4910 = [-1.12],
  sigma_minus_tau_4911 = [-1.58],
  sigma_minus_tau_4912 = [-0.71],
  sigma_minus_tau_4913 = [-0.68],
  sigma_minus_tau_4914 = [-1.22],
  sigma_minus_tau_4915 = [-2.26],
  sigma_minus_tau_4916 = [-0.91],
  sigma_minus_tau_4917 = [-1.46],
  sigma_minus_tau_4918 = [-1.08],
  sigma_minus_tau_4919 = [-1.52],
  sigma_minus_tau_4920 = [-1.24],
  sigma_minus_tau_501 = [-1.87],
  sigma_minus_tau_502 = [-0.91],
  sigma_minus_tau_503 = [-2.06],
  sigma_minus_tau_504 = [-0.96],
  sigma_minus_tau_505 = [-1.48],
  sigma_minus_tau_506 = [-1.18],
  sigma_minus_tau_507 = [-2.13],
  sigma_minus_tau_508 = [-1.45],
  sigma_minus_tau_509 = [-2.13],
  sigma_minus_tau_5010 = [-1.55],
  sigma_minus_tau_5011 = [-1.27],
  sigma_minus_tau_5012 = [-1.14],
  sigma_minus_tau_5013 = [-1.44],
  sigma_minus_tau_5014 = [-1.26],
  sigma_minus_tau_5015 = [-0.90],
  sigma_minus_tau_5016 = [-1.27],
  sigma_minus_tau_5017 = [-0.88],
  sigma_minus_tau_5018 = [-2.08],
  sigma_minus_tau_5019 = [-2.21],
  sigma_minus_tau_5020 = [-2.22],
  sigma_minus_tau_511 = [-1.79],
  sigma_minus_tau_512 = [-1.04],
  sigma_minus_tau_513 = [-1.81],
  sigma_minus_tau_514 = [-2.15],
  sigma_minus_tau_515 = [-0.92],
  sigma_minus_tau_516 = [-1.61],
  sigma_minus_tau_517 = [-0.78],
  sigma_minus_tau_518 = [-2.21],
  sigma_minus_tau_519 = [-2.25],
  sigma_minus_tau_5110 = [-2.19],
  sigma_minus_tau_5111 = [-2.07],
  sigma_minus_tau_5112 = [-2.09],
  sigma_minus_tau_5113 = [-1.67],
  sigma_minus_tau_5114 = [-0.86],
  sigma_minus_tau_5115 = [-0.82],
  sigma_minus_tau_5116 = [-2.31],
  sigma_minus_tau_5117 = [-1.83],
  sigma_minus_tau_5118 = [-1.86],
  sigma_minus_tau_5119 = [-1.18],
  sigma_minus_tau_5120 = [-1.79],
  sigma_minus_tau_521 = [-0.93],
  sigma_minus_tau_522 = [-0.85],
  sigma_minus_tau_523 = [-1.87],
  sigma_minus_tau_524 = [-2.11],
  sigma_minus_tau_525 = [-1.12],
  sigma_minus_tau_526 = [-1.13],
  sigma_minus_tau_527 = [-1.56],
  sigma_minus_tau_528 = [-2.33],
  sigma_minus_tau_529 = [-1.97],
  sigma_minus_tau_5210 = [-1.21],
  sigma_minus_tau_5211 = [-2.23],
  sigma_minus_tau_5212 = [-1.90],
  sigma_minus_tau_5213 = [-1.73],
  sigma_minus_tau_5214 = [-1.77],
  sigma_minus_tau_5215 = [-1.49],
  sigma_minus_tau_5216 = [-1.26],
  sigma_minus_tau_5217 = [-0.86],
  sigma_minus_tau_5218 = [-1.15],
  sigma_minus_tau_5219 = [-1.13],
  sigma_minus_tau_5220 = [-1.50],
  sigma_minus_tau_531 = [-1.78],
  sigma_minus_tau_532 = [-1.59],
  sigma_minus_tau_533 = [-1.05],
  sigma_minus_tau_534 = [-1.28],
  sigma_minus_tau_535 = [-2.24],
  sigma_minus_tau_536 = [-1.50],
  sigma_minus_tau_537 = [-0.78],
  sigma_minus_tau_538 = [-1.50],
  sigma_minus_tau_539 = [-1.87],
  sigma_minus_tau_5310 = [-1.73],
  sigma_minus_tau_5311 = [-0.98],
  sigma_minus_tau_5312 = [-1.84],
  sigma_minus_tau_5313 = [-1.72],
  sigma_minus_tau_5314 = [-2.24],
  sigma_minus_tau_5315 = [-2.26],
  sigma_minus_tau_5316 = [-1.50],
  sigma_minus_tau_5317 = [-1.88],
  sigma_minus_tau_5318 = [-1.00],
  sigma_minus_tau_5319 = [-1.80],
  sigma_minus_tau_5320 = [-1.77],
  sigma_minus_tau_541 = [-1.41],
  sigma_minus_tau_542 = [-1.85],
  sigma_minus_tau_543 = [-0.75],
  sigma_minus_tau_544 = [-0.81],
  sigma_minus_tau_545 = [-0.77],
  sigma_minus_tau_546 = [-1.46],
  sigma_minus_tau_547 = [-2.37],
  sigma_minus_tau_548 = [-1.53],
  sigma_minus_tau_549 = [-1.19],
  sigma_minus_tau_5410 = [-1.87],
  sigma_minus_tau_5411 = [-2.16],
  sigma_minus_tau_5412 = [-1.97],
  sigma_minus_tau_5413 = [-1.09],
  sigma_minus_tau_5414 = [-0.83],
  sigma_minus_tau_5415 = [-1.69],
  sigma_minus_tau_5416 = [-2.27],
  sigma_minus_tau_5417 = [-2.05],
  sigma_minus_tau_5418 = [-0.93],
  sigma_minus_tau_5419 = [-1.15],
  sigma_minus_tau_5420 = [-1.85],
  sigma_minus_tau_551 = [-0.84],
  sigma_minus_tau_552 = [-0.81],
  sigma_minus_tau_553 = [-1.27],
  sigma_minus_tau_554 = [-2.12],
  sigma_minus_tau_555 = [-1.96],
  sigma_minus_tau_556 = [-1.79],
  sigma_minus_tau_557 = [-2.23],
  sigma_minus_tau_558 = [-2.23],
  sigma_minus_tau_559 = [-1.83],
  sigma_minus_tau_5510 = [-2.06],
  sigma_minus_tau_5511 = [-1.81],
  sigma_minus_tau_5512 = [-0.92],
  sigma_minus_tau_5513 = [-1.16],
  sigma_minus_tau_5514 = [-0.68],
  sigma_minus_tau_5515 = [-2.20],
  sigma_minus_tau_5516 = [-2.15],
  sigma_minus_tau_5517 = [-2.23],
  sigma_minus_tau_5518 = [-1.57],
  sigma_minus_tau_5519 = [-1.86],
  sigma_minus_tau_5520 = [-1.20],
  sigma_minus_tau_561 = [-1.19],
  sigma_minus_tau_562 = [-2.30],
  sigma_minus_tau_563 = [-1.79],
  sigma_minus_tau_564 = [-1.47],
  sigma_minus_tau_565 = [-1.43],
  sigma_minus_tau_566 = [-2.09],
  sigma_minus_tau_567 = [-1.86],
  sigma_minus_tau_568 = [-0.75],
  sigma_minus_tau_569 = [-2.32],
  sigma_minus_tau_5610 = [-0.85],
  sigma_minus_tau_5611 = [-0.89],
  sigma_minus_tau_5612 = [-1.79],
  sigma_minus_tau_5613 = [-1.47],
  sigma_minus_tau_5614 = [-1.28],
  sigma_minus_tau_5615 = [-1.09],
  sigma_minus_tau_5616 = [-1.78],
  sigma_minus_tau_5617 = [-1.47],
  sigma_minus_tau_5618 = [-1.14],
  sigma_minus_tau_5619 = [-1.18],
  sigma_minus_tau_5620 = [-1.87],
  sigma_minus_tau_571 = [-1.97],
  sigma_minus_tau_572 = [-1.09],
  sigma_minus_tau_573 = [-1.75],
  sigma_minus_tau_574 = [-0.81],
  sigma_minus_tau_575 = [-1.73],
  sigma_minus_tau_576 = [-1.82],
  sigma_minus_tau_577 = [-1.24],
  sigma_minus_tau_578 = [-2.28],
  sigma_minus_tau_579 = [-1.51],
  sigma_minus_tau_5710 = [-1.92],
  sigma_minus_tau_5711 = [-1.69],
  sigma_minus_tau_5712 = [-0.81],
  sigma_minus_tau_5713 = [-0.84],
  sigma_minus_tau_5714 = [-1.85],
  sigma_minus_tau_5715 = [-1.19],
  sigma_minus_tau_5716 = [-1.85],
  sigma_minus_tau_5717 = [-1.13],
  sigma_minus_tau_5718 = [-1.20],
  sigma_minus_tau_5719 = [-1.14],
  sigma_minus_tau_5720 = [-1.91],
  sigma_minus_tau_581 = [-0.82],
  sigma_minus_tau_582 = [-2.08],
  sigma_minus_tau_583 = [-2.26],
  sigma_minus_tau_584 = [-0.73],
  sigma_minus_tau_585 = [-1.17],
  sigma_minus_tau_586 = [-1.85],
  sigma_minus_tau_587 = [-1.12],
  sigma_minus_tau_588 = [-1.85],
  sigma_minus_tau_589 = [-1.88],
  sigma_minus_tau_5810 = [-2.10],
  sigma_minus_tau_5811 = [-1.74],
  sigma_minus_tau_5812 = [-2.21],
  sigma_minus_tau_5813 = [-1.18],
  sigma_minus_tau_5814 = [-1.55],
  sigma_minus_tau_5815 = [-1.81],
  sigma_minus_tau_5816 = [-1.78],
  sigma_minus_tau_5817 = [-0.90],
  sigma_minus_tau_5818 = [-1.79],
  sigma_minus_tau_5819 = [-1.74],
  sigma_minus_tau_5820 = [-2.07],
  sigma_minus_tau_591 = [-1.48],
  sigma_minus_tau_592 = [-1.51],
  sigma_minus_tau_593 = [-1.85],
  sigma_minus_tau_594 = [-0.80],
  sigma_minus_tau_595 = [-2.21],
  sigma_minus_tau_596 = [-0.89],
  sigma_minus_tau_597 = [-1.50],
  sigma_minus_tau_598 = [-1.99],
  sigma_minus_tau_599 = [-0.83],
  sigma_minus_tau_5910 = [-0.86],
  sigma_minus_tau_5911 = [-1.92],
  sigma_minus_tau_5912 = [-0.86],
  sigma_minus_tau_5913 = [-2.35],
  sigma_minus_tau_5914 = [-1.89],
  sigma_minus_tau_5915 = [-1.18],
  sigma_minus_tau_5916 = [-2.06],
  sigma_minus_tau_5917 = [-2.30],
  sigma_minus_tau_5918 = [-0.89],
  sigma_minus_tau_5919 = [-2.22],
  sigma_minus_tau_5920 = [-1.46],
  sigma_minus_tau_601 = [-0.80],
  sigma_minus_tau_602 = [-2.21],
  sigma_minus_tau_603 = [-1.46],
  sigma_minus_tau_604 = [-0.77],
  sigma_minus_tau_605 = [-1.16],
  sigma_minus_tau_606 = [-2.28],
  sigma_minus_tau_607 = [-1.11],
  sigma_minus_tau_608 = [-2.24],
  sigma_minus_tau_609 = [-0.91],
  sigma_minus_tau_6010 = [-0.78],
  sigma_minus_tau_6011 = [-0.79],
  sigma_minus_tau_6012 = [-0.84],
  sigma_minus_tau_6013 = [-0.71],
  sigma_minus_tau_6014 = [-1.48],
  sigma_minus_tau_6015 = [-1.90],
  sigma_minus_tau_6016 = [-1.87],
  sigma_minus_tau_6017 = [-2.11],
  sigma_minus_tau_6018 = [-1.93],
  sigma_minus_tau_6019 = [-2.27],
  sigma_minus_tau_6020 = [-1.88],
]

Probabilities (p_s) = [
0.02, 0.02, 0.02, 0.02, 0.02, 0.02, 0.02, 0.02, 0.02, 0.02, 0.02, 0.02, 0.02, 0.02, 0.02, 0.02, 0.02, 0.02, 0.02, 0.02, 0.02, 0.02, 0.02, 0.02, 0.02, 0.02, 0.02, 0.02, 0.02, 0.02, 0.02, 0.02, 0.02, 0.02, 0.02, 0.02, 0.02, 0.02, 0.02, 0.02, 0.02, 0.02, 0.02, 0.02, 0.02, 0.02, 0.02, 0.02, 0.02, 0.02
]

c_bar = 5.43
