Jobs = 40
Machines = 10
Scenarios = 20

Ready Times (rj) = [
0.00, 0.00, 0.00, 0.00, 0.00, 0.00, 0.00, 0.00, 0.00, 0.00, 0.00, 0.00, 0.00, 0.00, 0.00, 0.00, 0.00, 0.00, 0.00, 0.00, 0.00, 0.00, 0.00, 0.00, 0.00, 0.00, 0.00, 0.00, 0.00, 0.00, 0.00, 0.00, 0.00, 0.00, 0.00, 0.00, 0.00, 0.00, 0.00, 0.00
]

Transportation Times (tjk^s) = [
  tjk_11 = [0.10, 2.58, 7.53, 6.48, 2.27, 1.11, 2.34, 2.24, 0.10, 8.88, 4.57, 10.32, 9.19, 3.84, 3.80, 0.10, 3.26, 0.10, 5.64, 1.05],
  tjk_12 = [3.65, 3.92, 5.03, 3.40, 0.23, 0.78, 5.89, 5.31, 1.37, 3.95, 3.33, 9.77, 21.51, 4.50, 3.98, 1.91, 7.24, 10.75, 8.30, 5.94],
  tjk_13 = [2.52, 6.14, 7.61, 0.10, 5.37, 6.31, 1.94, 1.87, 0.10, 3.10, 3.67, 3.00, 3.47, 0.66, 1.62, 5.31, 5.26, 2.42, 4.11, 6.14],
  tjk_14 = [5.25, 1.20, 3.83, 7.19, 11.72, 7.46, 4.28, 8.16, 3.35, 20.58, 5.22, 4.39, 2.70, 9.74, 7.39, 6.12, 2.22, 7.51, 9.55, 17.89],
  tjk_15 = [8.13, 5.34, 18.42, 6.81, 3.29, 11.87, 2.97, 4.47, 4.65, 0.21, 0.10, 10.59, 5.51, 4.68, 7.18, 6.91, 2.33, 7.50, 14.87, 3.37],
  tjk_16 = [0.70, 1.97, 0.92, 1.24, 1.61, 3.13, 3.44, 2.94, 8.95, 2.84, 4.17, 1.45, 3.45, 5.24, 0.10, 8.02, 3.56, 0.10, 0.10, 2.20],
  tjk_17 = [4.40, 4.73, 17.94, 8.09, 7.73, 8.71, 15.38, 5.84, 0.10, 0.10, 4.75, 2.95, 8.67, 2.83, 3.00, 4.86, 11.99, 8.11, 4.81, 4.08],
  tjk_18 = [1.15, 6.00, 0.10, 7.90, 5.07, 4.36, 4.42, 2.34, 0.10, 1.53, 3.02, 0.95, 5.92, 3.80, 4.50, 3.04, 15.18, 0.97, 1.62, 8.50],
  tjk_19 = [3.84, 0.10, 11.31, 4.28, 1.54, 3.47, 0.10, 4.84, 11.46, 1.71, 9.14, 5.03, 2.91, 5.30, 3.99, 5.69, 8.21, 24.50, 4.04, 7.38],
  tjk_110 = [3.93, 2.21, 4.98, 8.96, 8.74, 9.31, 0.10, 5.50, 11.09, 4.83, 8.15, 0.68, 1.43, 9.56, 11.16, 1.10, 6.51, 6.85, 6.85, 5.13],
  tjk_21 = [4.65, 3.53, 0.10, 1.35, 1.49, 1.54, 2.01, 1.61, 2.82, 3.78, 2.81, 1.81, 3.62, 1.95, 1.16, 1.59, 1.35, 1.25, 7.00, 3.49],
  tjk_22 = [2.53, 0.42, 3.28, 1.70, 2.79, 1.23, 0.82, 1.15, 1.82, 0.10, 2.63, 6.00, 2.26, 0.22, 0.10, 0.55, 1.01, 0.94, 0.94, 25.00],
  tjk_23 = [2.58, 1.20, 1.01, 1.32, 0.63, 0.98, 1.60, 3.13, 0.55, 2.34, 0.10, 0.72, 0.10, 10.17, 0.99, 0.51, 2.21, 2.35, 1.34, 0.88],
  tjk_24 = [0.54, 6.08, 1.00, 0.31, 0.55, 1.68, 0.48, 0.10, 2.13, 2.82, 0.41, 2.98, 4.24, 1.06, 0.17, 2.01, 0.57, 1.39, 0.89, 0.88],
  tjk_25 = [1.94, 5.64, 2.74, 0.86, 0.10, 0.10, 7.10, 1.30, 2.32, 11.56, 25.00, 1.23, 4.71, 7.79, 0.66, 14.68, 3.21, 3.41, 2.07, 0.77],
  tjk_26 = [1.79, 12.43, 2.87, 5.14, 2.38, 0.75, 0.10, 0.57, 0.10, 3.10, 3.58, 7.58, 7.51, 2.30, 4.79, 1.32, 6.38, 5.94, 12.00, 3.84],
  tjk_27 = [3.17, 0.10, 1.14, 0.13, 4.28, 5.79, 0.16, 0.25, 1.91, 5.62, 6.76, 0.32, 7.29, 4.92, 19.64, 2.63, 3.31, 8.06, 0.93, 7.83],
  tjk_28 = [4.94, 1.31, 1.37, 2.27, 0.21, 0.32, 0.64, 2.48, 2.08, 6.23, 12.23, 16.81, 6.68, 15.42, 6.85, 5.70, 0.13, 4.76, 0.96, 8.26],
  tjk_29 = [5.59, 0.27, 2.08, 0.21, 2.63, 1.18, 1.67, 0.10, 0.23, 3.73, 1.36, 3.02, 1.70, 0.71, 5.04, 3.49, 0.16, 0.32, 1.60, 3.50],
  tjk_210 = [8.17, 8.81, 0.59, 5.99, 6.51, 8.03, 2.67, 1.38, 7.36, 1.31, 1.08, 5.38, 9.77, 2.77, 2.98, 3.50, 0.84, 7.33, 6.31, 5.47],
  tjk_31 = [5.45, 5.26, 1.80, 0.10, 4.65, 1.23, 0.86, 1.21, 1.19, 0.33, 0.96, 0.70, 1.16, 14.76, 5.86, 0.51, 0.40, 5.06, 3.04, 2.36],
  tjk_32 = [0.60, 7.11, 2.39, 1.16, 0.41, 13.09, 0.10, 0.51, 1.71, 1.96, 1.40, 6.45, 0.10, 7.06, 3.29, 4.74, 1.25, 3.18, 2.25, 2.36],
  tjk_33 = [0.10, 4.37, 4.77, 2.48, 8.03, 7.02, 10.47, 1.73, 6.00, 6.40, 14.04, 2.14, 3.27, 14.69, 1.40, 3.39, 6.61, 0.76, 2.02, 7.50],
  tjk_34 = [0.67, 1.50, 0.56, 0.10, 2.22, 1.14, 2.55, 1.01, 0.10, 0.70, 0.22, 1.15, 0.76, 1.11, 1.94, 0.37, 1.32, 0.10, 5.32, 0.24],
  tjk_35 = [3.34, 9.47, 5.79, 9.48, 0.10, 1.68, 2.45, 9.54, 25.00, 9.77, 5.15, 6.30, 6.88, 4.35, 0.25, 2.01, 3.93, 4.74, 0.10, 4.62],
  tjk_36 = [5.01, 2.77, 7.20, 11.56, 5.99, 25.00, 3.46, 6.49, 10.41, 3.51, 1.98, 2.68, 9.41, 4.72, 2.40, 4.60, 6.50, 1.93, 7.36, 3.12],
  tjk_37 = [25.00, 0.10, 2.02, 2.56, 10.86, 8.17, 8.30, 6.63, 13.82, 2.19, 11.93, 0.45, 7.47, 5.35, 25.00, 1.79, 2.06, 14.12, 0.64, 4.89],
  tjk_38 = [2.58, 7.22, 1.21, 2.66, 13.36, 1.89, 25.00, 7.24, 3.05, 5.40, 0.10, 0.20, 1.02, 9.20, 0.27, 3.02, 0.21, 9.57, 2.91, 1.12],
  tjk_39 = [0.10, 2.76, 18.49, 5.58, 5.18, 4.28, 0.76, 5.08, 4.78, 3.76, 4.01, 2.68, 7.56, 2.22, 7.30, 4.65, 1.73, 2.73, 4.17, 0.71],
  tjk_310 = [0.29, 2.83, 3.40, 5.94, 2.77, 0.63, 2.41, 7.21, 10.44, 6.11, 3.20, 6.27, 3.28, 0.10, 9.19, 9.30, 1.34, 9.73, 7.42, 2.23],
  tjk_41 = [1.13, 4.67, 5.73, 4.72, 3.66, 9.21, 1.11, 12.47, 7.32, 10.80, 0.78, 2.59, 3.39, 2.15, 3.09, 0.10, 4.44, 9.52, 9.38, 1.82],
  tjk_42 = [5.27, 5.89, 2.66, 2.55, 6.93, 1.57, 4.21, 1.55, 4.27, 1.31, 0.96, 7.76, 6.19, 2.31, 1.03, 0.90, 6.28, 1.26, 5.85, 2.59],
  tjk_43 = [5.70, 0.10, 1.07, 3.81, 10.02, 6.58, 5.08, 0.10, 25.00, 2.77, 3.13, 4.58, 20.10, 10.06, 13.25, 7.55, 4.54, 2.81, 4.96, 9.09],
  tjk_44 = [1.09, 10.82, 3.30, 1.15, 7.13, 5.67, 18.02, 1.36, 4.57, 0.10, 10.91, 0.10, 5.44, 4.19, 0.20, 5.45, 11.24, 4.43, 9.15, 14.51],
  tjk_45 = [1.61, 1.65, 2.68, 2.32, 3.65, 2.95, 1.81, 0.10, 3.39, 3.97, 0.69, 1.02, 3.39, 2.88, 0.10, 4.94, 1.94, 4.59, 0.10, 1.15],
  tjk_46 = [2.85, 1.83, 1.20, 2.48, 3.05, 1.30, 5.20, 2.14, 1.04, 1.71, 0.10, 3.30, 2.54, 0.18, 1.51, 5.54, 1.75, 2.64, 2.83, 1.70],
  tjk_47 = [0.40, 0.30, 0.68, 1.02, 0.85, 0.87, 0.23, 0.10, 1.44, 0.69, 1.32, 0.70, 1.11, 0.61, 0.77, 2.54, 2.84, 0.58, 1.40, 0.40],
  tjk_48 = [3.72, 25.00, 7.26, 8.95, 0.95, 8.97, 0.10, 9.89, 0.10, 5.84, 8.72, 0.80, 6.10, 2.80, 3.12, 11.09, 5.25, 10.93, 1.42, 4.20],
  tjk_49 = [2.51, 2.13, 7.56, 9.52, 1.21, 7.40, 4.45, 10.44, 3.49, 4.15, 8.01, 25.00, 8.15, 0.10, 4.83, 11.01, 1.93, 7.85, 6.47, 1.86],
  tjk_410 = [2.99, 1.47, 2.59, 3.32, 0.75, 11.73, 3.04, 2.74, 3.64, 4.58, 4.09, 7.79, 0.20, 5.21, 6.88, 0.10, 3.76, 1.49, 4.60, 1.67],
  tjk_51 = [4.04, 0.10, 3.84, 2.02, 1.96, 2.59, 1.56, 1.80, 3.74, 2.80, 0.10, 2.20, 2.07, 0.54, 0.87, 5.14, 2.53, 0.49, 0.79, 1.98],
  tjk_52 = [0.30, 0.10, 2.22, 0.99, 0.10, 3.03, 2.17, 0.10, 1.26, 1.65, 3.54, 0.37, 6.73, 1.80, 1.30, 2.16, 0.84, 5.34, 0.22, 2.47],
  tjk_53 = [5.12, 1.97, 3.59, 4.03, 3.80, 0.10, 1.32, 2.01, 0.41, 1.45, 0.74, 1.65, 4.61, 1.54, 1.21, 0.88, 4.58, 0.64, 0.10, 1.28],
  tjk_54 = [3.71, 4.47, 3.99, 5.41, 5.40, 0.42, 12.39, 11.98, 0.93, 3.06, 9.57, 3.48, 20.82, 5.13, 0.93, 8.66, 4.56, 0.10, 10.10, 6.62],
  tjk_55 = [5.21, 2.04, 1.68, 0.10, 11.90, 0.10, 3.76, 1.70, 4.49, 0.10, 2.74, 6.20, 0.89, 8.57, 7.83, 0.88, 0.10, 5.27, 2.27, 0.93],
  tjk_56 = [7.23, 8.52, 3.59, 0.66, 25.00, 20.62, 0.98, 2.65, 7.88, 0.10, 6.39, 15.84, 3.37, 0.35, 6.70, 2.31, 8.68, 2.74, 10.21, 3.35],
  tjk_57 = [3.34, 2.97, 1.47, 1.69, 8.79, 7.27, 1.62, 7.35, 8.51, 3.65, 1.58, 14.70, 0.64, 9.99, 3.16, 3.93, 4.17, 5.86, 7.24, 3.44],
  tjk_58 = [9.96, 0.10, 3.82, 5.18, 5.15, 5.40, 1.96, 0.10, 0.10, 0.76, 0.17, 4.33, 3.87, 2.90, 0.10, 15.76, 1.05, 4.91, 7.45, 1.89],
  tjk_59 = [1.67, 0.37, 2.33, 0.93, 0.42, 0.10, 0.57, 1.33, 0.40, 0.70, 1.73, 0.26, 1.71, 0.47, 0.10, 1.33, 1.19, 0.66, 4.44, 1.02],
  tjk_510 = [5.68, 7.79, 5.08, 0.99, 17.87, 6.21, 5.73, 0.96, 3.42, 6.47, 2.33, 9.27, 4.68, 5.78, 8.35, 0.32, 2.94, 25.00, 4.94, 9.90],
  tjk_61 = [0.10, 0.30, 0.66, 0.73, 0.60, 0.10, 0.59, 0.52, 1.59, 0.71, 2.19, 1.77, 1.35, 1.17, 1.17, 1.26, 0.87, 0.10, 2.21, 1.04],
  tjk_62 = [0.67, 0.53, 0.65, 0.21, 0.22, 1.52, 0.10, 0.29, 1.27, 0.15, 0.13, 0.92, 0.84, 1.24, 0.10, 0.40, 0.71, 0.38, 0.17, 1.37],
  tjk_63 = [6.62, 3.84, 5.34, 5.74, 9.80, 1.49, 6.04, 7.14, 3.86, 14.57, 6.56, 5.94, 1.54, 9.33, 7.63, 12.86, 1.95, 0.10, 4.76, 5.57],
  tjk_64 = [25.00, 5.94, 4.37, 18.39, 6.77, 6.58, 5.58, 1.97, 2.11, 7.10, 3.78, 0.58, 6.20, 12.15, 5.42, 1.82, 4.74, 5.80, 5.20, 3.74],
  tjk_65 = [0.39, 1.96, 1.77, 3.06, 25.00, 2.54, 2.46, 4.55, 6.40, 2.28, 4.20, 7.13, 0.75, 1.58, 1.36, 0.23, 4.30, 2.11, 3.23, 4.53],
  tjk_66 = [1.20, 8.55, 1.72, 7.79, 0.57, 3.08, 1.58, 4.05, 2.68, 4.86, 5.54, 0.10, 6.50, 0.82, 3.82, 0.61, 0.10, 8.70, 5.17, 4.19],
  tjk_67 = [0.51, 0.10, 3.24, 9.15, 3.98, 3.59, 1.59, 6.41, 0.43, 1.24, 14.70, 3.79, 2.16, 1.49, 3.07, 4.41, 2.71, 7.50, 3.59, 5.28],
  tjk_68 = [9.75, 0.56, 1.18, 0.49, 1.17, 0.30, 2.23, 0.10, 0.65, 1.69, 2.07, 0.10, 1.71, 1.11, 1.12, 0.65, 0.81, 1.17, 1.04, 2.32],
  tjk_69 = [0.90, 9.25, 5.80, 5.69, 3.10, 11.44, 5.10, 3.35, 10.56, 1.83, 10.99, 7.87, 1.60, 0.70, 1.35, 11.38, 4.33, 6.52, 6.24, 11.96],
  tjk_610 = [5.41, 20.58, 0.51, 2.53, 6.17, 3.12, 3.80, 2.12, 4.19, 10.77, 3.16, 2.59, 6.96, 6.10, 0.72, 2.25, 2.61, 1.49, 9.41, 2.63],
  tjk_71 = [0.10, 0.66, 0.83, 1.14, 2.01, 0.98, 0.31, 6.17, 1.30, 4.34, 0.39, 2.66, 0.37, 1.26, 0.10, 0.10, 0.94, 0.84, 3.80, 0.10],
  tjk_72 = [0.10, 1.45, 0.72, 0.10, 1.00, 0.31, 0.64, 1.27, 0.88, 1.02, 2.05, 0.86, 7.40, 2.20, 0.92, 2.65, 0.19, 0.20, 1.22, 0.34],
  tjk_73 = [6.33, 3.25, 3.08, 7.55, 13.11, 17.72, 1.19, 11.68, 0.83, 0.37, 1.92, 0.10, 13.01, 1.49, 2.83, 0.67, 2.67, 5.78, 10.93, 5.90],
  tjk_74 = [1.35, 1.26, 1.48, 2.27, 17.07, 3.32, 4.65, 0.10, 2.28, 0.10, 1.21, 0.41, 2.89, 0.29, 5.46, 0.72, 0.90, 9.22, 2.78, 3.34],
  tjk_75 = [2.19, 2.15, 0.99, 0.28, 1.43, 0.10, 0.10, 0.74, 0.83, 0.36, 1.54, 0.25, 2.02, 1.72, 2.33, 1.00, 0.96, 0.46, 0.10, 1.19],
  tjk_76 = [4.73, 3.66, 11.22, 10.92, 3.87, 0.32, 5.02, 7.90, 0.60, 1.35, 2.07, 5.09, 5.89, 3.79, 0.79, 2.47, 0.31, 0.95, 0.10, 11.43],
  tjk_77 = [10.96, 4.33, 1.72, 9.15, 1.41, 2.46, 2.00, 15.41, 1.74, 3.43, 3.52, 4.16, 4.20, 0.10, 0.65, 3.79, 22.21, 5.05, 0.87, 3.93],
  tjk_78 = [2.91, 9.60, 4.49, 2.60, 0.94, 25.00, 9.80, 4.70, 2.71, 4.99, 6.46, 4.89, 1.65, 0.10, 7.41, 8.37, 10.51, 7.18, 4.46, 3.53],
  tjk_79 = [0.53, 1.18, 1.17, 1.44, 0.10, 0.10, 1.75, 0.86, 2.23, 0.10, 1.15, 0.43, 0.34, 1.19, 3.04, 3.32, 0.16, 2.19, 2.80, 0.53],
  tjk_710 = [0.87, 3.42, 2.54, 4.41, 2.88, 4.53, 0.10, 1.90, 2.10, 1.21, 2.64, 3.19, 1.58, 0.40, 0.31, 1.33, 2.99, 1.90, 2.16, 2.01],
  tjk_81 = [1.07, 8.53, 0.98, 1.28, 0.10, 0.64, 0.86, 1.83, 0.68, 2.72, 3.13, 9.05, 2.43, 1.12, 1.86, 11.48, 3.41, 2.30, 4.23, 0.42],
  tjk_82 = [2.72, 0.10, 3.86, 3.13, 12.67, 11.72, 4.67, 10.55, 7.82, 0.24, 2.23, 8.33, 0.10, 5.06, 8.41, 10.32, 4.59, 2.55, 1.37, 6.16],
  tjk_83 = [6.04, 0.10, 3.15, 1.71, 0.67, 1.48, 8.48, 8.72, 6.98, 0.87, 2.17, 7.85, 0.87, 0.50, 4.64, 0.44, 0.23, 4.53, 4.61, 14.36],
  tjk_84 = [11.58, 3.04, 4.78, 0.10, 7.82, 6.74, 0.10, 0.10, 0.10, 2.87, 9.60, 11.16, 0.10, 0.63, 3.44, 4.33, 5.50, 3.51, 9.65, 3.41],
  tjk_85 = [0.25, 3.66, 4.84, 4.99, 3.14, 0.18, 9.12, 3.92, 6.49, 2.35, 1.27, 0.90, 0.10, 3.03, 0.42, 3.49, 25.00, 0.91, 2.38, 0.58],
  tjk_86 = [2.69, 2.89, 4.56, 1.58, 4.49, 7.39, 0.62, 5.78, 6.34, 8.13, 5.96, 2.40, 0.10, 6.07, 10.02, 2.39, 4.03, 5.03, 4.25, 6.80],
  tjk_87 = [2.87, 6.09, 1.24, 3.20, 3.26, 6.31, 4.52, 6.56, 7.03, 8.48, 0.99, 9.68, 6.60, 8.08, 12.62, 5.01, 6.29, 4.10, 7.03, 3.34],
  tjk_88 = [4.48, 3.97, 5.12, 0.52, 7.10, 0.10, 15.27, 0.94, 1.41, 2.23, 10.77, 4.21, 2.77, 10.57, 1.71, 3.53, 2.81, 9.63, 3.76, 0.40],
  tjk_89 = [2.25, 3.44, 0.10, 4.48, 6.04, 25.00, 1.28, 8.46, 0.10, 18.69, 2.05, 13.34, 2.16, 0.16, 9.26, 6.06, 25.00, 2.00, 1.62, 2.91],
  tjk_810 = [3.08, 15.50, 2.47, 0.10, 0.10, 10.02, 11.89, 0.10, 1.51, 2.79, 5.45, 14.10, 2.64, 7.68, 0.10, 2.06, 6.60, 5.91, 8.60, 5.06],
  tjk_91 = [9.68, 7.74, 0.81, 19.18, 1.03, 6.59, 5.93, 0.68, 7.41, 0.10, 4.12, 7.05, 19.93, 5.61, 1.27, 5.75, 25.00, 1.17, 12.49, 7.66],
  tjk_92 = [9.01, 25.00, 0.58, 6.52, 0.10, 5.31, 4.98, 0.10, 6.62, 5.81, 3.51, 5.36, 16.79, 2.38, 6.97, 4.96, 3.62, 4.72, 1.28, 1.62],
  tjk_93 = [8.68, 9.07, 5.02, 13.04, 2.08, 10.50, 9.81, 9.65, 9.58, 5.88, 0.63, 5.38, 12.65, 17.81, 20.00, 15.88, 11.71, 2.94, 0.10, 1.23],
  tjk_94 = [0.10, 0.86, 0.46, 0.90, 3.30, 0.56, 0.39, 1.77, 0.10, 0.31, 2.71, 0.47, 0.74, 0.64, 0.62, 2.53, 1.35, 0.77, 2.04, 1.29],
  tjk_95 = [0.70, 2.11, 0.51, 0.59, 2.74, 0.82, 1.61, 0.92, 0.10, 2.37, 0.31, 0.78, 3.39, 4.00, 0.81, 0.20, 2.05, 0.10, 1.58, 0.36],
  tjk_96 = [3.53, 5.20, 0.10, 4.54, 0.69, 1.43, 1.76, 3.82, 0.10, 0.46, 3.09, 2.68, 1.58, 25.00, 3.01, 12.53, 5.42, 2.59, 1.99, 2.07],
  tjk_97 = [12.78, 0.59, 0.10, 3.47, 4.90, 1.12, 3.47, 0.10, 1.36, 8.10, 2.45, 25.00, 3.33, 5.95, 4.39, 7.35, 4.59, 3.76, 4.55, 0.88],
  tjk_98 = [0.26, 0.32, 0.66, 3.48, 0.97, 0.96, 0.90, 1.68, 2.20, 1.08, 1.67, 1.00, 0.70, 0.86, 0.10, 0.77, 0.23, 0.93, 0.23, 0.16],
  tjk_99 = [6.38, 9.84, 4.65, 9.13, 2.82, 4.15, 2.48, 8.88, 8.93, 3.69, 6.40, 3.80, 3.09, 0.44, 0.65, 8.33, 2.77, 7.40, 2.21, 4.44],
  tjk_910 = [4.91, 1.11, 6.19, 4.66, 1.14, 2.04, 7.57, 3.51, 0.10, 13.30, 1.21, 0.10, 7.18, 0.54, 3.95, 0.10, 2.71, 1.22, 3.08, 7.63],
  tjk_101 = [1.90, 3.58, 1.59, 1.66, 0.10, 1.33, 3.99, 0.40, 1.50, 4.38, 4.29, 25.00, 3.19, 4.36, 9.80, 15.34, 0.67, 1.24, 7.11, 3.43],
  tjk_102 = [0.10, 4.15, 3.07, 1.59, 4.93, 0.50, 0.61, 3.34, 0.79, 2.29, 3.92, 5.75, 5.73, 1.80, 1.03, 5.03, 3.86, 8.02, 3.96, 19.64],
  tjk_103 = [1.19, 1.61, 0.68, 2.28, 8.79, 25.00, 1.59, 0.10, 2.59, 2.36, 2.62, 4.62, 7.45, 9.19, 0.21, 12.93, 1.88, 5.72, 7.01, 0.22],
  tjk_104 = [0.92, 9.80, 9.14, 0.10, 5.74, 2.92, 25.00, 1.72, 3.77, 4.59, 13.69, 6.27, 0.55, 1.85, 9.14, 25.00, 12.09, 1.62, 8.80, 8.85],
  tjk_105 = [3.21, 0.10, 0.72, 1.60, 14.59, 8.24, 1.62, 0.80, 2.29, 12.44, 3.24, 11.66, 3.34, 2.89, 1.55, 4.53, 6.14, 9.20, 2.11, 6.61],
  tjk_106 = [8.59, 3.62, 3.60, 6.42, 5.35, 4.34, 2.00, 16.29, 8.54, 4.44, 3.43, 25.00, 3.00, 6.29, 3.23, 16.77, 4.00, 7.53, 0.59, 1.77],
  tjk_107 = [25.00, 0.77, 0.10, 6.81, 3.28, 2.80, 5.67, 6.37, 6.41, 5.62, 7.09, 7.12, 11.23, 7.81, 2.92, 5.62, 12.30, 9.61, 5.95, 1.51],
  tjk_108 = [4.54, 1.02, 0.10, 1.50, 7.11, 0.94, 5.00, 4.06, 5.00, 5.07, 1.69, 2.67, 5.37, 5.28, 3.50, 0.68, 4.62, 6.20, 4.40, 5.83],
  tjk_109 = [0.89, 0.53, 0.10, 0.46, 3.42, 0.92, 2.41, 0.10, 0.64, 1.52, 0.17, 0.22, 1.89, 0.10, 3.17, 23.41, 2.36, 0.10, 0.65, 0.14],
  tjk_1010 = [0.43, 1.78, 1.53, 0.39, 1.30, 0.93, 0.10, 0.39, 6.59, 0.58, 0.43, 1.30, 2.01, 2.80, 1.37, 0.29, 1.66, 1.13, 2.26, 4.49],
  tjk_111 = [8.20, 10.18, 9.58, 8.02, 14.18, 2.54, 10.58, 0.10, 0.80, 13.31, 1.97, 1.48, 2.91, 14.49, 5.02, 5.42, 8.27, 1.18, 3.35, 6.93],
  tjk_112 = [5.86, 11.52, 2.73, 9.46, 2.15, 0.10, 9.59, 0.68, 12.38, 7.51, 17.86, 2.97, 20.61, 2.58, 7.50, 8.52, 1.63, 6.01, 0.10, 0.10],
  tjk_113 = [4.88, 5.73, 1.08, 1.36, 2.17, 0.10, 1.12, 1.23, 0.10, 1.28, 4.69, 6.70, 2.30, 3.34, 0.10, 11.55, 2.38, 2.36, 2.95, 0.91],
  tjk_114 = [4.57, 5.21, 11.44, 1.69, 20.43, 8.12, 7.96, 5.57, 6.95, 15.49, 5.97, 2.31, 9.40, 12.29, 4.75, 5.17, 3.17, 0.10, 2.35, 0.62],
  tjk_115 = [0.60, 2.65, 0.10, 1.54, 0.10, 1.75, 0.10, 21.03, 0.74, 0.89, 0.72, 1.12, 0.30, 2.10, 1.02, 0.94, 0.48, 0.96, 1.22, 0.35],
  tjk_116 = [0.10, 7.27, 0.47, 3.26, 0.52, 0.89, 3.90, 2.31, 0.92, 5.83, 1.50, 4.05, 0.62, 3.62, 2.09, 1.71, 1.44, 2.92, 5.11, 3.38],
  tjk_117 = [4.55, 1.92, 1.79, 0.10, 11.12, 4.46, 2.41, 1.69, 1.66, 6.52, 8.54, 3.71, 3.49, 3.53, 3.04, 6.57, 1.01, 3.91, 16.26, 5.36],
  tjk_118 = [10.09, 5.41, 5.73, 3.54, 1.63, 0.43, 4.44, 1.08, 0.44, 25.00, 2.91, 25.00, 1.35, 6.96, 3.91, 0.78, 1.15, 6.09, 2.50, 0.54],
  tjk_119 = [1.79, 0.65, 2.04, 1.23, 20.63, 0.47, 2.59, 2.03, 6.99, 2.39, 0.10, 5.56, 16.54, 4.79, 0.38, 2.26, 1.20, 2.03, 0.96, 5.89],
  tjk_1110 = [0.56, 1.78, 4.34, 2.21, 19.48, 0.47, 8.01, 4.88, 2.80, 0.62, 0.64, 2.31, 1.61, 2.17, 2.17, 3.62, 0.10, 0.10, 4.25, 0.44],
  tjk_121 = [1.16, 1.30, 0.26, 0.53, 0.88, 0.52, 0.39, 0.58, 1.52, 5.19, 0.10, 1.32, 1.24, 1.67, 0.91, 1.30, 1.18, 1.72, 2.48, 2.09],
  tjk_122 = [5.29, 5.41, 2.48, 2.93, 6.83, 12.13, 4.88, 1.65, 9.28, 3.32, 1.18, 3.60, 4.43, 0.98, 0.10, 4.09, 1.01, 25.00, 3.91, 0.37],
  tjk_123 = [0.91, 0.10, 1.24, 4.18, 4.29, 5.89, 0.10, 12.04, 5.78, 7.76, 4.20, 0.10, 9.00, 5.35, 2.88, 5.35, 5.88, 0.10, 0.26, 8.37],
  tjk_124 = [20.20, 14.80, 5.28, 9.84, 0.10, 5.55, 0.97, 4.71, 2.93, 3.08, 11.61, 9.27, 6.62, 3.27, 1.87, 3.74, 8.45, 4.69, 3.55, 0.10],
  tjk_125 = [8.07, 1.46, 1.15, 7.62, 15.39, 12.83, 1.95, 11.16, 7.50, 6.38, 5.46, 7.39, 7.04, 6.80, 3.46, 0.38, 0.10, 1.85, 8.75, 0.51],
  tjk_126 = [2.89, 0.55, 4.43, 2.02, 14.31, 3.96, 3.81, 0.19, 2.45, 3.31, 2.98, 0.10, 0.75, 1.90, 2.72, 1.20, 1.29, 0.28, 2.04, 3.37],
  tjk_127 = [2.19, 0.10, 7.24, 7.81, 5.59, 1.64, 3.28, 1.26, 3.53, 0.10, 0.64, 5.96, 0.10, 1.84, 18.23, 3.12, 1.32, 1.17, 10.22, 1.40],
  tjk_128 = [4.99, 2.73, 5.19, 5.14, 2.78, 15.59, 7.63, 4.61, 2.13, 8.27, 10.64, 2.07, 2.73, 0.66, 2.28, 2.13, 2.35, 6.74, 0.12, 8.69],
  tjk_129 = [4.40, 0.90, 2.87, 1.51, 6.11, 0.10, 7.19, 0.43, 4.71, 2.51, 3.26, 1.60, 3.69, 2.44, 2.76, 3.18, 2.05, 1.66, 2.88, 2.22],
  tjk_1210 = [1.19, 3.67, 1.25, 1.97, 3.80, 0.71, 1.27, 1.65, 3.27, 1.91, 7.08, 6.64, 4.64, 3.28, 7.87, 1.27, 1.68, 2.35, 0.10, 4.61],
  tjk_131 = [4.64, 4.04, 1.67, 0.90, 5.29, 2.53, 5.53, 1.88, 5.15, 0.10, 6.52, 1.49, 5.24, 3.03, 7.29, 0.87, 2.38, 4.98, 2.30, 5.67],
  tjk_132 = [0.10, 11.23, 0.81, 1.51, 15.75, 2.36, 1.48, 2.33, 2.96, 1.08, 0.28, 1.79, 1.21, 0.10, 12.55, 2.39, 1.49, 3.18, 3.07, 1.98],
  tjk_133 = [1.44, 18.26, 3.22, 3.49, 7.89, 4.18, 6.06, 8.42, 7.93, 12.50, 2.11, 7.89, 1.13, 0.97, 0.99, 4.04, 2.72, 8.08, 1.76, 3.27],
  tjk_134 = [9.87, 2.95, 4.02, 4.21, 7.98, 1.72, 8.08, 4.97, 7.65, 7.36, 0.58, 8.04, 0.10, 2.51, 2.66, 2.22, 1.42, 3.84, 1.93, 10.81],
  tjk_135 = [4.37, 9.19, 1.08, 9.89, 0.10, 9.88, 17.21, 6.40, 3.46, 7.63, 9.31, 2.10, 6.43, 7.44, 6.28, 7.95, 4.09, 1.01, 0.82, 0.90],
  tjk_136 = [5.89, 2.16, 1.31, 1.70, 1.67, 0.22, 4.87, 9.11, 3.02, 5.40, 4.25, 2.83, 22.72, 9.69, 2.02, 4.38, 3.39, 2.19, 3.39, 5.44],
  tjk_137 = [1.64, 1.95, 1.31, 0.10, 5.50, 1.89, 0.68, 2.52, 0.88, 9.19, 0.48, 4.48, 4.68, 0.89, 4.31, 0.66, 1.45, 2.43, 4.32, 1.51],
  tjk_138 = [1.79, 0.10, 9.68, 0.10, 9.48, 1.97, 4.59, 6.15, 3.54, 3.05, 0.37, 0.57, 0.82, 9.23, 1.59, 5.71, 5.82, 2.16, 3.33, 2.08],
  tjk_139 = [5.57, 5.82, 3.29, 10.07, 9.02, 2.49, 3.37, 4.54, 7.24, 15.66, 18.97, 3.08, 2.20, 2.45, 0.21, 2.52, 4.87, 4.04, 6.39, 6.60],
  tjk_1310 = [8.63, 2.04, 1.15, 0.20, 3.91, 10.84, 11.06, 3.51, 1.43, 12.19, 0.99, 5.68, 2.23, 0.84, 4.53, 5.81, 4.36, 3.01, 6.86, 2.91],
  tjk_141 = [1.54, 5.10, 8.97, 4.07, 2.25, 10.05, 1.67, 0.10, 1.32, 0.38, 3.32, 10.36, 6.35, 0.10, 5.47, 9.16, 2.72, 1.62, 4.20, 11.49],
  tjk_142 = [1.93, 0.65, 0.86, 9.62, 4.29, 3.21, 0.10, 2.56, 3.81, 6.59, 0.10, 7.19, 4.92, 4.85, 3.14, 3.53, 14.03, 4.73, 2.28, 2.09],
  tjk_143 = [4.39, 6.52, 25.00, 0.91, 22.46, 3.50, 4.94, 1.09, 5.27, 2.21, 5.33, 1.65, 5.54, 9.71, 12.45, 0.99, 5.56, 0.21, 11.07, 0.83],
  tjk_144 = [1.34, 22.67, 3.77, 14.87, 0.92, 5.58, 4.02, 5.56, 13.71, 4.33, 3.55, 8.46, 2.95, 7.82, 1.68, 3.22, 6.54, 0.10, 2.64, 7.86],
  tjk_145 = [1.45, 0.48, 0.10, 1.40, 0.79, 0.77, 0.79, 0.33, 6.21, 2.61, 1.77, 0.94, 2.51, 0.60, 0.80, 0.36, 1.21, 3.72, 1.11, 0.10],
  tjk_146 = [11.41, 8.41, 4.59, 3.08, 3.04, 6.26, 1.30, 2.52, 4.97, 2.22, 12.27, 0.10, 5.31, 11.02, 1.07, 0.10, 7.29, 5.34, 25.00, 10.50],
  tjk_147 = [8.55, 1.88, 9.05, 3.14, 3.31, 2.42, 2.15, 5.20, 8.82, 1.75, 7.87, 0.10, 12.03, 7.47, 0.23, 25.00, 4.26, 9.93, 0.10, 8.03],
  tjk_148 = [1.31, 1.61, 1.53, 1.02, 0.20, 1.97, 2.01, 1.79, 0.10, 3.93, 0.70, 0.44, 1.42, 1.63, 0.10, 0.97, 3.32, 0.10, 0.98, 0.10],
  tjk_149 = [12.22, 7.38, 2.98, 4.92, 1.85, 8.34, 0.10, 8.55, 1.28, 15.15, 9.98, 0.10, 0.10, 10.40, 1.93, 4.06, 4.84, 6.38, 0.10, 2.17],
  tjk_1410 = [1.54, 2.23, 21.73, 2.74, 25.00, 6.27, 8.99, 3.91, 5.76, 4.40, 4.38, 2.64, 9.84, 6.00, 8.07, 7.87, 0.78, 5.23, 16.50, 7.27],
  tjk_151 = [5.20, 2.27, 17.18, 0.10, 15.31, 6.04, 3.82, 8.39, 2.53, 3.10, 2.88, 3.09, 3.77, 6.14, 0.10, 1.08, 1.64, 0.10, 6.26, 8.12],
  tjk_152 = [2.53, 2.49, 1.74, 7.14, 0.66, 0.10, 4.13, 1.82, 0.10, 4.00, 0.10, 2.76, 3.02, 25.00, 2.88, 1.46, 7.83, 1.39, 5.10, 0.10],
  tjk_153 = [3.46, 0.84, 1.45, 3.25, 5.66, 3.01, 9.44, 1.69, 1.02, 1.52, 3.35, 9.00, 11.31, 1.22, 8.61, 0.87, 2.47, 1.35, 1.78, 2.68],
  tjk_154 = [13.69, 9.02, 6.14, 7.79, 11.18, 3.49, 10.53, 1.76, 15.83, 2.66, 0.10, 3.37, 1.98, 2.08, 1.90, 2.83, 1.66, 1.63, 0.13, 1.95],
  tjk_155 = [2.40, 0.53, 19.63, 5.93, 4.57, 0.55, 0.10, 0.43, 1.33, 4.05, 1.42, 1.31, 0.90, 4.17, 17.09, 0.50, 0.24, 4.14, 2.53, 1.43],
  tjk_156 = [6.97, 5.13, 10.73, 2.21, 9.78, 7.23, 2.16, 6.41, 0.10, 2.63, 0.10, 5.26, 8.24, 7.58, 6.45, 0.10, 2.16, 0.95, 4.95, 8.48],
  tjk_157 = [1.66, 0.10, 0.75, 0.29, 1.36, 0.10, 0.89, 0.51, 6.60, 8.62, 2.60, 0.54, 5.83, 15.64, 0.23, 0.10, 2.16, 0.10, 1.10, 0.16],
  tjk_158 = [0.10, 4.32, 3.55, 7.27, 0.10, 6.31, 2.93, 4.71, 3.66, 2.78, 1.56, 5.61, 2.77, 7.03, 3.33, 2.85, 0.67, 12.37, 6.21, 1.10],
  tjk_159 = [9.76, 2.74, 3.55, 10.85, 4.81, 1.28, 4.93, 0.16, 4.42, 10.55, 1.47, 17.03, 4.98, 7.10, 6.18, 7.14, 1.32, 2.86, 4.53, 1.28],
  tjk_1510 = [4.55, 3.04, 3.33, 2.59, 1.19, 5.81, 12.34, 9.37, 13.82, 3.30, 18.01, 0.10, 7.51, 4.77, 3.38, 5.47, 12.17, 0.10, 5.02, 2.65],
  tjk_161 = [0.10, 0.35, 0.78, 4.12, 0.96, 0.10, 0.63, 2.38, 0.10, 2.41, 0.55, 1.22, 0.58, 1.80, 0.20, 5.26, 0.61, 3.47, 1.13, 0.10],
  tjk_162 = [0.60, 1.73, 0.61, 0.31, 1.54, 0.95, 1.80, 4.32, 3.03, 1.67, 5.13, 0.10, 2.64, 0.65, 4.70, 2.28, 4.93, 4.29, 6.10, 0.10],
  tjk_163 = [1.82, 5.07, 2.81, 2.86, 3.25, 1.49, 2.39, 0.16, 0.24, 3.96, 0.57, 2.10, 0.78, 1.16, 4.93, 4.09, 3.26, 3.52, 0.44, 2.18],
  tjk_164 = [1.16, 1.18, 0.28, 2.03, 1.60, 2.56, 1.77, 2.54, 1.96, 0.87, 1.13, 0.29, 1.01, 1.42, 0.16, 0.30, 2.26, 1.63, 0.40, 0.22],
  tjk_165 = [1.45, 5.60, 0.10, 5.14, 0.10, 5.48, 2.41, 5.12, 1.57, 8.76, 1.77, 1.56, 3.00, 3.86, 0.34, 1.19, 0.10, 1.47, 0.57, 1.70],
  tjk_166 = [0.10, 1.51, 0.21, 6.95, 10.89, 5.41, 5.92, 0.10, 0.10, 13.58, 6.68, 8.23, 0.10, 15.15, 1.30, 0.13, 11.84, 17.95, 6.12, 2.55],
  tjk_167 = [1.19, 1.54, 4.97, 3.03, 2.10, 1.83, 3.33, 5.84, 3.99, 5.92, 4.35, 0.65, 0.10, 3.73, 1.28, 2.67, 0.10, 1.59, 4.63, 0.10],
  tjk_168 = [1.02, 2.11, 1.07, 5.26, 2.26, 4.22, 0.10, 0.10, 1.05, 7.12, 11.92, 3.99, 4.18, 8.94, 1.28, 1.73, 1.70, 6.85, 0.10, 9.87],
  tjk_169 = [2.07, 1.77, 0.71, 0.42, 0.10, 0.87, 3.26, 2.79, 3.82, 2.04, 0.10, 1.09, 1.59, 1.16, 0.58, 0.27, 5.28, 3.16, 3.48, 1.77],
  tjk_1610 = [6.02, 6.90, 0.10, 1.55, 18.92, 3.06, 0.98, 7.35, 2.66, 4.26, 7.37, 2.51, 8.57, 6.93, 1.33, 8.35, 17.79, 1.07, 6.22, 12.16],
  tjk_171 = [1.84, 0.27, 2.89, 2.17, 5.10, 1.66, 0.10, 1.88, 0.64, 0.10, 1.76, 1.92, 3.35, 0.25, 0.10, 0.60, 0.88, 1.45, 1.26, 0.61],
  tjk_172 = [2.82, 0.53, 3.03, 6.45, 1.02, 3.81, 1.77, 6.41, 0.80, 3.57, 6.54, 8.69, 4.15, 2.29, 25.00, 1.17, 5.33, 3.17, 6.73, 14.10],
  tjk_173 = [1.92, 4.80, 12.00, 0.10, 0.10, 1.98, 8.93, 0.10, 6.87, 25.00, 4.94, 11.41, 3.48, 4.17, 4.42, 2.77, 2.71, 1.49, 0.54, 3.52],
  tjk_174 = [2.02, 4.81, 2.17, 8.48, 4.56, 1.31, 12.68, 3.08, 5.26, 2.61, 3.29, 10.41, 3.40, 3.47, 0.10, 4.91, 1.26, 0.10, 2.40, 0.24],
  tjk_175 = [2.12, 2.43, 2.94, 2.82, 0.38, 2.18, 0.73, 0.50, 1.38, 0.78, 6.92, 1.35, 2.19, 2.20, 1.18, 0.91, 0.47, 0.93, 0.10, 0.44],
  tjk_176 = [3.00, 0.95, 1.78, 3.22, 3.27, 2.89, 1.35, 2.60, 1.35, 5.62, 0.10, 4.11, 2.86, 0.70, 2.02, 5.51, 4.46, 1.63, 0.22, 0.10],
  tjk_177 = [4.50, 25.00, 12.89, 1.75, 25.00, 2.33, 3.75, 0.78, 4.10, 3.07, 0.10, 1.84, 2.55, 12.65, 3.30, 2.39, 0.73, 15.60, 1.27, 7.53],
  tjk_178 = [9.17, 1.04, 4.61, 2.70, 4.52, 2.73, 3.20, 0.10, 5.25, 3.60, 4.94, 0.15, 0.19, 0.15, 0.10, 0.10, 1.84, 6.65, 0.11, 1.59],
  tjk_179 = [1.58, 4.62, 6.95, 4.23, 7.35, 0.57, 1.33, 0.90, 1.39, 2.17, 3.39, 0.51, 3.58, 1.65, 2.88, 5.51, 4.22, 0.10, 2.64, 5.60],
  tjk_1710 = [6.02, 2.37, 0.10, 9.44, 3.50, 6.21, 3.38, 0.55, 0.10, 5.39, 12.48, 2.97, 7.80, 2.53, 14.05, 23.21, 2.28, 1.89, 4.69, 0.10],
  tjk_181 = [14.65, 3.43, 3.04, 3.99, 0.10, 4.03, 9.72, 1.16, 1.99, 3.91, 3.19, 0.97, 1.60, 2.21, 1.33, 2.93, 2.42, 0.53, 7.68, 5.16],
  tjk_182 = [0.10, 1.74, 1.92, 3.13, 2.99, 0.47, 0.16, 2.15, 1.85, 2.82, 3.87, 4.74, 25.00, 2.32, 4.43, 7.06, 0.44, 3.95, 1.66, 6.86],
  tjk_183 = [3.31, 2.83, 23.31, 1.08, 18.11, 0.57, 6.97, 11.61, 2.44, 1.69, 3.75, 9.47, 6.46, 9.38, 9.54, 3.53, 3.60, 14.21, 0.10, 8.41],
  tjk_184 = [1.03, 5.82, 0.10, 1.95, 3.70, 2.05, 3.00, 4.72, 2.58, 3.39, 6.47, 0.10, 0.78, 3.25, 1.44, 2.35, 2.42, 7.72, 5.93, 4.46],
  tjk_185 = [1.22, 0.40, 1.53, 3.10, 1.52, 0.49, 0.63, 0.92, 1.61, 0.10, 0.10, 1.41, 0.61, 0.59, 2.02, 0.84, 1.80, 1.52, 0.15, 0.16],
  tjk_186 = [0.67, 0.47, 4.08, 2.57, 3.01, 0.10, 1.40, 4.64, 2.97, 2.13, 4.86, 3.68, 0.71, 5.16, 1.17, 0.55, 4.47, 2.85, 7.65, 1.57],
  tjk_187 = [1.43, 0.29, 2.26, 0.12, 1.28, 1.38, 1.15, 4.34, 0.49, 0.96, 2.17, 0.10, 1.81, 0.40, 2.85, 2.31, 1.06, 0.59, 0.56, 0.10],
  tjk_188 = [0.38, 3.83, 6.39, 3.78, 5.88, 9.02, 0.18, 5.36, 3.25, 1.58, 5.33, 0.10, 1.40, 4.46, 8.13, 2.44, 1.53, 9.09, 6.37, 6.59],
  tjk_189 = [1.66, 2.12, 1.90, 1.45, 4.71, 5.01, 0.10, 1.83, 4.69, 1.89, 1.22, 0.10, 0.10, 5.03, 2.72, 10.15, 0.83, 6.25, 9.98, 17.07],
  tjk_1810 = [0.10, 1.07, 3.17, 1.29, 1.62, 1.32, 10.60, 0.69, 2.15, 0.55, 2.89, 2.16, 3.14, 0.65, 0.10, 4.12, 0.10, 0.63, 1.62, 0.10],
  tjk_191 = [1.29, 8.23, 13.31, 1.06, 4.73, 2.59, 0.45, 8.20, 0.47, 1.42, 0.10, 3.30, 3.75, 0.10, 11.53, 0.47, 0.25, 1.40, 4.22, 3.68],
  tjk_192 = [3.87, 2.65, 1.54, 0.97, 9.87, 4.17, 2.58, 2.49, 3.56, 1.58, 1.61, 0.93, 3.17, 0.35, 0.10, 3.99, 4.37, 1.08, 10.84, 3.12],
  tjk_193 = [1.70, 7.09, 0.63, 2.20, 2.09, 2.36, 1.86, 3.76, 2.16, 1.53, 2.96, 0.10, 1.18, 0.90, 1.17, 0.94, 2.23, 1.90, 1.37, 4.96],
  tjk_194 = [2.38, 1.46, 13.19, 0.10, 2.24, 15.81, 0.10, 10.12, 3.08, 6.49, 15.36, 2.18, 6.93, 7.23, 20.02, 0.70, 2.26, 0.70, 2.80, 4.22],
  tjk_195 = [3.90, 1.95, 3.24, 0.38, 1.45, 0.47, 0.84, 1.86, 4.44, 0.10, 1.18, 0.85, 1.37, 2.42, 2.48, 1.84, 0.10, 1.06, 2.35, 1.03],
  tjk_196 = [5.79, 3.93, 2.40, 0.47, 2.00, 12.38, 0.83, 1.48, 5.91, 3.70, 0.85, 7.20, 22.95, 3.67, 4.96, 13.53, 6.32, 4.44, 0.68, 3.18],
  tjk_197 = [5.79, 0.78, 0.10, 2.71, 0.10, 7.01, 5.72, 1.11, 0.10, 6.43, 1.78, 3.17, 3.84, 0.77, 1.09, 1.27, 0.10, 5.74, 2.62, 3.62],
  tjk_198 = [2.56, 0.77, 0.10, 0.38, 0.39, 0.10, 0.10, 3.69, 1.53, 1.23, 25.00, 0.82, 0.18, 2.80, 0.80, 1.54, 4.66, 2.79, 5.49, 0.94],
  tjk_199 = [3.31, 2.41, 4.90, 8.61, 11.64, 4.64, 3.59, 10.83, 7.56, 6.03, 2.39, 3.50, 11.91, 2.13, 5.39, 0.10, 5.00, 3.90, 3.57, 3.58],
  tjk_1910 = [4.98, 2.30, 0.10, 3.11, 0.65, 3.33, 0.80, 1.14, 2.60, 3.54, 1.83, 2.96, 0.42, 0.67, 0.10, 0.10, 4.58, 0.10, 2.56, 3.92],
  tjk_201 = [1.28, 1.77, 2.01, 0.10, 1.03, 2.26, 1.80, 1.43, 0.10, 4.67, 0.31, 3.20, 2.44, 0.78, 2.12, 6.66, 0.65, 2.75, 0.10, 0.95],
  tjk_202 = [24.01, 6.43, 2.28, 1.06, 3.47, 2.13, 3.35, 3.14, 4.38, 2.94, 4.42, 9.01, 3.11, 1.00, 0.90, 6.30, 3.97, 24.29, 6.21, 6.16],
  tjk_203 = [3.08, 0.47, 2.19, 2.64, 4.95, 6.39, 0.10, 1.93, 1.68, 2.93, 9.24, 2.13, 7.56, 0.10, 1.50, 0.16, 1.24, 1.25, 5.16, 2.71],
  tjk_204 = [2.10, 6.67, 7.38, 0.69, 0.84, 0.48, 3.45, 0.84, 5.58, 25.00, 7.44, 7.05, 3.63, 0.62, 1.04, 1.65, 0.70, 3.95, 3.76, 4.00],
  tjk_205 = [5.46, 2.41, 0.10, 0.98, 0.90, 16.60, 0.25, 3.02, 2.49, 5.97, 5.87, 5.74, 8.08, 7.43, 4.65, 25.00, 25.00, 14.51, 4.87, 3.97],
  tjk_206 = [3.87, 16.90, 1.91, 5.82, 1.58, 6.85, 2.25, 2.25, 5.30, 3.93, 8.92, 0.68, 2.29, 0.80, 7.42, 6.57, 4.68, 3.71, 19.18, 4.02],
  tjk_207 = [4.35, 3.47, 1.71, 1.64, 2.14, 1.48, 2.89, 0.32, 2.74, 12.73, 2.22, 1.19, 0.85, 1.01, 1.07, 3.45, 6.07, 1.47, 0.31, 5.07],
  tjk_208 = [1.48, 6.96, 0.19, 3.94, 4.71, 2.56, 25.00, 7.86, 2.38, 0.77, 0.10, 3.11, 3.33, 2.01, 5.93, 1.42, 3.89, 5.04, 0.48, 1.54],
  tjk_209 = [1.36, 2.67, 2.76, 0.10, 0.66, 1.43, 0.10, 1.25, 0.71, 3.87, 1.66, 0.36, 9.20, 1.09, 3.01, 1.69, 0.10, 0.63, 0.78, 1.68],
  tjk_2010 = [1.12, 4.37, 0.10, 4.24, 6.12, 2.41, 2.16, 3.70, 25.00, 2.93, 3.17, 6.00, 9.47, 2.71, 2.11, 0.10, 0.10, 5.46, 4.88, 5.28],
  tjk_211 = [0.72, 5.54, 1.33, 1.25, 11.69, 0.60, 2.03, 4.71, 1.39, 2.30, 0.24, 7.14, 3.22, 2.67, 0.84, 0.87, 1.08, 2.73, 6.71, 1.90],
  tjk_212 = [9.91, 3.93, 0.58, 0.10, 0.35, 6.94, 0.26, 7.47, 5.74, 1.36, 1.68, 3.50, 4.67, 0.77, 6.52, 2.57, 1.45, 5.15, 25.00, 3.04],
  tjk_213 = [10.55, 0.47, 8.66, 2.97, 13.43, 9.77, 0.10, 4.63, 11.80, 4.66, 7.52, 21.39, 10.99, 0.23, 3.55, 14.64, 1.53, 12.12, 3.53, 2.08],
  tjk_214 = [15.79, 2.75, 2.71, 1.05, 7.78, 6.67, 3.45, 0.36, 5.57, 3.00, 21.11, 3.06, 1.67, 4.88, 3.91, 11.52, 0.87, 3.39, 7.48, 5.71],
  tjk_215 = [6.27, 2.81, 3.02, 1.52, 2.08, 2.79, 3.39, 1.89, 1.62, 2.68, 5.80, 0.16, 9.58, 5.99, 8.79, 2.55, 5.57, 0.10, 0.10, 2.48],
  tjk_216 = [5.97, 0.49, 5.46, 5.23, 3.00, 5.96, 0.64, 0.84, 6.02, 0.97, 3.82, 8.65, 1.18, 0.58, 5.69, 0.34, 7.13, 5.39, 2.10, 2.01],
  tjk_217 = [6.51, 6.21, 2.38, 4.58, 5.43, 4.40, 8.29, 9.40, 3.29, 0.63, 1.70, 5.52, 0.10, 5.10, 2.84, 1.95, 0.76, 13.50, 6.27, 2.61],
  tjk_218 = [5.15, 6.92, 4.29, 1.37, 8.30, 1.14, 4.34, 1.51, 8.48, 0.10, 3.93, 6.42, 1.51, 4.14, 3.68, 0.99, 4.83, 1.58, 2.33, 5.89],
  tjk_219 = [1.95, 1.77, 0.87, 1.39, 0.63, 2.84, 0.55, 0.96, 1.27, 1.63, 0.88, 1.88, 0.62, 1.17, 0.47, 1.49, 3.93, 1.17, 0.92, 1.80],
  tjk_2110 = [6.75, 3.89, 2.14, 0.10, 25.00, 5.47, 5.12, 6.70, 3.03, 7.19, 11.89, 8.15, 4.07, 1.40, 3.41, 2.13, 25.00, 13.14, 6.72, 1.70],
  tjk_221 = [1.73, 1.26, 1.63, 0.64, 0.25, 2.06, 1.61, 0.10, 0.10, 1.57, 0.75, 0.90, 0.85, 0.51, 2.71, 0.10, 1.10, 0.80, 0.64, 1.85],
  tjk_222 = [6.30, 2.71, 0.10, 10.06, 6.18, 6.10, 5.09, 3.71, 4.31, 0.54, 16.31, 3.74, 0.10, 9.15, 3.75, 1.03, 4.41, 3.38, 7.95, 3.21],
  tjk_223 = [0.58, 5.64, 15.43, 2.83, 5.12, 1.45, 2.12, 4.17, 0.87, 4.10, 0.14, 17.07, 0.10, 6.86, 15.14, 4.65, 1.69, 2.97, 0.10, 5.32],
  tjk_224 = [0.81, 25.00, 0.66, 0.10, 0.61, 11.50, 3.75, 23.47, 9.59, 11.05, 10.96, 7.89, 5.99, 5.46, 15.35, 5.72, 2.83, 1.98, 2.77, 1.68],
  tjk_225 = [1.33, 0.10, 0.10, 0.43, 1.57, 3.05, 2.84, 0.11, 0.54, 0.10, 0.79, 2.15, 0.65, 0.10, 0.89, 1.03, 2.28, 0.62, 1.46, 0.15],
  tjk_226 = [5.94, 2.47, 1.33, 2.28, 0.10, 1.75, 0.41, 3.70, 0.24, 0.59, 4.08, 2.13, 0.10, 1.52, 1.84, 4.20, 4.76, 3.02, 3.94, 0.47],
  tjk_227 = [0.41, 1.28, 0.33, 1.23, 2.33, 0.76, 0.77, 0.87, 2.06, 0.42, 10.08, 1.55, 0.10, 2.11, 0.97, 0.46, 0.31, 1.35, 0.64, 0.10],
  tjk_228 = [6.20, 3.89, 5.35, 11.07, 6.53, 1.58, 2.32, 5.37, 10.17, 3.63, 9.71, 0.10, 7.09, 0.86, 6.64, 0.42, 8.86, 15.21, 0.20, 14.95],
  tjk_229 = [0.74, 4.06, 3.99, 1.30, 4.64, 3.39, 1.15, 10.13, 0.10, 2.70, 5.67, 2.82, 2.05, 0.70, 19.22, 3.84, 3.65, 6.04, 0.58, 6.36],
  tjk_2210 = [18.34, 10.82, 1.58, 6.29, 15.78, 20.57, 3.02, 3.74, 7.42, 3.48, 1.02, 5.62, 6.66, 2.37, 0.71, 14.49, 2.36, 1.75, 4.05, 4.09],
  tjk_231 = [0.49, 4.76, 4.51, 5.09, 3.67, 1.01, 9.63, 0.10, 6.09, 7.11, 3.62, 1.10, 2.43, 5.09, 6.47, 0.74, 5.48, 5.21, 5.64, 9.77],
  tjk_232 = [0.25, 1.37, 0.74, 0.32, 4.47, 2.15, 1.79, 0.10, 0.10, 6.90, 0.70, 0.10, 1.35, 2.58, 2.35, 0.97, 0.14, 0.57, 1.31, 0.75],
  tjk_233 = [1.24, 16.42, 1.94, 7.05, 3.06, 0.10, 0.10, 6.28, 3.34, 6.04, 9.35, 10.17, 1.27, 5.20, 5.58, 4.35, 23.52, 1.25, 3.46, 25.00],
  tjk_234 = [0.10, 4.21, 13.58, 2.49, 0.10, 0.10, 0.86, 2.94, 1.90, 5.45, 1.18, 0.97, 11.33, 8.23, 4.83, 0.10, 2.48, 1.67, 13.41, 5.76],
  tjk_235 = [7.84, 1.61, 5.69, 5.10, 4.95, 8.09, 2.23, 6.24, 6.44, 8.62, 2.51, 5.20, 3.03, 6.74, 0.82, 3.58, 6.11, 0.10, 10.91, 7.82],
  tjk_236 = [2.50, 3.50, 6.57, 4.84, 7.78, 5.71, 5.42, 6.33, 6.95, 2.72, 22.98, 7.21, 4.24, 25.00, 25.00, 9.18, 2.70, 3.20, 1.25, 9.76],
  tjk_237 = [5.92, 8.42, 4.03, 8.78, 9.18, 24.83, 6.91, 7.46, 5.96, 3.44, 3.17, 3.72, 1.53, 1.56, 0.13, 4.61, 4.33, 3.82, 2.53, 4.10],
  tjk_238 = [0.43, 1.47, 0.77, 0.10, 5.64, 0.70, 7.54, 1.47, 0.81, 0.61, 1.87, 1.86, 0.42, 1.43, 2.14, 0.10, 1.28, 1.59, 0.16, 1.82],
  tjk_239 = [9.85, 0.62, 0.91, 0.45, 2.69, 2.87, 3.88, 1.40, 13.74, 4.25, 1.00, 1.33, 9.27, 25.00, 4.53, 2.83, 3.77, 8.08, 16.35, 0.10],
  tjk_2310 = [1.41, 5.37, 7.34, 6.31, 3.91, 6.20, 4.19, 4.58, 1.09, 1.06, 3.62, 0.10, 0.10, 3.75, 8.91, 0.10, 5.07, 5.76, 0.77, 2.75],
  tjk_241 = [4.42, 10.76, 7.01, 0.10, 7.05, 0.67, 3.67, 8.31, 5.55, 4.73, 4.37, 3.99, 7.32, 2.69, 14.74, 1.92, 4.67, 22.84, 3.21, 2.84],
  tjk_242 = [5.70, 2.27, 1.21, 2.97, 6.30, 6.45, 0.10, 0.52, 9.17, 2.70, 0.10, 3.90, 6.30, 1.77, 3.97, 3.32, 0.98, 10.20, 2.52, 11.07],
  tjk_243 = [3.60, 2.98, 1.69, 18.08, 4.14, 2.93, 0.61, 5.17, 1.07, 2.26, 0.10, 0.54, 5.14, 2.06, 0.46, 2.07, 1.79, 4.22, 11.12, 0.64],
  tjk_244 = [2.07, 0.76, 6.16, 3.86, 0.10, 0.10, 3.79, 0.74, 0.54, 8.38, 4.82, 2.93, 0.49, 5.02, 2.18, 0.64, 1.85, 2.64, 17.64, 0.10],
  tjk_245 = [0.39, 3.86, 1.32, 4.11, 1.12, 8.31, 5.44, 4.55, 4.19, 8.24, 4.51, 0.10, 2.33, 1.99, 6.66, 3.32, 0.10, 2.46, 0.55, 4.85],
  tjk_246 = [14.13, 1.81, 1.08, 9.87, 7.01, 0.10, 1.83, 1.34, 15.44, 6.75, 1.63, 0.10, 6.84, 4.46, 1.56, 0.10, 2.30, 15.58, 2.47, 10.47],
  tjk_247 = [4.82, 2.91, 1.14, 3.54, 1.52, 3.31, 0.10, 8.20, 15.77, 10.69, 11.58, 14.26, 0.93, 4.50, 2.29, 5.73, 2.74, 7.73, 1.80, 1.40],
  tjk_248 = [6.14, 1.42, 10.35, 1.09, 0.81, 0.62, 0.68, 0.66, 2.84, 0.29, 3.85, 3.31, 2.82, 6.31, 6.78, 3.26, 7.64, 5.16, 4.58, 5.80],
  tjk_249 = [4.91, 10.85, 11.68, 10.00, 9.05, 3.75, 6.03, 1.67, 13.97, 4.78, 8.26, 1.34, 2.78, 0.10, 3.27, 0.10, 5.01, 6.17, 5.43, 0.10],
  tjk_2410 = [0.86, 10.63, 6.46, 0.10, 5.37, 5.12, 5.16, 1.26, 9.39, 5.07, 2.85, 6.22, 5.12, 8.90, 0.10, 0.61, 7.03, 2.19, 6.62, 0.10],
  tjk_251 = [3.33, 2.35, 4.18, 5.56, 0.10, 5.62, 15.54, 2.71, 25.00, 2.19, 9.44, 1.21, 2.62, 24.12, 1.54, 3.67, 19.65, 1.67, 5.71, 5.63],
  tjk_252 = [0.10, 1.25, 0.34, 1.08, 0.28, 0.83, 3.76, 2.35, 2.88, 1.08, 2.12, 2.72, 0.78, 0.64, 0.91, 0.10, 0.92, 1.58, 1.62, 0.10],
  tjk_253 = [4.03, 4.08, 0.94, 0.74, 2.12, 2.55, 0.10, 0.10, 3.53, 2.26, 1.20, 0.10, 2.29, 0.10, 3.59, 0.10, 4.37, 15.08, 5.13, 5.47],
  tjk_254 = [1.39, 8.20, 6.26, 1.74, 3.71, 2.13, 5.78, 8.01, 8.80, 1.54, 2.37, 1.66, 0.10, 2.88, 6.01, 2.89, 9.80, 10.17, 4.50, 3.34],
  tjk_255 = [3.75, 1.71, 0.10, 1.59, 1.19, 3.34, 7.62, 0.94, 0.73, 3.51, 0.34, 0.10, 1.50, 3.48, 2.70, 4.18, 0.10, 1.59, 1.49, 1.06],
  tjk_256 = [0.10, 0.10, 7.78, 6.64, 6.92, 1.66, 5.34, 2.62, 5.02, 0.10, 3.50, 9.24, 3.56, 5.38, 0.45, 6.60, 3.71, 9.98, 2.32, 22.94],
  tjk_257 = [0.32, 0.45, 0.50, 1.23, 1.46, 1.94, 0.10, 0.16, 0.63, 0.10, 2.54, 1.66, 0.46, 0.28, 1.25, 0.96, 1.15, 0.42, 0.23, 2.28],
  tjk_258 = [1.05, 1.52, 2.81, 2.37, 3.46, 6.11, 4.89, 2.32, 7.04, 0.87, 0.60, 0.23, 0.58, 1.95, 2.23, 3.10, 5.34, 7.83, 0.10, 4.05],
  tjk_259 = [0.10, 8.49, 7.12, 10.95, 3.47, 6.79, 3.38, 4.71, 1.13, 12.25, 6.46, 2.32, 5.08, 3.60, 11.81, 5.42, 0.33, 13.21, 3.03, 10.52],
  tjk_2510 = [4.99, 13.13, 9.12, 4.82, 13.67, 3.94, 1.49, 0.10, 0.10, 2.09, 4.45, 1.85, 6.60, 3.89, 3.80, 8.49, 1.79, 10.97, 5.65, 0.24],
  tjk_261 = [7.95, 7.60, 6.26, 1.62, 1.58, 0.10, 2.52, 4.13, 4.08, 0.44, 12.57, 9.24, 3.30, 2.91, 1.22, 0.10, 4.88, 5.54, 2.41, 0.66],
  tjk_262 = [1.53, 2.07, 0.48, 2.37, 0.10, 3.03, 2.37, 5.16, 0.10, 14.71, 1.37, 0.10, 4.20, 6.14, 1.10, 3.67, 2.27, 8.39, 1.48, 0.10],
  tjk_263 = [1.69, 4.20, 4.26, 2.37, 0.59, 3.33, 1.48, 1.16, 0.80, 1.21, 1.88, 0.10, 0.10, 0.50, 2.10, 2.53, 0.10, 3.14, 1.94, 0.90],
  tjk_264 = [4.31, 0.10, 12.97, 0.76, 3.64, 1.33, 6.87, 2.85, 4.86, 13.55, 5.96, 0.10, 2.19, 6.25, 7.37, 5.10, 4.98, 0.53, 1.29, 6.28],
  tjk_265 = [0.10, 2.30, 0.60, 1.40, 1.57, 1.44, 2.71, 1.65, 2.21, 1.96, 0.37, 1.28, 1.66, 1.54, 0.81, 0.10, 0.10, 0.10, 2.48, 1.61],
  tjk_266 = [8.97, 2.63, 0.88, 3.01, 4.80, 0.79, 3.23, 5.87, 2.61, 1.91, 2.61, 8.59, 4.98, 0.11, 4.42, 1.49, 2.85, 4.49, 3.46, 0.49],
  tjk_267 = [0.56, 0.54, 1.13, 0.10, 0.77, 1.49, 2.66, 0.62, 3.49, 0.10, 1.54, 0.10, 1.70, 1.71, 2.48, 0.52, 0.28, 4.16, 0.10, 0.42],
  tjk_268 = [1.41, 1.61, 13.22, 12.55, 0.10, 0.93, 0.10, 5.46, 4.99, 9.08, 5.92, 7.11, 25.00, 3.53, 3.08, 3.39, 9.98, 3.42, 5.05, 1.61],
  tjk_269 = [7.09, 0.10, 1.04, 5.88, 1.98, 7.02, 8.93, 3.66, 2.69, 7.67, 8.42, 8.85, 6.37, 4.19, 2.99, 2.45, 1.93, 7.32, 1.09, 3.30],
  tjk_2610 = [1.33, 0.73, 3.02, 3.14, 1.93, 2.77, 0.10, 2.49, 2.84, 5.87, 2.43, 0.59, 0.10, 0.55, 5.21, 0.42, 3.78, 9.05, 2.38, 2.50],
  tjk_271 = [0.75, 0.43, 2.68, 0.60, 0.17, 1.03, 1.18, 0.10, 2.36, 1.87, 0.27, 0.79, 1.64, 0.61, 0.60, 1.77, 0.10, 1.63, 1.09, 0.33],
  tjk_272 = [9.78, 0.95, 4.08, 13.75, 0.10, 6.53, 2.21, 2.04, 2.05, 3.11, 2.05, 4.31, 2.34, 5.54, 6.67, 2.59, 1.33, 3.09, 2.72, 3.70],
  tjk_273 = [3.32, 0.10, 7.18, 0.76, 1.93, 0.16, 0.84, 0.56, 0.10, 1.35, 0.13, 0.66, 1.67, 0.15, 0.10, 7.42, 1.97, 2.03, 1.42, 0.97],
  tjk_274 = [1.22, 0.10, 0.38, 0.80, 1.72, 1.81, 1.95, 0.58, 1.79, 0.37, 0.10, 3.47, 1.52, 3.43, 1.74, 1.73, 0.81, 0.28, 0.44, 0.18],
  tjk_275 = [0.70, 0.56, 1.98, 0.57, 2.81, 0.56, 1.86, 1.05, 1.29, 0.65, 0.85, 3.20, 0.64, 1.00, 0.14, 3.57, 0.62, 0.10, 0.92, 2.46],
  tjk_276 = [0.96, 0.62, 1.10, 0.10, 1.47, 1.89, 14.21, 3.66, 3.34, 1.21, 8.25, 0.44, 0.13, 1.71, 0.16, 1.64, 2.15, 0.57, 1.84, 3.23],
  tjk_277 = [6.79, 1.27, 7.93, 2.19, 1.11, 0.10, 3.20, 5.14, 2.46, 0.24, 4.69, 1.07, 2.06, 1.87, 8.38, 0.10, 1.39, 0.10, 5.09, 0.10],
  tjk_278 = [1.61, 0.10, 0.10, 2.81, 0.55, 0.10, 0.91, 1.97, 0.46, 2.97, 8.49, 1.34, 3.30, 2.82, 3.87, 4.67, 1.76, 3.74, 0.22, 1.23],
  tjk_279 = [1.10, 0.10, 0.18, 4.37, 9.48, 5.79, 6.24, 4.85, 0.89, 6.36, 7.51, 3.80, 2.87, 16.89, 4.59, 1.74, 3.62, 2.36, 0.10, 2.79],
  tjk_2710 = [6.44, 3.19, 1.11, 2.94, 6.03, 6.88, 15.79, 8.52, 9.43, 3.95, 4.75, 14.18, 7.09, 6.06, 4.93, 11.61, 11.53, 4.09, 1.28, 25.00],
  tjk_281 = [0.87, 2.03, 1.34, 0.17, 1.34, 0.48, 2.91, 0.10, 0.10, 10.02, 0.32, 1.20, 1.62, 0.96, 0.74, 0.82, 0.62, 1.69, 0.10, 0.84],
  tjk_282 = [0.84, 0.10, 6.12, 5.20, 0.10, 6.94, 4.80, 7.76, 4.40, 3.28, 4.20, 0.52, 2.34, 7.20, 4.13, 1.48, 0.65, 9.89, 1.42, 3.72],
  tjk_283 = [2.25, 3.04, 0.10, 0.34, 2.39, 1.87, 1.38, 1.04, 5.35, 6.74, 4.88, 2.59, 1.84, 5.19, 1.88, 0.10, 6.45, 1.13, 1.12, 0.66],
  tjk_284 = [10.19, 8.29, 0.84, 8.23, 9.89, 0.48, 0.10, 7.86, 4.58, 0.10, 8.75, 13.70, 3.80, 0.55, 10.36, 6.88, 6.88, 4.41, 3.15, 3.24],
  tjk_285 = [0.81, 3.19, 2.23, 0.94, 11.64, 0.96, 5.51, 0.10, 2.82, 4.79, 2.42, 7.97, 5.34, 3.20, 0.96, 5.36, 1.19, 10.98, 20.70, 5.69],
  tjk_286 = [3.51, 1.84, 1.34, 5.49, 0.10, 2.64, 1.95, 4.52, 7.67, 2.08, 3.07, 0.10, 17.80, 0.10, 4.09, 5.37, 10.18, 1.51, 7.93, 7.48],
  tjk_287 = [1.54, 0.88, 1.26, 1.88, 0.73, 0.14, 2.56, 1.22, 1.16, 1.37, 2.45, 1.63, 2.46, 0.32, 2.37, 0.57, 0.10, 3.52, 4.10, 1.74],
  tjk_288 = [5.10, 8.37, 2.58, 4.37, 2.51, 1.00, 3.33, 5.29, 3.28, 3.27, 1.30, 1.13, 12.23, 11.93, 2.25, 1.59, 3.91, 2.01, 7.01, 0.40],
  tjk_289 = [4.92, 11.75, 19.75, 3.23, 4.84, 0.92, 3.41, 0.10, 1.31, 0.14, 2.30, 6.41, 7.31, 1.33, 10.37, 5.02, 0.10, 8.35, 0.10, 11.97],
  tjk_2810 = [3.26, 0.61, 0.71, 1.36, 3.01, 15.54, 7.78, 3.88, 3.75, 1.44, 2.48, 0.88, 5.17, 4.06, 1.57, 3.90, 1.80, 3.42, 0.91, 0.97],
  tjk_291 = [1.66, 0.10, 6.66, 6.55, 5.78, 8.95, 4.32, 0.10, 6.64, 2.80, 1.53, 8.63, 2.74, 0.31, 1.11, 12.94, 2.10, 5.22, 3.13, 7.99],
  tjk_292 = [2.25, 5.43, 3.20, 5.74, 2.32, 2.72, 1.29, 1.41, 3.36, 1.96, 4.29, 3.28, 0.10, 4.28, 1.15, 6.14, 6.26, 1.52, 14.01, 0.12],
  tjk_293 = [8.48, 3.44, 3.47, 5.20, 5.06, 0.31, 3.26, 0.10, 8.99, 2.10, 5.18, 1.14, 4.61, 1.88, 0.10, 5.81, 0.40, 2.29, 4.89, 1.67],
  tjk_294 = [0.46, 3.10, 1.67, 0.70, 5.42, 4.37, 2.68, 3.03, 1.11, 0.10, 1.64, 1.07, 0.89, 0.11, 2.23, 1.28, 0.10, 2.64, 0.47, 0.36],
  tjk_295 = [10.31, 3.55, 2.97, 4.76, 1.16, 0.10, 10.70, 4.45, 1.81, 3.46, 6.57, 7.81, 3.71, 0.10, 2.58, 15.00, 10.14, 2.16, 7.21, 9.38],
  tjk_296 = [5.33, 3.89, 1.27, 1.33, 20.20, 0.34, 3.88, 0.42, 1.59, 0.10, 2.78, 3.35, 7.92, 0.21, 6.85, 8.23, 2.05, 25.00, 0.32, 1.87],
  tjk_297 = [9.60, 0.11, 1.87, 0.10, 4.86, 0.10, 3.92, 5.76, 4.64, 0.10, 4.01, 8.82, 5.72, 5.11, 2.24, 6.13, 6.15, 7.43, 6.26, 4.51],
  tjk_298 = [0.68, 6.76, 2.61, 3.71, 1.53, 5.16, 0.10, 2.24, 3.95, 1.26, 4.04, 4.24, 0.10, 3.22, 12.78, 2.22, 2.84, 1.32, 2.04, 6.46],
  tjk_299 = [2.06, 23.71, 1.61, 9.35, 11.44, 6.19, 0.10, 2.03, 6.28, 21.50, 7.61, 17.81, 4.69, 9.63, 22.25, 9.21, 5.19, 3.63, 16.57, 4.02],
  tjk_2910 = [15.31, 10.85, 3.83, 6.13, 0.52, 0.10, 7.97, 25.00, 7.49, 15.99, 0.10, 5.33, 0.71, 5.47, 8.17, 5.17, 4.84, 6.68, 9.10, 0.42],
  tjk_301 = [3.38, 2.16, 0.10, 1.71, 19.94, 8.91, 5.93, 4.56, 1.15, 20.71, 3.89, 6.96, 1.46, 1.23, 0.92, 0.10, 1.23, 4.06, 2.34, 4.51],
  tjk_302 = [0.49, 3.85, 0.10, 6.03, 5.60, 2.17, 0.10, 11.92, 4.43, 12.89, 9.80, 10.84, 10.03, 3.54, 0.33, 2.14, 0.10, 0.25, 11.97, 3.59],
  tjk_303 = [0.42, 1.77, 0.90, 3.23, 3.13, 0.94, 3.18, 0.10, 1.23, 6.77, 15.43, 2.02, 0.10, 3.51, 1.46, 1.23, 4.21, 2.44, 0.10, 1.91],
  tjk_304 = [0.68, 0.59, 0.55, 1.68, 0.34, 0.75, 1.72, 2.25, 0.43, 0.41, 1.04, 1.84, 1.03, 1.83, 0.27, 0.96, 1.87, 2.23, 1.65, 2.54],
  tjk_305 = [2.16, 0.10, 1.22, 2.16, 2.35, 0.30, 0.39, 0.75, 1.42, 1.02, 1.39, 0.31, 0.10, 0.10, 0.64, 0.39, 7.47, 1.56, 0.64, 0.63],
  tjk_306 = [8.06, 7.18, 8.80, 4.48, 0.10, 10.31, 3.12, 10.38, 0.47, 10.46, 8.40, 8.85, 6.73, 4.90, 3.14, 0.10, 7.33, 12.74, 8.24, 9.95],
  tjk_307 = [3.73, 0.10, 5.41, 4.99, 1.53, 5.89, 1.05, 18.90, 2.66, 7.60, 0.69, 1.79, 6.37, 6.55, 17.32, 0.78, 1.63, 6.84, 0.85, 2.86],
  tjk_308 = [1.70, 2.11, 0.10, 1.66, 1.19, 0.39, 1.56, 0.98, 0.10, 1.33, 1.48, 0.64, 0.10, 1.39, 1.42, 0.45, 1.06, 1.69, 1.32, 0.35],
  tjk_309 = [1.84, 4.91, 3.79, 2.38, 0.91, 0.10, 1.38, 1.09, 2.41, 25.00, 3.05, 4.15, 5.02, 12.41, 2.13, 0.50, 1.05, 3.07, 1.72, 0.86],
  tjk_3010 = [0.34, 7.03, 1.54, 2.28, 1.50, 6.31, 0.10, 18.01, 2.00, 3.48, 1.67, 12.25, 5.38, 1.44, 1.60, 10.49, 3.03, 7.29, 9.55, 8.27],
  tjk_311 = [3.82, 11.48, 8.84, 1.66, 4.96, 1.09, 3.86, 1.92, 2.16, 6.11, 16.94, 23.08, 8.99, 1.82, 8.20, 7.80, 8.88, 14.26, 0.10, 12.16],
  tjk_312 = [1.00, 0.58, 0.14, 0.44, 2.39, 1.29, 0.58, 5.63, 0.17, 1.14, 1.66, 0.10, 0.53, 2.30, 0.44, 2.81, 0.10, 0.10, 0.24, 1.39],
  tjk_313 = [3.75, 0.10, 0.10, 1.37, 2.07, 5.64, 0.10, 0.68, 1.92, 1.82, 2.02, 0.10, 0.86, 0.69, 0.67, 5.76, 0.35, 2.33, 1.50, 0.54],
  tjk_314 = [1.70, 1.47, 3.18, 0.89, 1.69, 1.10, 1.02, 3.77, 0.33, 0.95, 0.10, 2.06, 2.53, 1.45, 0.59, 2.31, 0.46, 0.10, 2.57, 1.79],
  tjk_315 = [0.40, 0.10, 0.82, 1.11, 1.86, 0.74, 0.91, 4.73, 0.71, 0.19, 0.10, 0.88, 0.10, 1.10, 2.55, 0.12, 1.22, 0.64, 0.99, 0.29],
  tjk_316 = [5.87, 0.10, 5.81, 8.00, 2.61, 1.77, 0.10, 0.10, 9.95, 0.10, 0.68, 2.62, 2.89, 10.58, 1.01, 6.47, 3.36, 1.80, 5.22, 4.27],
  tjk_317 = [0.35, 0.29, 0.98, 1.31, 1.46, 0.31, 0.70, 0.44, 4.58, 0.37, 0.10, 1.25, 0.52, 1.65, 0.30, 1.98, 1.98, 1.48, 1.68, 1.50],
  tjk_318 = [2.47, 0.47, 2.85, 1.23, 1.04, 0.77, 4.01, 0.10, 1.42, 0.17, 2.37, 4.67, 6.57, 2.15, 3.01, 10.77, 2.14, 4.24, 0.10, 1.32],
  tjk_319 = [2.11, 0.58, 0.61, 0.39, 0.20, 2.22, 0.42, 0.22, 1.26, 2.82, 0.23, 1.73, 2.79, 0.10, 0.65, 0.49, 0.42, 1.49, 0.94, 0.20],
  tjk_3110 = [6.49, 1.25, 3.61, 7.10, 5.65, 25.00, 5.33, 0.69, 1.49, 4.65, 0.37, 6.10, 10.77, 5.59, 23.31, 0.52, 7.91, 2.23, 0.10, 7.44],
  tjk_321 = [0.10, 0.39, 1.84, 0.10, 9.39, 2.60, 4.88, 0.10, 6.15, 2.68, 5.23, 4.38, 2.79, 1.90, 4.66, 2.12, 6.96, 10.14, 2.31, 6.06],
  tjk_322 = [9.59, 2.39, 1.68, 14.74, 11.82, 4.00, 10.69, 8.23, 1.73, 11.49, 11.55, 3.85, 2.11, 1.82, 5.08, 1.44, 1.52, 4.11, 8.44, 9.49],
  tjk_323 = [12.60, 3.44, 19.18, 15.35, 3.58, 0.10, 3.57, 0.90, 4.14, 6.18, 3.35, 8.01, 8.61, 0.10, 10.90, 1.81, 5.58, 12.23, 25.00, 0.10],
  tjk_324 = [0.38, 3.43, 1.31, 4.24, 2.06, 0.62, 0.58, 1.65, 1.76, 6.40, 2.07, 1.42, 3.93, 3.81, 2.10, 0.10, 5.38, 1.66, 2.62, 2.11],
  tjk_325 = [10.50, 5.30, 2.79, 12.85, 6.75, 11.67, 9.46, 3.64, 10.58, 0.10, 8.37, 2.12, 2.76, 2.64, 2.31, 1.21, 12.76, 3.60, 2.21, 10.47],
  tjk_326 = [0.95, 2.19, 0.50, 2.37, 0.51, 0.10, 1.09, 2.02, 0.10, 0.28, 1.22, 3.44, 2.54, 0.14, 0.10, 1.04, 1.49, 1.85, 1.47, 0.24],
  tjk_327 = [21.87, 2.08, 0.56, 0.67, 0.33, 1.34, 1.81, 1.94, 1.85, 2.64, 0.10, 1.35, 0.68, 0.10, 1.11, 1.33, 1.93, 1.57, 1.33, 2.23],
  tjk_328 = [15.52, 0.65, 6.90, 3.15, 8.82, 0.10, 1.60, 7.26, 0.10, 12.23, 7.51, 15.49, 0.62, 6.10, 4.29, 13.94, 4.01, 8.95, 2.52, 3.56],
  tjk_329 = [0.95, 5.78, 0.10, 0.10, 0.96, 1.81, 0.10, 2.07, 0.50, 1.05, 2.00, 0.88, 1.25, 3.69, 0.10, 0.14, 0.55, 1.58, 1.81, 1.40],
  tjk_3210 = [14.19, 5.92, 3.93, 1.08, 7.99, 0.10, 15.79, 0.10, 0.10, 12.25, 9.48, 2.36, 4.65, 0.10, 7.23, 1.74, 4.46, 2.45, 14.00, 12.99],
  tjk_331 = [0.81, 5.45, 0.85, 0.98, 0.86, 4.23, 7.33, 3.64, 6.20, 2.56, 1.69, 2.29, 3.29, 0.88, 6.16, 7.01, 1.21, 2.84, 9.95, 2.35],
  tjk_332 = [5.43, 12.39, 3.99, 6.18, 1.85, 5.86, 1.78, 7.94, 0.10, 0.42, 7.26, 12.47, 11.58, 10.23, 3.50, 0.93, 0.74, 1.49, 3.70, 8.03],
  tjk_333 = [2.15, 2.95, 0.10, 9.32, 0.89, 0.10, 4.11, 2.78, 9.80, 2.77, 5.49, 1.11, 2.67, 1.53, 4.00, 9.34, 0.10, 8.62, 6.57, 4.18],
  tjk_334 = [7.95, 2.91, 1.04, 1.49, 0.48, 4.87, 4.24, 7.99, 5.72, 8.65, 9.15, 2.54, 1.05, 2.21, 8.87, 7.04, 15.36, 5.82, 8.33, 5.32],
  tjk_335 = [1.14, 0.71, 2.62, 2.98, 3.60, 0.13, 5.81, 9.23, 3.71, 1.49, 8.50, 1.46, 3.54, 6.84, 1.63, 3.09, 1.33, 0.51, 2.58, 5.86],
  tjk_336 = [8.22, 0.72, 0.94, 2.26, 10.17, 4.12, 0.58, 2.54, 0.79, 2.57, 0.52, 0.10, 8.11, 0.10, 9.56, 2.35, 1.41, 1.24, 0.10, 2.04],
  tjk_337 = [0.50, 4.97, 8.98, 5.00, 6.53, 0.10, 18.29, 6.44, 11.07, 6.23, 1.84, 25.00, 0.48, 2.00, 14.08, 3.83, 0.72, 12.06, 6.55, 2.46],
  tjk_338 = [0.95, 5.58, 0.92, 4.44, 3.85, 4.58, 1.41, 7.05, 0.40, 6.92, 0.10, 2.66, 1.66, 0.10, 2.61, 2.53, 1.05, 6.92, 0.54, 3.43],
  tjk_339 = [1.14, 6.14, 0.10, 4.35, 16.74, 3.70, 20.84, 5.15, 0.10, 1.61, 8.11, 10.83, 0.75, 4.55, 0.89, 7.68, 0.10, 3.29, 12.90, 2.32],
  tjk_3310 = [1.78, 0.10, 2.18, 2.03, 3.30, 0.10, 0.87, 0.43, 1.41, 0.15, 0.14, 4.79, 1.70, 0.87, 0.71, 1.02, 0.98, 2.06, 0.25, 0.54],
  tjk_341 = [2.48, 2.49, 7.63, 4.53, 2.30, 0.44, 7.21, 2.91, 0.88, 0.10, 0.10, 5.24, 1.12, 8.45, 0.10, 4.73, 1.32, 6.53, 6.51, 0.65],
  tjk_342 = [1.76, 2.51, 1.45, 0.10, 1.60, 1.09, 0.54, 0.97, 0.92, 2.50, 1.25, 1.42, 0.29, 0.10, 0.46, 1.02, 1.29, 0.51, 0.29, 1.60],
  tjk_343 = [1.13, 2.02, 0.10, 0.27, 1.67, 0.76, 1.66, 1.64, 2.56, 0.10, 0.10, 5.67, 2.71, 1.78, 0.87, 7.55, 5.39, 6.63, 0.10, 4.66],
  tjk_344 = [12.72, 6.39, 0.10, 7.84, 0.10, 5.11, 14.15, 15.06, 11.44, 5.40, 0.10, 0.10, 3.95, 3.47, 14.06, 4.38, 4.10, 4.19, 10.93, 16.35],
  tjk_345 = [1.09, 0.57, 0.44, 1.50, 1.77, 2.23, 4.24, 1.98, 1.88, 1.27, 1.00, 1.94, 0.81, 0.96, 0.10, 0.38, 1.91, 1.21, 0.10, 0.91],
  tjk_346 = [3.36, 0.10, 0.55, 2.91, 1.62, 1.14, 2.66, 25.00, 4.03, 7.20, 0.81, 1.33, 2.53, 8.88, 5.69, 2.32, 4.27, 0.88, 5.02, 0.30],
  tjk_347 = [2.06, 6.80, 1.07, 7.22, 3.58, 0.71, 3.89, 5.49, 4.08, 6.56, 1.61, 1.43, 8.87, 2.20, 7.45, 2.43, 2.85, 0.10, 3.94, 8.49],
  tjk_348 = [3.58, 5.21, 8.28, 6.52, 0.10, 9.25, 1.12, 1.59, 1.90, 7.33, 25.00, 5.90, 6.66, 25.00, 9.23, 4.24, 2.38, 12.45, 5.47, 3.18],
  tjk_349 = [1.49, 3.94, 3.96, 0.10, 3.29, 8.67, 3.24, 4.36, 1.40, 1.41, 1.96, 2.60, 6.82, 5.69, 1.49, 0.11, 2.33, 12.87, 0.24, 11.66],
  tjk_3410 = [0.10, 1.62, 0.16, 0.51, 3.80, 2.63, 3.78, 0.10, 1.60, 6.68, 0.67, 0.59, 4.85, 1.58, 6.84, 0.10, 3.61, 1.74, 2.10, 0.68],
  tjk_351 = [0.78, 2.90, 1.13, 1.38, 1.96, 0.23, 2.02, 1.18, 6.31, 3.61, 0.90, 2.00, 2.09, 3.36, 0.58, 0.10, 6.07, 4.46, 3.02, 2.13],
  tjk_352 = [1.45, 0.70, 2.06, 1.27, 0.11, 0.47, 0.99, 0.98, 0.63, 2.51, 1.10, 1.60, 0.36, 0.10, 0.90, 0.10, 0.37, 0.10, 5.45, 2.09],
  tjk_353 = [7.75, 2.74, 2.92, 3.62, 6.14, 3.03, 4.92, 1.65, 25.00, 3.91, 17.08, 6.01, 1.88, 1.62, 1.94, 3.32, 1.92, 7.43, 2.33, 1.64],
  tjk_354 = [1.24, 0.83, 0.10, 2.19, 0.10, 0.92, 2.02, 0.94, 0.66, 0.10, 1.19, 1.51, 0.21, 4.68, 0.89, 0.58, 0.83, 0.46, 2.31, 0.38],
  tjk_355 = [10.25, 6.05, 0.64, 2.48, 9.70, 4.63, 13.69, 0.96, 0.99, 20.02, 12.37, 9.66, 3.87, 11.49, 0.10, 4.52, 5.46, 5.65, 25.00, 11.12],
  tjk_356 = [1.61, 0.80, 3.64, 0.31, 2.12, 0.20, 0.91, 5.35, 0.16, 0.57, 0.95, 4.20, 0.31, 2.18, 2.05, 0.10, 1.93, 1.10, 3.69, 4.01],
  tjk_357 = [1.28, 1.68, 0.75, 0.62, 0.81, 2.08, 1.49, 0.58, 3.95, 1.89, 0.17, 1.82, 2.00, 0.35, 1.30, 0.10, 0.51, 1.44, 0.10, 1.20],
  tjk_358 = [3.49, 10.05, 2.21, 0.91, 1.56, 2.74, 3.72, 0.95, 2.86, 4.04, 0.10, 2.62, 1.80, 5.04, 3.66, 0.73, 4.25, 1.29, 0.50, 0.10],
  tjk_359 = [8.50, 10.82, 0.56, 3.88, 0.30, 22.77, 2.44, 0.10, 2.81, 0.39, 2.08, 7.96, 3.73, 3.03, 11.44, 3.09, 1.23, 9.78, 1.19, 0.51],
  tjk_3510 = [1.48, 4.48, 6.92, 9.49, 25.00, 8.42, 9.77, 2.05, 2.45, 23.19, 6.44, 1.72, 1.80, 4.91, 6.69, 13.13, 5.55, 5.87, 11.52, 7.71],
  tjk_361 = [3.45, 0.98, 3.09, 3.49, 0.14, 3.17, 4.89, 1.95, 1.04, 0.70, 0.82, 5.43, 1.67, 0.74, 4.68, 3.95, 1.92, 0.72, 0.10, 1.75],
  tjk_362 = [9.19, 5.95, 0.68, 8.04, 5.41, 0.29, 0.64, 1.71, 2.44, 0.10, 0.10, 2.73, 4.98, 4.42, 1.10, 1.49, 3.05, 2.34, 2.85, 6.33],
  tjk_363 = [0.88, 0.84, 1.68, 1.11, 1.00, 0.27, 0.90, 1.87, 1.26, 0.89, 1.39, 3.34, 2.68, 0.39, 0.33, 0.69, 0.17, 1.28, 2.17, 2.13],
  tjk_364 = [0.10, 0.10, 0.26, 0.58, 0.46, 2.15, 0.10, 0.10, 0.76, 0.29, 1.00, 0.64, 0.10, 0.49, 1.62, 0.52, 0.26, 0.72, 0.40, 0.81],
  tjk_365 = [0.33, 1.79, 0.15, 0.91, 1.27, 0.72, 3.15, 0.29, 1.29, 0.53, 0.10, 1.35, 4.02, 1.95, 1.96, 1.75, 1.42, 0.46, 0.10, 0.49],
  tjk_366 = [0.10, 0.72, 2.78, 4.24, 1.57, 6.13, 2.01, 0.10, 2.49, 2.80, 5.92, 0.44, 0.83, 2.00, 1.92, 1.03, 0.30, 0.96, 11.45, 0.84],
  tjk_367 = [0.70, 0.53, 3.06, 1.93, 1.47, 4.25, 3.39, 0.10, 1.79, 2.42, 8.00, 3.95, 2.40, 1.25, 2.27, 0.94, 1.72, 0.95, 1.09, 1.05],
  tjk_368 = [7.89, 2.25, 8.14, 5.02, 3.72, 4.15, 3.33, 10.33, 3.32, 8.50, 0.10, 4.35, 6.12, 21.03, 4.39, 19.49, 9.74, 4.84, 8.29, 6.47],
  tjk_369 = [1.23, 0.10, 3.91, 1.82, 9.88, 1.99, 5.66, 3.66, 7.12, 4.86, 6.18, 3.33, 11.87, 1.58, 5.41, 7.55, 4.07, 14.88, 9.78, 25.00],
  tjk_3610 = [0.10, 3.61, 1.05, 0.11, 7.49, 1.89, 2.74, 0.78, 1.92, 1.35, 2.56, 0.52, 1.45, 2.41, 0.10, 2.29, 0.10, 0.24, 0.74, 0.86],
  tjk_371 = [0.71, 0.90, 0.54, 1.85, 1.66, 1.51, 1.66, 0.14, 4.86, 1.00, 0.94, 1.11, 3.42, 1.75, 0.99, 1.25, 1.06, 3.25, 1.78, 0.99],
  tjk_372 = [2.23, 3.78, 0.10, 1.64, 2.53, 0.92, 1.90, 8.03, 3.58, 2.03, 5.86, 0.10, 1.14, 3.47, 1.13, 1.60, 0.10, 7.20, 0.10, 0.71],
  tjk_373 = [2.95, 4.17, 1.67, 1.43, 6.00, 3.63, 0.53, 4.25, 1.31, 6.50, 5.98, 1.13, 1.31, 0.36, 17.10, 8.12, 0.10, 1.21, 0.10, 2.21],
  tjk_374 = [1.07, 1.24, 6.46, 11.60, 1.82, 0.43, 3.07, 6.19, 0.73, 2.09, 6.46, 4.20, 1.64, 4.13, 0.10, 0.84, 0.10, 7.40, 3.18, 0.32],
  tjk_375 = [0.92, 0.43, 5.96, 5.86, 4.21, 0.10, 3.05, 0.37, 1.14, 2.19, 6.45, 8.35, 2.00, 25.00, 6.34, 4.93, 0.78, 15.18, 2.64, 4.00],
  tjk_376 = [6.85, 4.32, 10.21, 4.63, 1.23, 0.10, 25.00, 0.10, 8.96, 1.27, 2.25, 7.70, 25.00, 1.64, 3.08, 3.77, 0.10, 13.38, 6.65, 1.50],
  tjk_377 = [5.37, 1.46, 1.43, 1.35, 3.69, 3.79, 2.48, 0.76, 1.21, 0.62, 0.10, 5.35, 1.49, 6.71, 5.31, 4.67, 3.43, 1.42, 1.80, 5.68],
  tjk_378 = [5.92, 10.22, 6.04, 15.08, 7.66, 0.10, 13.28, 9.06, 7.12, 0.10, 20.31, 4.98, 5.27, 0.10, 0.10, 3.24, 3.13, 1.53, 7.51, 6.16],
  tjk_379 = [0.81, 1.47, 6.98, 4.95, 1.25, 1.63, 9.07, 5.47, 3.87, 4.57, 5.10, 1.73, 2.04, 3.78, 11.87, 6.31, 10.31, 15.11, 11.85, 9.79],
  tjk_3710 = [8.93, 3.18, 5.57, 2.09, 4.31, 11.18, 1.41, 1.50, 1.47, 11.34, 7.61, 7.36, 1.25, 1.03, 8.44, 8.29, 1.30, 5.97, 6.43, 2.14],
  tjk_381 = [15.88, 2.66, 6.69, 2.00, 3.52, 9.37, 3.79, 2.49, 6.34, 1.69, 11.01, 2.90, 6.95, 10.01, 1.55, 9.05, 1.11, 5.75, 5.48, 5.05],
  tjk_382 = [3.60, 4.55, 0.22, 8.08, 0.10, 2.53, 2.51, 4.73, 2.47, 0.10, 0.47, 2.41, 0.10, 2.81, 5.27, 2.21, 1.11, 13.85, 10.31, 1.21],
  tjk_383 = [5.07, 3.37, 9.31, 4.53, 11.92, 7.19, 24.40, 8.05, 0.10, 1.63, 7.56, 3.77, 11.34, 3.84, 2.65, 9.19, 7.97, 0.80, 19.37, 3.38],
  tjk_384 = [2.04, 5.47, 3.04, 7.29, 8.05, 1.65, 3.48, 0.10, 0.39, 2.75, 5.12, 5.74, 0.10, 0.80, 3.16, 0.10, 1.83, 1.26, 2.84, 5.41],
  tjk_385 = [2.68, 0.86, 0.10, 1.16, 1.10, 0.58, 3.08, 3.81, 2.35, 1.62, 2.53, 0.87, 4.03, 0.10, 2.43, 3.38, 1.66, 0.28, 5.24, 0.10],
  tjk_386 = [0.96, 14.77, 12.26, 25.00, 3.38, 4.20, 12.77, 3.99, 5.57, 9.96, 5.23, 0.38, 2.86, 5.12, 1.85, 3.03, 2.12, 4.94, 14.26, 0.10],
  tjk_387 = [3.79, 0.62, 0.89, 5.45, 4.82, 17.18, 2.80, 1.54, 0.58, 1.26, 5.01, 8.46, 1.90, 3.71, 1.25, 3.97, 2.34, 4.99, 3.00, 8.21],
  tjk_388 = [8.98, 5.57, 0.10, 3.38, 4.18, 1.03, 2.07, 0.94, 1.98, 9.56, 4.91, 1.19, 0.10, 0.59, 2.78, 0.10, 6.13, 0.10, 0.59, 5.04],
  tjk_389 = [3.56, 25.00, 6.84, 13.71, 3.95, 7.43, 21.10, 0.10, 1.61, 2.21, 6.13, 11.29, 3.44, 1.12, 3.24, 0.57, 1.97, 12.87, 14.48, 4.90],
  tjk_3810 = [6.73, 2.74, 14.68, 2.57, 5.35, 5.61, 4.58, 5.08, 6.79, 3.50, 25.00, 6.09, 8.88, 1.73, 23.10, 0.84, 0.32, 0.69, 1.79, 2.10],
  tjk_391 = [1.02, 1.64, 6.99, 5.48, 0.52, 5.74, 6.93, 0.23, 10.18, 6.34, 2.98, 0.10, 1.31, 3.71, 3.38, 2.60, 1.18, 5.86, 1.24, 7.50],
  tjk_392 = [2.70, 2.48, 1.28, 6.65, 2.36, 1.36, 8.07, 2.77, 3.96, 3.48, 3.24, 6.35, 0.59, 2.29, 0.70, 1.46, 1.80, 0.94, 3.23, 6.23],
  tjk_393 = [5.21, 12.90, 6.58, 5.64, 3.49, 7.44, 3.81, 5.89, 1.48, 6.97, 4.79, 3.86, 21.90, 6.76, 0.10, 10.50, 6.50, 6.93, 4.61, 4.97],
  tjk_394 = [6.20, 3.97, 3.16, 6.93, 0.60, 1.66, 1.91, 25.00, 1.00, 1.17, 1.03, 1.14, 4.56, 3.44, 3.01, 0.37, 5.43, 11.70, 2.62, 24.03],
  tjk_395 = [5.54, 4.22, 1.79, 9.19, 14.68, 1.65, 1.70, 3.15, 2.42, 2.67, 8.14, 0.10, 5.37, 0.10, 3.34, 1.87, 0.10, 3.04, 2.57, 3.13],
  tjk_396 = [1.86, 9.20, 14.87, 3.24, 14.36, 5.00, 11.36, 11.04, 9.14, 8.94, 5.31, 5.16, 0.55, 2.52, 4.62, 6.83, 5.08, 2.98, 8.56, 7.44],
  tjk_397 = [4.19, 0.95, 4.29, 21.16, 1.97, 5.75, 1.87, 5.38, 8.79, 2.80, 4.51, 25.00, 3.63, 0.10, 4.97, 0.10, 0.10, 0.72, 1.05, 5.11],
  tjk_398 = [0.10, 7.00, 5.45, 4.83, 2.58, 3.65, 0.75, 6.18, 3.32, 6.16, 5.81, 9.22, 6.58, 1.06, 7.82, 16.83, 5.42, 4.14, 10.86, 3.74],
  tjk_399 = [5.00, 6.43, 1.87, 2.86, 1.18, 2.23, 3.13, 3.59, 0.10, 3.02, 2.55, 11.62, 15.89, 8.69, 0.10, 0.90, 3.39, 1.95, 8.57, 0.10],
  tjk_3910 = [4.56, 0.49, 3.55, 0.52, 5.08, 1.32, 1.74, 1.68, 0.36, 0.10, 1.19, 0.76, 0.87, 3.37, 1.48, 6.87, 1.63, 2.02, 0.41, 2.23],
  tjk_401 = [0.80, 0.26, 0.78, 1.45, 0.42, 1.19, 0.71, 2.01, 0.82, 1.50, 1.55, 0.45, 0.53, 1.07, 0.56, 0.89, 0.10, 15.08, 0.75, 0.10],
  tjk_402 = [0.76, 0.10, 7.53, 7.77, 2.46, 0.10, 1.89, 0.10, 7.38, 4.26, 5.61, 0.51, 1.99, 0.10, 2.16, 2.74, 2.62, 7.40, 3.76, 1.58],
  tjk_403 = [0.80, 4.63, 0.91, 1.98, 17.21, 0.27, 0.13, 1.45, 0.55, 5.34, 6.57, 9.54, 5.79, 7.54, 5.84, 2.24, 1.01, 3.99, 4.56, 3.92],
  tjk_404 = [1.63, 6.57, 0.54, 3.66, 3.17, 6.31, 3.54, 6.09, 3.67, 8.13, 3.53, 2.59, 0.10, 1.86, 0.98, 2.74, 0.50, 1.51, 7.44, 24.50],
  tjk_405 = [1.17, 1.87, 0.76, 0.10, 0.69, 1.81, 1.64, 0.10, 1.98, 0.78, 6.26, 0.19, 1.15, 0.17, 0.69, 1.26, 0.59, 4.31, 0.10, 1.69],
  tjk_406 = [0.10, 3.86, 2.95, 3.07, 4.18, 2.91, 0.16, 3.22, 4.98, 1.72, 5.28, 0.10, 0.10, 4.44, 4.77, 2.85, 0.93, 0.10, 1.48, 1.45],
  tjk_407 = [6.80, 10.40, 5.35, 1.75, 15.78, 1.29, 10.27, 5.96, 0.10, 1.90, 2.54, 0.47, 25.00, 4.60, 4.73, 7.52, 2.95, 0.45, 10.87, 6.77],
  tjk_408 = [0.91, 0.85, 0.69, 4.55, 1.95, 4.73, 1.27, 1.19, 1.51, 0.47, 3.30, 2.04, 1.52, 3.69, 4.21, 1.58, 2.10, 2.75, 9.61, 3.12],
  tjk_409 = [2.06, 0.10, 6.11, 1.24, 24.28, 14.46, 4.51, 4.87, 0.73, 4.38, 5.42, 9.37, 0.82, 9.43, 15.08, 3.33, 4.19, 0.10, 1.24, 7.92],
  tjk_4010 = [1.88, 1.03, 5.06, 0.79, 0.10, 0.64, 0.88, 6.84, 7.77, 0.10, 0.53, 4.29, 0.10, 2.20, 3.11, 7.86, 9.22, 0.10, 3.07, 0.10],
]

Service Times (¦Î_{jk}^s) = [
  xi_11 = [4.05, 14.47, 2.63, 21.67, 17.26, 17.57, 8.55, 5.51, 13.56, 3.63, 18.81, 6.95, 12.01, 21.32, 42.10, 11.50, 13.13, 1.34, 15.39, 9.79],
  xi_12 = [6.22, 10.41, 7.11, 11.22, 4.05, 16.33, 10.69, 2.14, 22.46, 2.23, 2.45, 44.83, 18.48, 7.17, 2.39, 2.32, 8.43, 12.59, 12.11, 30.03],
  xi_13 = [0.10, 1.55, 25.11, 30.14, 11.52, 11.12, 6.38, 4.18, 15.23, 0.10, 5.77, 1.81, 1.62, 3.09, 5.62, 0.34, 25.19, 2.89, 0.10, 21.70],
  xi_14 = [5.91, 2.75, 13.86, 4.41, 0.10, 6.75, 3.26, 9.54, 4.51, 12.77, 1.13, 11.87, 7.83, 31.62, 14.97, 4.82, 19.28, 3.27, 7.76, 12.16],
  xi_15 = [24.61, 8.69, 1.65, 6.79, 3.94, 6.36, 15.64, 5.65, 16.66, 4.07, 3.49, 5.35, 1.31, 0.97, 2.84, 8.31, 12.46, 7.11, 5.17, 1.12],
  xi_16 = [8.93, 12.51, 4.90, 8.63, 5.48, 10.25, 25.59, 2.78, 8.09, 12.35, 7.87, 13.30, 10.23, 50.00, 2.36, 17.81, 1.14, 0.81, 24.10, 4.25],
  xi_17 = [0.10, 2.33, 2.20, 6.34, 3.66, 6.47, 2.27, 7.68, 18.14, 3.27, 3.71, 6.21, 10.99, 0.10, 5.46, 6.82, 5.05, 3.60, 13.36, 11.22],
  xi_18 = [22.63, 13.86, 0.10, 10.50, 6.93, 1.29, 6.02, 2.52, 12.02, 0.10, 17.14, 9.78, 16.25, 36.06, 10.03, 50.00, 8.37, 2.69, 0.10, 1.25],
  xi_19 = [0.74, 0.39, 0.80, 1.24, 0.81, 1.39, 1.37, 0.41, 0.42, 2.15, 5.75, 2.74, 1.65, 0.47, 0.24, 0.68, 0.67, 0.10, 0.87, 0.99],
  xi_110 = [2.31, 11.71, 10.19, 5.64, 5.92, 3.13, 12.83, 14.83, 27.60, 27.29, 1.38, 3.19, 2.00, 16.23, 1.01, 1.97, 0.10, 5.93, 6.72, 10.48],
  xi_21 = [25.24, 6.15, 8.73, 15.56, 9.32, 3.49, 33.22, 4.85, 14.47, 2.75, 0.10, 13.29, 3.24, 17.92, 4.68, 20.09, 9.26, 13.79, 0.10, 30.75],
  xi_22 = [0.22, 9.66, 32.21, 4.96, 1.03, 0.26, 1.34, 1.10, 31.14, 11.10, 2.14, 0.74, 8.08, 15.67, 4.04, 0.10, 7.34, 14.77, 7.65, 4.35],
  xi_23 = [1.81, 5.93, 0.88, 2.58, 3.20, 5.64, 3.46, 2.50, 2.68, 2.32, 8.24, 5.50, 1.92, 9.56, 9.13, 7.81, 14.91, 4.09, 4.84, 1.87],
  xi_24 = [2.56, 1.54, 2.57, 0.73, 3.62, 1.25, 2.22, 7.38, 1.01, 0.10, 0.10, 2.09, 3.80, 5.16, 1.26, 5.33, 0.14, 0.58, 1.05, 1.49],
  xi_25 = [4.49, 3.43, 1.19, 4.41, 3.20, 5.13, 4.06, 6.95, 4.43, 0.10, 1.59, 5.61, 2.26, 3.09, 1.18, 11.72, 12.28, 6.52, 5.96, 1.49],
  xi_26 = [17.90, 3.15, 0.10, 11.96, 8.92, 5.79, 6.12, 5.72, 1.15, 9.60, 5.48, 4.70, 10.93, 9.03, 13.83, 0.83, 7.96, 5.47, 11.39, 5.61],
  xi_27 = [3.74, 2.98, 0.10, 1.34, 0.31, 5.29, 2.89, 0.43, 0.45, 1.97, 2.64, 3.27, 4.36, 5.72, 2.71, 1.35, 7.30, 8.56, 2.34, 0.10],
  xi_28 = [0.64, 0.47, 2.52, 1.53, 3.83, 5.23, 2.42, 0.99, 1.75, 1.41, 0.18, 0.19, 1.35, 0.28, 0.75, 0.27, 1.85, 2.33, 1.26, 2.93],
  xi_29 = [49.67, 3.34, 0.10, 18.25, 5.33, 14.02, 10.77, 21.57, 8.98, 24.81, 0.10, 0.10, 11.89, 20.16, 15.74, 8.52, 21.21, 20.25, 0.10, 4.88],
  xi_210 = [2.25, 3.37, 14.09, 4.43, 20.03, 6.43, 4.88, 3.36, 0.10, 10.64, 10.15, 8.47, 7.02, 8.90, 4.08, 5.23, 6.75, 2.87, 34.02, 2.38],
  xi_31 = [0.10, 14.07, 0.69, 9.58, 7.57, 0.84, 19.62, 7.61, 2.83, 12.15, 28.15, 35.17, 7.65, 9.84, 6.90, 11.57, 10.74, 9.09, 7.76, 8.35],
  xi_32 = [0.10, 0.10, 25.37, 8.57, 27.97, 1.33, 4.31, 8.22, 10.18, 20.58, 3.25, 7.44, 5.78, 5.73, 7.96, 3.86, 5.05, 10.61, 13.76, 7.86],
  xi_33 = [4.12, 1.87, 1.39, 0.99, 3.84, 1.81, 3.07, 0.20, 2.75, 0.26, 6.77, 0.10, 3.70, 3.14, 6.02, 0.95, 3.73, 3.65, 0.93, 0.78],
  xi_34 = [11.74, 3.10, 5.81, 0.70, 2.09, 8.49, 0.79, 2.31, 4.16, 0.35, 3.78, 0.33, 4.48, 3.70, 1.99, 5.22, 0.10, 5.88, 1.63, 1.61],
  xi_35 = [0.10, 0.89, 0.58, 3.01, 5.52, 3.86, 6.05, 5.24, 5.03, 13.06, 4.09, 1.35, 3.14, 0.51, 1.15, 10.63, 3.28, 5.60, 1.85, 27.73],
  xi_36 = [8.21, 8.98, 3.58, 3.80, 9.39, 10.69, 0.10, 5.51, 8.60, 3.77, 12.30, 1.67, 2.13, 15.40, 1.94, 4.16, 3.92, 5.22, 2.82, 3.71],
  xi_37 = [3.46, 0.80, 3.87, 39.04, 2.03, 8.51, 3.12, 7.90, 0.10, 3.05, 28.90, 15.81, 6.49, 3.82, 0.10, 21.30, 0.29, 8.93, 0.10, 7.94],
  xi_38 = [13.41, 32.22, 0.10, 19.12, 8.11, 13.70, 7.00, 0.10, 1.55, 6.24, 0.92, 1.99, 33.23, 2.06, 10.93, 13.24, 6.81, 8.69, 5.98, 10.48],
  xi_39 = [3.08, 2.58, 9.24, 14.34, 38.40, 14.33, 0.10, 0.10, 7.49, 16.22, 0.10, 4.11, 1.69, 5.36, 11.92, 12.66, 2.28, 4.97, 4.10, 13.88],
  xi_310 = [1.49, 4.12, 14.91, 1.27, 10.57, 2.27, 8.12, 8.72, 0.10, 16.91, 9.11, 1.20, 3.67, 17.63, 0.73, 2.32, 2.58, 1.41, 4.74, 0.10],
  xi_41 = [7.10, 1.26, 0.10, 0.80, 2.38, 9.70, 40.10, 21.75, 16.16, 15.19, 6.71, 9.65, 17.78, 17.10, 0.61, 33.79, 21.16, 8.03, 25.75, 2.14],
  xi_42 = [4.19, 2.75, 3.60, 2.33, 4.64, 8.89, 2.41, 3.66, 0.59, 5.21, 0.87, 2.16, 1.17, 2.38, 6.00, 0.10, 1.92, 2.60, 3.38, 1.77],
  xi_43 = [13.34, 11.86, 9.69, 0.10, 2.09, 12.30, 6.91, 11.26, 0.10, 13.80, 2.99, 6.74, 9.63, 0.10, 2.79, 2.35, 42.28, 5.40, 12.08, 5.09],
  xi_44 = [9.32, 20.32, 0.44, 19.85, 12.56, 14.60, 15.06, 12.31, 2.56, 5.59, 10.64, 8.01, 10.53, 6.51, 1.49, 6.76, 9.81, 8.84, 27.29, 9.37],
  xi_45 = [1.51, 1.99, 6.01, 7.78, 3.28, 2.94, 3.65, 7.31, 3.21, 9.91, 2.52, 0.10, 1.25, 2.99, 2.32, 0.55, 2.96, 3.18, 19.54, 3.04],
  xi_46 = [25.59, 10.93, 1.82, 5.46, 15.10, 14.80, 7.49, 3.39, 8.25, 22.43, 2.91, 3.44, 8.36, 8.88, 8.46, 3.55, 20.52, 12.87, 31.60, 7.71],
  xi_47 = [12.47, 21.18, 4.32, 4.35, 12.12, 4.38, 9.96, 15.55, 10.97, 0.10, 1.39, 2.03, 6.88, 6.39, 7.88, 3.45, 8.18, 10.86, 10.19, 11.16],
  xi_48 = [2.03, 0.10, 0.10, 0.68, 0.69, 0.58, 0.10, 0.86, 8.37, 2.34, 0.66, 1.08, 0.10, 0.18, 0.94, 1.09, 0.36, 1.20, 0.21, 1.06],
  xi_49 = [1.98, 4.36, 3.67, 0.63, 6.06, 1.19, 3.87, 4.92, 3.49, 5.30, 6.50, 13.71, 0.97, 2.22, 0.95, 6.77, 0.10, 3.01, 1.49, 0.64],
  xi_410 = [7.50, 22.68, 2.64, 9.20, 1.23, 2.03, 18.63, 1.74, 6.30, 18.64, 0.41, 4.07, 1.08, 2.08, 0.10, 4.75, 10.67, 13.67, 2.70, 10.14],
  xi_51 = [15.23, 0.10, 50.00, 50.00, 11.32, 3.72, 9.55, 16.97, 18.93, 11.48, 0.10, 0.10, 1.44, 8.22, 2.98, 28.56, 9.10, 0.68, 0.10, 6.01],
  xi_52 = [4.63, 5.68, 0.33, 3.83, 5.59, 29.02, 2.46, 0.55, 17.22, 1.69, 8.24, 0.77, 4.92, 1.83, 2.58, 5.57, 0.10, 4.19, 1.49, 2.04],
  xi_53 = [17.40, 21.87, 9.54, 5.67, 4.56, 0.10, 0.10, 3.14, 21.42, 6.17, 5.13, 1.96, 8.05, 24.89, 4.45, 2.53, 17.75, 7.64, 2.99, 8.57],
  xi_54 = [10.70, 5.16, 4.60, 0.10, 12.65, 3.73, 6.69, 13.95, 5.04, 6.54, 0.33, 4.99, 1.68, 2.30, 15.28, 0.10, 0.50, 0.10, 0.10, 9.52],
  xi_55 = [2.31, 10.01, 8.27, 7.46, 9.05, 11.89, 6.44, 5.76, 1.46, 50.00, 9.57, 2.28, 6.15, 10.18, 5.12, 15.06, 12.78, 11.00, 2.48, 3.01],
  xi_56 = [0.55, 0.12, 2.21, 0.87, 1.31, 0.10, 2.90, 2.04, 0.59, 0.71, 2.88, 1.49, 5.50, 1.16, 1.57, 0.24, 0.10, 0.10, 2.99, 0.44],
  xi_57 = [1.08, 7.31, 1.87, 1.13, 3.77, 10.33, 10.26, 7.95, 9.12, 4.71, 5.06, 0.10, 1.53, 2.99, 1.00, 2.47, 21.37, 39.10, 2.15, 2.91],
  xi_58 = [1.67, 6.01, 9.49, 6.12, 0.34, 8.12, 3.26, 2.78, 1.30, 5.74, 6.46, 43.36, 9.97, 2.52, 2.09, 11.09, 10.58, 1.05, 4.87, 4.70],
  xi_59 = [2.65, 4.78, 0.10, 5.88, 1.15, 1.68, 0.10, 4.59, 7.27, 3.78, 5.26, 0.10, 6.04, 3.57, 5.79, 0.10, 0.44, 2.63, 5.42, 5.30],
  xi_510 = [0.69, 6.51, 1.29, 2.92, 6.73, 0.10, 4.48, 3.66, 7.58, 3.64, 2.78, 3.86, 0.95, 2.71, 31.36, 4.20, 2.38, 23.19, 7.06, 3.13],
  xi_61 = [4.30, 12.41, 18.66, 50.00, 2.98, 10.71, 11.93, 1.41, 16.14, 24.06, 1.64, 10.33, 3.14, 13.15, 7.30, 8.26, 15.75, 6.28, 6.07, 8.12],
  xi_62 = [8.11, 34.34, 25.90, 1.08, 19.43, 16.75, 17.19, 1.83, 4.75, 8.09, 13.14, 31.32, 6.97, 19.97, 5.42, 10.49, 17.29, 0.10, 0.10, 11.38],
  xi_63 = [5.71, 22.04, 2.06, 1.05, 10.06, 3.77, 25.68, 25.91, 6.14, 36.40, 7.23, 18.46, 25.75, 17.20, 0.10, 0.10, 5.95, 17.56, 1.73, 13.31],
  xi_64 = [1.50, 9.26, 0.88, 18.30, 4.35, 0.87, 5.44, 1.70, 0.18, 1.99, 1.06, 4.39, 4.21, 4.73, 4.09, 4.70, 1.60, 2.33, 1.49, 0.86],
  xi_65 = [4.04, 3.52, 10.04, 10.84, 17.55, 0.33, 7.19, 1.74, 20.00, 22.21, 2.37, 0.10, 3.58, 0.10, 16.63, 23.26, 6.07, 8.14, 10.53, 4.05],
  xi_66 = [36.66, 1.78, 4.05, 0.10, 3.36, 1.84, 1.08, 4.98, 0.98, 8.54, 2.08, 2.58, 4.17, 0.46, 4.93, 2.25, 4.71, 1.10, 7.23, 0.10],
  xi_67 = [6.31, 3.48, 1.90, 5.70, 3.54, 7.20, 0.10, 8.72, 1.09, 10.23, 1.83, 12.31, 0.10, 0.49, 15.08, 1.96, 1.45, 12.68, 12.04, 19.71],
  xi_68 = [12.29, 18.64, 16.61, 0.24, 4.15, 2.47, 5.33, 1.31, 21.77, 7.42, 0.10, 0.95, 16.50, 10.96, 7.58, 6.49, 12.85, 23.46, 7.18, 50.00],
  xi_69 = [0.76, 6.07, 14.21, 4.80, 5.64, 0.10, 0.83, 6.65, 6.15, 1.69, 0.68, 0.99, 13.62, 4.57, 3.12, 8.09, 2.62, 5.73, 8.60, 0.34],
  xi_610 = [2.34, 15.12, 5.93, 8.13, 15.13, 9.40, 9.90, 0.10, 4.51, 0.10, 5.00, 17.88, 11.95, 10.40, 17.45, 8.79, 2.50, 11.36, 13.53, 37.99],
  xi_71 = [2.32, 18.78, 20.00, 0.10, 27.16, 26.67, 7.01, 13.62, 10.36, 5.37, 12.08, 16.88, 15.78, 9.39, 3.35, 1.01, 22.02, 13.22, 18.04, 2.00],
  xi_72 = [1.92, 2.50, 2.20, 1.90, 6.11, 0.30, 1.71, 3.60, 4.68, 5.17, 1.99, 2.50, 1.44, 14.53, 0.43, 2.32, 1.43, 2.95, 0.58, 2.40],
  xi_73 = [10.21, 50.00, 50.00, 41.36, 0.28, 6.74, 3.39, 33.75, 4.14, 4.85, 0.10, 10.73, 4.27, 1.45, 13.58, 41.77, 4.90, 3.99, 11.30, 0.10],
  xi_74 = [16.53, 9.06, 3.51, 1.85, 14.92, 0.10, 8.64, 4.13, 17.58, 7.44, 0.19, 6.74, 9.89, 0.10, 2.89, 4.46, 0.10, 6.69, 30.17, 9.68],
  xi_75 = [3.52, 2.27, 7.80, 26.66, 4.59, 6.76, 9.13, 2.95, 12.73, 3.93, 11.23, 4.59, 12.46, 0.10, 1.23, 8.07, 2.88, 10.32, 1.47, 4.36],
  xi_76 = [12.69, 9.30, 26.03, 0.10, 1.80, 12.47, 0.10, 12.97, 0.10, 13.81, 28.14, 5.44, 6.62, 3.43, 8.06, 8.94, 0.10, 21.93, 4.64, 10.96],
  xi_77 = [0.10, 0.10, 12.58, 3.11, 5.28, 13.97, 1.26, 4.03, 18.47, 14.79, 2.68, 0.10, 14.94, 31.79, 2.18, 0.10, 1.96, 17.92, 5.00, 1.31],
  xi_78 = [1.96, 1.87, 0.96, 13.60, 1.45, 13.56, 0.10, 2.36, 1.16, 3.77, 4.54, 0.32, 2.81, 2.34, 1.78, 6.05, 8.77, 1.79, 1.55, 0.47],
  xi_79 = [11.17, 4.69, 2.45, 6.81, 22.61, 12.87, 12.48, 9.07, 6.58, 39.74, 3.47, 12.90, 9.96, 24.56, 10.24, 50.00, 13.03, 3.66, 4.45, 17.35],
  xi_710 = [21.54, 5.57, 7.23, 12.83, 3.05, 0.10, 0.10, 2.75, 14.34, 0.10, 1.31, 9.86, 3.04, 1.78, 0.10, 5.83, 1.97, 3.84, 12.10, 5.50],
  xi_81 = [1.07, 48.04, 0.10, 5.20, 0.57, 0.78, 0.10, 1.65, 5.99, 0.10, 5.77, 0.69, 1.82, 20.77, 2.52, 0.90, 8.81, 7.83, 0.74, 2.15],
  xi_82 = [5.26, 0.10, 5.32, 8.48, 4.71, 3.62, 7.10, 17.76, 34.58, 9.75, 4.36, 3.20, 1.04, 50.00, 11.38, 2.36, 1.19, 0.10, 17.53, 3.53],
  xi_83 = [3.23, 3.16, 4.61, 3.65, 26.24, 7.07, 2.15, 14.14, 0.10, 11.79, 6.20, 50.00, 12.82, 7.72, 1.26, 2.08, 9.65, 0.10, 21.10, 14.01],
  xi_84 = [1.73, 0.30, 1.29, 1.32, 0.10, 0.61, 0.34, 0.26, 1.45, 0.10, 0.65, 0.10, 0.10, 0.84, 0.55, 0.44, 3.51, 1.02, 0.15, 0.34],
  xi_85 = [2.63, 3.54, 3.73, 13.54, 1.67, 2.88, 0.10, 1.62, 8.31, 5.96, 0.10, 3.88, 0.37, 1.16, 1.29, 12.71, 0.10, 1.14, 0.10, 7.11],
  xi_86 = [0.85, 1.90, 5.14, 4.58, 1.49, 1.59, 3.36, 0.53, 7.98, 5.14, 2.68, 5.43, 3.50, 5.77, 0.68, 2.87, 2.06, 5.12, 1.95, 7.86],
  xi_87 = [1.00, 2.18, 1.78, 0.10, 2.85, 3.62, 3.99, 1.64, 2.99, 0.22, 6.34, 6.16, 4.28, 2.73, 12.08, 1.65, 1.68, 5.13, 1.54, 3.01],
  xi_88 = [0.81, 2.42, 1.00, 1.34, 0.75, 0.34, 0.49, 1.04, 3.21, 0.49, 0.41, 2.95, 3.38, 1.42, 2.49, 0.52, 1.25, 0.10, 0.97, 3.70],
  xi_89 = [0.10, 0.10, 11.44, 12.80, 0.10, 1.60, 5.09, 4.11, 5.28, 7.91, 5.38, 9.34, 0.10, 4.74, 14.05, 5.05, 0.50, 48.39, 30.34, 20.47],
  xi_810 = [1.26, 1.15, 1.54, 0.27, 1.93, 0.18, 1.65, 0.31, 0.63, 1.82, 2.28, 1.45, 0.10, 1.18, 4.45, 0.92, 1.25, 1.25, 1.56, 2.45],
  xi_91 = [2.59, 2.64, 0.14, 2.58, 6.32, 0.78, 0.73, 0.48, 1.54, 4.27, 1.10, 3.15, 0.16, 3.81, 0.94, 1.96, 1.48, 0.10, 2.74, 3.83],
  xi_92 = [8.65, 0.10, 6.21, 7.23, 0.10, 1.00, 1.97, 21.14, 0.42, 9.48, 6.51, 5.96, 4.17, 3.62, 5.79, 5.21, 5.66, 0.10, 4.88, 1.78],
  xi_93 = [0.76, 3.00, 5.54, 10.02, 0.10, 12.71, 7.44, 5.38, 2.81, 0.10, 0.37, 1.55, 0.11, 13.89, 4.30, 11.42, 3.48, 1.13, 3.09, 6.39],
  xi_94 = [0.60, 0.50, 5.88, 6.50, 10.42, 4.64, 1.10, 13.89, 3.49, 6.64, 23.10, 2.14, 29.89, 7.02, 14.93, 19.30, 3.94, 7.39, 0.10, 0.10],
  xi_95 = [17.95, 7.13, 12.56, 11.32, 5.22, 9.37, 2.65, 0.10, 5.17, 11.61, 2.39, 0.10, 8.48, 6.09, 2.65, 0.80, 10.22, 9.69, 5.28, 17.68],
  xi_96 = [0.10, 7.59, 3.35, 4.38, 12.83, 7.25, 1.46, 9.26, 5.48, 15.82, 7.51, 14.15, 0.10, 1.66, 17.65, 2.91, 8.51, 12.29, 0.92, 12.24],
  xi_97 = [3.73, 12.35, 5.07, 1.53, 3.37, 33.92, 31.65, 4.42, 33.68, 5.45, 34.22, 4.02, 2.40, 9.91, 5.05, 0.10, 8.87, 5.58, 36.70, 5.83],
  xi_98 = [16.24, 30.46, 16.88, 8.52, 2.89, 5.55, 22.65, 11.72, 4.57, 36.80, 12.04, 17.44, 20.40, 0.10, 0.29, 5.42, 50.00, 18.61, 40.17, 7.08],
  xi_99 = [2.48, 4.14, 3.98, 0.49, 0.10, 2.09, 0.10, 2.70, 6.21, 3.33, 0.58, 2.66, 2.60, 1.65, 5.86, 0.82, 2.29, 1.55, 2.53, 3.27],
  xi_910 = [1.89, 0.58, 0.10, 1.03, 4.17, 0.25, 1.99, 0.68, 0.23, 0.10, 2.20, 1.05, 0.22, 2.06, 0.29, 1.43, 0.80, 0.10, 0.10, 0.78],
  xi_101 = [0.10, 0.66, 2.62, 7.88, 10.41, 11.50, 2.19, 8.35, 4.69, 11.31, 3.75, 12.58, 9.67, 20.19, 0.69, 7.93, 7.78, 1.85, 8.58, 1.14],
  xi_102 = [1.06, 0.10, 22.99, 5.79, 28.40, 14.04, 13.48, 7.28, 19.75, 9.48, 4.86, 11.35, 19.34, 13.22, 3.23, 9.05, 23.87, 9.79, 4.66, 11.21],
  xi_103 = [1.52, 36.02, 1.10, 0.10, 1.40, 3.11, 0.61, 0.27, 0.27, 1.08, 1.17, 0.46, 1.34, 0.10, 0.13, 0.46, 0.10, 2.27, 2.59, 0.71],
  xi_104 = [11.56, 9.61, 0.10, 23.39, 5.72, 9.68, 8.07, 8.71, 15.32, 23.07, 15.34, 8.46, 10.37, 18.14, 0.10, 20.83, 6.31, 9.52, 3.03, 9.66],
  xi_105 = [0.74, 0.43, 0.24, 0.97, 0.10, 3.06, 7.31, 7.13, 4.72, 0.65, 6.31, 2.51, 4.14, 1.47, 4.47, 3.23, 3.36, 9.15, 11.16, 0.60],
  xi_106 = [12.41, 9.97, 4.88, 1.85, 2.06, 4.01, 0.43, 2.13, 1.16, 5.14, 8.26, 0.33, 3.59, 5.45, 0.88, 6.34, 5.82, 0.71, 7.41, 0.10],
  xi_107 = [0.10, 0.99, 0.23, 1.86, 0.31, 0.47, 1.52, 0.56, 1.16, 0.10, 0.77, 0.11, 1.29, 2.24, 1.96, 0.89, 1.33, 1.76, 0.51, 0.65],
  xi_108 = [0.64, 0.10, 14.97, 1.24, 13.52, 11.77, 17.61, 20.83, 5.52, 2.33, 0.85, 5.74, 18.13, 6.75, 4.54, 0.42, 5.18, 11.84, 8.06, 12.56],
  xi_109 = [1.09, 1.39, 0.81, 0.10, 0.69, 1.26, 3.94, 2.47, 2.82, 2.45, 1.47, 0.75, 0.44, 3.01, 0.10, 1.70, 0.67, 2.32, 0.28, 0.10],
  xi_1010 = [3.60, 1.25, 11.32, 5.26, 4.56, 7.25, 4.01, 8.66, 0.10, 5.63, 1.50, 0.82, 2.86, 12.64, 6.37, 8.49, 5.88, 10.68, 5.54, 0.10],
  xi_111 = [11.71, 6.51, 13.55, 0.10, 4.66, 8.24, 7.28, 8.14, 13.55, 12.76, 0.10, 17.24, 1.88, 3.22, 11.75, 21.67, 0.10, 6.20, 10.05, 2.81],
  xi_112 = [1.27, 11.33, 9.00, 0.39, 3.59, 3.37, 5.72, 4.55, 1.57, 1.96, 4.86, 0.50, 20.63, 6.09, 0.45, 0.79, 2.98, 35.78, 7.40, 2.37],
  xi_113 = [29.24, 1.47, 50.00, 24.41, 1.85, 50.00, 14.79, 18.63, 28.72, 26.80, 14.31, 3.10, 11.79, 13.95, 6.52, 6.31, 0.10, 0.10, 28.19, 0.10],
  xi_114 = [2.50, 0.10, 11.12, 0.93, 10.59, 6.18, 1.02, 11.59, 4.12, 50.00, 23.52, 9.01, 11.64, 1.22, 2.12, 6.22, 34.16, 12.91, 8.77, 9.75],
  xi_115 = [6.25, 4.13, 19.91, 0.10, 12.90, 1.40, 1.69, 4.78, 0.43, 13.52, 20.85, 7.63, 2.76, 1.22, 12.64, 2.18, 15.28, 1.40, 1.67, 34.37],
  xi_116 = [8.20, 2.54, 2.89, 4.89, 1.94, 1.14, 12.33, 13.79, 0.53, 19.73, 2.76, 0.70, 1.51, 23.14, 0.78, 4.02, 7.85, 8.08, 2.72, 5.05],
  xi_117 = [5.57, 3.54, 4.63, 1.50, 5.27, 3.09, 3.78, 1.39, 2.21, 4.11, 2.77, 2.31, 6.26, 7.45, 9.71, 2.35, 0.10, 6.42, 5.77, 8.86],
  xi_118 = [5.30, 3.94, 3.55, 0.78, 0.63, 4.28, 16.64, 0.10, 0.75, 8.77, 9.20, 10.25, 7.40, 5.67, 9.38, 2.17, 2.67, 2.15, 10.61, 0.10],
  xi_119 = [27.41, 5.78, 12.13, 2.18, 2.47, 8.43, 10.31, 11.14, 5.16, 6.16, 7.94, 7.47, 9.98, 6.69, 4.01, 13.68, 4.46, 5.71, 10.22, 4.56],
  xi_1110 = [3.11, 6.28, 11.46, 14.58, 5.80, 33.61, 10.42, 3.53, 2.42, 13.09, 7.74, 7.96, 4.36, 10.46, 9.81, 0.10, 23.26, 3.60, 1.99, 7.47],
  xi_121 = [10.24, 5.98, 37.82, 4.13, 4.61, 3.03, 9.48, 7.64, 2.37, 50.00, 4.44, 6.96, 7.03, 0.10, 4.38, 3.89, 18.10, 0.10, 3.32, 15.03],
  xi_122 = [1.52, 7.35, 11.32, 0.10, 1.27, 2.61, 2.22, 13.48, 4.37, 5.66, 1.05, 0.10, 2.38, 1.56, 1.58, 0.88, 7.53, 3.69, 0.50, 3.36],
  xi_123 = [3.08, 1.12, 5.83, 4.01, 3.09, 6.43, 0.82, 2.78, 8.32, 5.72, 7.63, 1.07, 6.53, 0.10, 3.95, 1.80, 3.44, 0.10, 1.49, 5.13],
  xi_124 = [1.15, 0.68, 4.30, 2.78, 4.08, 0.66, 1.32, 4.11, 1.39, 4.71, 1.46, 1.51, 0.76, 0.81, 2.38, 0.62, 0.51, 0.78, 0.83, 0.10],
  xi_125 = [10.71, 3.61, 7.99, 11.96, 3.26, 24.84, 9.84, 3.51, 10.91, 2.55, 12.72, 3.58, 9.78, 7.05, 2.48, 2.22, 2.27, 0.10, 5.78, 1.98],
  xi_126 = [15.83, 2.12, 9.44, 18.49, 3.03, 7.52, 13.06, 15.33, 12.92, 1.76, 12.11, 9.39, 0.84, 6.03, 3.98, 4.54, 17.08, 10.65, 2.88, 2.81],
  xi_127 = [0.10, 0.96, 1.38, 3.08, 0.10, 0.86, 0.65, 0.62, 2.04, 1.71, 0.49, 0.10, 4.72, 0.99, 1.35, 2.13, 1.48, 0.63, 2.36, 3.01],
  xi_128 = [11.68, 3.16, 3.22, 1.58, 34.93, 6.83, 4.75, 4.60, 3.97, 8.57, 16.84, 2.37, 10.43, 8.41, 3.10, 0.10, 5.68, 0.10, 10.76, 15.40],
  xi_129 = [0.76, 4.05, 0.10, 2.40, 1.38, 8.14, 6.58, 0.71, 0.78, 5.04, 2.98, 2.32, 2.38, 2.51, 0.10, 6.50, 4.75, 2.47, 4.16, 2.90],
  xi_1210 = [18.16, 1.78, 2.84, 0.10, 9.00, 9.85, 0.84, 18.14, 0.10, 3.32, 0.10, 3.43, 2.84, 3.70, 5.60, 0.69, 1.91, 1.38, 8.55, 0.43],
  xi_131 = [0.67, 0.10, 0.10, 3.98, 7.18, 8.20, 13.92, 1.43, 11.41, 11.36, 27.91, 1.89, 10.36, 2.70, 4.13, 36.63, 13.13, 16.91, 7.53, 3.62],
  xi_132 = [8.82, 2.11, 10.58, 1.78, 10.28, 2.84, 23.33, 10.25, 17.54, 38.02, 14.03, 6.34, 1.67, 14.78, 12.37, 50.00, 4.68, 10.31, 21.51, 8.82],
  xi_133 = [1.66, 2.97, 6.26, 2.52, 0.10, 1.18, 4.47, 0.71, 3.43, 2.18, 0.14, 6.14, 3.93, 2.57, 3.77, 0.40, 2.05, 0.54, 0.64, 5.21],
  xi_134 = [0.10, 1.90, 20.62, 2.98, 13.12, 3.78, 15.46, 6.96, 4.34, 3.11, 12.22, 10.90, 3.72, 0.10, 1.19, 10.96, 13.24, 3.27, 10.24, 9.43],
  xi_135 = [0.10, 2.57, 16.74, 6.82, 21.01, 6.84, 17.37, 21.73, 20.99, 0.10, 9.52, 11.96, 35.24, 20.54, 9.16, 0.10, 0.10, 1.33, 8.14, 9.48],
  xi_136 = [0.29, 5.66, 2.09, 7.42, 0.10, 7.39, 15.34, 4.25, 3.84, 5.11, 0.99, 4.29, 6.61, 0.77, 2.64, 8.28, 4.25, 4.48, 0.10, 6.83],
  xi_137 = [10.23, 8.23, 1.25, 18.15, 13.66, 17.09, 8.03, 6.05, 7.70, 6.68, 11.79, 1.99, 15.21, 16.69, 16.69, 45.53, 13.86, 6.89, 11.33, 3.33],
  xi_138 = [0.10, 3.81, 2.77, 42.55, 21.31, 8.76, 12.47, 2.47, 45.27, 35.08, 45.13, 8.52, 13.20, 6.88, 4.44, 50.00, 3.25, 5.73, 2.69, 3.01],
  xi_139 = [0.64, 1.25, 1.25, 2.17, 1.05, 3.06, 1.39, 0.93, 1.50, 0.67, 0.10, 0.45, 0.57, 5.63, 6.43, 0.26, 0.10, 2.31, 1.63, 1.58],
  xi_1310 = [4.57, 6.33, 3.73, 1.53, 0.10, 5.80, 2.74, 0.10, 7.98, 7.98, 3.60, 0.10, 4.16, 0.10, 4.39, 38.61, 11.54, 3.82, 0.59, 16.95],
  xi_141 = [5.69, 2.57, 0.10, 6.59, 3.36, 24.29, 13.24, 2.24, 13.11, 4.27, 20.31, 50.00, 11.85, 15.29, 3.08, 19.68, 12.86, 18.47, 8.04, 0.10],
  xi_142 = [9.24, 4.23, 5.31, 9.85, 1.42, 3.60, 4.24, 11.63, 6.15, 1.55, 3.38, 5.41, 13.04, 1.50, 8.78, 9.92, 6.19, 2.68, 2.01, 13.00],
  xi_143 = [11.87, 4.02, 0.10, 0.10, 32.86, 18.46, 2.17, 13.78, 9.70, 2.78, 8.61, 12.10, 14.21, 15.49, 8.69, 3.51, 12.33, 10.68, 10.85, 21.58],
  xi_144 = [2.32, 1.60, 8.82, 12.49, 1.14, 13.71, 6.78, 8.46, 14.45, 15.06, 9.81, 27.05, 5.92, 3.86, 9.37, 0.10, 9.40, 3.40, 5.75, 20.78],
  xi_145 = [11.20, 13.69, 6.44, 2.07, 0.10, 9.10, 1.85, 0.10, 3.01, 4.32, 7.24, 13.25, 5.30, 15.01, 19.04, 3.51, 18.75, 12.34, 3.25, 12.61],
  xi_146 = [29.67, 34.18, 22.78, 16.82, 33.76, 20.85, 9.57, 50.00, 25.51, 12.46, 19.72, 3.73, 26.17, 14.69, 5.69, 0.10, 10.02, 0.55, 3.58, 9.64],
  xi_147 = [0.35, 6.77, 11.02, 4.27, 10.24, 0.86, 0.10, 0.55, 6.29, 6.21, 3.91, 1.77, 1.93, 4.18, 8.01, 1.16, 3.76, 1.14, 2.20, 9.82],
  xi_148 = [4.43, 0.10, 0.96, 16.75, 0.10, 0.10, 7.15, 0.10, 6.75, 11.28, 12.62, 6.18, 1.44, 1.55, 11.39, 17.57, 3.80, 4.09, 0.10, 9.11],
  xi_149 = [13.81, 4.30, 7.73, 19.72, 19.81, 2.83, 7.32, 20.17, 22.40, 8.35, 8.84, 9.44, 14.48, 22.20, 14.97, 2.34, 6.43, 12.94, 5.98, 2.93],
  xi_1410 = [2.95, 20.57, 2.94, 5.76, 2.34, 1.93, 5.52, 9.55, 0.10, 3.40, 3.49, 3.56, 6.29, 2.67, 2.61, 8.87, 0.61, 7.12, 3.44, 6.67],
  xi_151 = [1.06, 1.34, 1.75, 1.47, 0.10, 0.45, 0.86, 1.08, 1.42, 0.63, 1.39, 1.52, 0.28, 0.10, 1.20, 0.35, 2.86, 0.28, 0.89, 1.06],
  xi_152 = [3.70, 0.10, 1.16, 0.10, 13.47, 7.30, 10.14, 0.70, 7.25, 5.23, 6.25, 2.21, 5.75, 4.51, 7.79, 0.10, 6.14, 7.19, 9.14, 1.29],
  xi_153 = [18.63, 6.57, 0.10, 1.02, 8.30, 1.23, 20.94, 3.15, 7.83, 0.10, 11.42, 16.18, 12.27, 2.99, 0.34, 13.84, 1.86, 12.38, 0.99, 7.59],
  xi_154 = [6.52, 9.64, 2.94, 4.24, 21.42, 8.63, 14.73, 18.86, 8.53, 50.00, 5.37, 12.34, 18.87, 3.00, 6.04, 8.57, 3.20, 50.00, 12.05, 3.34],
  xi_155 = [1.37, 3.51, 13.67, 15.11, 2.87, 8.13, 5.03, 7.51, 2.84, 4.32, 8.83, 11.58, 30.82, 22.02, 22.34, 9.44, 1.71, 8.35, 5.40, 31.12],
  xi_156 = [0.39, 4.08, 0.38, 0.10, 2.15, 0.37, 7.68, 0.77, 2.37, 0.67, 0.28, 1.51, 2.57, 4.99, 0.91, 1.43, 0.50, 2.29, 0.20, 0.34],
  xi_157 = [3.04, 1.13, 3.13, 0.10, 6.71, 9.08, 1.81, 4.19, 9.15, 6.10, 0.10, 5.33, 4.26, 7.88, 2.40, 0.10, 0.70, 4.54, 0.28, 2.52],
  xi_158 = [2.52, 4.72, 2.26, 0.78, 1.31, 5.01, 2.63, 5.73, 2.03, 4.75, 1.32, 2.79, 2.10, 4.71, 6.42, 2.68, 5.18, 0.43, 1.62, 6.46],
  xi_159 = [10.18, 13.37, 7.24, 0.10, 38.66, 0.10, 5.47, 4.83, 11.03, 1.81, 14.66, 4.77, 2.99, 4.66, 14.97, 24.42, 3.97, 1.79, 8.41, 11.44],
  xi_1510 = [23.80, 0.34, 26.98, 18.99, 6.16, 12.75, 3.20, 26.06, 13.76, 3.77, 10.09, 4.75, 22.93, 23.53, 22.71, 21.31, 0.10, 5.51, 0.10, 11.12],
  xi_161 = [10.03, 16.96, 11.85, 5.59, 9.52, 4.23, 9.85, 1.72, 15.63, 11.31, 10.53, 4.35, 12.59, 50.00, 0.10, 5.47, 12.89, 8.02, 0.10, 4.04],
  xi_162 = [5.31, 19.27, 4.62, 3.25, 10.89, 5.50, 6.94, 0.45, 2.38, 4.60, 5.73, 4.17, 6.52, 8.69, 6.62, 5.80, 7.27, 9.41, 12.21, 4.16],
  xi_163 = [5.49, 4.93, 5.17, 3.18, 1.74, 0.10, 2.75, 0.44, 2.51, 5.22, 1.73, 3.50, 7.84, 3.53, 3.62, 3.24, 1.37, 4.83, 3.21, 1.65],
  xi_164 = [1.32, 1.88, 0.49, 1.09, 0.10, 0.54, 4.18, 4.03, 3.11, 12.78, 1.41, 4.09, 4.46, 1.17, 4.50, 2.31, 2.63, 1.29, 3.28, 12.19],
  xi_165 = [10.83, 3.24, 0.10, 9.56, 0.10, 16.20, 1.57, 8.90, 0.10, 17.50, 9.48, 7.97, 22.47, 12.20, 10.47, 5.45, 1.16, 21.28, 24.16, 4.69],
  xi_166 = [11.92, 4.25, 14.83, 6.37, 6.09, 5.76, 3.10, 19.74, 1.84, 7.81, 17.41, 2.91, 4.90, 9.35, 14.37, 1.95, 4.68, 16.30, 0.73, 6.26],
  xi_167 = [0.10, 7.67, 9.28, 13.00, 1.87, 15.22, 1.19, 0.10, 6.51, 4.43, 9.54, 7.23, 10.28, 0.96, 1.59, 5.35, 5.42, 7.81, 2.17, 8.45],
  xi_168 = [8.97, 4.64, 11.75, 17.49, 0.84, 4.72, 7.03, 11.41, 7.87, 3.93, 1.20, 12.56, 1.63, 6.75, 2.11, 0.10, 0.10, 0.10, 1.88, 4.28],
  xi_169 = [12.42, 11.25, 13.31, 5.11, 11.83, 0.10, 25.72, 3.58, 16.73, 2.80, 14.82, 0.10, 6.80, 12.21, 4.78, 0.10, 0.10, 5.59, 10.13, 5.65],
  xi_1610 = [11.24, 2.90, 1.74, 0.63, 1.54, 15.21, 5.55, 1.99, 5.24, 10.47, 8.49, 2.12, 9.40, 0.10, 10.04, 50.00, 7.36, 5.92, 0.49, 1.76],
  xi_171 = [6.38, 1.33, 8.46, 7.66, 13.52, 10.14, 22.26, 0.10, 12.12, 0.55, 3.66, 1.70, 24.95, 5.82, 14.49, 5.20, 4.60, 16.95, 6.89, 26.12],
  xi_172 = [24.07, 0.10, 2.18, 2.34, 3.60, 1.76, 3.71, 2.39, 6.01, 3.63, 2.68, 9.75, 5.84, 0.25, 0.58, 1.35, 4.58, 1.45, 1.83, 1.39],
  xi_173 = [0.57, 1.23, 0.14, 2.79, 0.42, 1.12, 0.68, 2.16, 0.96, 1.35, 1.17, 1.09, 0.94, 0.10, 0.10, 1.54, 0.39, 1.06, 0.79, 1.49],
  xi_174 = [3.00, 9.41, 0.10, 0.82, 5.71, 5.22, 3.94, 9.49, 4.03, 5.38, 2.24, 3.36, 1.87, 2.84, 2.90, 2.40, 3.39, 1.76, 4.05, 9.50],
  xi_175 = [46.54, 7.76, 6.25, 23.96, 35.12, 5.95, 8.03, 25.17, 8.00, 2.13, 0.10, 2.37, 15.76, 26.44, 25.61, 17.22, 8.94, 11.59, 12.12, 18.66],
  xi_176 = [13.14, 1.64, 13.75, 10.23, 23.15, 0.10, 11.15, 8.36, 0.10, 0.10, 4.30, 4.28, 23.66, 14.92, 0.10, 0.10, 27.12, 18.05, 20.62, 5.32],
  xi_177 = [7.82, 5.18, 0.60, 12.41, 9.95, 7.09, 0.10, 5.77, 8.47, 3.03, 10.33, 3.53, 0.10, 9.34, 0.38, 4.76, 3.50, 2.34, 3.37, 5.85],
  xi_178 = [3.68, 16.32, 3.42, 6.92, 7.39, 2.84, 4.79, 1.50, 10.82, 18.40, 12.89, 1.09, 2.52, 27.58, 17.65, 3.77, 2.04, 2.01, 16.78, 10.14],
  xi_179 = [0.10, 1.83, 0.34, 1.33, 0.47, 1.07, 0.10, 2.45, 1.40, 1.12, 0.40, 1.92, 0.18, 2.87, 0.10, 0.19, 1.09, 3.02, 2.33, 0.19],
  xi_1710 = [4.65, 6.78, 4.76, 1.31, 3.58, 2.12, 16.67, 7.17, 6.98, 7.80, 2.39, 8.52, 7.72, 10.90, 0.10, 4.50, 1.12, 9.13, 1.68, 14.94],
  xi_181 = [41.60, 5.88, 4.45, 3.97, 5.85, 4.12, 15.81, 11.61, 1.21, 31.95, 4.11, 10.12, 3.09, 0.10, 8.40, 1.79, 0.10, 12.25, 20.27, 8.71],
  xi_182 = [3.94, 13.39, 9.18, 1.77, 6.64, 3.07, 5.87, 6.61, 1.24, 7.13, 6.99, 9.53, 2.54, 8.92, 6.19, 7.42, 46.09, 1.17, 0.54, 10.03],
  xi_183 = [3.12, 23.55, 6.25, 0.91, 9.66, 2.49, 8.06, 2.67, 1.31, 2.46, 8.24, 2.36, 0.99, 4.63, 2.47, 0.10, 0.10, 8.22, 12.99, 6.28],
  xi_184 = [0.37, 8.12, 0.58, 0.50, 0.47, 1.04, 0.10, 1.73, 1.72, 3.00, 2.03, 0.71, 1.71, 0.54, 0.64, 0.73, 1.47, 2.30, 1.51, 0.93],
  xi_185 = [1.92, 12.86, 3.82, 13.50, 13.11, 0.10, 21.49, 8.39, 19.80, 39.79, 15.23, 3.66, 5.67, 7.20, 15.18, 6.07, 3.09, 0.10, 9.14, 2.03],
  xi_186 = [9.27, 5.31, 6.48, 3.13, 2.06, 0.10, 4.09, 11.08, 0.10, 26.59, 37.56, 8.26, 2.04, 17.61, 14.18, 14.65, 8.95, 12.70, 3.24, 14.29],
  xi_187 = [5.92, 0.56, 0.10, 2.98, 5.72, 0.10, 9.13, 1.59, 22.15, 5.65, 3.56, 6.66, 8.93, 3.22, 4.15, 6.35, 2.67, 8.67, 15.55, 21.57],
  xi_188 = [16.73, 0.10, 0.10, 1.90, 7.21, 3.09, 17.16, 1.17, 6.43, 15.19, 6.48, 8.96, 8.60, 5.64, 15.45, 6.70, 0.37, 24.74, 24.67, 5.48],
  xi_189 = [4.82, 2.77, 4.20, 0.10, 0.10, 4.10, 4.79, 3.32, 0.37, 0.30, 2.10, 2.56, 0.88, 1.75, 0.10, 1.57, 3.60, 34.51, 3.02, 0.49],
  xi_1810 = [14.43, 17.18, 3.30, 12.38, 4.86, 7.57, 0.10, 4.37, 12.99, 0.10, 0.10, 9.63, 38.74, 13.40, 8.17, 10.04, 6.91, 6.93, 17.31, 7.05],
  xi_191 = [12.30, 6.96, 0.10, 0.10, 7.50, 3.26, 5.20, 0.10, 6.09, 5.41, 7.73, 3.40, 13.00, 7.56, 17.39, 23.01, 14.91, 0.10, 11.30, 1.22],
  xi_192 = [15.06, 28.90, 1.60, 31.94, 19.15, 13.06, 15.39, 0.10, 27.61, 5.06, 14.44, 0.10, 9.40, 48.04, 8.55, 5.81, 33.51, 12.56, 13.67, 50.00],
  xi_193 = [8.99, 6.58, 2.51, 0.10, 0.10, 11.08, 10.56, 19.39, 11.00, 0.81, 1.33, 13.62, 4.44, 7.62, 0.10, 5.71, 4.25, 3.58, 4.35, 5.16],
  xi_194 = [10.03, 1.19, 0.82, 1.65, 0.10, 0.80, 2.47, 0.67, 0.10, 1.08, 0.63, 2.43, 7.03, 6.81, 0.10, 4.64, 1.59, 8.13, 3.04, 0.77],
  xi_195 = [1.36, 6.58, 4.08, 10.62, 18.38, 0.66, 3.81, 8.69, 3.85, 2.31, 17.94, 3.91, 10.86, 12.25, 13.55, 10.46, 8.08, 6.79, 23.51, 11.84],
  xi_196 = [1.21, 0.53, 0.90, 1.10, 2.44, 1.27, 5.75, 0.10, 0.93, 1.02, 1.02, 2.13, 0.10, 2.02, 1.74, 2.48, 2.45, 0.99, 0.10, 1.57],
  xi_197 = [16.48, 2.63, 15.66, 14.99, 0.10, 0.10, 5.85, 11.77, 11.80, 3.11, 0.10, 24.67, 16.24, 0.10, 4.71, 21.96, 1.37, 12.13, 17.59, 13.32],
  xi_198 = [0.15, 2.21, 1.30, 2.29, 0.52, 0.77, 0.24, 0.17, 1.46, 1.44, 1.40, 0.10, 3.25, 1.43, 0.24, 0.30, 0.24, 2.24, 6.68, 1.81],
  xi_199 = [6.19, 1.59, 3.82, 7.40, 3.47, 4.94, 12.97, 11.36, 8.98, 0.10, 15.30, 4.29, 2.90, 0.89, 7.57, 10.51, 0.10, 15.12, 1.36, 1.16],
  xi_1910 = [24.82, 12.67, 14.47, 9.22, 6.11, 6.60, 2.54, 4.02, 8.84, 7.95, 2.80, 20.99, 6.88, 14.98, 22.33, 14.37, 5.48, 11.96, 18.68, 15.43],
  xi_201 = [1.28, 0.10, 0.65, 2.96, 0.61, 0.49, 15.41, 0.48, 1.48, 4.27, 3.18, 4.27, 7.35, 0.15, 4.18, 0.10, 0.10, 6.76, 1.04, 5.26],
  xi_202 = [0.84, 1.76, 1.29, 0.82, 5.32, 0.33, 0.81, 0.14, 7.59, 2.69, 1.31, 0.67, 1.27, 0.88, 1.31, 0.68, 0.95, 0.45, 2.09, 1.17],
  xi_203 = [10.96, 6.94, 3.44, 7.13, 4.51, 0.50, 11.54, 0.92, 5.59, 4.80, 1.87, 22.94, 5.45, 11.20, 1.00, 3.83, 1.97, 12.92, 5.52, 16.20],
  xi_204 = [15.34, 12.49, 11.10, 15.32, 8.79, 3.80, 22.38, 50.00, 9.36, 3.78, 9.71, 9.92, 8.25, 0.10, 12.84, 11.20, 3.57, 21.69, 13.64, 0.10],
  xi_205 = [6.64, 4.29, 13.41, 0.10, 6.33, 1.47, 34.81, 14.29, 0.10, 29.09, 15.87, 12.84, 25.72, 2.11, 0.10, 0.10, 0.28, 6.78, 9.68, 7.64],
  xi_206 = [12.16, 18.69, 3.69, 3.19, 1.98, 1.31, 5.81, 4.97, 0.10, 0.45, 18.66, 1.45, 13.01, 3.26, 0.34, 0.10, 4.89, 8.58, 22.90, 3.07],
  xi_207 = [6.61, 3.12, 6.55, 3.70, 9.14, 3.63, 6.28, 0.10, 0.10, 9.00, 10.94, 5.23, 7.89, 4.49, 8.40, 5.64, 0.39, 6.28, 2.83, 6.03],
  xi_208 = [0.10, 1.73, 1.53, 0.79, 5.10, 0.81, 0.86, 0.39, 12.72, 1.71, 0.10, 0.10, 2.53, 5.30, 4.95, 7.50, 5.63, 5.59, 3.71, 2.58],
  xi_209 = [3.58, 3.21, 11.25, 6.84, 8.66, 13.04, 9.01, 3.69, 5.72, 7.84, 45.87, 12.12, 10.78, 11.61, 1.20, 4.62, 20.20, 6.98, 2.83, 1.26],
  xi_2010 = [0.53, 6.99, 0.10, 12.61, 22.20, 1.44, 0.91, 50.00, 0.10, 16.31, 20.71, 9.27, 18.64, 10.50, 3.52, 2.79, 0.10, 8.42, 2.14, 3.89],
  xi_211 = [9.00, 0.10, 8.66, 13.75, 5.71, 9.25, 22.08, 14.15, 0.10, 21.08, 3.66, 0.10, 0.10, 0.10, 0.44, 1.87, 15.36, 10.72, 33.94, 15.45],
  xi_212 = [13.00, 16.21, 39.24, 13.70, 6.46, 5.65, 0.10, 2.27, 22.95, 28.40, 21.19, 0.71, 20.74, 2.21, 1.51, 8.67, 17.33, 24.68, 14.84, 10.68],
  xi_213 = [8.81, 20.66, 6.90, 9.37, 9.32, 16.70, 10.21, 0.10, 5.63, 7.30, 4.70, 0.10, 6.18, 0.10, 15.90, 6.93, 4.53, 15.67, 11.86, 2.65],
  xi_214 = [1.02, 1.08, 10.19, 3.20, 2.87, 3.72, 2.72, 3.22, 4.06, 5.84, 2.84, 1.93, 0.48, 1.42, 0.82, 0.10, 0.10, 0.47, 4.23, 0.10],
  xi_215 = [28.93, 3.32, 0.10, 17.43, 1.70, 9.56, 15.16, 8.61, 8.10, 3.43, 2.31, 9.99, 0.10, 5.69, 0.10, 7.65, 7.82, 0.10, 0.10, 14.66],
  xi_216 = [1.12, 0.26, 0.46, 1.78, 0.86, 0.90, 1.49, 0.62, 0.10, 1.33, 0.42, 0.10, 1.63, 4.29, 0.10, 1.20, 0.33, 3.64, 3.51, 0.48],
  xi_217 = [1.70, 0.63, 1.79, 1.93, 0.99, 0.10, 1.60, 0.80, 0.28, 0.55, 0.88, 0.61, 2.02, 1.56, 2.34, 1.98, 0.63, 2.73, 2.02, 1.56],
  xi_218 = [11.08, 4.92, 4.04, 9.88, 5.03, 5.88, 50.00, 7.23, 7.88, 5.08, 12.77, 2.14, 8.83, 10.05, 3.91, 12.26, 7.90, 29.25, 21.21, 9.74],
  xi_219 = [10.25, 30.55, 5.27, 5.74, 6.55, 12.48, 46.28, 4.51, 7.24, 7.38, 14.46, 11.00, 9.11, 15.05, 19.10, 12.53, 13.89, 17.82, 30.48, 28.23],
  xi_2110 = [11.47, 0.28, 4.98, 3.83, 10.68, 3.99, 0.10, 0.10, 8.31, 2.92, 8.07, 3.77, 5.68, 1.31, 12.07, 3.34, 1.97, 1.92, 10.72, 1.16],
  xi_221 = [5.94, 9.49, 11.25, 2.51, 12.73, 7.17, 4.62, 27.78, 3.35, 14.95, 17.32, 5.31, 8.58, 0.64, 7.47, 1.93, 35.25, 8.98, 36.94, 6.61],
  xi_222 = [0.45, 0.10, 0.96, 1.50, 0.10, 0.31, 0.14, 0.89, 0.17, 0.43, 0.56, 2.45, 3.51, 0.56, 0.63, 1.58, 2.26, 1.18, 0.10, 2.07],
  xi_223 = [16.23, 3.30, 3.00, 0.10, 17.55, 7.35, 17.72, 2.56, 10.28, 18.76, 4.00, 15.61, 5.94, 6.36, 13.70, 16.29, 4.85, 11.03, 4.81, 24.58],
  xi_224 = [8.25, 7.87, 5.74, 3.71, 8.42, 2.85, 1.52, 3.98, 1.55, 5.14, 3.39, 0.50, 0.10, 1.36, 1.17, 0.10, 2.60, 1.92, 1.72, 3.27],
  xi_225 = [4.11, 8.15, 20.88, 1.22, 0.10, 3.26, 4.78, 1.56, 9.21, 0.98, 8.53, 3.27, 4.71, 12.72, 9.05, 2.07, 0.10, 5.23, 2.71, 0.48],
  xi_226 = [24.87, 1.44, 49.67, 37.29, 13.01, 16.45, 6.66, 11.17, 49.30, 1.94, 32.20, 1.79, 0.10, 17.86, 16.81, 0.10, 6.98, 12.42, 2.65, 9.55],
  xi_227 = [50.00, 9.01, 8.77, 5.91, 14.29, 31.82, 3.50, 28.12, 9.96, 19.67, 0.10, 13.96, 22.21, 10.58, 2.67, 15.24, 16.19, 4.21, 12.23, 17.50],
  xi_228 = [14.52, 13.05, 14.20, 4.00, 6.06, 36.08, 17.20, 4.11, 1.58, 2.13, 19.05, 23.67, 0.10, 0.10, 10.81, 27.34, 16.75, 28.21, 0.10, 11.20],
  xi_229 = [6.72, 4.73, 5.25, 1.84, 6.86, 5.38, 6.72, 5.67, 2.62, 9.06, 16.68, 4.12, 2.27, 0.73, 17.95, 15.30, 0.10, 9.67, 7.14, 2.60],
  xi_2210 = [17.54, 4.55, 39.39, 28.25, 50.00, 10.12, 7.44, 4.63, 26.00, 14.96, 0.10, 6.69, 5.12, 10.25, 1.52, 2.14, 16.63, 25.29, 0.10, 0.10],
  xi_231 = [5.93, 9.22, 4.75, 5.05, 6.40, 12.46, 1.56, 0.10, 1.66, 33.23, 19.73, 14.19, 0.79, 4.25, 15.05, 4.06, 0.10, 1.31, 0.10, 13.66],
  xi_232 = [8.80, 4.55, 7.06, 1.03, 5.01, 0.89, 7.37, 13.00, 1.97, 5.74, 6.15, 4.95, 0.10, 5.22, 2.38, 1.56, 6.62, 1.88, 12.47, 2.48],
  xi_233 = [1.99, 2.44, 0.45, 1.31, 3.06, 0.76, 0.77, 2.05, 0.10, 0.10, 1.31, 1.11, 8.45, 1.64, 0.22, 3.44, 0.10, 1.29, 0.59, 1.73],
  xi_234 = [8.73, 0.10, 3.81, 12.49, 15.25, 0.10, 8.35, 5.84, 4.48, 1.19, 8.05, 4.03, 4.95, 3.72, 7.90, 14.30, 4.40, 8.50, 6.22, 2.64],
  xi_235 = [12.28, 10.45, 0.10, 0.10, 11.23, 4.87, 17.16, 28.03, 17.51, 3.41, 4.87, 3.70, 9.44, 11.57, 7.00, 27.30, 34.40, 16.32, 17.46, 3.20],
  xi_236 = [13.04, 4.31, 13.95, 50.00, 2.55, 0.10, 28.75, 18.18, 19.17, 10.30, 3.15, 7.63, 17.48, 22.91, 2.04, 4.45, 10.15, 18.09, 7.22, 2.13],
  xi_237 = [4.45, 0.10, 3.04, 4.78, 3.21, 0.82, 0.83, 1.57, 2.28, 0.35, 1.97, 1.15, 2.09, 6.29, 2.39, 8.66, 0.41, 3.99, 1.94, 1.01],
  xi_238 = [1.07, 0.92, 2.26, 1.47, 0.98, 0.98, 0.10, 0.10, 0.58, 1.61, 2.89, 0.55, 1.50, 2.08, 10.85, 0.10, 1.56, 0.97, 0.59, 0.46],
  xi_239 = [1.75, 4.86, 0.10, 5.97, 5.11, 8.70, 0.10, 8.80, 5.23, 8.89, 6.44, 4.08, 4.61, 0.10, 1.78, 1.01, 0.57, 4.84, 1.42, 0.10],
  xi_2310 = [7.37, 8.48, 14.75, 2.36, 2.41, 1.64, 1.08, 15.47, 4.62, 4.22, 6.93, 14.12, 15.77, 16.94, 5.19, 14.07, 4.49, 49.76, 5.42, 10.12],
  xi_241 = [0.90, 1.06, 0.15, 0.22, 1.38, 0.34, 0.10, 4.67, 0.78, 1.89, 1.65, 0.37, 0.45, 1.05, 0.76, 2.77, 1.16, 1.85, 3.28, 0.10],
  xi_242 = [4.93, 1.68, 15.38, 0.43, 0.33, 5.07, 0.79, 7.01, 6.08, 0.10, 5.89, 4.23, 3.71, 1.78, 0.10, 2.41, 16.53, 8.76, 0.68, 5.74],
  xi_243 = [40.25, 0.50, 8.01, 0.94, 5.56, 14.66, 6.69, 3.04, 1.32, 9.60, 8.05, 5.39, 4.64, 4.25, 7.83, 1.68, 2.73, 12.48, 3.99, 2.14],
  xi_244 = [0.63, 0.10, 1.69, 2.41, 1.16, 0.89, 0.10, 4.79, 2.69, 2.38, 11.72, 1.34, 4.99, 0.10, 0.13, 4.55, 9.02, 1.30, 4.66, 0.10],
  xi_245 = [1.55, 3.11, 24.29, 4.29, 0.10, 1.77, 9.51, 0.91, 14.44, 4.40, 22.63, 3.50, 3.66, 5.70, 3.01, 2.92, 8.94, 7.35, 0.62, 8.05],
  xi_246 = [1.45, 2.59, 1.43, 1.96, 0.35, 6.28, 1.09, 2.70, 13.96, 0.10, 0.10, 1.98, 4.38, 0.27, 0.33, 0.93, 2.73, 0.42, 3.85, 1.46],
  xi_247 = [11.34, 5.00, 0.51, 0.43, 6.08, 0.27, 4.84, 2.97, 1.42, 0.10, 17.43, 1.55, 1.23, 2.18, 5.40, 3.48, 1.53, 4.11, 0.68, 2.79],
  xi_248 = [20.96, 3.21, 50.00, 0.10, 7.22, 5.89, 13.98, 13.01, 25.28, 28.68, 8.68, 8.94, 17.66, 12.48, 13.56, 7.46, 2.71, 21.90, 0.10, 10.83],
  xi_249 = [16.99, 5.17, 3.16, 6.31, 8.40, 35.18, 0.10, 0.10, 15.18, 4.38, 3.54, 0.10, 0.10, 0.10, 3.53, 18.00, 14.60, 20.46, 10.18, 0.10],
  xi_2410 = [3.24, 2.02, 2.15, 1.81, 2.66, 5.29, 1.73, 2.12, 0.79, 0.22, 3.34, 1.92, 0.65, 1.88, 5.69, 0.34, 6.58, 0.10, 0.10, 1.86],
  xi_251 = [18.50, 16.59, 18.15, 47.06, 2.29, 0.10, 50.00, 7.19, 17.63, 14.63, 22.43, 13.76, 13.77, 5.09, 4.22, 15.34, 9.78, 12.14, 1.92, 2.68],
  xi_252 = [2.26, 9.45, 3.54, 3.06, 6.52, 4.50, 1.90, 0.23, 6.64, 0.82, 1.83, 0.10, 0.10, 2.58, 2.41, 0.16, 7.56, 3.09, 1.86, 2.30],
  xi_253 = [2.89, 2.87, 5.80, 17.83, 3.25, 1.83, 1.93, 2.70, 6.14, 1.81, 0.10, 0.10, 6.45, 0.60, 5.48, 1.24, 1.58, 0.10, 0.10, 5.78],
  xi_254 = [6.26, 6.04, 4.00, 4.59, 3.28, 7.17, 2.56, 0.10, 6.75, 9.75, 0.10, 7.86, 1.49, 0.95, 5.40, 12.78, 9.71, 2.19, 6.66, 0.56],
  xi_255 = [8.42, 11.55, 21.38, 5.64, 17.45, 5.98, 12.15, 1.85, 2.08, 7.85, 5.97, 12.77, 3.26, 3.16, 3.24, 0.61, 9.55, 1.92, 3.49, 3.28],
  xi_256 = [22.64, 14.11, 10.45, 3.07, 20.74, 17.02, 0.10, 2.60, 5.29, 17.97, 0.10, 2.39, 13.44, 12.06, 3.80, 17.26, 12.85, 5.53, 6.08, 7.83],
  xi_257 = [3.03, 1.23, 0.47, 0.94, 0.92, 1.28, 1.36, 0.31, 0.10, 1.59, 1.21, 4.61, 0.36, 1.66, 0.99, 0.10, 8.13, 1.56, 1.36, 3.75],
  xi_258 = [50.00, 11.26, 14.86, 9.74, 39.56, 0.10, 14.54, 15.31, 11.11, 18.78, 2.74, 12.15, 3.05, 4.97, 3.51, 5.85, 5.23, 1.84, 13.29, 0.18],
  xi_259 = [0.59, 0.85, 1.22, 0.10, 3.69, 0.11, 0.72, 0.73, 0.52, 2.88, 1.33, 0.78, 0.10, 1.50, 2.69, 1.61, 0.29, 2.09, 1.57, 0.40],
  xi_2510 = [1.54, 0.16, 0.34, 1.70, 0.61, 0.75, 0.26, 0.10, 2.31, 1.52, 0.69, 1.33, 0.46, 1.03, 1.34, 2.06, 3.71, 0.13, 0.17, 1.18],
  xi_261 = [4.89, 14.17, 0.85, 0.10, 0.90, 0.10, 0.30, 6.17, 1.99, 0.39, 0.68, 1.26, 1.72, 1.01, 3.30, 2.71, 0.10, 1.15, 4.80, 0.10],
  xi_262 = [2.23, 1.17, 1.27, 0.11, 2.68, 0.92, 4.54, 3.23, 3.71, 3.04, 7.30, 6.69, 1.24, 2.21, 4.27, 0.90, 3.18, 3.08, 1.58, 3.94],
  xi_263 = [0.10, 11.87, 2.21, 7.06, 7.32, 2.88, 0.10, 10.45, 18.78, 12.21, 4.71, 3.51, 0.10, 4.09, 1.35, 5.18, 10.29, 4.29, 3.03, 13.70],
  xi_264 = [0.54, 1.63, 0.82, 2.11, 1.48, 0.31, 0.10, 1.80, 0.90, 0.53, 0.29, 1.88, 0.55, 0.87, 0.88, 0.85, 0.85, 0.85, 2.88, 1.67],
  xi_265 = [6.33, 10.52, 11.86, 3.75, 10.18, 3.76, 3.19, 3.81, 7.55, 16.88, 8.14, 4.01, 11.74, 4.52, 7.77, 16.03, 3.23, 6.57, 14.24, 1.56],
  xi_266 = [10.11, 10.49, 10.55, 10.82, 6.03, 18.23, 40.40, 18.26, 2.00, 16.91, 11.81, 28.28, 18.24, 4.71, 28.03, 1.00, 7.36, 15.91, 3.38, 4.83],
  xi_267 = [9.98, 25.95, 7.18, 10.73, 6.55, 0.47, 4.63, 50.00, 5.92, 7.61, 31.94, 2.80, 7.22, 7.68, 12.09, 4.35, 9.71, 0.39, 9.25, 0.25],
  xi_268 = [5.55, 3.97, 15.31, 7.23, 0.10, 6.74, 0.81, 6.94, 6.61, 6.06, 0.10, 2.60, 7.89, 0.94, 1.32, 11.61, 0.11, 4.00, 13.99, 3.81],
  xi_269 = [4.21, 10.15, 4.86, 7.16, 13.33, 4.46, 7.87, 0.69, 5.62, 4.18, 5.94, 10.54, 2.72, 7.66, 1.36, 0.10, 6.25, 9.63, 8.97, 17.62],
  xi_2610 = [3.26, 2.02, 5.56, 2.78, 0.92, 9.33, 12.94, 4.06, 2.82, 7.28, 4.69, 0.10, 0.87, 1.49, 17.01, 0.10, 6.64, 9.67, 1.52, 3.13],
  xi_271 = [7.07, 10.11, 12.06, 11.43, 5.00, 1.88, 5.42, 7.64, 5.11, 12.07, 3.80, 11.08, 0.10, 6.22, 5.08, 2.94, 7.06, 0.10, 7.33, 5.45],
  xi_272 = [1.04, 5.70, 1.87, 3.26, 0.10, 10.31, 3.93, 0.10, 1.98, 27.37, 16.87, 7.84, 8.36, 10.99, 9.53, 1.84, 6.68, 0.10, 3.00, 7.12],
  xi_273 = [36.71, 9.50, 13.14, 4.23, 12.52, 12.20, 13.67, 18.29, 4.26, 8.44, 7.14, 4.64, 26.32, 27.74, 20.46, 3.90, 11.69, 8.68, 2.04, 13.48],
  xi_274 = [5.65, 2.25, 17.16, 3.79, 0.30, 6.00, 1.12, 1.40, 5.04, 3.46, 1.80, 4.33, 0.54, 1.62, 0.77, 1.13, 3.51, 0.10, 0.10, 4.97],
  xi_275 = [0.10, 0.11, 2.18, 3.99, 2.77, 4.44, 0.96, 0.79, 0.10, 2.68, 4.92, 0.18, 0.45, 0.81, 0.99, 1.09, 0.63, 7.54, 2.47, 1.08],
  xi_276 = [9.69, 10.27, 0.10, 20.26, 8.08, 19.63, 13.29, 19.09, 12.83, 16.00, 5.55, 45.53, 31.39, 50.00, 22.34, 1.76, 1.75, 12.90, 31.05, 14.31],
  xi_277 = [16.45, 23.59, 14.68, 16.19, 9.61, 10.81, 13.45, 17.80, 5.50, 3.42, 0.10, 1.35, 3.39, 12.72, 25.55, 3.87, 37.28, 13.20, 11.66, 27.33],
  xi_278 = [13.06, 1.43, 1.51, 0.24, 1.30, 0.63, 1.64, 0.66, 0.10, 1.31, 1.13, 0.59, 0.44, 5.18, 1.88, 2.17, 2.60, 0.10, 1.09, 0.10],
  xi_279 = [12.28, 4.31, 1.50, 3.18, 3.43, 0.82, 1.66, 1.33, 4.31, 1.02, 11.45, 4.49, 10.57, 4.52, 8.76, 0.10, 4.42, 8.45, 0.38, 6.56],
  xi_2710 = [2.48, 13.72, 0.10, 4.21, 41.64, 2.15, 13.72, 7.24, 11.43, 0.10, 15.76, 20.45, 4.86, 9.17, 9.97, 4.00, 5.89, 23.36, 1.22, 2.74],
  xi_281 = [5.98, 10.83, 6.37, 0.97, 11.62, 2.46, 3.04, 1.96, 7.80, 3.52, 6.68, 4.17, 2.94, 2.58, 8.89, 5.18, 5.66, 1.68, 2.45, 2.81],
  xi_282 = [1.42, 0.84, 14.09, 1.70, 5.34, 3.05, 3.37, 1.25, 11.56, 6.47, 24.13, 6.07, 9.67, 1.81, 6.90, 11.73, 3.18, 10.58, 10.46, 2.13],
  xi_283 = [9.60, 15.01, 2.72, 8.43, 12.23, 12.32, 7.03, 8.51, 10.02, 10.17, 1.19, 3.28, 24.37, 7.11, 0.10, 5.37, 9.53, 5.06, 14.66, 3.76],
  xi_284 = [3.21, 19.96, 36.01, 0.10, 25.77, 30.31, 14.21, 13.09, 7.78, 10.05, 15.56, 0.10, 2.03, 1.35, 7.91, 0.10, 7.27, 26.26, 2.22, 2.21],
  xi_285 = [5.18, 1.31, 4.92, 1.51, 5.60, 13.62, 1.53, 4.67, 4.06, 3.95, 0.53, 2.40, 2.54, 1.49, 1.79, 2.17, 1.53, 0.78, 1.32, 2.81],
  xi_286 = [1.42, 0.82, 0.10, 0.43, 1.69, 3.67, 3.87, 0.10, 0.10, 0.10, 0.85, 8.52, 1.22, 3.86, 13.52, 0.10, 0.10, 2.12, 2.08, 1.07],
  xi_287 = [0.75, 0.10, 3.45, 0.10, 2.25, 4.22, 0.10, 6.64, 10.57, 9.31, 7.65, 1.73, 2.58, 1.88, 0.10, 9.44, 3.58, 1.14, 3.21, 0.85],
  xi_288 = [8.43, 41.24, 9.67, 3.72, 3.44, 21.61, 38.86, 3.76, 50.00, 50.00, 13.70, 2.77, 14.38, 8.25, 0.10, 4.30, 14.65, 18.61, 12.20, 6.53],
  xi_289 = [6.49, 5.72, 16.56, 7.64, 0.97, 13.62, 10.29, 2.18, 16.91, 0.10, 4.55, 4.59, 6.20, 16.72, 12.78, 50.00, 6.51, 13.84, 5.16, 22.27],
  xi_2810 = [15.20, 7.74, 2.51, 13.11, 36.35, 5.24, 10.09, 12.12, 4.31, 6.92, 2.50, 2.69, 0.10, 1.01, 14.88, 9.72, 22.12, 27.70, 7.26, 12.91],
  xi_291 = [9.79, 27.78, 3.18, 7.15, 16.62, 17.07, 27.50, 15.46, 22.90, 0.10, 0.10, 2.56, 6.79, 2.66, 9.89, 5.02, 0.10, 0.10, 6.66, 3.35],
  xi_292 = [0.93, 8.09, 9.21, 13.05, 2.65, 1.09, 14.40, 7.77, 7.31, 10.40, 13.07, 9.97, 2.88, 0.79, 8.79, 0.10, 3.73, 2.73, 1.81, 19.85],
  xi_293 = [4.70, 0.14, 4.74, 12.21, 1.95, 3.05, 2.79, 2.76, 3.07, 3.49, 1.48, 7.30, 1.20, 5.81, 1.58, 1.59, 4.05, 0.52, 6.37, 4.68],
  xi_294 = [5.94, 6.05, 2.21, 20.21, 13.00, 0.51, 18.73, 0.10, 35.18, 11.56, 4.23, 8.87, 18.35, 8.76, 4.14, 7.94, 5.11, 1.83, 8.36, 5.70],
  xi_295 = [12.12, 50.00, 9.02, 3.14, 2.11, 3.52, 13.54, 13.56, 5.29, 2.54, 9.80, 10.91, 1.43, 9.11, 11.44, 9.17, 12.31, 2.14, 24.19, 3.46],
  xi_296 = [0.37, 1.82, 2.29, 0.10, 1.74, 3.10, 1.37, 0.28, 2.83, 2.54, 1.71, 0.27, 0.95, 0.75, 1.15, 0.36, 3.46, 1.31, 0.10, 3.34],
  xi_297 = [0.10, 15.05, 15.32, 23.15, 4.10, 32.00, 28.77, 1.94, 5.71, 16.03, 8.53, 22.46, 8.80, 11.69, 10.69, 11.81, 19.65, 20.83, 5.30, 0.10],
  xi_298 = [3.23, 10.53, 4.05, 0.10, 17.03, 6.61, 7.17, 14.25, 2.77, 10.95, 14.75, 1.62, 13.42, 6.56, 10.32, 2.63, 0.10, 6.98, 17.31, 9.85],
  xi_299 = [50.00, 3.18, 50.00, 45.15, 3.90, 3.84, 11.23, 27.26, 14.72, 21.17, 0.10, 9.66, 33.40, 15.57, 7.43, 0.10, 7.64, 3.37, 10.23, 17.96],
  xi_2910 = [2.50, 6.40, 1.57, 5.34, 3.99, 6.36, 4.09, 5.79, 10.20, 6.19, 0.85, 9.70, 1.36, 4.01, 12.84, 3.27, 5.99, 7.57, 42.42, 2.83],
  xi_301 = [11.88, 13.79, 27.05, 7.11, 13.02, 3.45, 37.00, 12.79, 11.44, 38.80, 3.05, 11.41, 11.98, 1.04, 25.10, 4.56, 2.56, 1.46, 7.76, 12.96],
  xi_302 = [5.53, 7.50, 14.39, 5.61, 10.20, 16.89, 7.73, 3.65, 1.34, 28.58, 1.74, 22.73, 50.00, 5.07, 3.11, 2.49, 30.73, 9.33, 12.97, 13.69],
  xi_303 = [1.66, 0.10, 0.87, 1.02, 2.92, 0.10, 2.94, 1.85, 4.43, 1.18, 0.10, 0.10, 4.98, 0.93, 0.10, 3.76, 1.64, 1.86, 0.62, 0.99],
  xi_304 = [3.64, 5.17, 8.65, 3.95, 2.81, 4.95, 8.08, 0.24, 7.55, 8.62, 8.74, 1.79, 9.43, 4.28, 2.85, 7.22, 2.75, 7.58, 8.86, 7.39],
  xi_305 = [2.43, 4.67, 0.10, 1.11, 4.05, 4.55, 12.17, 3.88, 5.28, 10.23, 2.28, 4.03, 0.42, 1.49, 0.79, 5.94, 0.10, 0.64, 4.30, 6.63],
  xi_306 = [0.10, 1.19, 0.34, 1.11, 1.27, 2.24, 1.87, 0.10, 4.70, 4.40, 0.57, 3.03, 4.66, 0.88, 0.24, 3.24, 15.69, 1.86, 1.36, 3.02],
  xi_307 = [2.18, 5.29, 1.39, 2.03, 0.46, 0.10, 3.28, 3.98, 3.21, 0.96, 4.90, 5.09, 5.64, 2.22, 2.85, 2.99, 2.94, 5.22, 3.84, 1.00],
  xi_308 = [6.66, 23.57, 0.10, 22.36, 0.10, 22.04, 0.10, 6.76, 6.86, 11.92, 6.85, 4.67, 24.60, 4.75, 0.10, 2.42, 31.76, 16.25, 50.00, 0.75],
  xi_309 = [8.96, 39.58, 11.30, 4.47, 17.05, 7.78, 4.74, 0.18, 0.10, 6.82, 14.27, 0.10, 22.07, 3.57, 3.60, 10.80, 5.14, 5.39, 31.35, 37.10],
  xi_3010 = [2.18, 0.10, 3.46, 21.59, 0.10, 2.37, 8.17, 1.56, 15.59, 6.60, 19.56, 6.51, 18.32, 14.66, 8.67, 4.73, 17.43, 4.96, 0.10, 14.36],
  xi_311 = [1.71, 19.02, 6.89, 12.48, 1.93, 11.59, 2.21, 6.14, 7.00, 9.02, 4.90, 2.68, 0.10, 0.95, 8.46, 8.72, 0.16, 7.23, 7.92, 5.91],
  xi_312 = [6.26, 0.10, 0.10, 6.14, 40.86, 11.97, 4.01, 17.52, 8.55, 9.39, 5.74, 3.25, 3.36, 19.67, 6.41, 17.73, 50.00, 0.74, 13.92, 7.77],
  xi_313 = [10.95, 19.72, 8.02, 0.24, 5.05, 6.41, 11.45, 17.79, 8.84, 0.10, 7.11, 9.10, 4.90, 6.78, 0.10, 24.68, 12.71, 0.10, 10.83, 8.86],
  xi_314 = [4.30, 10.10, 1.60, 2.67, 6.27, 0.75, 0.76, 3.75, 0.10, 15.55, 8.73, 2.83, 21.59, 9.66, 7.38, 0.97, 10.25, 6.05, 7.96, 14.60],
  xi_315 = [4.24, 8.17, 25.60, 1.92, 4.31, 5.84, 9.01, 5.89, 6.43, 14.82, 8.80, 3.42, 0.10, 13.99, 4.08, 5.76, 1.16, 0.10, 4.34, 7.14],
  xi_316 = [1.53, 4.37, 4.98, 11.25, 7.03, 8.19, 10.04, 6.62, 0.10, 6.58, 4.84, 6.12, 14.23, 7.29, 1.88, 11.99, 1.98, 6.36, 6.81, 9.05],
  xi_317 = [16.33, 4.00, 14.86, 0.10, 50.00, 0.10, 50.00, 11.97, 21.33, 15.38, 4.30, 23.48, 15.18, 10.39, 9.18, 0.10, 6.76, 0.10, 9.53, 0.10],
  xi_318 = [12.18, 16.83, 0.10, 3.40, 17.56, 4.50, 7.14, 4.90, 7.01, 50.00, 14.72, 5.56, 9.98, 6.96, 12.09, 0.10, 2.24, 39.82, 3.60, 9.33],
  xi_319 = [3.71, 0.37, 0.69, 1.25, 0.20, 2.85, 1.59, 0.32, 0.10, 1.26, 1.67, 0.10, 0.41, 0.39, 0.93, 2.15, 1.07, 2.55, 0.78, 1.61],
  xi_3110 = [2.57, 0.56, 1.36, 0.38, 3.67, 0.70, 1.36, 0.98, 3.79, 11.10, 1.29, 2.63, 1.35, 2.24, 2.57, 3.72, 1.13, 0.10, 3.23, 3.08],
  xi_321 = [4.54, 2.07, 3.21, 3.97, 4.99, 4.66, 6.79, 13.36, 3.08, 5.83, 8.71, 0.10, 9.23, 12.63, 0.10, 6.07, 2.00, 9.38, 3.70, 1.75],
  xi_322 = [8.78, 3.40, 2.53, 20.56, 14.51, 15.91, 13.47, 4.55, 0.10, 8.38, 6.61, 2.07, 9.24, 22.51, 3.74, 12.82, 14.79, 4.57, 17.65, 1.33],
  xi_323 = [2.17, 8.34, 6.31, 2.27, 4.09, 9.84, 0.10, 9.87, 3.47, 2.69, 0.10, 7.46, 3.26, 5.05, 9.29, 3.45, 2.38, 0.10, 6.66, 3.29],
  xi_324 = [8.52, 5.01, 0.10, 10.77, 2.84, 0.10, 17.09, 0.10, 13.40, 1.53, 12.51, 3.11, 7.93, 0.10, 15.04, 12.19, 15.00, 15.03, 19.58, 14.49],
  xi_325 = [7.78, 0.10, 1.83, 2.36, 0.10, 6.88, 5.78, 4.48, 3.66, 6.33, 5.22, 5.09, 0.10, 12.77, 6.48, 6.73, 2.59, 10.35, 19.84, 4.10],
  xi_326 = [1.70, 0.68, 0.66, 1.51, 2.00, 2.20, 7.02, 1.99, 2.62, 2.64, 0.38, 3.76, 0.89, 9.01, 0.68, 1.51, 2.27, 32.32, 2.33, 0.10],
  xi_327 = [7.83, 9.76, 2.73, 15.38, 10.94, 12.35, 9.97, 10.85, 1.82, 3.17, 14.62, 18.37, 0.92, 6.28, 7.77, 9.15, 8.65, 2.17, 3.31, 30.03],
  xi_328 = [0.50, 0.10, 0.10, 1.96, 2.91, 2.70, 8.97, 0.20, 2.92, 2.32, 3.23, 3.08, 5.38, 4.07, 3.86, 4.86, 1.32, 1.02, 0.73, 0.10],
  xi_329 = [50.00, 47.60, 2.66, 4.98, 0.10, 12.52, 13.51, 9.89, 9.38, 8.48, 15.95, 5.88, 10.38, 3.02, 14.52, 0.10, 0.10, 12.69, 4.57, 43.49],
  xi_3210 = [0.10, 10.57, 20.87, 1.88, 13.11, 5.83, 7.33, 1.51, 25.44, 2.98, 3.44, 6.12, 18.34, 2.53, 19.98, 22.45, 30.63, 10.50, 8.50, 0.10],
  xi_331 = [6.17, 1.91, 29.96, 7.67, 0.73, 48.05, 14.21, 12.39, 14.74, 16.74, 20.11, 8.49, 12.27, 5.21, 12.00, 1.52, 10.93, 23.31, 14.57, 2.13],
  xi_332 = [0.10, 9.61, 33.97, 2.32, 11.66, 3.29, 12.13, 3.37, 7.73, 26.20, 7.72, 13.29, 13.77, 10.60, 3.53, 3.35, 1.16, 11.22, 24.29, 3.33],
  xi_333 = [4.23, 1.13, 16.42, 50.00, 10.17, 24.17, 20.62, 13.10, 2.11, 10.44, 19.15, 7.72, 36.89, 28.44, 11.15, 19.49, 14.22, 8.11, 8.53, 8.55],
  xi_334 = [1.18, 0.64, 0.41, 0.24, 0.43, 1.65, 0.45, 3.22, 0.93, 0.26, 0.72, 1.75, 3.20, 0.21, 2.23, 0.10, 1.61, 4.32, 0.49, 0.84],
  xi_335 = [2.20, 8.57, 0.10, 2.28, 6.49, 1.44, 3.12, 0.10, 3.87, 2.51, 5.09, 16.98, 4.18, 2.88, 3.03, 0.85, 1.00, 0.10, 0.10, 22.74],
  xi_336 = [1.35, 5.58, 3.55, 4.22, 2.24, 3.57, 5.37, 9.82, 3.23, 5.02, 1.95, 0.10, 4.39, 4.41, 7.91, 3.61, 2.67, 8.15, 5.51, 7.86],
  xi_337 = [2.61, 3.19, 0.10, 0.39, 1.50, 1.17, 1.50, 0.27, 1.91, 0.89, 1.01, 0.85, 0.82, 2.06, 2.64, 1.77, 1.86, 0.15, 2.97, 0.29],
  xi_338 = [3.71, 13.51, 6.93, 10.20, 0.10, 2.87, 20.74, 10.72, 3.22, 21.19, 2.15, 12.78, 2.48, 0.10, 0.10, 36.61, 0.10, 5.23, 4.08, 5.37],
  xi_339 = [2.59, 7.96, 2.05, 1.98, 12.77, 0.10, 18.19, 11.96, 10.22, 7.22, 20.65, 4.38, 9.42, 6.51, 1.30, 50.00, 2.31, 18.17, 12.37, 7.23],
  xi_3310 = [11.91, 8.88, 9.23, 3.32, 17.00, 5.23, 4.09, 14.09, 6.84, 5.62, 2.60, 50.00, 0.10, 12.67, 4.63, 6.07, 26.73, 18.29, 6.37, 2.32],
  xi_341 = [0.10, 4.69, 0.93, 5.75, 0.21, 3.22, 0.62, 0.84, 1.58, 0.10, 2.40, 1.10, 0.60, 5.91, 1.35, 1.13, 2.44, 2.65, 2.10, 1.26],
  xi_342 = [3.54, 1.19, 2.93, 0.10, 1.48, 1.50, 4.12, 2.86, 1.17, 0.57, 11.14, 5.21, 3.61, 3.30, 0.92, 0.83, 0.10, 1.89, 11.23, 2.10],
  xi_343 = [8.37, 2.56, 0.71, 0.11, 2.98, 3.66, 22.26, 11.12, 10.28, 9.19, 1.02, 5.15, 9.43, 2.81, 0.10, 4.61, 3.14, 4.01, 5.09, 0.10],
  xi_344 = [18.44, 12.87, 8.52, 7.54, 0.10, 0.64, 0.10, 30.03, 4.10, 4.59, 1.24, 13.08, 8.52, 16.47, 11.79, 10.51, 0.10, 6.49, 34.15, 13.64],
  xi_345 = [0.10, 10.96, 23.41, 7.85, 14.72, 5.38, 2.85, 6.82, 9.70, 7.62, 4.04, 0.10, 15.55, 17.62, 0.82, 4.56, 4.51, 3.85, 6.60, 6.43],
  xi_346 = [2.05, 1.86, 3.15, 10.74, 7.16, 2.34, 2.28, 3.89, 2.32, 3.13, 0.10, 0.10, 1.14, 2.00, 4.19, 4.09, 6.57, 6.14, 1.34, 2.27],
  xi_347 = [5.52, 4.90, 6.25, 4.97, 10.71, 10.87, 6.76, 10.71, 8.98, 2.33, 1.21, 4.71, 3.78, 1.24, 0.10, 1.79, 7.58, 9.07, 3.47, 12.30],
  xi_348 = [3.58, 0.45, 18.92, 7.13, 1.66, 0.11, 1.62, 9.29, 10.15, 16.09, 3.77, 3.72, 16.35, 13.16, 23.19, 14.64, 14.49, 12.73, 6.93, 2.29],
  xi_349 = [3.80, 7.13, 17.62, 5.67, 12.55, 1.91, 0.10, 19.88, 49.73, 4.21, 9.35, 5.77, 0.57, 10.79, 2.15, 0.10, 14.93, 17.70, 5.31, 22.36],
  xi_3410 = [4.11, 4.32, 7.18, 2.07, 50.00, 0.10, 3.60, 1.21, 3.69, 1.94, 21.69, 6.24, 0.88, 4.38, 2.12, 4.72, 6.48, 1.38, 9.09, 0.10],
  xi_351 = [8.49, 4.43, 16.65, 18.17, 10.66, 0.10, 18.87, 20.42, 4.49, 40.20, 0.10, 0.47, 5.97, 26.20, 0.10, 50.00, 11.98, 19.48, 9.31, 0.10],
  xi_352 = [23.35, 21.43, 2.79, 6.82, 4.35, 4.99, 17.41, 13.71, 2.87, 5.60, 4.14, 35.78, 10.62, 5.83, 3.61, 17.84, 10.80, 0.10, 0.89, 12.20],
  xi_353 = [3.29, 0.10, 2.34, 8.13, 2.61, 2.00, 5.76, 0.20, 5.85, 0.82, 2.35, 16.41, 2.52, 3.59, 3.14, 2.17, 0.38, 0.43, 1.93, 5.58],
  xi_354 = [1.83, 0.10, 8.81, 2.95, 1.70, 1.43, 0.10, 7.04, 6.32, 1.35, 4.68, 2.05, 4.32, 3.28, 1.59, 27.66, 15.16, 10.83, 6.44, 8.01],
  xi_355 = [0.78, 4.09, 3.22, 1.06, 8.12, 3.25, 17.40, 8.05, 5.43, 8.35, 11.19, 5.30, 5.53, 4.81, 13.96, 19.01, 2.48, 6.98, 0.10, 6.61],
  xi_356 = [1.26, 13.75, 4.28, 6.08, 6.10, 3.36, 13.46, 5.00, 3.95, 0.70, 1.60, 3.15, 4.53, 5.97, 0.85, 0.44, 1.43, 3.59, 3.16, 4.98],
  xi_357 = [6.02, 10.59, 18.52, 1.70, 13.05, 5.83, 20.37, 1.08, 0.10, 6.70, 2.30, 8.31, 21.62, 9.81, 13.48, 1.95, 4.83, 9.50, 4.28, 9.28],
  xi_358 = [0.10, 2.89, 5.92, 13.68, 0.10, 13.36, 5.50, 3.16, 3.72, 8.51, 27.42, 9.61, 3.63, 5.04, 5.08, 6.42, 8.21, 18.88, 16.91, 6.18],
  xi_359 = [1.89, 0.57, 0.10, 8.90, 1.16, 1.11, 1.26, 1.76, 0.31, 0.10, 2.25, 5.85, 2.96, 1.25, 0.34, 0.42, 0.10, 0.10, 3.55, 2.19],
  xi_3510 = [0.10, 3.76, 7.37, 23.31, 1.95, 9.02, 1.84, 14.30, 3.28, 9.43, 7.49, 14.44, 6.75, 0.10, 0.10, 3.40, 4.96, 10.38, 6.29, 11.97],
  xi_361 = [11.97, 1.74, 2.53, 6.15, 0.10, 5.01, 2.28, 6.42, 6.99, 1.78, 3.88, 10.40, 10.28, 2.13, 4.63, 6.16, 4.99, 16.43, 3.28, 4.48],
  xi_362 = [11.35, 12.01, 1.54, 8.14, 10.41, 2.34, 9.52, 2.73, 3.47, 16.19, 1.65, 2.69, 0.10, 11.51, 3.87, 12.13, 10.12, 29.00, 5.58, 2.40],
  xi_363 = [0.10, 5.66, 28.71, 1.15, 1.37, 18.26, 9.01, 8.10, 10.42, 8.28, 10.61, 11.67, 2.85, 0.10, 10.46, 0.10, 2.84, 2.61, 11.11, 12.43],
  xi_364 = [9.31, 7.74, 6.74, 9.43, 10.87, 9.94, 4.42, 8.13, 12.93, 4.30, 2.54, 2.24, 0.10, 4.25, 6.29, 5.69, 5.20, 10.27, 0.10, 4.33],
  xi_365 = [3.12, 2.48, 1.31, 30.53, 19.92, 6.90, 27.41, 4.42, 12.19, 16.21, 17.42, 2.71, 4.60, 6.72, 8.26, 50.00, 18.11, 8.86, 6.53, 0.88],
  xi_366 = [9.14, 1.22, 25.31, 4.24, 18.34, 0.10, 50.00, 1.69, 13.17, 2.93, 0.63, 14.00, 0.10, 50.00, 45.63, 6.91, 2.26, 17.15, 2.98, 50.00],
  xi_367 = [1.45, 6.22, 5.99, 22.06, 26.89, 3.09, 0.10, 4.23, 9.22, 2.15, 9.05, 9.71, 19.07, 12.78, 8.55, 1.55, 5.75, 6.15, 4.01, 9.34],
  xi_368 = [0.10, 2.13, 4.64, 1.41, 3.37, 1.83, 2.35, 3.04, 10.22, 1.06, 2.68, 3.60, 5.28, 0.23, 0.10, 0.97, 2.68, 4.49, 1.35, 1.68],
  xi_369 = [1.93, 8.46, 10.57, 4.64, 25.55, 4.82, 7.46, 19.17, 7.78, 4.33, 21.75, 23.26, 15.36, 0.10, 20.20, 7.72, 3.30, 1.72, 4.22, 7.78],
  xi_3610 = [7.33, 17.41, 18.91, 3.93, 23.94, 17.23, 12.90, 9.40, 22.91, 6.99, 0.10, 23.77, 7.28, 4.19, 26.25, 1.81, 7.98, 4.48, 12.40, 14.85],
  xi_371 = [1.24, 0.78, 0.46, 2.86, 5.60, 0.40, 4.90, 3.95, 3.69, 3.30, 3.95, 2.20, 2.91, 2.94, 1.80, 3.49, 2.63, 4.98, 3.57, 2.25],
  xi_372 = [2.62, 0.54, 6.32, 0.10, 0.41, 0.10, 2.10, 2.34, 4.43, 0.35, 4.65, 2.46, 0.10, 16.80, 10.17, 6.62, 21.03, 12.69, 3.40, 8.01],
  xi_373 = [0.10, 12.62, 2.98, 32.12, 11.80, 17.26, 9.79, 19.18, 13.56, 0.10, 10.13, 12.81, 21.06, 38.27, 9.07, 8.08, 1.00, 13.87, 8.45, 23.23],
  xi_374 = [3.49, 1.12, 0.40, 0.10, 0.50, 0.24, 0.10, 2.54, 0.10, 1.18, 0.10, 1.17, 1.07, 2.21, 1.74, 0.43, 0.10, 1.12, 0.64, 0.89],
  xi_375 = [0.10, 6.15, 7.57, 6.91, 6.91, 11.60, 8.52, 14.81, 5.75, 1.40, 7.39, 20.18, 3.88, 10.05, 3.58, 5.23, 5.87, 0.28, 13.67, 14.28],
  xi_376 = [0.29, 2.31, 4.06, 8.40, 0.33, 0.45, 0.18, 1.36, 0.78, 1.03, 0.72, 0.73, 2.48, 2.06, 2.21, 1.09, 1.51, 1.50, 0.50, 1.69],
  xi_377 = [5.91, 17.35, 15.74, 1.33, 21.43, 6.47, 0.63, 6.91, 4.84, 15.14, 6.71, 3.59, 40.52, 1.64, 15.48, 13.62, 5.50, 19.58, 7.44, 8.21],
  xi_378 = [14.35, 11.72, 9.17, 13.98, 7.45, 8.12, 10.47, 8.56, 2.12, 9.08, 9.78, 6.39, 3.46, 0.10, 7.30, 10.31, 7.72, 8.86, 38.26, 7.26],
  xi_379 = [0.84, 0.96, 0.62, 0.10, 2.36, 1.00, 1.82, 1.51, 1.03, 1.49, 0.10, 0.59, 0.33, 1.47, 0.25, 0.19, 0.25, 0.87, 1.26, 0.38],
  xi_3710 = [9.48, 1.97, 5.32, 36.29, 4.69, 0.81, 6.28, 6.36, 18.76, 5.54, 0.10, 0.10, 0.55, 13.20, 14.81, 11.85, 3.24, 7.13, 1.71, 15.37],
  xi_381 = [4.48, 7.58, 26.68, 6.32, 8.18, 6.09, 14.97, 18.26, 8.19, 2.95, 6.24, 12.57, 8.28, 38.09, 7.00, 2.31, 3.38, 17.19, 0.10, 1.60],
  xi_382 = [1.55, 0.10, 8.02, 20.95, 0.10, 0.56, 9.56, 2.25, 1.58, 17.79, 11.55, 1.68, 4.86, 8.67, 0.10, 1.08, 2.09, 13.34, 4.37, 10.37],
  xi_383 = [4.40, 2.42, 7.63, 0.74, 0.32, 0.17, 0.40, 0.82, 1.00, 1.21, 0.48, 0.27, 0.10, 0.71, 0.10, 1.74, 0.54, 0.10, 0.10, 0.23],
  xi_384 = [0.54, 0.79, 4.40, 7.24, 1.81, 4.78, 1.82, 4.12, 3.61, 2.69, 4.41, 3.15, 1.15, 2.90, 1.49, 4.99, 2.45, 2.53, 2.45, 2.61],
  xi_385 = [0.84, 1.78, 6.72, 2.93, 10.33, 7.11, 2.99, 5.53, 3.83, 3.96, 0.56, 1.20, 2.94, 2.48, 6.20, 7.52, 2.33, 1.80, 1.02, 4.18],
  xi_386 = [2.93, 4.32, 3.12, 1.80, 9.91, 12.81, 4.94, 0.10, 7.19, 1.16, 0.75, 7.17, 4.01, 5.68, 1.51, 9.15, 11.15, 0.25, 0.10, 0.10],
  xi_387 = [35.16, 22.78, 16.93, 20.10, 26.48, 15.05, 17.19, 14.65, 2.69, 2.82, 8.36, 18.60, 5.64, 3.32, 4.28, 25.81, 30.63, 10.29, 3.58, 28.67],
  xi_388 = [5.06, 10.40, 8.41, 0.10, 12.00, 2.28, 20.49, 0.10, 1.69, 11.22, 7.31, 12.40, 11.61, 23.19, 7.65, 6.96, 0.80, 3.09, 9.33, 8.56],
  xi_389 = [0.10, 25.96, 4.49, 10.64, 8.14, 11.18, 3.25, 2.31, 5.89, 7.45, 2.41, 15.45, 0.10, 0.10, 1.06, 5.52, 2.22, 9.66, 0.10, 0.10],
  xi_3810 = [2.95, 3.27, 4.35, 11.14, 44.94, 14.34, 9.31, 0.10, 4.43, 0.69, 1.45, 0.10, 6.58, 0.12, 0.56, 10.25, 4.34, 17.23, 11.99, 9.85],
  xi_391 = [11.10, 26.20, 5.26, 17.23, 3.40, 5.58, 8.66, 14.24, 1.27, 8.86, 14.69, 26.98, 6.12, 25.53, 4.93, 6.44, 1.19, 3.16, 3.96, 24.11],
  xi_392 = [0.22, 2.49, 0.56, 0.47, 4.80, 1.05, 0.71, 0.10, 0.44, 0.10, 0.10, 0.49, 1.22, 0.10, 0.10, 0.90, 2.12, 0.10, 0.16, 0.10],
  xi_393 = [0.76, 1.26, 2.30, 1.00, 4.38, 3.52, 7.21, 1.50, 4.08, 2.29, 2.82, 2.76, 6.21, 3.60, 1.54, 1.32, 2.46, 0.51, 1.89, 1.26],
  xi_394 = [6.58, 3.97, 27.33, 10.07, 1.81, 12.35, 12.78, 3.61, 28.67, 28.76, 4.12, 1.91, 6.18, 13.83, 7.56, 10.53, 11.18, 6.94, 15.06, 20.76],
  xi_395 = [4.36, 0.26, 6.98, 3.30, 3.64, 3.52, 2.44, 1.43, 4.45, 4.26, 3.75, 0.69, 0.39, 7.69, 0.10, 2.13, 0.92, 0.81, 6.87, 7.94],
  xi_396 = [0.10, 0.49, 8.90, 5.82, 0.10, 2.03, 15.53, 0.10, 5.89, 10.79, 0.10, 19.34, 5.56, 3.60, 14.38, 3.51, 1.12, 8.94, 8.93, 4.64],
  xi_397 = [9.48, 3.50, 0.10, 0.87, 10.78, 3.52, 8.41, 5.38, 1.25, 1.73, 8.17, 9.45, 6.83, 1.55, 11.20, 11.47, 3.44, 1.62, 10.74, 2.61],
  xi_398 = [19.68, 11.04, 11.39, 14.57, 10.61, 3.97, 36.81, 11.71, 0.10, 20.76, 2.47, 10.13, 9.03, 0.10, 2.46, 10.91, 3.05, 27.60, 20.24, 15.34],
  xi_399 = [12.96, 1.14, 5.55, 7.23, 0.76, 1.51, 6.35, 11.79, 0.10, 21.17, 0.63, 1.85, 5.27, 4.69, 9.92, 9.60, 14.87, 6.17, 2.58, 12.00],
  xi_3910 = [7.20, 5.21, 5.35, 4.07, 5.91, 0.53, 2.24, 0.61, 5.65, 2.14, 1.90, 3.16, 1.39, 3.31, 4.38, 0.10, 50.00, 12.45, 6.09, 4.21],
  xi_401 = [11.79, 4.65, 1.57, 11.41, 5.96, 10.96, 45.95, 50.00, 17.82, 11.08, 7.45, 18.20, 2.42, 11.77, 12.42, 9.48, 17.83, 13.84, 22.51, 16.58],
  xi_402 = [12.89, 50.00, 12.22, 3.80, 1.46, 6.87, 2.14, 13.98, 5.75, 6.63, 7.42, 3.97, 9.57, 3.50, 1.67, 3.54, 10.69, 0.80, 23.43, 10.48],
  xi_403 = [2.91, 1.20, 0.39, 1.39, 0.10, 0.10, 6.21, 0.34, 0.39, 2.30, 1.59, 12.96, 1.10, 1.95, 0.28, 1.46, 0.10, 2.20, 1.49, 0.19],
  xi_404 = [23.41, 8.00, 2.97, 14.12, 3.78, 9.30, 1.96, 0.10, 25.43, 12.44, 15.19, 9.87, 4.74, 2.75, 7.12, 25.74, 6.73, 6.32, 4.83, 2.89],
  xi_405 = [2.67, 3.85, 14.47, 17.45, 6.18, 0.10, 11.69, 17.52, 14.45, 15.43, 2.25, 9.25, 1.65, 13.19, 9.29, 8.13, 3.28, 8.55, 14.35, 9.56],
  xi_406 = [0.10, 0.65, 1.78, 1.90, 0.64, 0.46, 0.26, 0.10, 2.03, 0.46, 1.47, 1.71, 0.36, 2.13, 0.72, 1.45, 0.93, 0.70, 4.45, 0.34],
  xi_407 = [0.10, 2.54, 18.52, 3.92, 2.05, 28.14, 8.92, 20.92, 1.43, 13.93, 14.68, 1.13, 8.45, 12.21, 0.10, 15.73, 14.98, 50.00, 17.03, 25.14],
  xi_408 = [2.35, 3.36, 5.57, 12.03, 8.41, 29.26, 40.86, 4.27, 50.00, 7.34, 7.58, 18.36, 9.51, 22.97, 9.90, 22.84, 1.36, 0.10, 11.09, 30.93],
  xi_409 = [18.85, 8.66, 34.50, 9.50, 4.71, 7.08, 0.21, 6.67, 19.49, 14.65, 7.62, 41.04, 5.04, 12.46, 0.10, 18.65, 17.32, 0.10, 5.13, 12.77],
  xi_4010 = [8.12, 0.10, 18.72, 1.97, 8.93, 12.65, 26.49, 18.39, 12.67, 0.10, 9.30, 6.32, 2.32, 10.94, 0.10, 15.37, 3.65, 9.35, 2.69, 8.21],
]

Transportation Costs (cjk) = [
  [0.10, 13.00, 6.97, 1.69, 5.67, 0.10, 12.72, 10.02, 20.49, 16.81],
  [0.10, 13.46, 0.54, 9.11, 10.21, 0.10, 3.87, 6.76, 0.10, 1.48],
  [15.68, 10.04, 31.18, 0.10, 12.26, 0.10, 7.07, 2.66, 15.86, 0.10],
  [10.83, 14.01, 4.65, 0.10, 6.50, 9.55, 0.94, 2.20, 8.77, 6.54],
  [19.56, 6.08, 3.49, 1.59, 0.10, 9.90, 2.64, 4.70, 0.66, 8.43],
  [14.18, 9.70, 3.02, 5.26, 0.63, 0.10, 0.10, 22.79, 0.10, 5.10],
  [9.10, 2.24, 3.52, 21.14, 3.28, 2.80, 0.10, 0.10, 9.95, 12.82],
  [13.69, 8.54, 4.19, 8.53, 11.90, 15.10, 11.16, 0.82, 9.23, 5.84],
  [10.20, 0.10, 4.11, 0.10, 0.10, 1.08, 11.92, 0.10, 2.01, 2.70],
  [3.94, 10.04, 10.23, 3.45, 2.98, 24.14, 6.45, 12.73, 11.69, 0.10],
  [3.44, 11.34, 4.05, 1.93, 0.10, 0.10, 0.10, 0.10, 0.98, 0.10],
  [24.30, 18.10, 0.65, 0.10, 3.59, 9.49, 0.10, 25.46, 0.10, 13.50],
  [1.80, 9.16, 0.10, 7.77, 6.84, 6.09, 2.07, 5.16, 11.16, 2.48],
  [19.32, 6.23, 5.13, 3.48, 4.59, 6.93, 0.90, 0.10, 2.49, 3.06],
  [0.20, 2.57, 4.36, 0.77, 3.38, 12.11, 22.26, 0.90, 0.67, 6.12],
  [0.17, 10.67, 10.67, 0.10, 4.49, 0.41, 5.85, 18.91, 0.10, 1.70],
  [0.79, 0.35, 9.71, 6.59, 0.10, 1.40, 21.08, 8.27, 9.14, 13.96],
  [4.92, 1.90, 0.84, 7.77, 0.10, 6.68, 8.31, 0.10, 0.10, 2.52],
  [8.49, 1.60, 4.31, 2.30, 6.15, 15.68, 4.39, 0.75, 5.07, 17.81],
  [20.49, 1.49, 5.28, 0.10, 7.92, 2.75, 2.51, 3.53, 15.20, 5.28],
  [2.50, 13.44, 0.10, 7.18, 2.15, 0.10, 5.46, 18.17, 0.10, 0.10],
  [0.94, 5.89, 0.10, 6.45, 0.44, 2.59, 10.24, 0.10, 10.29, 13.93],
  [2.80, 6.17, 11.34, 0.98, 1.99, 0.10, 1.79, 5.19, 0.10, 17.39],
  [7.25, 10.82, 7.49, 5.09, 4.63, 3.91, 3.52, 3.30, 0.65, 1.78],
  [0.75, 1.72, 3.85, 5.15, 8.92, 0.44, 0.10, 8.51, 12.37, 0.10],
  [8.06, 2.57, 1.45, 9.76, 4.91, 9.94, 2.86, 20.24, 0.10, 0.10],
  [3.79, 1.75, 4.50, 4.21, 4.32, 4.95, 16.05, 4.47, 2.71, 0.10],
  [14.11, 15.79, 14.48, 0.10, 6.07, 0.10, 0.10, 4.42, 1.40, 11.42],
  [6.72, 1.82, 11.19, 0.10, 5.80, 6.36, 7.18, 3.35, 3.21, 4.62],
  [8.81, 3.58, 2.70, 15.99, 8.50, 5.96, 3.46, 2.39, 1.54, 4.53],
  [1.11, 8.45, 6.27, 11.75, 3.55, 2.49, 0.10, 8.32, 6.15, 9.42],
  [32.48, 7.56, 11.77, 0.10, 0.10, 1.51, 0.10, 5.48, 3.89, 0.10],
  [14.19, 4.85, 6.69, 7.08, 10.58, 4.04, 3.52, 1.83, 10.13, 0.10],
  [8.49, 23.72, 0.10, 12.59, 10.85, 10.36, 14.27, 0.10, 2.41, 7.32],
  [0.10, 1.06, 1.40, 18.12, 5.49, 1.73, 11.98, 20.09, 2.75, 1.87],
  [5.91, 6.09, 0.10, 1.88, 6.09, 3.19, 0.55, 11.98, 17.04, 10.35],
  [0.60, 24.96, 0.10, 0.10, 2.58, 6.11, 6.47, 10.55, 3.83, 9.42],
  [0.10, 8.01, 2.20, 4.23, 0.10, 4.62, 0.10, 3.33, 5.83, 9.39],
  [5.26, 3.82, 1.24, 5.28, 4.88, 12.97, 12.04, 10.19, 2.42, 0.10],
  [0.10, 0.10, 15.44, 2.58, 4.94, 4.33, 11.54, 9.41, 10.79, 1.87],
]

Mean Service Times (¦Ì_{jk}) = [
  mu_11 = [13.06],
  mu_12 = [11.68],
  mu_13 = [8.68],
  mu_14 = [8.93],
  mu_15 = [7.11],
  mu_16 = [11.57],
  mu_17 = [5.95],
  mu_18 = [11.38],
  mu_19 = [1.19],
  mu_110 = [8.52],
  mu_21 = [11.85],
  mu_22 = [7.90],
  mu_23 = [4.94],
  mu_24 = [2.20],
  mu_25 = [4.46],
  mu_26 = [7.28],
  mu_27 = [2.89],
  mu_28 = [1.61],
  mu_29 = [12.99],
  mu_210 = [7.97],
  mu_31 = [10.52],
  mu_32 = [8.90],
  mu_33 = [2.50],
  mu_34 = [3.41],
  mu_35 = [5.13],
  mu_36 = [5.79],
  mu_37 = [8.28],
  mu_38 = [9.80],
  mu_39 = [8.35],
  mu_310 = [5.60],
  mu_41 = [12.86],
  mu_42 = [3.03],
  mu_43 = [8.54],
  mu_44 = [10.59],
  mu_45 = [4.30],
  mu_46 = [11.18],
  mu_47 = [8.19],
  mu_48 = [1.14],
  mu_49 = [3.59],
  mu_410 = [7.01],
  mu_51 = [12.23],
  mu_52 = [5.14],
  mu_53 = [8.70],
  mu_54 = [5.20],
  mu_55 = [9.51],
  mu_56 = [1.39],
  mu_57 = [6.81],
  mu_58 = [7.08],
  mu_59 = [3.33],
  mu_510 = [5.96],
  mu_61 = [11.63],
  mu_62 = [12.68],
  mu_63 = [12.31],
  mu_64 = [3.70],
  mu_65 = [8.61],
  mu_66 = [4.65],
  mu_67 = [6.30],
  mu_68 = [11.31],
  mu_69 = [4.76],
  mu_610 = [10.37],
  mu_71 = [12.26],
  mu_72 = [3.03],
  mu_73 = [14.85],
  mu_74 = [7.73],
  mu_75 = [6.85],
  mu_76 = [9.38],
  mu_77 = [7.58],
  mu_78 = [3.56],
  mu_79 = [13.91],
  mu_710 = [5.65],
  mu_81 = [5.78],
  mu_82 = [9.57],
  mu_83 = [10.05],
  mu_84 = [0.76],
  mu_85 = [3.60],
  mu_86 = [3.52],
  mu_87 = [3.25],
  mu_88 = [1.45],
  mu_89 = [9.34],
  mu_810 = [1.38],
  mu_91 = [2.07],
  mu_92 = [5.00],
  mu_93 = [4.68],
  mu_94 = [8.08],
  mu_95 = [7.32],
  mu_96 = [7.27],
  mu_97 = [12.39],
  mu_98 = [16.39],
  mu_99 = [2.47],
  mu_910 = [1.00],
  mu_101 = [6.69],
  mu_102 = [11.65],
  mu_103 = [2.74],
  mu_104 = [10.85],
  mu_105 = [3.59],
  mu_106 = [4.15],
  mu_107 = [0.94],
  mu_108 = [8.13],
  mu_109 = [1.39],
  mu_1010 = [5.33],
  mu_111 = [8.08],
  mu_112 = [6.23],
  mu_113 = [16.52],
  mu_114 = [10.87],
  mu_115 = [8.26],
  mu_116 = [6.23],
  mu_117 = [4.36],
  mu_118 = [5.22],
  mu_119 = [8.29],
  mu_1110 = [9.05],
  mu_121 = [9.93],
  mu_122 = [3.63],
  mu_123 = [3.62],
  mu_124 = [1.75],
  mu_125 = [6.86],
  mu_126 = [8.49],
  mu_127 = [1.44],
  mu_128 = [7.82],
  mu_129 = [3.05],
  mu_1210 = [4.64],
  mu_131 = [9.16],
  mu_132 = [13.50],
  mu_133 = [2.54],
  mu_134 = [7.38],
  mu_135 = [10.99],
  mu_136 = [4.54],
  mu_137 = [12.02],
  mu_138 = [15.87],
  mu_139 = [1.65],
  mu_1310 = [6.24],
  mu_141 = [11.76],
  mu_142 = [6.16],
  mu_143 = [10.69],
  mu_144 = [9.01],
  mu_145 = [8.11],
  mu_146 = [17.47],
  mu_147 = [4.23],
  mu_148 = [5.78],
  mu_149 = [11.35],
  mu_1410 = [5.02],
  mu_151 = [1.01],
  mu_152 = [4.98],
  mu_153 = [7.39],
  mu_154 = [13.41],
  mu_155 = [10.80],
  mu_156 = [1.70],
  mu_157 = [3.63],
  mu_158 = [3.27],
  mu_159 = [9.24],
  mu_1510 = [12.90],
  mu_161 = [10.24],
  mu_162 = [6.69],
  mu_163 = [3.30],
  mu_164 = [3.34],
  mu_165 = [9.37],
  mu_166 = [8.03],
  mu_167 = [5.91],
  mu_168 = [5.47],
  mu_169 = [8.16],
  mu_1610 = [7.61],
  mu_171 = [9.65],
  mu_172 = [3.97],
  mu_173 = [1.00],
  mu_174 = [4.07],
  mu_175 = [15.39],
  mu_176 = [10.01],
  mu_177 = [5.20],
  mu_178 = [8.63],
  mu_179 = [1.12],
  mu_1710 = [6.14],
  mu_181 = [9.77],
  mu_182 = [7.91],
  mu_183 = [5.34],
  mu_184 = [1.51],
  mu_185 = [10.11],
  mu_186 = [10.08],
  mu_187 = [6.76],
  mu_188 = [8.81],
  mu_189 = [3.77],
  mu_1810 = [9.78],
  mu_191 = [7.33],
  mu_192 = [17.70],
  mu_193 = [6.06],
  mu_194 = [2.70],
  mu_195 = [8.98],
  mu_196 = [1.49],
  mu_197 = [9.73],
  mu_198 = [1.41],
  mu_199 = [6.00],
  mu_1910 = [11.56],
  mu_201 = [3.01],
  mu_202 = [1.62],
  mu_203 = [6.96],
  mu_204 = [12.17],
  mu_205 = [9.58],
  mu_206 = [6.43],
  mu_207 = [5.32],
  mu_208 = [3.19],
  mu_209 = [9.52],
  mu_2010 = [9.56],
  mu_211 = [9.28],
  mu_212 = [13.53],
  mu_213 = [8.18],
  mu_214 = [2.52],
  mu_215 = [7.24],
  mu_216 = [1.23],
  mu_217 = [1.33],
  mu_218 = [11.45],
  mu_219 = [15.40],
  mu_2110 = [4.83],
  mu_221 = [11.44],
  mu_222 = [1.00],
  mu_223 = [10.20],
  mu_224 = [3.26],
  mu_225 = [5.16],
  mu_226 = [15.61],
  mu_227 = [14.80],
  mu_228 = [12.51],
  mu_229 = [6.57],
  mu_2210 = [13.54],
  mu_231 = [7.68],
  mu_232 = [4.96],
  mu_233 = [1.65],
  mu_234 = [6.25],
  mu_235 = [12.02],
  mu_236 = [12.78],
  mu_237 = [2.57],
  mu_238 = [1.58],
  mu_239 = [3.72],
  mu_2310 = [10.26],
  mu_241 = [1.25],
  mu_242 = [4.58],
  mu_243 = [7.19],
  mu_244 = [2.74],
  mu_245 = [6.54],
  mu_246 = [2.42],
  mu_247 = [3.67],
  mu_248 = [13.63],
  mu_249 = [8.28],
  mu_2410 = [2.23],
  mu_251 = [14.66],
  mu_252 = [3.05],
  mu_253 = [3.43],
  mu_254 = [4.91],
  mu_255 = [7.08],
  mu_256 = [9.77],
  mu_257 = [1.75],
  mu_258 = [11.90],
  mu_259 = [1.19],
  mu_2510 = [1.07],
  mu_261 = [2.33],
  mu_262 = [2.86],
  mu_263 = [6.16],
  mu_264 = [1.09],
  mu_265 = [7.78],
  mu_266 = [13.37],
  mu_267 = [10.74],
  mu_268 = [5.28],
  mu_269 = [6.67],
  mu_2610 = [4.81],
  mu_271 = [6.35],
  mu_272 = [6.40],
  mu_273 = [12.95],
  mu_274 = [3.25],
  mu_275 = [1.91],
  mu_276 = [17.29],
  mu_277 = [13.40],
  mu_278 = [1.86],
  mu_279 = [4.68],
  mu_2710 = [9.71],
  mu_281 = [4.88],
  mu_282 = [6.79],
  mu_283 = [8.52],
  mu_284 = [11.27],
  mu_285 = [3.18],
  mu_286 = [2.29],
  mu_287 = [3.48],
  mu_288 = [16.31],
  mu_289 = [11.16],
  mu_2810 = [10.72],
  mu_291 = [9.24],
  mu_292 = [6.93],
  mu_293 = [3.67],
  mu_294 = [9.34],
  mu_295 = [10.44],
  mu_296 = [1.49],
  mu_297 = [13.10],
  mu_298 = [8.01],
  mu_299 = [16.80],
  mu_2910 = [7.16],
  mu_301 = [12.91],
  mu_302 = [12.66],
  mu_303 = [1.61],
  mu_304 = [5.73],
  mu_305 = [3.75],
  mu_306 = [2.59],
  mu_307 = [2.98],
  mu_308 = [12.13],
  mu_309 = [11.72],
  mu_3010 = [8.55],
  mu_311 = [6.25],
  mu_312 = [11.67],
  mu_313 = [8.69],
  mu_314 = [6.79],
  mu_315 = [6.76],
  mu_316 = [6.56],
  mu_317 = [13.16],
  mu_318 = [11.40],
  mu_319 = [1.20],
  mu_3110 = [2.39],
  mu_321 = [5.31],
  mu_322 = [9.38],
  mu_323 = [4.51],
  mu_324 = [8.72],
  mu_325 = [5.63],
  mu_326 = [3.81],
  mu_327 = [9.30],
  mu_328 = [2.52],
  mu_329 = [13.49],
  mu_3210 = [10.61],
  mu_331 = [13.15],
  mu_332 = [10.13],
  mu_333 = [15.73],
  mu_334 = [1.24],
  mu_335 = [4.38],
  mu_336 = [4.53],
  mu_337 = [1.40],
  mu_338 = [8.11],
  mu_339 = [10.37],
  mu_3310 = [10.80],
  mu_341 = [1.95],
  mu_342 = [2.99],
  mu_343 = [5.34],
  mu_344 = [10.15],
  mu_345 = [7.67],
  mu_346 = [3.34],
  mu_347 = [5.86],
  mu_348 = [9.01],
  mu_349 = [10.58],
  mu_3410 = [6.77],
  mu_351 = [13.31],
  mu_352 = [10.26],
  mu_353 = [3.48],
  mu_354 = [5.78],
  mu_355 = [6.79],
  mu_356 = [4.38],
  mu_357 = [8.47],
  mu_358 = [8.22],
  mu_359 = [1.81],
  mu_3510 = [7.01],
  mu_361 = [5.58],
  mu_362 = [7.84],
  mu_363 = [7.79],
  mu_364 = [6.24],
  mu_365 = [12.43],
  mu_366 = [15.79],
  mu_367 = [8.37],
  mu_368 = [2.66],
  mu_369 = [10.01],
  mu_3610 = [12.20],
  mu_371 = [2.90],
  mu_372 = [5.26],
  mu_373 = [13.27],
  mu_374 = [0.96],
  mu_375 = [7.71],
  mu_376 = [1.68],
  mu_377 = [10.90],
  mu_378 = [9.72],
  mu_379 = [0.87],
  mu_3710 = [8.18],
  mu_381 = [10.02],
  mu_382 = [6.03],
  mu_383 = [1.17],
  mu_384 = [3.00],
  mu_385 = [3.81],
  mu_386 = [4.41],
  mu_387 = [15.65],
  mu_388 = [8.13],
  mu_389 = [5.81],
  mu_3810 = [7.90],
  mu_391 = [10.95],
  mu_392 = [0.82],
  mu_393 = [2.63],
  mu_394 = [11.70],
  mu_395 = [3.30],
  mu_396 = [5.99],
  mu_397 = [5.61],
  mu_398 = [12.10],
  mu_399 = [6.81],
  mu_3910 = [6.29],
  mu_401 = [15.18],
  mu_402 = [9.54],
  mu_403 = [1.93],
  mu_404 = [9.38],
  mu_405 = [9.17],
  mu_406 = [1.13],
  mu_407 = [13.00],
  mu_408 = [14.90],
  mu_409 = [12.23],
  mu_4010 = [8.82],
]

Mean Transportation Times (¦Ó_{jk}) = [
  tau_11 = [3.78],
  tau_12 = [5.54],
  tau_13 = [3.54],
  tau_14 = [7.29],
  tau_15 = [6.46],
  tau_16 = [2.81],
  tau_17 = [6.45],
  tau_18 = [4.02],
  tau_19 = [5.94],
  tau_110 = [5.85],
  tau_21 = [2.44],
  tau_22 = [2.77],
  tau_23 = [1.74],
  tau_24 = [1.51],
  tau_25 = [4.86],
  tau_26 = [4.22],
  tau_27 = [4.21],
  tau_28 = [4.98],
  tau_29 = [1.93],
  tau_210 = [4.81],
  tau_31 = [2.84],
  tau_32 = [3.06],
  tau_33 = [5.36],
  tau_34 = [1.15],
  tau_35 = [5.75],
  tau_36 = [6.30],
  tau_37 = [7.67],
  tau_38 = [4.86],
  tau_39 = [4.43],
  tau_310 = [4.70],
  tau_41 = [4.90],
  tau_42 = [3.57],
  tau_43 = [7.01],
  tau_44 = [5.94],
  tau_45 = [2.25],
  tau_46 = [2.25],
  tau_47 = [0.94],
  tau_48 = [6.26],
  tau_49 = [6.40],
  tau_410 = [3.63],
  tau_51 = [2.06],
  tau_52 = [1.83],
  tau_53 = [2.05],
  tau_54 = [6.09],
  tau_55 = [3.34],
  tau_56 = [6.86],
  tau_57 = [5.07],
  tau_58 = [3.75],
  tau_59 = [1.09],
  tau_510 = [6.69],
  tau_61 = [0.95],
  tau_62 = [0.59],
  tau_63 = [6.03],
  tau_64 = [6.66],
  tau_65 = [3.99],
  tau_66 = [3.58],
  tau_67 = [3.95],
  tau_68 = [1.51],
  tau_69 = [6.00],
  tau_610 = [4.86],
  tau_71 = [1.42],
  tau_72 = [1.28],
  tau_73 = [5.52],
  tau_74 = [3.05],
  tau_75 = [1.04],
  tau_76 = [4.12],
  tau_77 = [5.06],
  tau_78 = [6.12],
  tau_79 = [1.23],
  tau_710 = [2.12],
  tau_81 = [2.91],
  tau_82 = [5.33],
  tau_83 = [3.92],
  tau_84 = [4.43],
  tau_85 = [3.85],
  tau_86 = [4.58],
  tau_87 = [5.66],
  tau_88 = [4.57],
  tau_89 = [6.72],
  tau_810 = [5.29],
  tau_91 = [7.46],
  tau_92 = [5.76],
  tau_93 = [8.58],
  tau_94 = [1.10],
  tau_95 = [1.30],
  tau_96 = [4.08],
  tau_97 = [4.91],
  tau_98 = [0.96],
  tau_99 = [5.02],
  tau_910 = [3.61],
  tau_101 = [4.74],
  tau_102 = [4.01],
  tau_103 = [4.90],
  tau_104 = [7.58],
  tau_105 = [4.84],
  tau_106 = [6.74],
  tau_107 = [6.70],
  tau_108 = [3.73],
  tau_109 = [2.16],
  tau_1010 = [1.59],
  tau_111 = [6.43],
  tau_112 = [6.49],
  tau_113 = [2.82],
  tau_114 = [6.68],
  tau_115 = [1.94],
  tau_116 = [2.60],
  tau_117 = [4.58],
  tau_118 = [5.45],
  tau_119 = [4.03],
  tau_1110 = [3.13],
  tau_121 = [1.32],
  tau_122 = [4.94],
  tau_123 = [4.19],
  tau_124 = [6.03],
  tau_125 = [5.76],
  tau_126 = [2.73],
  tau_127 = [3.84],
  tau_128 = [4.87],
  tau_129 = [2.82],
  tau_1210 = [3.01],
  tau_131 = [3.58],
  tau_132 = [3.38],
  tau_133 = [5.32],
  tau_134 = [4.65],
  tau_135 = [5.78],
  tau_136 = [4.78],
  tau_137 = [2.54],
  tau_138 = [3.61],
  tau_139 = [5.92],
  tau_1310 = [4.61],
  tau_141 = [4.51],
  tau_142 = [4.02],
  tau_143 = [6.48],
  tau_144 = [6.08],
  tau_145 = [1.40],
  tau_146 = [6.29],
  tau_147 = [6.06],
  tau_148 = [1.26],
  tau_149 = [5.14],
  tau_1410 = [7.56],
  tau_151 = [4.86],
  tau_152 = [3.72],
  tau_153 = [3.70],
  tau_154 = [4.99],
  tau_155 = [3.66],
  tau_156 = [4.88],
  tau_157 = [2.47],
  tau_158 = [3.96],
  tau_159 = [5.35],
  tau_1510 = [5.93],
  tau_161 = [1.34],
  tau_162 = [2.37],
  tau_163 = [2.35],
  tau_164 = [1.24],
  tau_165 = [2.57],
  tau_166 = [5.74],
  tau_167 = [2.65],
  tau_168 = [3.74],
  tau_169 = [1.82],
  tau_1610 = [6.20],
  tau_171 = [1.44],
  tau_172 = [5.37],
  tau_173 = [5.06],
  tau_174 = [3.83],
  tau_175 = [1.65],
  tau_176 = [2.39],
  tau_177 = [6.56],
  tau_178 = [2.64],
  tau_179 = [3.06],
  tau_1710 = [5.45],
  tau_181 = [3.70],
  tau_182 = [3.88],
  tau_183 = [7.02],
  tau_184 = [3.16],
  tau_185 = [1.04],
  tau_186 = [2.73],
  tau_187 = [1.28],
  tau_188 = [4.25],
  tau_189 = [3.94],
  tau_1810 = [1.90],
  tau_191 = [3.53],
  tau_192 = [3.14],
  tau_193 = [2.15],
  tau_194 = [5.87],
  tau_195 = [1.66],
  tau_196 = [5.33],
  tau_197 = [2.69],
  tau_198 = [2.79],
  tau_199 = [5.25],
  tau_1910 = [1.99],
  tau_201 = [1.82],
  tau_202 = [5.93],
  tau_203 = [2.87],
  tau_204 = [4.34],
  tau_205 = [7.17],
  tau_206 = [5.45],
  tau_207 = [2.81],
  tau_208 = [4.14],
  tau_209 = [1.76],
  tau_2010 = [4.57],
  tau_211 = [2.95],
  tau_212 = [4.55],
  tau_213 = [7.23],
  tau_214 = [5.64],
  tau_215 = [3.46],
  tau_216 = [3.57],
  tau_217 = [4.57],
  tau_218 = [3.84],
  tau_219 = [1.41],
  tau_2110 = [7.15],
  tau_221 = [1.06],
  tau_222 = [4.91],
  tau_223 = [4.82],
  tau_224 = [7.36],
  tau_225 = [1.01],
  tau_226 = [2.24],
  tau_227 = [1.41],
  tau_228 = [6.01],
  tau_229 = [4.16],
  tau_2210 = [6.71],
  tau_231 = [4.40],
  tau_232 = [1.45],
  tau_233 = [6.73],
  tau_234 = [4.08],
  tau_235 = [5.18],
  tau_236 = [8.14],
  tau_237 = [5.72],
  tau_238 = [1.61],
  tau_239 = [5.65],
  tau_2310 = [3.62],
  tau_241 = [6.04],
  tau_242 = [4.08],
  tau_243 = [3.53],
  tau_244 = [3.24],
  tau_245 = [3.42],
  tau_246 = [5.24],
  tau_247 = [5.25],
  tau_248 = [3.72],
  tau_249 = [5.46],
  tau_2410 = [4.46],
  tau_251 = [7.09],
  tau_252 = [1.27],
  tau_253 = [2.89],
  tau_254 = [4.56],
  tau_255 = [2.05],
  tau_256 = [5.20],
  tau_257 = [0.91],
  tau_258 = [2.92],
  tau_259 = [6.01],
  tau_2510 = [5.06],
  tau_261 = [3.96],
  tau_262 = [3.04],
  tau_263 = [1.72],
  tau_264 = [4.56],
  tau_265 = [1.30],
  tau_266 = [3.41],
  tau_267 = [1.22],
  tau_268 = [5.88],
  tau_269 = [4.65],
  tau_2610 = [2.56],
  tau_271 = [1.00],
  tau_272 = [3.95],
  tau_273 = [1.64],
  tau_274 = [1.22],
  tau_275 = [1.28],
  tau_276 = [2.43],
  tau_277 = [2.76],
  tau_278 = [2.15],
  tau_279 = [4.28],
  tau_2710 = [7.74],
  tau_281 = [1.41],
  tau_282 = [3.75],
  tau_283 = [2.52],
  tau_284 = [5.61],
  tau_285 = [4.84],
  tau_286 = [4.44],
  tau_287 = [1.60],
  tau_288 = [4.14],
  tau_289 = [5.18],
  tau_2810 = [3.33],
  tau_291 = [4.46],
  tau_292 = [3.54],
  tau_293 = [3.42],
  tau_294 = [1.67],
  tau_295 = [5.40],
  tau_296 = [4.85],
  tau_297 = [4.37],
  tau_298 = [3.36],
  tau_299 = [9.24],
  tau_2910 = [6.96],
  tau_301 = [4.76],
  tau_302 = [5.01],
  tau_303 = [2.70],
  tau_304 = [1.23],
  tau_305 = [1.26],
  tau_306 = [6.69],
  tau_307 = [4.88],
  tau_308 = [1.05],
  tau_309 = [3.89],
  tau_3010 = [5.18],
  tau_311 = [7.41],
  tau_312 = [1.15],
  tau_313 = [1.62],
  tau_314 = [1.50],
  tau_315 = [0.98],
  tau_316 = [3.67],
  tau_317 = [1.16],
  tau_318 = [2.59],
  tau_319 = [0.99],
  tau_3110 = [6.28],
  tau_321 = [3.74],
  tau_322 = [6.29],
  tau_323 = [7.24],
  tau_324 = [2.38],
  tau_325 = [6.10],
  tau_326 = [1.18],
  tau_327 = [2.34],
  tau_328 = [6.17],
  tau_329 = [1.34],
  tau_3210 = [6.05],
  tau_331 = [3.53],
  tau_332 = [5.29],
  tau_333 = [3.93],
  tau_334 = [5.55],
  tau_335 = [3.34],
  tau_336 = [2.92],
  tau_337 = [6.86],
  tau_338 = [2.89],
  tau_339 = [5.57],
  tau_3310 = [1.27],
  tau_341 = [3.29],
  tau_342 = [1.08],
  tau_343 = [2.37],
  tau_344 = [7.00],
  tau_345 = [1.31],
  tau_346 = [4.03],
  tau_347 = [4.04],
  tau_348 = [7.22],
  tau_349 = [3.88],
  tau_3410 = [2.19],
  tau_351 = [2.31],
  tau_352 = [1.17],
  tau_353 = [5.34],
  tau_354 = [1.11],
  tau_355 = [7.93],
  tau_356 = [1.81],
  tau_357 = [1.21],
  tau_358 = [2.63],
  tau_359 = [4.83],
  tau_3510 = [7.93],
  tau_361 = [2.24],
  tau_362 = [3.19],
  tau_363 = [1.26],
  tau_364 = [0.57],
  tau_365 = [1.20],
  tau_366 = [2.43],
  tau_367 = [2.16],
  tau_368 = [7.07],
  tau_369 = [6.49],
  tau_3610 = [1.62],
  tau_371 = [1.57],
  tau_372 = [2.41],
  tau_373 = [3.50],
  tau_374 = [3.15],
  tau_375 = [4.99],
  tau_376 = [6.39],
  tau_377 = [2.91],
  tau_378 = [6.34],
  tau_379 = [5.90],
  tau_3710 = [5.04],
  tau_381 = [5.66],
  tau_382 = [3.43],
  tau_383 = [7.27],
  tau_384 = [3.03],
  tau_385 = [1.90],
  tau_386 = [6.64],
  tau_387 = [4.09],
  tau_388 = [2.97],
  tau_389 = [7.27],
  tau_3810 = [6.41],
  tau_391 = [3.75],
  tau_392 = [3.10],
  tau_393 = [6.52],
  tau_394 = [5.45],
  tau_395 = [3.74],
  tau_396 = [6.90],
  tau_397 = [5.12],
  tau_398 = [5.58],
  tau_399 = [4.16],
  tau_3910 = [2.01],
  tau_401 = [1.55],
  tau_402 = [3.04],
  tau_403 = [4.21],
  tau_404 = [4.45],
  tau_405 = [1.37],
  tau_406 = [2.43],
  tau_407 = [6.28],
  tau_408 = [2.60],
  tau_409 = [5.98],
  tau_4010 = [2.78],
]

Epsilon + ¦Ì_{jk} = [
  epsilon_plus_mu_11 = [19.59],
  epsilon_plus_mu_12 = [17.52],
  epsilon_plus_mu_13 = [13.02],
  epsilon_plus_mu_14 = [13.39],
  epsilon_plus_mu_15 = [10.66],
  epsilon_plus_mu_16 = [17.35],
  epsilon_plus_mu_17 = [8.92],
  epsilon_plus_mu_18 = [17.07],
  epsilon_plus_mu_19 = [1.79],
  epsilon_plus_mu_110 = [12.78],
  epsilon_plus_mu_21 = [17.77],
  epsilon_plus_mu_22 = [11.84],
  epsilon_plus_mu_23 = [7.42],
  epsilon_plus_mu_24 = [3.30],
  epsilon_plus_mu_25 = [6.68],
  epsilon_plus_mu_26 = [10.92],
  epsilon_plus_mu_27 = [4.34],
  epsilon_plus_mu_28 = [2.41],
  epsilon_plus_mu_29 = [19.48],
  epsilon_plus_mu_210 = [11.96],
  epsilon_plus_mu_31 = [15.77],
  epsilon_plus_mu_32 = [13.35],
  epsilon_plus_mu_33 = [3.76],
  epsilon_plus_mu_34 = [5.12],
  epsilon_plus_mu_35 = [7.70],
  epsilon_plus_mu_36 = [8.69],
  epsilon_plus_mu_37 = [12.42],
  epsilon_plus_mu_38 = [14.69],
  epsilon_plus_mu_39 = [12.52],
  epsilon_plus_mu_310 = [8.40],
  epsilon_plus_mu_41 = [19.30],
  epsilon_plus_mu_42 = [4.55],
  epsilon_plus_mu_43 = [12.82],
  epsilon_plus_mu_44 = [15.89],
  epsilon_plus_mu_45 = [6.45],
  epsilon_plus_mu_46 = [16.77],
  epsilon_plus_mu_47 = [12.28],
  epsilon_plus_mu_48 = [1.71],
  epsilon_plus_mu_49 = [5.39],
  epsilon_plus_mu_410 = [10.52],
  epsilon_plus_mu_51 = [18.34],
  epsilon_plus_mu_52 = [7.70],
  epsilon_plus_mu_53 = [13.04],
  epsilon_plus_mu_54 = [7.80],
  epsilon_plus_mu_55 = [14.27],
  epsilon_plus_mu_56 = [2.09],
  epsilon_plus_mu_57 = [10.22],
  epsilon_plus_mu_58 = [10.61],
  epsilon_plus_mu_59 = [5.00],
  epsilon_plus_mu_510 = [8.94],
  epsilon_plus_mu_61 = [17.45],
  epsilon_plus_mu_62 = [19.02],
  epsilon_plus_mu_63 = [18.47],
  epsilon_plus_mu_64 = [5.54],
  epsilon_plus_mu_65 = [12.92],
  epsilon_plus_mu_66 = [6.98],
  epsilon_plus_mu_67 = [9.44],
  epsilon_plus_mu_68 = [16.97],
  epsilon_plus_mu_69 = [7.14],
  epsilon_plus_mu_610 = [15.56],
  epsilon_plus_mu_71 = [18.39],
  epsilon_plus_mu_72 = [4.55],
  epsilon_plus_mu_73 = [22.27],
  epsilon_plus_mu_74 = [11.60],
  epsilon_plus_mu_75 = [10.28],
  epsilon_plus_mu_76 = [14.07],
  epsilon_plus_mu_77 = [11.38],
  epsilon_plus_mu_78 = [5.34],
  epsilon_plus_mu_79 = [20.86],
  epsilon_plus_mu_710 = [8.47],
  epsilon_plus_mu_81 = [8.67],
  epsilon_plus_mu_82 = [14.35],
  epsilon_plus_mu_83 = [15.08],
  epsilon_plus_mu_84 = [1.14],
  epsilon_plus_mu_85 = [5.40],
  epsilon_plus_mu_86 = [5.29],
  epsilon_plus_mu_87 = [4.87],
  epsilon_plus_mu_88 = [2.18],
  epsilon_plus_mu_89 = [14.02],
  epsilon_plus_mu_810 = [2.07],
  epsilon_plus_mu_91 = [3.10],
  epsilon_plus_mu_92 = [7.50],
  epsilon_plus_mu_93 = [7.02],
  epsilon_plus_mu_94 = [12.12],
  epsilon_plus_mu_95 = [10.98],
  epsilon_plus_mu_96 = [10.91],
  epsilon_plus_mu_97 = [18.59],
  epsilon_plus_mu_98 = [24.59],
  epsilon_plus_mu_99 = [3.71],
  epsilon_plus_mu_910 = [1.50],
  epsilon_plus_mu_101 = [10.04],
  epsilon_plus_mu_102 = [17.47],
  epsilon_plus_mu_103 = [4.11],
  epsilon_plus_mu_104 = [16.27],
  epsilon_plus_mu_105 = [5.38],
  epsilon_plus_mu_106 = [6.22],
  epsilon_plus_mu_107 = [1.41],
  epsilon_plus_mu_108 = [12.19],
  epsilon_plus_mu_109 = [2.09],
  epsilon_plus_mu_1010 = [7.99],
  epsilon_plus_mu_111 = [12.11],
  epsilon_plus_mu_112 = [9.35],
  epsilon_plus_mu_113 = [24.78],
  epsilon_plus_mu_114 = [16.31],
  epsilon_plus_mu_115 = [12.38],
  epsilon_plus_mu_116 = [9.34],
  epsilon_plus_mu_117 = [6.53],
  epsilon_plus_mu_118 = [7.83],
  epsilon_plus_mu_119 = [12.44],
  epsilon_plus_mu_1110 = [13.58],
  epsilon_plus_mu_121 = [14.90],
  epsilon_plus_mu_122 = [5.44],
  epsilon_plus_mu_123 = [5.43],
  epsilon_plus_mu_124 = [2.62],
  epsilon_plus_mu_125 = [10.29],
  epsilon_plus_mu_126 = [12.74],
  epsilon_plus_mu_127 = [2.16],
  epsilon_plus_mu_128 = [11.74],
  epsilon_plus_mu_129 = [4.57],
  epsilon_plus_mu_1210 = [6.96],
  epsilon_plus_mu_131 = [13.74],
  epsilon_plus_mu_132 = [20.25],
  epsilon_plus_mu_133 = [3.82],
  epsilon_plus_mu_134 = [11.07],
  epsilon_plus_mu_135 = [16.49],
  epsilon_plus_mu_136 = [6.80],
  epsilon_plus_mu_137 = [18.03],
  epsilon_plus_mu_138 = [23.81],
  epsilon_plus_mu_139 = [2.47],
  epsilon_plus_mu_1310 = [9.35],
  epsilon_plus_mu_141 = [17.64],
  epsilon_plus_mu_142 = [9.23],
  epsilon_plus_mu_143 = [16.04],
  epsilon_plus_mu_144 = [13.52],
  epsilon_plus_mu_145 = [12.16],
  epsilon_plus_mu_146 = [26.21],
  epsilon_plus_mu_147 = [6.34],
  epsilon_plus_mu_148 = [8.67],
  epsilon_plus_mu_149 = [17.02],
  epsilon_plus_mu_1410 = [7.53],
  epsilon_plus_mu_151 = [1.51],
  epsilon_plus_mu_152 = [7.46],
  epsilon_plus_mu_153 = [11.08],
  epsilon_plus_mu_154 = [20.12],
  epsilon_plus_mu_155 = [16.20],
  epsilon_plus_mu_156 = [2.55],
  epsilon_plus_mu_157 = [5.44],
  epsilon_plus_mu_158 = [4.91],
  epsilon_plus_mu_159 = [13.87],
  epsilon_plus_mu_1510 = [19.35],
  epsilon_plus_mu_161 = [15.36],
  epsilon_plus_mu_162 = [10.03],
  epsilon_plus_mu_163 = [4.96],
  epsilon_plus_mu_164 = [5.01],
  epsilon_plus_mu_165 = [14.06],
  epsilon_plus_mu_166 = [12.04],
  epsilon_plus_mu_167 = [8.86],
  epsilon_plus_mu_168 = [8.20],
  epsilon_plus_mu_169 = [12.23],
  epsilon_plus_mu_1610 = [11.41],
  epsilon_plus_mu_171 = [14.47],
  epsilon_plus_mu_172 = [5.96],
  epsilon_plus_mu_173 = [1.51],
  epsilon_plus_mu_174 = [6.10],
  epsilon_plus_mu_175 = [23.08],
  epsilon_plus_mu_176 = [15.02],
  epsilon_plus_mu_177 = [7.79],
  epsilon_plus_mu_178 = [12.94],
  epsilon_plus_mu_179 = [1.69],
  epsilon_plus_mu_1710 = [9.21],
  epsilon_plus_mu_181 = [14.65],
  epsilon_plus_mu_182 = [11.87],
  epsilon_plus_mu_183 = [8.01],
  epsilon_plus_mu_184 = [2.26],
  epsilon_plus_mu_185 = [15.16],
  epsilon_plus_mu_186 = [15.13],
  epsilon_plus_mu_187 = [10.14],
  epsilon_plus_mu_188 = [13.21],
  epsilon_plus_mu_189 = [5.66],
  epsilon_plus_mu_1810 = [14.67],
  epsilon_plus_mu_191 = [11.00],
  epsilon_plus_mu_192 = [26.55],
  epsilon_plus_mu_193 = [9.10],
  epsilon_plus_mu_194 = [4.06],
  epsilon_plus_mu_195 = [13.46],
  epsilon_plus_mu_196 = [2.24],
  epsilon_plus_mu_197 = [14.60],
  epsilon_plus_mu_198 = [2.12],
  epsilon_plus_mu_199 = [9.00],
  epsilon_plus_mu_1910 = [17.34],
  epsilon_plus_mu_201 = [4.51],
  epsilon_plus_mu_202 = [2.43],
  epsilon_plus_mu_203 = [10.44],
  epsilon_plus_mu_204 = [18.25],
  epsilon_plus_mu_205 = [14.38],
  epsilon_plus_mu_206 = [9.65],
  epsilon_plus_mu_207 = [7.98],
  epsilon_plus_mu_208 = [4.78],
  epsilon_plus_mu_209 = [14.27],
  epsilon_plus_mu_2010 = [14.34],
  epsilon_plus_mu_211 = [13.92],
  epsilon_plus_mu_212 = [20.29],
  epsilon_plus_mu_213 = [12.27],
  epsilon_plus_mu_214 = [3.78],
  epsilon_plus_mu_215 = [10.86],
  epsilon_plus_mu_216 = [1.85],
  epsilon_plus_mu_217 = [2.00],
  epsilon_plus_mu_218 = [17.18],
  epsilon_plus_mu_219 = [23.09],
  epsilon_plus_mu_2110 = [7.25],
  epsilon_plus_mu_221 = [17.16],
  epsilon_plus_mu_222 = [1.50],
  epsilon_plus_mu_223 = [15.30],
  epsilon_plus_mu_224 = [4.89],
  epsilon_plus_mu_225 = [7.73],
  epsilon_plus_mu_226 = [23.42],
  epsilon_plus_mu_227 = [22.20],
  epsilon_plus_mu_228 = [18.77],
  epsilon_plus_mu_229 = [9.86],
  epsilon_plus_mu_2210 = [20.31],
  epsilon_plus_mu_231 = [11.52],
  epsilon_plus_mu_232 = [7.44],
  epsilon_plus_mu_233 = [2.47],
  epsilon_plus_mu_234 = [9.38],
  epsilon_plus_mu_235 = [18.03],
  epsilon_plus_mu_236 = [19.17],
  epsilon_plus_mu_237 = [3.85],
  epsilon_plus_mu_238 = [2.37],
  epsilon_plus_mu_239 = [5.58],
  epsilon_plus_mu_2310 = [15.39],
  epsilon_plus_mu_241 = [1.87],
  epsilon_plus_mu_242 = [6.87],
  epsilon_plus_mu_243 = [10.78],
  epsilon_plus_mu_244 = [4.11],
  epsilon_plus_mu_245 = [9.81],
  epsilon_plus_mu_246 = [3.63],
  epsilon_plus_mu_247 = [5.50],
  epsilon_plus_mu_248 = [20.45],
  epsilon_plus_mu_249 = [12.43],
  epsilon_plus_mu_2410 = [3.34],
  epsilon_plus_mu_251 = [22.00],
  epsilon_plus_mu_252 = [4.57],
  epsilon_plus_mu_253 = [5.14],
  epsilon_plus_mu_254 = [7.37],
  epsilon_plus_mu_255 = [10.62],
  epsilon_plus_mu_256 = [14.65],
  epsilon_plus_mu_257 = [2.62],
  epsilon_plus_mu_258 = [17.86],
  epsilon_plus_mu_259 = [1.78],
  epsilon_plus_mu_2510 = [1.60],
  epsilon_plus_mu_261 = [3.50],
  epsilon_plus_mu_262 = [4.30],
  epsilon_plus_mu_263 = [9.24],
  epsilon_plus_mu_264 = [1.63],
  epsilon_plus_mu_265 = [11.67],
  epsilon_plus_mu_266 = [20.05],
  epsilon_plus_mu_267 = [16.10],
  epsilon_plus_mu_268 = [7.93],
  epsilon_plus_mu_269 = [10.00],
  epsilon_plus_mu_2610 = [7.21],
  epsilon_plus_mu_271 = [9.52],
  epsilon_plus_mu_272 = [9.60],
  epsilon_plus_mu_273 = [19.43],
  epsilon_plus_mu_274 = [4.88],
  epsilon_plus_mu_275 = [2.87],
  epsilon_plus_mu_276 = [25.94],
  epsilon_plus_mu_277 = [20.10],
  epsilon_plus_mu_278 = [2.79],
  epsilon_plus_mu_279 = [7.02],
  epsilon_plus_mu_2710 = [14.57],
  epsilon_plus_mu_281 = [7.32],
  epsilon_plus_mu_282 = [10.18],
  epsilon_plus_mu_283 = [12.79],
  epsilon_plus_mu_284 = [16.91],
  epsilon_plus_mu_285 = [4.78],
  epsilon_plus_mu_286 = [3.43],
  epsilon_plus_mu_287 = [5.22],
  epsilon_plus_mu_288 = [24.47],
  epsilon_plus_mu_289 = [16.73],
  epsilon_plus_mu_2810 = [16.09],
  epsilon_plus_mu_291 = [13.86],
  epsilon_plus_mu_292 = [10.40],
  epsilon_plus_mu_293 = [5.51],
  epsilon_plus_mu_294 = [14.01],
  epsilon_plus_mu_295 = [15.66],
  epsilon_plus_mu_296 = [2.24],
  epsilon_plus_mu_297 = [19.65],
  epsilon_plus_mu_298 = [12.02],
  epsilon_plus_mu_299 = [25.19],
  epsilon_plus_mu_2910 = [10.75],
  epsilon_plus_mu_301 = [19.37],
  epsilon_plus_mu_302 = [19.00],
  epsilon_plus_mu_303 = [2.41],
  epsilon_plus_mu_304 = [8.59],
  epsilon_plus_mu_305 = [5.63],
  epsilon_plus_mu_306 = [3.89],
  epsilon_plus_mu_307 = [4.47],
  epsilon_plus_mu_308 = [18.20],
  epsilon_plus_mu_309 = [17.58],
  epsilon_plus_mu_3010 = [12.83],
  epsilon_plus_mu_311 = [9.38],
  epsilon_plus_mu_312 = [17.51],
  epsilon_plus_mu_313 = [13.03],
  epsilon_plus_mu_314 = [10.19],
  epsilon_plus_mu_315 = [10.14],
  epsilon_plus_mu_316 = [9.84],
  epsilon_plus_mu_317 = [19.74],
  epsilon_plus_mu_318 = [17.10],
  epsilon_plus_mu_319 = [1.80],
  epsilon_plus_mu_3110 = [3.59],
  epsilon_plus_mu_321 = [7.96],
  epsilon_plus_mu_322 = [14.06],
  epsilon_plus_mu_323 = [6.77],
  epsilon_plus_mu_324 = [13.08],
  epsilon_plus_mu_325 = [8.44],
  epsilon_plus_mu_326 = [5.72],
  epsilon_plus_mu_327 = [13.96],
  epsilon_plus_mu_328 = [3.77],
  epsilon_plus_mu_329 = [20.24],
  epsilon_plus_mu_3210 = [15.91],
  epsilon_plus_mu_331 = [19.73],
  epsilon_plus_mu_332 = [15.20],
  epsilon_plus_mu_333 = [23.60],
  epsilon_plus_mu_334 = [1.87],
  epsilon_plus_mu_335 = [6.57],
  epsilon_plus_mu_336 = [6.79],
  epsilon_plus_mu_337 = [2.10],
  epsilon_plus_mu_338 = [12.16],
  epsilon_plus_mu_339 = [15.55],
  epsilon_plus_mu_3310 = [16.20],
  epsilon_plus_mu_341 = [2.92],
  epsilon_plus_mu_342 = [4.48],
  epsilon_plus_mu_343 = [8.00],
  epsilon_plus_mu_344 = [15.22],
  epsilon_plus_mu_345 = [11.51],
  epsilon_plus_mu_346 = [5.02],
  epsilon_plus_mu_347 = [8.79],
  epsilon_plus_mu_348 = [13.52],
  epsilon_plus_mu_349 = [15.87],
  epsilon_plus_mu_3410 = [10.15],
  epsilon_plus_mu_351 = [19.96],
  epsilon_plus_mu_352 = [15.38],
  epsilon_plus_mu_353 = [5.22],
  epsilon_plus_mu_354 = [8.67],
  epsilon_plus_mu_355 = [10.18],
  epsilon_plus_mu_356 = [6.58],
  epsilon_plus_mu_357 = [12.70],
  epsilon_plus_mu_358 = [12.32],
  epsilon_plus_mu_359 = [2.71],
  epsilon_plus_mu_3510 = [10.52],
  epsilon_plus_mu_361 = [8.37],
  epsilon_plus_mu_362 = [11.76],
  epsilon_plus_mu_363 = [11.69],
  epsilon_plus_mu_364 = [9.36],
  epsilon_plus_mu_365 = [18.64],
  epsilon_plus_mu_366 = [23.68],
  epsilon_plus_mu_367 = [12.55],
  epsilon_plus_mu_368 = [3.99],
  epsilon_plus_mu_369 = [15.01],
  epsilon_plus_mu_3610 = [18.30],
  epsilon_plus_mu_371 = [4.34],
  epsilon_plus_mu_372 = [7.89],
  epsilon_plus_mu_373 = [19.91],
  epsilon_plus_mu_374 = [1.44],
  epsilon_plus_mu_375 = [11.56],
  epsilon_plus_mu_376 = [2.53],
  epsilon_plus_mu_377 = [16.36],
  epsilon_plus_mu_378 = [14.58],
  epsilon_plus_mu_379 = [1.31],
  epsilon_plus_mu_3710 = [12.27],
  epsilon_plus_mu_381 = [15.03],
  epsilon_plus_mu_382 = [9.04],
  epsilon_plus_mu_383 = [1.76],
  epsilon_plus_mu_384 = [4.49],
  epsilon_plus_mu_385 = [5.72],
  epsilon_plus_mu_386 = [6.61],
  epsilon_plus_mu_387 = [23.48],
  epsilon_plus_mu_388 = [12.20],
  epsilon_plus_mu_389 = [8.71],
  epsilon_plus_mu_3810 = [11.85],
  epsilon_plus_mu_391 = [16.42],
  epsilon_plus_mu_392 = [1.22],
  epsilon_plus_mu_393 = [3.95],
  epsilon_plus_mu_394 = [17.55],
  epsilon_plus_mu_395 = [4.95],
  epsilon_plus_mu_396 = [8.99],
  epsilon_plus_mu_397 = [8.41],
  epsilon_plus_mu_398 = [18.15],
  epsilon_plus_mu_399 = [10.21],
  epsilon_plus_mu_3910 = [9.44],
  epsilon_plus_mu_401 = [22.78],
  epsilon_plus_mu_402 = [14.31],
  epsilon_plus_mu_403 = [2.90],
  epsilon_plus_mu_404 = [14.08],
  epsilon_plus_mu_405 = [13.75],
  epsilon_plus_mu_406 = [1.70],
  epsilon_plus_mu_407 = [19.49],
  epsilon_plus_mu_408 = [22.36],
  epsilon_plus_mu_409 = [18.34],
  epsilon_plus_mu_4010 = [13.23],
]

Epsilon - ¦Ì_{jk} = [
  epsilon_minus_mu_11 = [-6.53],
  epsilon_minus_mu_12 = [-5.84],
  epsilon_minus_mu_13 = [-4.34],
  epsilon_minus_mu_14 = [-4.46],
  epsilon_minus_mu_15 = [-3.55],
  epsilon_minus_mu_16 = [-5.78],
  epsilon_minus_mu_17 = [-2.97],
  epsilon_minus_mu_18 = [-5.69],
  epsilon_minus_mu_19 = [-0.60],
  epsilon_minus_mu_110 = [-4.26],
  epsilon_minus_mu_21 = [-5.92],
  epsilon_minus_mu_22 = [-3.95],
  epsilon_minus_mu_23 = [-2.47],
  epsilon_minus_mu_24 = [-1.10],
  epsilon_minus_mu_25 = [-2.23],
  epsilon_minus_mu_26 = [-3.64],
  epsilon_minus_mu_27 = [-1.45],
  epsilon_minus_mu_28 = [-0.80],
  epsilon_minus_mu_29 = [-6.49],
  epsilon_minus_mu_210 = [-3.99],
  epsilon_minus_mu_31 = [-5.26],
  epsilon_minus_mu_32 = [-4.45],
  epsilon_minus_mu_33 = [-1.25],
  epsilon_minus_mu_34 = [-1.71],
  epsilon_minus_mu_35 = [-2.57],
  epsilon_minus_mu_36 = [-2.90],
  epsilon_minus_mu_37 = [-4.14],
  epsilon_minus_mu_38 = [-4.90],
  epsilon_minus_mu_39 = [-4.17],
  epsilon_minus_mu_310 = [-2.80],
  epsilon_minus_mu_41 = [-6.43],
  epsilon_minus_mu_42 = [-1.52],
  epsilon_minus_mu_43 = [-4.27],
  epsilon_minus_mu_44 = [-5.30],
  epsilon_minus_mu_45 = [-2.15],
  epsilon_minus_mu_46 = [-5.59],
  epsilon_minus_mu_47 = [-4.09],
  epsilon_minus_mu_48 = [-0.57],
  epsilon_minus_mu_49 = [-1.80],
  epsilon_minus_mu_410 = [-3.51],
  epsilon_minus_mu_51 = [-6.11],
  epsilon_minus_mu_52 = [-2.57],
  epsilon_minus_mu_53 = [-4.35],
  epsilon_minus_mu_54 = [-2.60],
  epsilon_minus_mu_55 = [-4.76],
  epsilon_minus_mu_56 = [-0.70],
  epsilon_minus_mu_57 = [-3.41],
  epsilon_minus_mu_58 = [-3.54],
  epsilon_minus_mu_59 = [-1.67],
  epsilon_minus_mu_510 = [-2.98],
  epsilon_minus_mu_61 = [-5.82],
  epsilon_minus_mu_62 = [-6.34],
  epsilon_minus_mu_63 = [-6.16],
  epsilon_minus_mu_64 = [-1.85],
  epsilon_minus_mu_65 = [-4.31],
  epsilon_minus_mu_66 = [-2.33],
  epsilon_minus_mu_67 = [-3.15],
  epsilon_minus_mu_68 = [-5.66],
  epsilon_minus_mu_69 = [-2.38],
  epsilon_minus_mu_610 = [-5.19],
  epsilon_minus_mu_71 = [-6.13],
  epsilon_minus_mu_72 = [-1.52],
  epsilon_minus_mu_73 = [-7.42],
  epsilon_minus_mu_74 = [-3.87],
  epsilon_minus_mu_75 = [-3.43],
  epsilon_minus_mu_76 = [-4.69],
  epsilon_minus_mu_77 = [-3.79],
  epsilon_minus_mu_78 = [-1.78],
  epsilon_minus_mu_79 = [-6.95],
  epsilon_minus_mu_710 = [-2.82],
  epsilon_minus_mu_81 = [-2.89],
  epsilon_minus_mu_82 = [-4.78],
  epsilon_minus_mu_83 = [-5.03],
  epsilon_minus_mu_84 = [-0.38],
  epsilon_minus_mu_85 = [-1.80],
  epsilon_minus_mu_86 = [-1.76],
  epsilon_minus_mu_87 = [-1.62],
  epsilon_minus_mu_88 = [-0.73],
  epsilon_minus_mu_89 = [-4.67],
  epsilon_minus_mu_810 = [-0.69],
  epsilon_minus_mu_91 = [-1.03],
  epsilon_minus_mu_92 = [-2.50],
  epsilon_minus_mu_93 = [-2.34],
  epsilon_minus_mu_94 = [-4.04],
  epsilon_minus_mu_95 = [-3.66],
  epsilon_minus_mu_96 = [-3.64],
  epsilon_minus_mu_97 = [-6.20],
  epsilon_minus_mu_98 = [-8.20],
  epsilon_minus_mu_99 = [-1.24],
  epsilon_minus_mu_910 = [-0.50],
  epsilon_minus_mu_101 = [-3.35],
  epsilon_minus_mu_102 = [-5.82],
  epsilon_minus_mu_103 = [-1.37],
  epsilon_minus_mu_104 = [-5.42],
  epsilon_minus_mu_105 = [-1.79],
  epsilon_minus_mu_106 = [-2.07],
  epsilon_minus_mu_107 = [-0.47],
  epsilon_minus_mu_108 = [-4.06],
  epsilon_minus_mu_109 = [-0.70],
  epsilon_minus_mu_1010 = [-2.66],
  epsilon_minus_mu_111 = [-4.04],
  epsilon_minus_mu_112 = [-3.12],
  epsilon_minus_mu_113 = [-8.26],
  epsilon_minus_mu_114 = [-5.44],
  epsilon_minus_mu_115 = [-4.13],
  epsilon_minus_mu_116 = [-3.11],
  epsilon_minus_mu_117 = [-2.18],
  epsilon_minus_mu_118 = [-2.61],
  epsilon_minus_mu_119 = [-4.15],
  epsilon_minus_mu_1110 = [-4.53],
  epsilon_minus_mu_121 = [-4.97],
  epsilon_minus_mu_122 = [-1.81],
  epsilon_minus_mu_123 = [-1.81],
  epsilon_minus_mu_124 = [-0.87],
  epsilon_minus_mu_125 = [-3.43],
  epsilon_minus_mu_126 = [-4.25],
  epsilon_minus_mu_127 = [-0.72],
  epsilon_minus_mu_128 = [-3.91],
  epsilon_minus_mu_129 = [-1.52],
  epsilon_minus_mu_1210 = [-2.32],
  epsilon_minus_mu_131 = [-4.58],
  epsilon_minus_mu_132 = [-6.75],
  epsilon_minus_mu_133 = [-1.27],
  epsilon_minus_mu_134 = [-3.69],
  epsilon_minus_mu_135 = [-5.50],
  epsilon_minus_mu_136 = [-2.27],
  epsilon_minus_mu_137 = [-6.01],
  epsilon_minus_mu_138 = [-7.94],
  epsilon_minus_mu_139 = [-0.82],
  epsilon_minus_mu_1310 = [-3.12],
  epsilon_minus_mu_141 = [-5.88],
  epsilon_minus_mu_142 = [-3.08],
  epsilon_minus_mu_143 = [-5.35],
  epsilon_minus_mu_144 = [-4.51],
  epsilon_minus_mu_145 = [-4.05],
  epsilon_minus_mu_146 = [-8.74],
  epsilon_minus_mu_147 = [-2.11],
  epsilon_minus_mu_148 = [-2.89],
  epsilon_minus_mu_149 = [-5.67],
  epsilon_minus_mu_1410 = [-2.51],
  epsilon_minus_mu_151 = [-0.50],
  epsilon_minus_mu_152 = [-2.49],
  epsilon_minus_mu_153 = [-3.69],
  epsilon_minus_mu_154 = [-6.71],
  epsilon_minus_mu_155 = [-5.40],
  epsilon_minus_mu_156 = [-0.85],
  epsilon_minus_mu_157 = [-1.81],
  epsilon_minus_mu_158 = [-1.64],
  epsilon_minus_mu_159 = [-4.62],
  epsilon_minus_mu_1510 = [-6.45],
  epsilon_minus_mu_161 = [-5.12],
  epsilon_minus_mu_162 = [-3.34],
  epsilon_minus_mu_163 = [-1.65],
  epsilon_minus_mu_164 = [-1.67],
  epsilon_minus_mu_165 = [-4.69],
  epsilon_minus_mu_166 = [-4.01],
  epsilon_minus_mu_167 = [-2.95],
  epsilon_minus_mu_168 = [-2.73],
  epsilon_minus_mu_169 = [-4.08],
  epsilon_minus_mu_1610 = [-3.80],
  epsilon_minus_mu_171 = [-4.82],
  epsilon_minus_mu_172 = [-1.99],
  epsilon_minus_mu_173 = [-0.50],
  epsilon_minus_mu_174 = [-2.03],
  epsilon_minus_mu_175 = [-7.69],
  epsilon_minus_mu_176 = [-5.01],
  epsilon_minus_mu_177 = [-2.60],
  epsilon_minus_mu_178 = [-4.31],
  epsilon_minus_mu_179 = [-0.56],
  epsilon_minus_mu_1710 = [-3.07],
  epsilon_minus_mu_181 = [-4.88],
  epsilon_minus_mu_182 = [-3.96],
  epsilon_minus_mu_183 = [-2.67],
  epsilon_minus_mu_184 = [-0.75],
  epsilon_minus_mu_185 = [-5.05],
  epsilon_minus_mu_186 = [-5.04],
  epsilon_minus_mu_187 = [-3.38],
  epsilon_minus_mu_188 = [-4.40],
  epsilon_minus_mu_189 = [-1.89],
  epsilon_minus_mu_1810 = [-4.89],
  epsilon_minus_mu_191 = [-3.67],
  epsilon_minus_mu_192 = [-8.85],
  epsilon_minus_mu_193 = [-3.03],
  epsilon_minus_mu_194 = [-1.35],
  epsilon_minus_mu_195 = [-4.49],
  epsilon_minus_mu_196 = [-0.75],
  epsilon_minus_mu_197 = [-4.87],
  epsilon_minus_mu_198 = [-0.71],
  epsilon_minus_mu_199 = [-3.00],
  epsilon_minus_mu_1910 = [-5.78],
  epsilon_minus_mu_201 = [-1.50],
  epsilon_minus_mu_202 = [-0.81],
  epsilon_minus_mu_203 = [-3.48],
  epsilon_minus_mu_204 = [-6.08],
  epsilon_minus_mu_205 = [-4.79],
  epsilon_minus_mu_206 = [-3.22],
  epsilon_minus_mu_207 = [-2.66],
  epsilon_minus_mu_208 = [-1.59],
  epsilon_minus_mu_209 = [-4.76],
  epsilon_minus_mu_2010 = [-4.78],
  epsilon_minus_mu_211 = [-4.64],
  epsilon_minus_mu_212 = [-6.76],
  epsilon_minus_mu_213 = [-4.09],
  epsilon_minus_mu_214 = [-1.26],
  epsilon_minus_mu_215 = [-3.62],
  epsilon_minus_mu_216 = [-0.62],
  epsilon_minus_mu_217 = [-0.67],
  epsilon_minus_mu_218 = [-5.73],
  epsilon_minus_mu_219 = [-7.70],
  epsilon_minus_mu_2110 = [-2.42],
  epsilon_minus_mu_221 = [-5.72],
  epsilon_minus_mu_222 = [-0.50],
  epsilon_minus_mu_223 = [-5.10],
  epsilon_minus_mu_224 = [-1.63],
  epsilon_minus_mu_225 = [-2.58],
  epsilon_minus_mu_226 = [-7.81],
  epsilon_minus_mu_227 = [-7.40],
  epsilon_minus_mu_228 = [-6.26],
  epsilon_minus_mu_229 = [-3.29],
  epsilon_minus_mu_2210 = [-6.77],
  epsilon_minus_mu_231 = [-3.84],
  epsilon_minus_mu_232 = [-2.48],
  epsilon_minus_mu_233 = [-0.82],
  epsilon_minus_mu_234 = [-3.13],
  epsilon_minus_mu_235 = [-6.01],
  epsilon_minus_mu_236 = [-6.39],
  epsilon_minus_mu_237 = [-1.28],
  epsilon_minus_mu_238 = [-0.79],
  epsilon_minus_mu_239 = [-1.86],
  epsilon_minus_mu_2310 = [-5.13],
  epsilon_minus_mu_241 = [-0.62],
  epsilon_minus_mu_242 = [-2.29],
  epsilon_minus_mu_243 = [-3.59],
  epsilon_minus_mu_244 = [-1.37],
  epsilon_minus_mu_245 = [-3.27],
  epsilon_minus_mu_246 = [-1.21],
  epsilon_minus_mu_247 = [-1.83],
  epsilon_minus_mu_248 = [-6.82],
  epsilon_minus_mu_249 = [-4.14],
  epsilon_minus_mu_2410 = [-1.11],
  epsilon_minus_mu_251 = [-7.33],
  epsilon_minus_mu_252 = [-1.52],
  epsilon_minus_mu_253 = [-1.71],
  epsilon_minus_mu_254 = [-2.46],
  epsilon_minus_mu_255 = [-3.54],
  epsilon_minus_mu_256 = [-4.88],
  epsilon_minus_mu_257 = [-0.87],
  epsilon_minus_mu_258 = [-5.95],
  epsilon_minus_mu_259 = [-0.59],
  epsilon_minus_mu_2510 = [-0.53],
  epsilon_minus_mu_261 = [-1.17],
  epsilon_minus_mu_262 = [-1.43],
  epsilon_minus_mu_263 = [-3.08],
  epsilon_minus_mu_264 = [-0.54],
  epsilon_minus_mu_265 = [-3.89],
  epsilon_minus_mu_266 = [-6.68],
  epsilon_minus_mu_267 = [-5.37],
  epsilon_minus_mu_268 = [-2.64],
  epsilon_minus_mu_269 = [-3.33],
  epsilon_minus_mu_2610 = [-2.40],
  epsilon_minus_mu_271 = [-3.17],
  epsilon_minus_mu_272 = [-3.20],
  epsilon_minus_mu_273 = [-6.48],
  epsilon_minus_mu_274 = [-1.63],
  epsilon_minus_mu_275 = [-0.96],
  epsilon_minus_mu_276 = [-8.65],
  epsilon_minus_mu_277 = [-6.70],
  epsilon_minus_mu_278 = [-0.93],
  epsilon_minus_mu_279 = [-2.34],
  epsilon_minus_mu_2710 = [-4.86],
  epsilon_minus_mu_281 = [-2.44],
  epsilon_minus_mu_282 = [-3.39],
  epsilon_minus_mu_283 = [-4.26],
  epsilon_minus_mu_284 = [-5.64],
  epsilon_minus_mu_285 = [-1.59],
  epsilon_minus_mu_286 = [-1.14],
  epsilon_minus_mu_287 = [-1.74],
  epsilon_minus_mu_288 = [-8.16],
  epsilon_minus_mu_289 = [-5.58],
  epsilon_minus_mu_2810 = [-5.36],
  epsilon_minus_mu_291 = [-4.62],
  epsilon_minus_mu_292 = [-3.47],
  epsilon_minus_mu_293 = [-1.84],
  epsilon_minus_mu_294 = [-4.67],
  epsilon_minus_mu_295 = [-5.22],
  epsilon_minus_mu_296 = [-0.75],
  epsilon_minus_mu_297 = [-6.55],
  epsilon_minus_mu_298 = [-4.01],
  epsilon_minus_mu_299 = [-8.40],
  epsilon_minus_mu_2910 = [-3.58],
  epsilon_minus_mu_301 = [-6.46],
  epsilon_minus_mu_302 = [-6.33],
  epsilon_minus_mu_303 = [-0.80],
  epsilon_minus_mu_304 = [-2.86],
  epsilon_minus_mu_305 = [-1.88],
  epsilon_minus_mu_306 = [-1.30],
  epsilon_minus_mu_307 = [-1.49],
  epsilon_minus_mu_308 = [-6.07],
  epsilon_minus_mu_309 = [-5.86],
  epsilon_minus_mu_3010 = [-4.28],
  epsilon_minus_mu_311 = [-3.13],
  epsilon_minus_mu_312 = [-5.84],
  epsilon_minus_mu_313 = [-4.34],
  epsilon_minus_mu_314 = [-3.40],
  epsilon_minus_mu_315 = [-3.38],
  epsilon_minus_mu_316 = [-3.28],
  epsilon_minus_mu_317 = [-6.58],
  epsilon_minus_mu_318 = [-5.70],
  epsilon_minus_mu_319 = [-0.60],
  epsilon_minus_mu_3110 = [-1.20],
  epsilon_minus_mu_321 = [-2.65],
  epsilon_minus_mu_322 = [-4.69],
  epsilon_minus_mu_323 = [-2.26],
  epsilon_minus_mu_324 = [-4.36],
  epsilon_minus_mu_325 = [-2.81],
  epsilon_minus_mu_326 = [-1.91],
  epsilon_minus_mu_327 = [-4.65],
  epsilon_minus_mu_328 = [-1.26],
  epsilon_minus_mu_329 = [-6.75],
  epsilon_minus_mu_3210 = [-5.30],
  epsilon_minus_mu_331 = [-6.58],
  epsilon_minus_mu_332 = [-5.07],
  epsilon_minus_mu_333 = [-7.87],
  epsilon_minus_mu_334 = [-0.62],
  epsilon_minus_mu_335 = [-2.19],
  epsilon_minus_mu_336 = [-2.26],
  epsilon_minus_mu_337 = [-0.70],
  epsilon_minus_mu_338 = [-4.05],
  epsilon_minus_mu_339 = [-5.18],
  epsilon_minus_mu_3310 = [-5.40],
  epsilon_minus_mu_341 = [-0.97],
  epsilon_minus_mu_342 = [-1.49],
  epsilon_minus_mu_343 = [-2.67],
  epsilon_minus_mu_344 = [-5.07],
  epsilon_minus_mu_345 = [-3.84],
  epsilon_minus_mu_346 = [-1.67],
  epsilon_minus_mu_347 = [-2.93],
  epsilon_minus_mu_348 = [-4.51],
  epsilon_minus_mu_349 = [-5.29],
  epsilon_minus_mu_3410 = [-3.38],
  epsilon_minus_mu_351 = [-6.65],
  epsilon_minus_mu_352 = [-5.13],
  epsilon_minus_mu_353 = [-1.74],
  epsilon_minus_mu_354 = [-2.89],
  epsilon_minus_mu_355 = [-3.39],
  epsilon_minus_mu_356 = [-2.19],
  epsilon_minus_mu_357 = [-4.23],
  epsilon_minus_mu_358 = [-4.11],
  epsilon_minus_mu_359 = [-0.90],
  epsilon_minus_mu_3510 = [-3.51],
  epsilon_minus_mu_361 = [-2.79],
  epsilon_minus_mu_362 = [-3.92],
  epsilon_minus_mu_363 = [-3.90],
  epsilon_minus_mu_364 = [-3.12],
  epsilon_minus_mu_365 = [-6.21],
  epsilon_minus_mu_366 = [-7.89],
  epsilon_minus_mu_367 = [-4.18],
  epsilon_minus_mu_368 = [-1.33],
  epsilon_minus_mu_369 = [-5.00],
  epsilon_minus_mu_3610 = [-6.10],
  epsilon_minus_mu_371 = [-1.45],
  epsilon_minus_mu_372 = [-2.63],
  epsilon_minus_mu_373 = [-6.64],
  epsilon_minus_mu_374 = [-0.48],
  epsilon_minus_mu_375 = [-3.85],
  epsilon_minus_mu_376 = [-0.84],
  epsilon_minus_mu_377 = [-5.45],
  epsilon_minus_mu_378 = [-4.86],
  epsilon_minus_mu_379 = [-0.44],
  epsilon_minus_mu_3710 = [-4.09],
  epsilon_minus_mu_381 = [-5.01],
  epsilon_minus_mu_382 = [-3.01],
  epsilon_minus_mu_383 = [-0.59],
  epsilon_minus_mu_384 = [-1.50],
  epsilon_minus_mu_385 = [-1.91],
  epsilon_minus_mu_386 = [-2.20],
  epsilon_minus_mu_387 = [-7.83],
  epsilon_minus_mu_388 = [-4.07],
  epsilon_minus_mu_389 = [-2.90],
  epsilon_minus_mu_3810 = [-3.95],
  epsilon_minus_mu_391 = [-5.47],
  epsilon_minus_mu_392 = [-0.41],
  epsilon_minus_mu_393 = [-1.32],
  epsilon_minus_mu_394 = [-5.85],
  epsilon_minus_mu_395 = [-1.65],
  epsilon_minus_mu_396 = [-3.00],
  epsilon_minus_mu_397 = [-2.80],
  epsilon_minus_mu_398 = [-6.05],
  epsilon_minus_mu_399 = [-3.40],
  epsilon_minus_mu_3910 = [-3.15],
  epsilon_minus_mu_401 = [-7.59],
  epsilon_minus_mu_402 = [-4.77],
  epsilon_minus_mu_403 = [-0.97],
  epsilon_minus_mu_404 = [-4.69],
  epsilon_minus_mu_405 = [-4.58],
  epsilon_minus_mu_406 = [-0.57],
  epsilon_minus_mu_407 = [-6.50],
  epsilon_minus_mu_408 = [-7.45],
  epsilon_minus_mu_409 = [-6.11],
  epsilon_minus_mu_4010 = [-4.41],
]

Sigma + ¦Ó_{jk} = [
  sigma_plus_tau_11 = [5.66],
  sigma_plus_tau_12 = [8.31],
  sigma_plus_tau_13 = [5.30],
  sigma_plus_tau_14 = [10.93],
  sigma_plus_tau_15 = [9.69],
  sigma_plus_tau_16 = [4.21],
  sigma_plus_tau_17 = [9.68],
  sigma_plus_tau_18 = [6.04],
  sigma_plus_tau_19 = [8.91],
  sigma_plus_tau_110 = [8.78],
  sigma_plus_tau_21 = [3.67],
  sigma_plus_tau_22 = [4.16],
  sigma_plus_tau_23 = [2.60],
  sigma_plus_tau_24 = [2.27],
  sigma_plus_tau_25 = [7.29],
  sigma_plus_tau_26 = [6.33],
  sigma_plus_tau_27 = [6.32],
  sigma_plus_tau_28 = [7.47],
  sigma_plus_tau_29 = [2.89],
  sigma_plus_tau_210 = [7.22],
  sigma_plus_tau_31 = [4.27],
  sigma_plus_tau_32 = [4.58],
  sigma_plus_tau_33 = [8.04],
  sigma_plus_tau_34 = [1.73],
  sigma_plus_tau_35 = [8.62],
  sigma_plus_tau_36 = [9.46],
  sigma_plus_tau_37 = [11.50],
  sigma_plus_tau_38 = [7.29],
  sigma_plus_tau_39 = [6.64],
  sigma_plus_tau_310 = [7.06],
  sigma_plus_tau_41 = [7.36],
  sigma_plus_tau_42 = [5.35],
  sigma_plus_tau_43 = [10.52],
  sigma_plus_tau_44 = [8.91],
  sigma_plus_tau_45 = [3.37],
  sigma_plus_tau_46 = [3.37],
  sigma_plus_tau_47 = [1.41],
  sigma_plus_tau_48 = [9.39],
  sigma_plus_tau_49 = [9.61],
  sigma_plus_tau_410 = [5.45],
  sigma_plus_tau_51 = [3.09],
  sigma_plus_tau_52 = [2.75],
  sigma_plus_tau_53 = [3.08],
  sigma_plus_tau_54 = [9.13],
  sigma_plus_tau_55 = [5.01],
  sigma_plus_tau_56 = [10.29],
  sigma_plus_tau_57 = [7.60],
  sigma_plus_tau_58 = [5.62],
  sigma_plus_tau_59 = [1.63],
  sigma_plus_tau_510 = [10.03],
  sigma_plus_tau_61 = [1.43],
  sigma_plus_tau_62 = [0.89],
  sigma_plus_tau_63 = [9.05],
  sigma_plus_tau_64 = [9.99],
  sigma_plus_tau_65 = [5.99],
  sigma_plus_tau_66 = [5.37],
  sigma_plus_tau_67 = [5.92],
  sigma_plus_tau_68 = [2.27],
  sigma_plus_tau_69 = [9.00],
  sigma_plus_tau_610 = [7.28],
  sigma_plus_tau_71 = [2.13],
  sigma_plus_tau_72 = [1.91],
  sigma_plus_tau_73 = [8.28],
  sigma_plus_tau_74 = [4.58],
  sigma_plus_tau_75 = [1.55],
  sigma_plus_tau_76 = [6.19],
  sigma_plus_tau_77 = [7.58],
  sigma_plus_tau_78 = [9.17],
  sigma_plus_tau_79 = [1.85],
  sigma_plus_tau_710 = [3.19],
  sigma_plus_tau_81 = [4.36],
  sigma_plus_tau_82 = [7.99],
  sigma_plus_tau_83 = [5.88],
  sigma_plus_tau_84 = [6.64],
  sigma_plus_tau_85 = [5.78],
  sigma_plus_tau_86 = [6.87],
  sigma_plus_tau_87 = [8.50],
  sigma_plus_tau_88 = [6.85],
  sigma_plus_tau_89 = [10.08],
  sigma_plus_tau_810 = [7.93],
  sigma_plus_tau_91 = [11.19],
  sigma_plus_tau_92 = [8.65],
  sigma_plus_tau_93 = [12.87],
  sigma_plus_tau_94 = [1.64],
  sigma_plus_tau_95 = [1.95],
  sigma_plus_tau_96 = [6.12],
  sigma_plus_tau_97 = [7.37],
  sigma_plus_tau_98 = [1.44],
  sigma_plus_tau_99 = [7.54],
  sigma_plus_tau_910 = [5.42],
  sigma_plus_tau_101 = [7.11],
  sigma_plus_tau_102 = [6.01],
  sigma_plus_tau_103 = [7.35],
  sigma_plus_tau_104 = [11.37],
  sigma_plus_tau_105 = [7.26],
  sigma_plus_tau_106 = [10.11],
  sigma_plus_tau_107 = [10.05],
  sigma_plus_tau_108 = [5.59],
  sigma_plus_tau_109 = [3.24],
  sigma_plus_tau_1010 = [2.38],
  sigma_plus_tau_111 = [9.64],
  sigma_plus_tau_112 = [9.74],
  sigma_plus_tau_113 = [4.22],
  sigma_plus_tau_114 = [10.02],
  sigma_plus_tau_115 = [2.90],
  sigma_plus_tau_116 = [3.89],
  sigma_plus_tau_117 = [6.87],
  sigma_plus_tau_118 = [8.17],
  sigma_plus_tau_119 = [6.04],
  sigma_plus_tau_1110 = [4.69],
  sigma_plus_tau_121 = [1.97],
  sigma_plus_tau_122 = [7.41],
  sigma_plus_tau_123 = [6.28],
  sigma_plus_tau_124 = [9.05],
  sigma_plus_tau_125 = [8.64],
  sigma_plus_tau_126 = [4.09],
  sigma_plus_tau_127 = [5.76],
  sigma_plus_tau_128 = [7.31],
  sigma_plus_tau_129 = [4.23],
  sigma_plus_tau_1210 = [4.51],
  sigma_plus_tau_131 = [5.36],
  sigma_plus_tau_132 = [5.07],
  sigma_plus_tau_133 = [7.98],
  sigma_plus_tau_134 = [6.97],
  sigma_plus_tau_135 = [8.67],
  sigma_plus_tau_136 = [7.17],
  sigma_plus_tau_137 = [3.81],
  sigma_plus_tau_138 = [5.41],
  sigma_plus_tau_139 = [8.88],
  sigma_plus_tau_1310 = [6.91],
  sigma_plus_tau_141 = [6.77],
  sigma_plus_tau_142 = [6.04],
  sigma_plus_tau_143 = [9.72],
  sigma_plus_tau_144 = [9.12],
  sigma_plus_tau_145 = [2.10],
  sigma_plus_tau_146 = [9.44],
  sigma_plus_tau_147 = [9.10],
  sigma_plus_tau_148 = [1.89],
  sigma_plus_tau_149 = [7.71],
  sigma_plus_tau_1410 = [11.34],
  sigma_plus_tau_151 = [7.28],
  sigma_plus_tau_152 = [5.58],
  sigma_plus_tau_153 = [5.55],
  sigma_plus_tau_154 = [7.48],
  sigma_plus_tau_155 = [5.49],
  sigma_plus_tau_156 = [7.32],
  sigma_plus_tau_157 = [3.70],
  sigma_plus_tau_158 = [5.94],
  sigma_plus_tau_159 = [8.02],
  sigma_plus_tau_1510 = [8.89],
  sigma_plus_tau_161 = [2.01],
  sigma_plus_tau_162 = [3.56],
  sigma_plus_tau_163 = [3.53],
  sigma_plus_tau_164 = [1.86],
  sigma_plus_tau_165 = [3.85],
  sigma_plus_tau_166 = [8.61],
  sigma_plus_tau_167 = [3.97],
  sigma_plus_tau_168 = [5.61],
  sigma_plus_tau_169 = [2.72],
  sigma_plus_tau_1610 = [9.31],
  sigma_plus_tau_171 = [2.16],
  sigma_plus_tau_172 = [8.05],
  sigma_plus_tau_173 = [7.59],
  sigma_plus_tau_174 = [5.74],
  sigma_plus_tau_175 = [2.47],
  sigma_plus_tau_176 = [3.58],
  sigma_plus_tau_177 = [9.84],
  sigma_plus_tau_178 = [3.96],
  sigma_plus_tau_179 = [4.59],
  sigma_plus_tau_1710 = [8.18],
  sigma_plus_tau_181 = [5.55],
  sigma_plus_tau_182 = [5.83],
  sigma_plus_tau_183 = [10.53],
  sigma_plus_tau_184 = [4.74],
  sigma_plus_tau_185 = [1.55],
  sigma_plus_tau_186 = [4.10],
  sigma_plus_tau_187 = [1.92],
  sigma_plus_tau_188 = [6.38],
  sigma_plus_tau_189 = [5.91],
  sigma_plus_tau_1810 = [2.85],
  sigma_plus_tau_191 = [5.29],
  sigma_plus_tau_192 = [4.71],
  sigma_plus_tau_193 = [3.23],
  sigma_plus_tau_194 = [8.80],
  sigma_plus_tau_195 = [2.50],
  sigma_plus_tau_196 = [8.00],
  sigma_plus_tau_197 = [4.04],
  sigma_plus_tau_198 = [4.19],
  sigma_plus_tau_199 = [7.87],
  sigma_plus_tau_1910 = [2.98],
  sigma_plus_tau_201 = [2.73],
  sigma_plus_tau_202 = [8.89],
  sigma_plus_tau_203 = [4.31],
  sigma_plus_tau_204 = [6.52],
  sigma_plus_tau_205 = [10.75],
  sigma_plus_tau_206 = [8.17],
  sigma_plus_tau_207 = [4.21],
  sigma_plus_tau_208 = [6.20],
  sigma_plus_tau_209 = [2.63],
  sigma_plus_tau_2010 = [6.86],
  sigma_plus_tau_211 = [4.42],
  sigma_plus_tau_212 = [6.82],
  sigma_plus_tau_213 = [10.85],
  sigma_plus_tau_214 = [8.45],
  sigma_plus_tau_215 = [5.19],
  sigma_plus_tau_216 = [5.36],
  sigma_plus_tau_217 = [6.86],
  sigma_plus_tau_218 = [5.77],
  sigma_plus_tau_219 = [2.11],
  sigma_plus_tau_2110 = [10.73],
  sigma_plus_tau_221 = [1.59],
  sigma_plus_tau_222 = [7.36],
  sigma_plus_tau_223 = [7.23],
  sigma_plus_tau_224 = [11.04],
  sigma_plus_tau_225 = [1.52],
  sigma_plus_tau_226 = [3.37],
  sigma_plus_tau_227 = [2.11],
  sigma_plus_tau_228 = [9.01],
  sigma_plus_tau_229 = [6.23],
  sigma_plus_tau_2210 = [10.06],
  sigma_plus_tau_231 = [6.60],
  sigma_plus_tau_232 = [2.17],
  sigma_plus_tau_233 = [10.10],
  sigma_plus_tau_234 = [6.13],
  sigma_plus_tau_235 = [7.77],
  sigma_plus_tau_236 = [12.21],
  sigma_plus_tau_237 = [8.58],
  sigma_plus_tau_238 = [2.42],
  sigma_plus_tau_239 = [8.47],
  sigma_plus_tau_2310 = [5.43],
  sigma_plus_tau_241 = [9.06],
  sigma_plus_tau_242 = [6.11],
  sigma_plus_tau_243 = [5.30],
  sigma_plus_tau_244 = [4.86],
  sigma_plus_tau_245 = [5.13],
  sigma_plus_tau_246 = [7.86],
  sigma_plus_tau_247 = [7.87],
  sigma_plus_tau_248 = [5.58],
  sigma_plus_tau_249 = [8.19],
  sigma_plus_tau_2410 = [6.69],
  sigma_plus_tau_251 = [10.64],
  sigma_plus_tau_252 = [1.91],
  sigma_plus_tau_253 = [4.34],
  sigma_plus_tau_254 = [6.85],
  sigma_plus_tau_255 = [3.08],
  sigma_plus_tau_256 = [7.80],
  sigma_plus_tau_257 = [1.36],
  sigma_plus_tau_258 = [4.38],
  sigma_plus_tau_259 = [9.01],
  sigma_plus_tau_2510 = [7.59],
  sigma_plus_tau_261 = [5.94],
  sigma_plus_tau_262 = [4.55],
  sigma_plus_tau_263 = [2.58],
  sigma_plus_tau_264 = [6.85],
  sigma_plus_tau_265 = [1.95],
  sigma_plus_tau_266 = [5.11],
  sigma_plus_tau_267 = [1.84],
  sigma_plus_tau_268 = [8.82],
  sigma_plus_tau_269 = [6.97],
  sigma_plus_tau_2610 = [3.84],
  sigma_plus_tau_271 = [1.50],
  sigma_plus_tau_272 = [5.92],
  sigma_plus_tau_273 = [2.46],
  sigma_plus_tau_274 = [1.83],
  sigma_plus_tau_275 = [1.91],
  sigma_plus_tau_276 = [3.65],
  sigma_plus_tau_277 = [4.15],
  sigma_plus_tau_278 = [3.23],
  sigma_plus_tau_279 = [6.42],
  sigma_plus_tau_2710 = [11.61],
  sigma_plus_tau_281 = [2.12],
  sigma_plus_tau_282 = [5.63],
  sigma_plus_tau_283 = [3.78],
  sigma_plus_tau_284 = [8.42],
  sigma_plus_tau_285 = [7.26],
  sigma_plus_tau_286 = [6.66],
  sigma_plus_tau_287 = [2.40],
  sigma_plus_tau_288 = [6.21],
  sigma_plus_tau_289 = [7.77],
  sigma_plus_tau_2810 = [4.99],
  sigma_plus_tau_291 = [6.69],
  sigma_plus_tau_292 = [5.31],
  sigma_plus_tau_293 = [5.13],
  sigma_plus_tau_294 = [2.51],
  sigma_plus_tau_295 = [8.10],
  sigma_plus_tau_296 = [7.27],
  sigma_plus_tau_297 = [6.56],
  sigma_plus_tau_298 = [5.04],
  sigma_plus_tau_299 = [13.87],
  sigma_plus_tau_2910 = [10.44],
  sigma_plus_tau_301 = [7.14],
  sigma_plus_tau_302 = [7.51],
  sigma_plus_tau_303 = [4.05],
  sigma_plus_tau_304 = [1.85],
  sigma_plus_tau_305 = [1.88],
  sigma_plus_tau_306 = [10.03],
  sigma_plus_tau_307 = [7.32],
  sigma_plus_tau_308 = [1.58],
  sigma_plus_tau_309 = [5.83],
  sigma_plus_tau_3010 = [7.77],
  sigma_plus_tau_311 = [11.11],
  sigma_plus_tau_312 = [1.73],
  sigma_plus_tau_313 = [2.43],
  sigma_plus_tau_314 = [2.25],
  sigma_plus_tau_315 = [1.47],
  sigma_plus_tau_316 = [5.50],
  sigma_plus_tau_317 = [1.74],
  sigma_plus_tau_318 = [3.89],
  sigma_plus_tau_319 = [1.49],
  sigma_plus_tau_3110 = [9.42],
  sigma_plus_tau_321 = [5.61],
  sigma_plus_tau_322 = [9.43],
  sigma_plus_tau_323 = [10.85],
  sigma_plus_tau_324 = [3.57],
  sigma_plus_tau_325 = [9.16],
  sigma_plus_tau_326 = [1.77],
  sigma_plus_tau_327 = [3.51],
  sigma_plus_tau_328 = [9.25],
  sigma_plus_tau_329 = [2.01],
  sigma_plus_tau_3210 = [9.07],
  sigma_plus_tau_331 = [5.29],
  sigma_plus_tau_332 = [7.94],
  sigma_plus_tau_333 = [5.89],
  sigma_plus_tau_334 = [8.33],
  sigma_plus_tau_335 = [5.01],
  sigma_plus_tau_336 = [4.38],
  sigma_plus_tau_337 = [10.28],
  sigma_plus_tau_338 = [4.33],
  sigma_plus_tau_339 = [8.35],
  sigma_plus_tau_3310 = [1.90],
  sigma_plus_tau_341 = [4.93],
  sigma_plus_tau_342 = [1.62],
  sigma_plus_tau_343 = [3.55],
  sigma_plus_tau_344 = [10.49],
  sigma_plus_tau_345 = [1.97],
  sigma_plus_tau_346 = [6.04],
  sigma_plus_tau_347 = [6.06],
  sigma_plus_tau_348 = [10.83],
  sigma_plus_tau_349 = [5.82],
  sigma_plus_tau_3410 = [3.28],
  sigma_plus_tau_351 = [3.47],
  sigma_plus_tau_352 = [1.75],
  sigma_plus_tau_353 = [8.01],
  sigma_plus_tau_354 = [1.66],
  sigma_plus_tau_355 = [11.90],
  sigma_plus_tau_356 = [2.71],
  sigma_plus_tau_357 = [1.81],
  sigma_plus_tau_358 = [3.95],
  sigma_plus_tau_359 = [7.24],
  sigma_plus_tau_3510 = [11.89],
  sigma_plus_tau_361 = [3.35],
  sigma_plus_tau_362 = [4.79],
  sigma_plus_tau_363 = [1.89],
  sigma_plus_tau_364 = [0.86],
  sigma_plus_tau_365 = [1.80],
  sigma_plus_tau_366 = [3.65],
  sigma_plus_tau_367 = [3.25],
  sigma_plus_tau_368 = [10.61],
  sigma_plus_tau_369 = [9.74],
  sigma_plus_tau_3610 = [2.42],
  sigma_plus_tau_371 = [2.35],
  sigma_plus_tau_372 = [3.61],
  sigma_plus_tau_373 = [5.25],
  sigma_plus_tau_374 = [4.73],
  sigma_plus_tau_375 = [7.49],
  sigma_plus_tau_376 = [9.58],
  sigma_plus_tau_377 = [4.36],
  sigma_plus_tau_378 = [9.52],
  sigma_plus_tau_379 = [8.85],
  sigma_plus_tau_3710 = [7.56],
  sigma_plus_tau_381 = [8.50],
  sigma_plus_tau_382 = [5.15],
  sigma_plus_tau_383 = [10.91],
  sigma_plus_tau_384 = [4.55],
  sigma_plus_tau_385 = [2.85],
  sigma_plus_tau_386 = [9.96],
  sigma_plus_tau_387 = [6.13],
  sigma_plus_tau_388 = [4.45],
  sigma_plus_tau_389 = [10.91],
  sigma_plus_tau_3810 = [9.61],
  sigma_plus_tau_391 = [5.62],
  sigma_plus_tau_392 = [4.65],
  sigma_plus_tau_393 = [9.78],
  sigma_plus_tau_394 = [8.17],
  sigma_plus_tau_395 = [5.61],
  sigma_plus_tau_396 = [10.35],
  sigma_plus_tau_397 = [7.68],
  sigma_plus_tau_398 = [8.36],
  sigma_plus_tau_399 = [6.24],
  sigma_plus_tau_3910 = [3.02],
  sigma_plus_tau_401 = [2.33],
  sigma_plus_tau_402 = [4.56],
  sigma_plus_tau_403 = [6.32],
  sigma_plus_tau_404 = [6.68],
  sigma_plus_tau_405 = [2.05],
  sigma_plus_tau_406 = [3.65],
  sigma_plus_tau_407 = [9.41],
  sigma_plus_tau_408 = [3.90],
  sigma_plus_tau_409 = [8.97],
  sigma_plus_tau_4010 = [4.17],
]

Sigma - ¦Ó_{jk} = [
  sigma_minus_tau_11 = [-1.89],
  sigma_minus_tau_12 = [-2.77],
  sigma_minus_tau_13 = [-1.77],
  sigma_minus_tau_14 = [-3.64],
  sigma_minus_tau_15 = [-3.23],
  sigma_minus_tau_16 = [-1.40],
  sigma_minus_tau_17 = [-3.23],
  sigma_minus_tau_18 = [-2.01],
  sigma_minus_tau_19 = [-2.97],
  sigma_minus_tau_110 = [-2.93],
  sigma_minus_tau_21 = [-1.22],
  sigma_minus_tau_22 = [-1.39],
  sigma_minus_tau_23 = [-0.87],
  sigma_minus_tau_24 = [-0.76],
  sigma_minus_tau_25 = [-2.43],
  sigma_minus_tau_26 = [-2.11],
  sigma_minus_tau_27 = [-2.11],
  sigma_minus_tau_28 = [-2.49],
  sigma_minus_tau_29 = [-0.96],
  sigma_minus_tau_210 = [-2.41],
  sigma_minus_tau_31 = [-1.42],
  sigma_minus_tau_32 = [-1.53],
  sigma_minus_tau_33 = [-2.68],
  sigma_minus_tau_34 = [-0.58],
  sigma_minus_tau_35 = [-2.87],
  sigma_minus_tau_36 = [-3.15],
  sigma_minus_tau_37 = [-3.83],
  sigma_minus_tau_38 = [-2.43],
  sigma_minus_tau_39 = [-2.21],
  sigma_minus_tau_310 = [-2.35],
  sigma_minus_tau_41 = [-2.45],
  sigma_minus_tau_42 = [-1.78],
  sigma_minus_tau_43 = [-3.51],
  sigma_minus_tau_44 = [-2.97],
  sigma_minus_tau_45 = [-1.12],
  sigma_minus_tau_46 = [-1.12],
  sigma_minus_tau_47 = [-0.47],
  sigma_minus_tau_48 = [-3.13],
  sigma_minus_tau_49 = [-3.20],
  sigma_minus_tau_410 = [-1.82],
  sigma_minus_tau_51 = [-1.03],
  sigma_minus_tau_52 = [-0.92],
  sigma_minus_tau_53 = [-1.03],
  sigma_minus_tau_54 = [-3.04],
  sigma_minus_tau_55 = [-1.67],
  sigma_minus_tau_56 = [-3.43],
  sigma_minus_tau_57 = [-2.53],
  sigma_minus_tau_58 = [-1.87],
  sigma_minus_tau_59 = [-0.54],
  sigma_minus_tau_510 = [-3.34],
  sigma_minus_tau_61 = [-0.48],
  sigma_minus_tau_62 = [-0.30],
  sigma_minus_tau_63 = [-3.02],
  sigma_minus_tau_64 = [-3.33],
  sigma_minus_tau_65 = [-2.00],
  sigma_minus_tau_66 = [-1.79],
  sigma_minus_tau_67 = [-1.97],
  sigma_minus_tau_68 = [-0.76],
  sigma_minus_tau_69 = [-3.00],
  sigma_minus_tau_610 = [-2.43],
  sigma_minus_tau_71 = [-0.71],
  sigma_minus_tau_72 = [-0.64],
  sigma_minus_tau_73 = [-2.76],
  sigma_minus_tau_74 = [-1.53],
  sigma_minus_tau_75 = [-0.52],
  sigma_minus_tau_76 = [-2.06],
  sigma_minus_tau_77 = [-2.53],
  sigma_minus_tau_78 = [-3.06],
  sigma_minus_tau_79 = [-0.62],
  sigma_minus_tau_710 = [-1.06],
  sigma_minus_tau_81 = [-1.45],
  sigma_minus_tau_82 = [-2.66],
  sigma_minus_tau_83 = [-1.96],
  sigma_minus_tau_84 = [-2.21],
  sigma_minus_tau_85 = [-1.93],
  sigma_minus_tau_86 = [-2.29],
  sigma_minus_tau_87 = [-2.83],
  sigma_minus_tau_88 = [-2.28],
  sigma_minus_tau_89 = [-3.36],
  sigma_minus_tau_810 = [-2.64],
  sigma_minus_tau_91 = [-3.73],
  sigma_minus_tau_92 = [-2.88],
  sigma_minus_tau_93 = [-4.29],
  sigma_minus_tau_94 = [-0.55],
  sigma_minus_tau_95 = [-0.65],
  sigma_minus_tau_96 = [-2.04],
  sigma_minus_tau_97 = [-2.46],
  sigma_minus_tau_98 = [-0.48],
  sigma_minus_tau_99 = [-2.51],
  sigma_minus_tau_910 = [-1.81],
  sigma_minus_tau_101 = [-2.37],
  sigma_minus_tau_102 = [-2.00],
  sigma_minus_tau_103 = [-2.45],
  sigma_minus_tau_104 = [-3.79],
  sigma_minus_tau_105 = [-2.42],
  sigma_minus_tau_106 = [-3.37],
  sigma_minus_tau_107 = [-3.35],
  sigma_minus_tau_108 = [-1.86],
  sigma_minus_tau_109 = [-1.08],
  sigma_minus_tau_1010 = [-0.79],
  sigma_minus_tau_111 = [-3.21],
  sigma_minus_tau_112 = [-3.25],
  sigma_minus_tau_113 = [-1.41],
  sigma_minus_tau_114 = [-3.34],
  sigma_minus_tau_115 = [-0.97],
  sigma_minus_tau_116 = [-1.30],
  sigma_minus_tau_117 = [-2.29],
  sigma_minus_tau_118 = [-2.72],
  sigma_minus_tau_119 = [-2.01],
  sigma_minus_tau_1110 = [-1.56],
  sigma_minus_tau_121 = [-0.66],
  sigma_minus_tau_122 = [-2.47],
  sigma_minus_tau_123 = [-2.09],
  sigma_minus_tau_124 = [-3.02],
  sigma_minus_tau_125 = [-2.88],
  sigma_minus_tau_126 = [-1.36],
  sigma_minus_tau_127 = [-1.92],
  sigma_minus_tau_128 = [-2.44],
  sigma_minus_tau_129 = [-1.41],
  sigma_minus_tau_1210 = [-1.50],
  sigma_minus_tau_131 = [-1.79],
  sigma_minus_tau_132 = [-1.69],
  sigma_minus_tau_133 = [-2.66],
  sigma_minus_tau_134 = [-2.32],
  sigma_minus_tau_135 = [-2.89],
  sigma_minus_tau_136 = [-2.39],
  sigma_minus_tau_137 = [-1.27],
  sigma_minus_tau_138 = [-1.80],
  sigma_minus_tau_139 = [-2.96],
  sigma_minus_tau_1310 = [-2.30],
  sigma_minus_tau_141 = [-2.26],
  sigma_minus_tau_142 = [-2.01],
  sigma_minus_tau_143 = [-3.24],
  sigma_minus_tau_144 = [-3.04],
  sigma_minus_tau_145 = [-0.70],
  sigma_minus_tau_146 = [-3.15],
  sigma_minus_tau_147 = [-3.03],
  sigma_minus_tau_148 = [-0.63],
  sigma_minus_tau_149 = [-2.57],
  sigma_minus_tau_1410 = [-3.78],
  sigma_minus_tau_151 = [-2.43],
  sigma_minus_tau_152 = [-1.86],
  sigma_minus_tau_153 = [-1.85],
  sigma_minus_tau_154 = [-2.49],
  sigma_minus_tau_155 = [-1.83],
  sigma_minus_tau_156 = [-2.44],
  sigma_minus_tau_157 = [-1.23],
  sigma_minus_tau_158 = [-1.98],
  sigma_minus_tau_159 = [-2.67],
  sigma_minus_tau_1510 = [-2.96],
  sigma_minus_tau_161 = [-0.67],
  sigma_minus_tau_162 = [-1.19],
  sigma_minus_tau_163 = [-1.18],
  sigma_minus_tau_164 = [-0.62],
  sigma_minus_tau_165 = [-1.28],
  sigma_minus_tau_166 = [-2.87],
  sigma_minus_tau_167 = [-1.32],
  sigma_minus_tau_168 = [-1.87],
  sigma_minus_tau_169 = [-0.91],
  sigma_minus_tau_1610 = [-3.10],
  sigma_minus_tau_171 = [-0.72],
  sigma_minus_tau_172 = [-2.68],
  sigma_minus_tau_173 = [-2.53],
  sigma_minus_tau_174 = [-1.91],
  sigma_minus_tau_175 = [-0.82],
  sigma_minus_tau_176 = [-1.19],
  sigma_minus_tau_177 = [-3.28],
  sigma_minus_tau_178 = [-1.32],
  sigma_minus_tau_179 = [-1.53],
  sigma_minus_tau_1710 = [-2.73],
  sigma_minus_tau_181 = [-1.85],
  sigma_minus_tau_182 = [-1.94],
  sigma_minus_tau_183 = [-3.51],
  sigma_minus_tau_184 = [-1.58],
  sigma_minus_tau_185 = [-0.52],
  sigma_minus_tau_186 = [-1.37],
  sigma_minus_tau_187 = [-0.64],
  sigma_minus_tau_188 = [-2.13],
  sigma_minus_tau_189 = [-1.97],
  sigma_minus_tau_1810 = [-0.95],
  sigma_minus_tau_191 = [-1.76],
  sigma_minus_tau_192 = [-1.57],
  sigma_minus_tau_193 = [-1.08],
  sigma_minus_tau_194 = [-2.93],
  sigma_minus_tau_195 = [-0.83],
  sigma_minus_tau_196 = [-2.67],
  sigma_minus_tau_197 = [-1.35],
  sigma_minus_tau_198 = [-1.40],
  sigma_minus_tau_199 = [-2.62],
  sigma_minus_tau_1910 = [-0.99],
  sigma_minus_tau_201 = [-0.91],
  sigma_minus_tau_202 = [-2.96],
  sigma_minus_tau_203 = [-1.44],
  sigma_minus_tau_204 = [-2.17],
  sigma_minus_tau_205 = [-3.58],
  sigma_minus_tau_206 = [-2.72],
  sigma_minus_tau_207 = [-1.40],
  sigma_minus_tau_208 = [-2.07],
  sigma_minus_tau_209 = [-0.88],
  sigma_minus_tau_2010 = [-2.29],
  sigma_minus_tau_211 = [-1.47],
  sigma_minus_tau_212 = [-2.27],
  sigma_minus_tau_213 = [-3.62],
  sigma_minus_tau_214 = [-2.82],
  sigma_minus_tau_215 = [-1.73],
  sigma_minus_tau_216 = [-1.79],
  sigma_minus_tau_217 = [-2.29],
  sigma_minus_tau_218 = [-1.92],
  sigma_minus_tau_219 = [-0.70],
  sigma_minus_tau_2110 = [-3.58],
  sigma_minus_tau_221 = [-0.53],
  sigma_minus_tau_222 = [-2.45],
  sigma_minus_tau_223 = [-2.41],
  sigma_minus_tau_224 = [-3.68],
  sigma_minus_tau_225 = [-0.51],
  sigma_minus_tau_226 = [-1.12],
  sigma_minus_tau_227 = [-0.70],
  sigma_minus_tau_228 = [-3.00],
  sigma_minus_tau_229 = [-2.08],
  sigma_minus_tau_2210 = [-3.35],
  sigma_minus_tau_231 = [-2.20],
  sigma_minus_tau_232 = [-0.72],
  sigma_minus_tau_233 = [-3.37],
  sigma_minus_tau_234 = [-2.04],
  sigma_minus_tau_235 = [-2.59],
  sigma_minus_tau_236 = [-4.07],
  sigma_minus_tau_237 = [-2.86],
  sigma_minus_tau_238 = [-0.81],
  sigma_minus_tau_239 = [-2.82],
  sigma_minus_tau_2310 = [-1.81],
  sigma_minus_tau_241 = [-3.02],
  sigma_minus_tau_242 = [-2.04],
  sigma_minus_tau_243 = [-1.77],
  sigma_minus_tau_244 = [-1.62],
  sigma_minus_tau_245 = [-1.71],
  sigma_minus_tau_246 = [-2.62],
  sigma_minus_tau_247 = [-2.62],
  sigma_minus_tau_248 = [-1.86],
  sigma_minus_tau_249 = [-2.73],
  sigma_minus_tau_2410 = [-2.23],
  sigma_minus_tau_251 = [-3.55],
  sigma_minus_tau_252 = [-0.64],
  sigma_minus_tau_253 = [-1.45],
  sigma_minus_tau_254 = [-2.28],
  sigma_minus_tau_255 = [-1.03],
  sigma_minus_tau_256 = [-2.60],
  sigma_minus_tau_257 = [-0.45],
  sigma_minus_tau_258 = [-1.46],
  sigma_minus_tau_259 = [-3.00],
  sigma_minus_tau_2510 = [-2.53],
  sigma_minus_tau_261 = [-1.98],
  sigma_minus_tau_262 = [-1.52],
  sigma_minus_tau_263 = [-0.86],
  sigma_minus_tau_264 = [-2.28],
  sigma_minus_tau_265 = [-0.65],
  sigma_minus_tau_266 = [-1.70],
  sigma_minus_tau_267 = [-0.61],
  sigma_minus_tau_268 = [-2.94],
  sigma_minus_tau_269 = [-2.32],
  sigma_minus_tau_2610 = [-1.28],
  sigma_minus_tau_271 = [-0.50],
  sigma_minus_tau_272 = [-1.97],
  sigma_minus_tau_273 = [-0.82],
  sigma_minus_tau_274 = [-0.61],
  sigma_minus_tau_275 = [-0.64],
  sigma_minus_tau_276 = [-1.22],
  sigma_minus_tau_277 = [-1.38],
  sigma_minus_tau_278 = [-1.08],
  sigma_minus_tau_279 = [-2.14],
  sigma_minus_tau_2710 = [-3.87],
  sigma_minus_tau_281 = [-0.71],
  sigma_minus_tau_282 = [-1.88],
  sigma_minus_tau_283 = [-1.26],
  sigma_minus_tau_284 = [-2.81],
  sigma_minus_tau_285 = [-2.42],
  sigma_minus_tau_286 = [-2.22],
  sigma_minus_tau_287 = [-0.80],
  sigma_minus_tau_288 = [-2.07],
  sigma_minus_tau_289 = [-2.59],
  sigma_minus_tau_2810 = [-1.66],
  sigma_minus_tau_291 = [-2.23],
  sigma_minus_tau_292 = [-1.77],
  sigma_minus_tau_293 = [-1.71],
  sigma_minus_tau_294 = [-0.84],
  sigma_minus_tau_295 = [-2.70],
  sigma_minus_tau_296 = [-2.42],
  sigma_minus_tau_297 = [-2.19],
  sigma_minus_tau_298 = [-1.68],
  sigma_minus_tau_299 = [-4.62],
  sigma_minus_tau_2910 = [-3.48],
  sigma_minus_tau_301 = [-2.38],
  sigma_minus_tau_302 = [-2.50],
  sigma_minus_tau_303 = [-1.35],
  sigma_minus_tau_304 = [-0.62],
  sigma_minus_tau_305 = [-0.63],
  sigma_minus_tau_306 = [-3.34],
  sigma_minus_tau_307 = [-2.44],
  sigma_minus_tau_308 = [-0.53],
  sigma_minus_tau_309 = [-1.94],
  sigma_minus_tau_3010 = [-2.59],
  sigma_minus_tau_311 = [-3.70],
  sigma_minus_tau_312 = [-0.58],
  sigma_minus_tau_313 = [-0.81],
  sigma_minus_tau_314 = [-0.75],
  sigma_minus_tau_315 = [-0.49],
  sigma_minus_tau_316 = [-1.83],
  sigma_minus_tau_317 = [-0.58],
  sigma_minus_tau_318 = [-1.30],
  sigma_minus_tau_319 = [-0.50],
  sigma_minus_tau_3110 = [-3.14],
  sigma_minus_tau_321 = [-1.87],
  sigma_minus_tau_322 = [-3.14],
  sigma_minus_tau_323 = [-3.62],
  sigma_minus_tau_324 = [-1.19],
  sigma_minus_tau_325 = [-3.05],
  sigma_minus_tau_326 = [-0.59],
  sigma_minus_tau_327 = [-1.17],
  sigma_minus_tau_328 = [-3.08],
  sigma_minus_tau_329 = [-0.67],
  sigma_minus_tau_3210 = [-3.02],
  sigma_minus_tau_331 = [-1.76],
  sigma_minus_tau_332 = [-2.65],
  sigma_minus_tau_333 = [-1.96],
  sigma_minus_tau_334 = [-2.78],
  sigma_minus_tau_335 = [-1.67],
  sigma_minus_tau_336 = [-1.46],
  sigma_minus_tau_337 = [-3.43],
  sigma_minus_tau_338 = [-1.44],
  sigma_minus_tau_339 = [-2.78],
  sigma_minus_tau_3310 = [-0.63],
  sigma_minus_tau_341 = [-1.64],
  sigma_minus_tau_342 = [-0.54],
  sigma_minus_tau_343 = [-1.18],
  sigma_minus_tau_344 = [-3.50],
  sigma_minus_tau_345 = [-0.66],
  sigma_minus_tau_346 = [-2.01],
  sigma_minus_tau_347 = [-2.02],
  sigma_minus_tau_348 = [-3.61],
  sigma_minus_tau_349 = [-1.94],
  sigma_minus_tau_3410 = [-1.09],
  sigma_minus_tau_351 = [-1.16],
  sigma_minus_tau_352 = [-0.58],
  sigma_minus_tau_353 = [-2.67],
  sigma_minus_tau_354 = [-0.55],
  sigma_minus_tau_355 = [-3.97],
  sigma_minus_tau_356 = [-0.90],
  sigma_minus_tau_357 = [-0.60],
  sigma_minus_tau_358 = [-1.32],
  sigma_minus_tau_359 = [-2.41],
  sigma_minus_tau_3510 = [-3.96],
  sigma_minus_tau_361 = [-1.12],
  sigma_minus_tau_362 = [-1.60],
  sigma_minus_tau_363 = [-0.63],
  sigma_minus_tau_364 = [-0.29],
  sigma_minus_tau_365 = [-0.60],
  sigma_minus_tau_366 = [-1.22],
  sigma_minus_tau_367 = [-1.08],
  sigma_minus_tau_368 = [-3.54],
  sigma_minus_tau_369 = [-3.25],
  sigma_minus_tau_3610 = [-0.81],
  sigma_minus_tau_371 = [-0.78],
  sigma_minus_tau_372 = [-1.20],
  sigma_minus_tau_373 = [-1.75],
  sigma_minus_tau_374 = [-1.58],
  sigma_minus_tau_375 = [-2.50],
  sigma_minus_tau_376 = [-3.19],
  sigma_minus_tau_377 = [-1.45],
  sigma_minus_tau_378 = [-3.17],
  sigma_minus_tau_379 = [-2.95],
  sigma_minus_tau_3710 = [-2.52],
  sigma_minus_tau_381 = [-2.83],
  sigma_minus_tau_382 = [-1.72],
  sigma_minus_tau_383 = [-3.64],
  sigma_minus_tau_384 = [-1.52],
  sigma_minus_tau_385 = [-0.95],
  sigma_minus_tau_386 = [-3.32],
  sigma_minus_tau_387 = [-2.04],
  sigma_minus_tau_388 = [-1.48],
  sigma_minus_tau_389 = [-3.64],
  sigma_minus_tau_3810 = [-3.20],
  sigma_minus_tau_391 = [-1.87],
  sigma_minus_tau_392 = [-1.55],
  sigma_minus_tau_393 = [-3.26],
  sigma_minus_tau_394 = [-2.72],
  sigma_minus_tau_395 = [-1.87],
  sigma_minus_tau_396 = [-3.45],
  sigma_minus_tau_397 = [-2.56],
  sigma_minus_tau_398 = [-2.79],
  sigma_minus_tau_399 = [-2.08],
  sigma_minus_tau_3910 = [-1.01],
  sigma_minus_tau_401 = [-0.78],
  sigma_minus_tau_402 = [-1.52],
  sigma_minus_tau_403 = [-2.11],
  sigma_minus_tau_404 = [-2.23],
  sigma_minus_tau_405 = [-0.68],
  sigma_minus_tau_406 = [-1.22],
  sigma_minus_tau_407 = [-3.14],
  sigma_minus_tau_408 = [-1.30],
  sigma_minus_tau_409 = [-2.99],
  sigma_minus_tau_4010 = [-1.39],
]

Probabilities (p_s) = [
0.05, 0.05, 0.05, 0.05, 0.05, 0.05, 0.05, 0.05, 0.05, 0.05, 0.05, 0.05, 0.05, 0.05, 0.05, 0.05, 0.05, 0.05, 0.05, 0.05
]

c_bar = 7.21
