Jobs = 60
Machines = 5
Scenarios = 20

Ready Times (rj) = [
0.00, 0.00, 0.00, 0.00, 0.00, 0.00, 0.00, 0.00, 0.00, 0.00, 0.00, 0.00, 0.00, 0.00, 0.00, 0.00, 0.00, 0.00, 0.00, 0.00, 0.00, 0.00, 0.00, 0.00, 0.00, 0.00, 0.00, 0.00, 0.00, 0.00, 0.00, 0.00, 0.00, 0.00, 0.00, 0.00, 0.00, 0.00, 0.00, 0.00, 0.00, 0.00, 0.00, 0.00, 0.00, 0.00, 0.00, 0.00, 0.00, 0.00, 0.00, 0.00, 0.00, 0.00, 0.00, 0.00, 0.00, 0.00, 0.00, 0.00
]

Transportation Times (tjk^s) = [
  tjk_11 = [2.17, 0.34, 5.42, 0.60, 2.85, 1.64, 9.27, 3.13, 0.10, 3.94, 0.79, 3.86, 12.30, 1.19, 5.59, 3.41, 0.28, 5.23, 0.58, 7.08],
  tjk_12 = [8.73, 1.24, 0.99, 0.64, 0.89, 12.42, 12.64, 1.77, 2.98, 2.39, 1.67, 11.45, 4.14, 0.81, 6.38, 1.16, 2.60, 5.52, 2.80, 6.69],
  tjk_13 = [0.21, 2.90, 1.62, 3.75, 1.06, 11.97, 4.00, 1.61, 4.74, 5.70, 13.71, 3.28, 2.15, 3.70, 4.18, 2.17, 2.35, 0.10, 5.62, 2.34],
  tjk_14 = [4.79, 0.67, 0.43, 1.49, 5.88, 0.10, 5.84, 4.24, 2.09, 4.00, 0.91, 1.57, 6.52, 1.18, 0.10, 4.51, 1.15, 1.89, 10.08, 3.10],
  tjk_15 = [10.85, 0.39, 9.64, 3.08, 7.83, 14.41, 13.90, 5.68, 7.07, 1.04, 2.84, 2.59, 0.91, 5.39, 2.28, 3.99, 0.14, 5.53, 13.09, 0.10],
  tjk_21 = [0.10, 6.11, 6.08, 2.72, 6.54, 4.50, 16.49, 9.40, 12.06, 12.95, 2.38, 1.70, 10.09, 0.83, 10.06, 4.09, 25.00, 0.10, 5.69, 0.10],
  tjk_22 = [5.03, 3.18, 2.77, 0.10, 4.39, 0.10, 0.10, 2.68, 5.90, 1.46, 0.55, 1.65, 7.17, 4.80, 1.80, 3.03, 2.77, 3.80, 1.58, 2.36],
  tjk_23 = [0.10, 1.92, 2.30, 2.32, 4.97, 0.10, 0.68, 2.41, 3.68, 0.32, 1.90, 17.35, 4.17, 10.94, 0.10, 0.10, 1.19, 7.32, 9.60, 2.97],
  tjk_24 = [0.12, 0.42, 1.78, 0.10, 0.65, 1.81, 1.99, 2.84, 0.85, 3.81, 2.16, 1.23, 0.44, 1.28, 2.90, 2.48, 0.26, 4.76, 0.83, 6.47],
  tjk_25 = [3.04, 2.52, 2.05, 5.83, 2.09, 1.34, 3.48, 2.94, 1.82, 5.53, 3.22, 0.10, 0.10, 0.22, 0.56, 1.78, 2.76, 4.80, 2.00, 0.98],
  tjk_31 = [3.26, 14.47, 5.59, 7.69, 0.10, 0.63, 15.98, 25.00, 4.56, 25.00, 0.76, 5.09, 1.99, 6.77, 6.61, 8.72, 10.17, 10.36, 2.12, 5.69],
  tjk_32 = [6.86, 0.59, 8.34, 0.10, 6.01, 2.31, 0.10, 3.98, 0.10, 11.51, 1.39, 1.69, 8.91, 2.41, 7.76, 3.99, 5.51, 2.35, 3.92, 3.23],
  tjk_33 = [3.11, 2.82, 9.92, 3.01, 11.99, 2.87, 0.10, 3.39, 4.86, 5.54, 6.12, 7.39, 11.21, 11.32, 0.10, 4.93, 8.23, 2.90, 4.19, 15.59],
  tjk_34 = [7.34, 7.66, 0.65, 0.10, 4.17, 0.10, 7.07, 10.69, 5.05, 1.35, 1.45, 3.54, 5.09, 6.96, 0.10, 6.26, 0.87, 1.71, 5.03, 5.21],
  tjk_35 = [1.29, 1.77, 2.72, 2.84, 10.44, 2.62, 3.26, 5.47, 4.79, 3.73, 2.84, 3.52, 5.11, 0.40, 9.48, 0.29, 4.50, 2.15, 0.10, 1.96],
  tjk_41 = [3.87, 5.23, 11.18, 4.27, 3.03, 0.81, 5.44, 8.15, 23.02, 10.19, 1.49, 11.47, 2.49, 2.76, 11.48, 10.57, 6.03, 4.65, 4.37, 8.74],
  tjk_42 = [5.73, 5.86, 10.57, 4.57, 3.61, 8.25, 6.15, 3.68, 5.91, 3.51, 10.46, 25.00, 5.30, 0.21, 5.08, 2.96, 2.31, 0.10, 3.46, 1.85],
  tjk_43 = [8.52, 9.87, 0.89, 7.63, 4.72, 9.96, 0.10, 4.86, 3.03, 6.89, 9.83, 9.18, 1.98, 2.20, 4.78, 7.83, 0.10, 4.70, 0.10, 1.23],
  tjk_44 = [0.92, 5.05, 1.32, 0.24, 0.40, 2.90, 0.36, 1.49, 0.45, 2.73, 3.48, 4.46, 1.00, 1.42, 0.76, 1.76, 1.26, 2.30, 0.79, 0.37],
  tjk_45 = [4.11, 4.42, 3.59, 1.07, 7.15, 2.69, 2.21, 9.09, 6.17, 12.24, 4.97, 2.31, 0.55, 0.86, 2.21, 1.66, 2.78, 0.10, 1.95, 8.13],
  tjk_51 = [3.08, 1.34, 0.93, 1.90, 1.79, 1.20, 5.35, 2.19, 2.45, 2.22, 3.33, 4.90, 1.28, 1.53, 4.80, 0.85, 0.46, 2.91, 0.61, 1.49],
  tjk_52 = [0.49, 1.36, 2.16, 1.95, 1.47, 2.99, 1.41, 1.86, 1.13, 0.20, 1.71, 0.71, 0.24, 0.76, 0.10, 1.95, 5.12, 1.36, 0.30, 3.31],
  tjk_53 = [9.34, 25.00, 9.81, 2.47, 0.10, 3.53, 2.28, 0.10, 1.69, 4.23, 5.01, 8.98, 11.11, 11.02, 4.96, 9.72, 2.73, 25.00, 3.62, 8.28],
  tjk_54 = [1.93, 3.25, 3.68, 4.71, 8.06, 4.51, 1.28, 0.91, 0.89, 6.32, 5.57, 3.42, 2.82, 0.37, 2.18, 2.21, 1.68, 0.10, 2.88, 1.32],
  tjk_55 = [0.58, 1.19, 1.05, 1.77, 0.20, 1.59, 3.00, 0.75, 1.14, 0.55, 0.10, 0.10, 0.75, 2.34, 3.45, 1.23, 1.04, 0.53, 2.14, 0.10],
  tjk_61 = [1.00, 0.50, 2.33, 1.28, 0.10, 0.76, 1.52, 0.57, 0.88, 3.88, 0.14, 0.10, 2.07, 1.16, 1.95, 1.02, 1.33, 2.14, 2.40, 0.10],
  tjk_62 = [10.26, 2.81, 25.00, 3.72, 14.35, 4.97, 3.91, 5.81, 0.57, 10.90, 7.24, 15.02, 9.79, 3.46, 14.93, 7.76, 5.19, 7.90, 4.66, 2.85],
  tjk_63 = [2.49, 0.19, 0.10, 2.23, 0.10, 0.69, 1.43, 4.89, 3.96, 2.41, 2.43, 1.63, 0.13, 3.13, 0.40, 1.20, 1.03, 0.87, 0.89, 0.26],
  tjk_64 = [4.59, 2.04, 6.28, 2.48, 0.67, 7.77, 0.10, 8.95, 3.38, 3.53, 0.10, 10.92, 2.60, 3.63, 1.23, 2.79, 6.68, 0.10, 0.10, 2.91],
  tjk_65 = [9.65, 12.73, 6.54, 5.99, 9.71, 10.31, 25.00, 4.07, 2.50, 9.62, 22.22, 8.74, 2.50, 3.31, 3.02, 10.12, 5.38, 1.43, 3.69, 0.51],
  tjk_71 = [12.00, 4.26, 1.41, 16.64, 3.41, 0.51, 6.08, 8.84, 0.39, 2.22, 5.20, 17.66, 3.56, 4.67, 0.10, 0.10, 13.14, 13.90, 1.14, 3.08],
  tjk_72 = [6.98, 2.32, 4.13, 19.89, 4.89, 6.05, 7.50, 1.44, 1.02, 14.37, 1.86, 0.10, 1.02, 4.86, 4.24, 13.61, 4.08, 0.92, 5.97, 1.79],
  tjk_73 = [1.02, 3.31, 3.77, 0.10, 10.24, 8.75, 3.52, 4.41, 4.80, 2.48, 1.39, 2.78, 3.24, 1.45, 1.79, 11.78, 15.87, 3.67, 8.18, 2.20],
  tjk_74 = [0.71, 0.13, 1.90, 0.48, 2.48, 2.05, 9.59, 6.74, 0.66, 0.38, 1.92, 1.02, 1.09, 0.17, 0.10, 0.80, 1.28, 1.26, 1.51, 1.49],
  tjk_75 = [0.83, 1.28, 0.12, 4.80, 0.10, 1.20, 8.17, 1.04, 15.17, 1.23, 2.32, 4.64, 0.10, 0.10, 1.40, 1.07, 2.80, 2.33, 5.40, 1.19],
  tjk_81 = [0.87, 1.31, 5.47, 0.97, 0.63, 0.10, 0.60, 1.03, 0.28, 1.01, 1.80, 0.58, 1.91, 1.77, 0.10, 2.38, 0.55, 0.10, 5.09, 0.57],
  tjk_82 = [6.43, 5.24, 0.79, 8.73, 13.31, 5.36, 0.10, 8.81, 3.77, 0.10, 6.26, 2.04, 3.56, 4.11, 2.74, 4.10, 0.10, 8.88, 25.00, 2.27],
  tjk_83 = [0.10, 0.24, 0.87, 1.17, 15.42, 1.29, 10.80, 1.99, 5.50, 7.27, 1.30, 5.23, 0.10, 0.33, 2.88, 1.07, 4.31, 0.73, 0.21, 4.91],
  tjk_84 = [2.19, 0.52, 3.60, 7.04, 3.96, 2.31, 0.10, 4.09, 0.26, 3.65, 0.34, 4.68, 2.36, 0.13, 2.51, 0.10, 2.51, 12.45, 0.10, 1.64],
  tjk_85 = [6.00, 13.83, 5.11, 1.79, 0.10, 11.63, 2.04, 8.59, 6.11, 8.52, 8.95, 13.90, 25.00, 0.10, 0.10, 6.55, 6.45, 2.90, 4.14, 3.40],
  tjk_91 = [17.61, 0.24, 3.07, 0.10, 0.10, 2.17, 25.00, 3.54, 0.10, 4.86, 4.67, 1.29, 0.92, 25.00, 1.45, 8.45, 1.67, 0.75, 7.33, 1.61],
  tjk_92 = [1.22, 0.10, 0.44, 2.36, 0.10, 1.60, 0.68, 0.79, 1.08, 3.51, 1.40, 3.02, 4.70, 3.90, 8.02, 1.61, 8.09, 0.76, 1.66, 0.27],
  tjk_93 = [0.93, 0.10, 0.97, 1.19, 0.39, 1.10, 0.79, 1.95, 1.37, 2.28, 7.79, 1.78, 0.51, 2.37, 0.24, 1.48, 0.76, 1.64, 3.65, 2.22],
  tjk_94 = [5.52, 11.13, 25.00, 0.10, 2.42, 7.40, 0.10, 6.15, 0.10, 25.00, 10.39, 0.10, 9.22, 0.10, 7.13, 8.06, 10.93, 19.37, 2.81, 6.25],
  tjk_95 = [0.51, 5.70, 0.92, 1.81, 0.53, 4.70, 5.88, 1.37, 6.96, 1.38, 1.11, 4.87, 5.24, 9.32, 0.10, 3.64, 0.90, 2.83, 4.81, 1.79],
  tjk_101 = [2.36, 0.10, 7.87, 3.22, 2.38, 2.89, 25.00, 6.59, 6.35, 0.75, 2.48, 2.69, 0.55, 6.50, 3.40, 5.49, 1.91, 1.19, 2.03, 4.69],
  tjk_102 = [0.87, 0.97, 0.27, 0.34, 0.10, 0.37, 0.24, 0.39, 0.10, 0.64, 0.88, 2.11, 0.10, 0.83, 0.10, 0.10, 3.01, 2.40, 0.34, 0.55],
  tjk_103 = [0.48, 7.39, 3.12, 1.85, 1.87, 3.00, 4.61, 4.55, 0.72, 4.00, 2.13, 1.58, 1.46, 25.00, 0.10, 4.54, 1.05, 0.10, 6.33, 4.60],
  tjk_104 = [13.13, 0.93, 0.72, 8.11, 9.30, 7.24, 16.17, 1.55, 0.71, 8.65, 2.06, 14.84, 2.45, 0.10, 4.25, 4.71, 6.46, 7.84, 1.53, 4.35],
  tjk_105 = [1.68, 5.26, 3.62, 6.51, 7.28, 2.93, 6.05, 4.66, 0.75, 3.15, 2.10, 1.30, 1.55, 4.65, 1.79, 4.09, 0.10, 3.86, 0.93, 3.83],
  tjk_111 = [10.40, 0.99, 2.54, 5.57, 2.33, 0.88, 0.10, 3.62, 3.77, 13.61, 15.14, 2.62, 17.08, 11.84, 4.99, 2.42, 0.20, 1.48, 0.10, 0.10],
  tjk_112 = [0.53, 0.10, 0.59, 2.31, 2.11, 1.95, 0.71, 0.96, 2.40, 0.10, 0.31, 0.10, 0.10, 0.52, 3.21, 0.65, 0.93, 2.92, 0.20, 2.23],
  tjk_113 = [2.97, 5.56, 24.43, 2.07, 13.43, 1.75, 6.47, 3.52, 25.00, 4.64, 3.83, 8.74, 10.62, 2.02, 13.23, 6.07, 1.03, 2.24, 4.61, 3.81],
  tjk_114 = [2.68, 3.04, 3.63, 3.55, 0.10, 10.16, 0.10, 12.02, 4.08, 4.94, 8.49, 9.37, 0.43, 14.12, 7.74, 0.35, 10.50, 6.65, 2.86, 2.98],
  tjk_115 = [2.50, 2.26, 1.91, 2.61, 2.18, 5.46, 1.94, 3.19, 1.83, 5.95, 0.10, 2.94, 14.12, 2.62, 5.12, 2.03, 0.10, 2.62, 2.03, 1.30],
  tjk_121 = [5.24, 2.66, 7.82, 9.03, 0.10, 7.68, 0.53, 0.23, 11.76, 7.05, 7.70, 6.22, 3.15, 1.24, 3.65, 6.15, 11.03, 3.04, 0.10, 5.48],
  tjk_122 = [15.49, 1.55, 5.04, 6.41, 1.74, 1.05, 1.97, 7.52, 5.82, 17.37, 18.59, 7.55, 11.92, 0.48, 6.41, 13.53, 1.90, 6.05, 7.14, 4.64],
  tjk_123 = [0.52, 7.52, 1.75, 7.52, 6.61, 5.61, 4.06, 6.55, 3.22, 0.10, 3.23, 1.61, 2.96, 4.75, 2.75, 1.55, 0.83, 6.79, 6.42, 2.03],
  tjk_124 = [4.15, 2.27, 8.32, 4.30, 1.17, 15.02, 7.94, 1.89, 11.84, 2.53, 2.87, 4.68, 2.61, 5.93, 8.63, 24.50, 8.85, 15.52, 8.42, 5.19],
  tjk_125 = [1.56, 0.48, 1.30, 3.82, 3.15, 3.84, 1.85, 1.05, 3.64, 0.10, 4.02, 0.55, 1.27, 0.10, 3.83, 0.13, 1.19, 2.56, 1.04, 4.33],
  tjk_131 = [2.44, 4.66, 2.57, 5.68, 0.10, 3.04, 1.74, 7.59, 7.78, 4.72, 1.34, 9.04, 3.56, 3.05, 7.29, 20.90, 0.68, 9.36, 4.98, 16.41],
  tjk_132 = [10.23, 3.59, 2.13, 11.91, 12.03, 6.51, 4.06, 25.00, 3.23, 6.64, 7.43, 11.01, 1.02, 25.00, 1.45, 2.25, 4.00, 2.13, 13.40, 8.51],
  tjk_133 = [2.64, 20.16, 24.71, 4.11, 0.52, 9.89, 6.27, 3.71, 5.54, 0.94, 10.35, 3.33, 1.87, 8.13, 20.17, 4.02, 5.26, 3.21, 1.58, 0.10],
  tjk_134 = [0.77, 1.53, 0.75, 3.66, 0.10, 1.61, 1.94, 0.92, 2.79, 2.06, 4.26, 0.10, 3.55, 1.14, 3.92, 2.52, 2.32, 3.00, 5.36, 1.44],
  tjk_135 = [3.31, 1.29, 0.87, 5.30, 17.34, 1.44, 1.47, 3.16, 1.68, 3.00, 1.65, 1.80, 1.56, 0.10, 1.84, 4.28, 0.18, 3.15, 3.66, 3.79],
  tjk_141 = [0.82, 0.73, 0.59, 1.04, 3.18, 0.50, 0.79, 0.93, 1.79, 1.91, 1.55, 3.33, 0.10, 1.25, 25.00, 3.59, 1.50, 0.10, 0.55, 2.25],
  tjk_142 = [1.89, 1.15, 0.27, 0.90, 0.38, 1.54, 0.48, 1.71, 1.73, 1.46, 2.55, 1.97, 1.62, 1.88, 0.57, 1.95, 1.19, 0.10, 0.10, 2.50],
  tjk_143 = [0.95, 2.74, 8.70, 4.59, 2.40, 6.09, 7.64, 7.49, 19.29, 1.25, 16.96, 7.35, 1.92, 2.29, 0.10, 9.78, 23.30, 5.93, 12.38, 16.44],
  tjk_144 = [1.46, 2.31, 0.18, 1.07, 1.97, 2.32, 0.24, 1.20, 2.03, 1.00, 1.07, 1.15, 1.90, 0.19, 1.30, 1.42, 0.87, 0.10, 0.26, 0.29],
  tjk_145 = [0.48, 1.43, 2.35, 4.18, 4.42, 8.65, 2.68, 4.38, 3.37, 9.54, 3.74, 0.10, 7.59, 2.97, 1.99, 3.53, 1.89, 2.50, 0.10, 11.90],
  tjk_151 = [6.04, 0.41, 7.87, 0.10, 6.41, 0.17, 8.35, 2.87, 3.12, 3.49, 7.60, 10.66, 8.75, 2.33, 23.77, 2.99, 15.12, 25.00, 5.28, 2.47],
  tjk_152 = [2.67, 1.53, 21.07, 4.54, 0.82, 0.10, 3.49, 1.75, 0.52, 0.21, 2.26, 1.73, 2.49, 9.87, 5.38, 0.10, 1.75, 2.82, 6.33, 3.17],
  tjk_153 = [0.39, 5.93, 6.60, 1.00, 6.28, 2.56, 0.24, 3.70, 6.15, 2.31, 5.04, 5.89, 1.30, 1.66, 4.38, 2.02, 0.10, 1.14, 0.10, 1.75],
  tjk_154 = [5.45, 14.63, 2.00, 6.60, 25.00, 7.03, 4.21, 5.09, 7.75, 0.10, 8.04, 4.80, 3.79, 3.43, 1.41, 4.47, 0.10, 8.00, 7.36, 2.00],
  tjk_155 = [5.37, 1.06, 0.10, 6.75, 1.57, 10.08, 1.72, 2.20, 3.65, 2.06, 2.93, 6.07, 0.10, 1.37, 9.08, 1.66, 7.91, 0.81, 0.10, 0.86],
  tjk_161 = [5.70, 2.35, 4.89, 0.89, 13.80, 2.23, 2.13, 1.58, 5.21, 7.66, 7.63, 7.07, 2.06, 0.10, 7.30, 0.94, 0.50, 8.07, 6.42, 2.32],
  tjk_162 = [5.36, 2.21, 3.02, 1.15, 0.89, 5.07, 1.30, 12.05, 7.50, 7.29, 3.08, 18.27, 2.40, 0.10, 0.73, 0.49, 3.51, 1.04, 1.61, 0.10],
  tjk_163 = [2.09, 1.26, 1.00, 1.77, 0.57, 0.46, 1.08, 0.62, 0.97, 0.97, 0.10, 4.37, 0.19, 1.23, 0.23, 0.14, 0.75, 0.13, 0.61, 1.55],
  tjk_164 = [1.16, 2.02, 1.57, 5.10, 2.99, 4.52, 2.59, 3.97, 5.24, 1.52, 0.10, 0.47, 3.28, 0.84, 3.29, 3.46, 2.32, 1.07, 3.18, 2.00],
  tjk_165 = [7.35, 9.49, 13.24, 1.89, 5.94, 9.25, 7.76, 1.90, 8.00, 1.84, 6.50, 14.86, 5.76, 1.62, 11.95, 7.11, 1.86, 2.49, 7.26, 4.53],
  tjk_171 = [2.44, 3.85, 0.10, 3.10, 17.78, 3.55, 1.29, 7.46, 11.45, 11.30, 3.76, 2.83, 3.59, 4.87, 2.47, 12.22, 0.77, 3.06, 2.95, 3.31],
  tjk_172 = [4.96, 7.39, 6.14, 6.57, 0.85, 8.35, 4.90, 8.53, 6.38, 4.79, 1.33, 6.43, 6.00, 23.44, 14.89, 3.16, 2.74, 4.27, 6.33, 5.19],
  tjk_173 = [17.24, 7.16, 1.81, 8.03, 0.10, 1.06, 0.50, 10.78, 4.73, 7.39, 4.52, 0.10, 3.09, 10.04, 5.60, 9.36, 2.54, 4.96, 3.90, 6.34],
  tjk_174 = [4.44, 0.47, 0.79, 0.10, 0.67, 0.59, 0.75, 0.10, 2.63, 0.43, 0.10, 2.33, 1.33, 1.62, 0.88, 4.57, 0.10, 1.75, 2.72, 1.32],
  tjk_175 = [3.22, 4.78, 9.53, 9.20, 10.82, 0.97, 1.02, 5.42, 1.05, 3.54, 14.65, 7.76, 8.15, 2.19, 7.98, 15.94, 0.98, 5.93, 2.48, 11.16],
  tjk_181 = [4.10, 7.85, 9.70, 1.44, 3.25, 0.10, 6.33, 2.60, 0.10, 1.09, 8.41, 0.10, 1.37, 6.95, 1.19, 4.39, 0.10, 4.16, 7.64, 7.29],
  tjk_182 = [5.39, 6.00, 4.53, 4.50, 8.44, 19.14, 11.39, 0.10, 10.90, 4.49, 1.59, 5.06, 6.13, 6.23, 1.38, 0.10, 1.64, 1.86, 5.02, 0.54],
  tjk_183 = [4.39, 0.63, 1.69, 0.95, 0.37, 1.22, 0.96, 2.73, 1.39, 1.19, 0.65, 0.84, 0.10, 0.75, 0.37, 0.31, 0.10, 0.14, 1.77, 0.10],
  tjk_184 = [1.90, 0.39, 5.94, 7.37, 1.61, 1.62, 0.10, 2.21, 0.10, 2.53, 7.05, 1.54, 3.20, 4.07, 1.35, 0.93, 3.56, 0.74, 2.78, 2.98],
  tjk_185 = [0.58, 2.42, 0.87, 3.74, 3.18, 3.86, 0.98, 0.10, 0.90, 1.74, 3.41, 3.43, 25.00, 0.10, 1.62, 2.10, 0.76, 0.83, 1.28, 1.15],
  tjk_191 = [5.41, 0.10, 6.96, 21.78, 16.05, 1.59, 8.19, 0.10, 1.28, 6.76, 6.49, 1.66, 19.86, 8.96, 3.28, 12.51, 3.37, 6.86, 0.10, 4.96],
  tjk_192 = [4.40, 3.88, 6.89, 4.98, 3.65, 25.00, 5.14, 2.14, 0.10, 1.70, 1.17, 2.48, 0.31, 8.09, 9.76, 6.04, 13.23, 3.76, 5.83, 5.12],
  tjk_193 = [0.70, 12.87, 2.25, 2.30, 0.33, 1.60, 4.28, 1.06, 0.10, 0.85, 2.07, 3.96, 0.89, 4.75, 3.26, 1.41, 8.16, 0.84, 7.29, 3.76],
  tjk_194 = [8.17, 9.34, 4.74, 5.79, 1.79, 6.48, 12.50, 5.98, 6.53, 10.04, 1.95, 10.81, 0.71, 6.88, 25.00, 10.72, 6.38, 2.25, 15.00, 3.16],
  tjk_195 = [0.10, 2.14, 7.86, 0.25, 0.10, 1.57, 4.09, 2.06, 9.22, 5.04, 1.43, 0.60, 8.30, 2.46, 3.68, 0.10, 2.49, 2.77, 5.23, 2.46],
  tjk_201 = [2.80, 0.23, 0.99, 0.52, 7.70, 1.69, 0.10, 2.10, 0.10, 1.24, 1.55, 1.77, 1.57, 1.05, 0.38, 0.10, 0.66, 2.13, 1.57, 0.10],
  tjk_202 = [7.98, 5.06, 3.28, 4.98, 1.19, 1.64, 5.10, 5.83, 1.93, 3.61, 2.92, 0.10, 0.75, 2.52, 2.79, 7.40, 2.89, 1.31, 2.76, 5.08],
  tjk_203 = [4.82, 4.00, 0.10, 4.07, 4.14, 1.93, 0.65, 0.89, 1.43, 6.84, 0.70, 3.02, 1.17, 0.19, 5.68, 4.73, 2.44, 19.88, 3.56, 4.62],
  tjk_204 = [7.11, 4.37, 4.33, 7.16, 12.18, 0.10, 11.27, 5.33, 3.64, 9.91, 0.76, 20.66, 0.10, 7.23, 8.30, 0.10, 0.41, 0.10, 1.89, 5.09],
  tjk_205 = [1.35, 1.24, 7.33, 1.83, 1.26, 3.77, 4.93, 1.55, 0.10, 3.21, 19.97, 1.86, 2.01, 4.67, 2.50, 2.67, 3.76, 4.77, 7.08, 1.42],
  tjk_211 = [0.10, 1.72, 2.21, 5.77, 2.26, 9.19, 0.10, 2.52, 1.75, 5.56, 6.73, 1.01, 7.52, 6.45, 0.96, 5.23, 4.48, 2.95, 0.10, 0.10],
  tjk_212 = [3.24, 1.10, 3.46, 8.99, 5.05, 1.51, 7.76, 8.42, 6.23, 22.10, 25.00, 8.65, 3.18, 4.53, 18.46, 3.34, 6.34, 4.76, 4.56, 4.49],
  tjk_213 = [0.10, 4.24, 0.10, 2.80, 0.10, 14.36, 1.19, 9.68, 0.10, 3.51, 5.81, 2.94, 9.21, 0.10, 4.23, 1.67, 8.51, 2.32, 0.10, 1.79],
  tjk_214 = [5.68, 5.63, 2.25, 6.88, 6.65, 12.62, 4.22, 1.40, 14.59, 20.10, 1.03, 3.26, 1.96, 3.54, 25.00, 0.78, 7.36, 0.10, 3.24, 7.75],
  tjk_215 = [4.88, 0.36, 0.10, 0.76, 1.84, 0.43, 1.47, 0.65, 0.69, 0.80, 1.36, 0.10, 1.55, 0.15, 2.03, 0.10, 0.57, 0.86, 0.10, 0.71],
  tjk_221 = [4.15, 1.86, 0.10, 1.37, 3.95, 4.70, 6.98, 0.10, 6.52, 2.10, 9.37, 0.10, 8.74, 4.29, 3.49, 0.29, 2.20, 3.02, 6.54, 6.81],
  tjk_222 = [2.01, 1.14, 0.15, 2.88, 1.56, 1.23, 1.58, 8.35, 1.68, 0.73, 0.23, 0.28, 1.45, 0.57, 1.04, 2.21, 0.74, 3.02, 0.10, 0.30],
  tjk_223 = [4.36, 1.69, 0.52, 2.95, 0.92, 3.12, 0.10, 0.84, 1.33, 1.12, 0.95, 3.04, 7.06, 2.52, 5.18, 0.46, 1.78, 11.20, 1.72, 0.74],
  tjk_224 = [0.76, 1.22, 0.52, 1.27, 2.15, 2.58, 1.04, 0.40, 3.15, 2.02, 5.09, 0.46, 1.16, 2.55, 2.04, 0.38, 1.43, 1.23, 2.44, 4.88],
  tjk_225 = [1.29, 3.80, 0.10, 1.07, 0.10, 1.42, 0.10, 1.83, 0.31, 2.73, 0.27, 1.09, 3.20, 0.22, 2.88, 0.78, 0.10, 1.65, 2.33, 0.48],
  tjk_231 = [4.66, 13.29, 4.22, 11.31, 2.76, 0.99, 1.01, 0.10, 4.40, 5.19, 16.21, 3.32, 21.90, 6.98, 3.09, 9.01, 21.46, 4.20, 6.72, 6.34],
  tjk_232 = [1.27, 0.10, 4.11, 4.85, 3.02, 1.14, 1.33, 3.40, 4.05, 6.21, 1.83, 2.45, 4.99, 0.10, 0.10, 21.44, 4.07, 4.33, 1.14, 3.00],
  tjk_233 = [3.79, 3.33, 3.56, 4.59, 0.44, 1.49, 3.59, 2.42, 1.94, 5.29, 0.28, 0.55, 2.70, 0.86, 0.31, 2.85, 0.20, 2.00, 5.32, 4.49],
  tjk_234 = [1.15, 2.98, 2.75, 1.35, 0.98, 0.10, 0.10, 1.48, 2.16, 0.49, 1.27, 0.47, 2.25, 2.19, 5.11, 0.89, 1.44, 0.90, 0.79, 1.87],
  tjk_235 = [2.03, 11.91, 2.31, 25.00, 15.25, 6.36, 2.55, 1.46, 2.31, 13.61, 12.46, 9.93, 4.40, 25.00, 3.82, 10.15, 8.88, 7.31, 5.73, 10.69],
  tjk_241 = [14.40, 4.02, 5.89, 1.60, 2.18, 11.34, 2.69, 5.60, 0.10, 0.10, 8.02, 0.17, 2.81, 2.94, 3.60, 16.42, 2.69, 9.39, 6.30, 5.75],
  tjk_242 = [1.20, 1.02, 0.63, 3.55, 0.10, 1.59, 1.24, 0.39, 6.30, 5.49, 0.66, 4.63, 2.62, 5.01, 4.28, 2.50, 2.54, 2.29, 0.10, 4.45],
  tjk_243 = [12.28, 1.88, 1.94, 1.01, 0.51, 1.72, 2.08, 1.08, 1.15, 1.94, 0.71, 5.80, 9.40, 3.09, 2.45, 3.83, 2.53, 2.32, 0.85, 2.39],
  tjk_244 = [0.10, 8.63, 2.29, 6.30, 4.18, 1.43, 1.32, 0.68, 7.11, 1.51, 8.07, 6.31, 15.57, 3.68, 3.77, 6.13, 1.34, 0.92, 2.96, 3.50],
  tjk_245 = [2.35, 1.37, 2.45, 0.51, 3.73, 0.21, 0.10, 0.24, 0.10, 2.34, 2.97, 3.01, 3.07, 1.74, 1.02, 0.51, 0.10, 2.42, 0.27, 8.14],
  tjk_251 = [3.17, 9.76, 11.05, 2.22, 4.51, 6.00, 2.35, 2.49, 0.74, 6.80, 5.02, 7.67, 1.58, 4.88, 4.90, 9.30, 6.51, 2.33, 2.06, 4.01],
  tjk_252 = [3.56, 5.29, 2.02, 0.54, 15.00, 0.25, 7.05, 4.49, 0.54, 5.79, 4.29, 8.00, 0.22, 4.42, 6.58, 4.59, 4.49, 3.92, 0.10, 0.77],
  tjk_253 = [1.05, 4.79, 0.10, 2.24, 4.28, 0.10, 1.25, 0.10, 1.18, 3.42, 7.20, 4.97, 1.23, 14.31, 25.00, 7.93, 5.49, 3.16, 9.56, 3.26],
  tjk_254 = [11.35, 4.04, 10.33, 6.04, 4.97, 6.34, 1.49, 4.09, 6.64, 5.98, 0.47, 3.73, 8.89, 2.39, 5.44, 9.09, 7.92, 8.41, 0.10, 9.75],
  tjk_255 = [6.50, 7.90, 13.95, 9.16, 6.26, 3.81, 8.62, 6.56, 1.21, 6.69, 5.07, 3.06, 0.93, 1.76, 3.43, 14.16, 2.59, 0.10, 0.55, 7.68],
  tjk_261 = [2.74, 2.07, 3.70, 7.09, 4.65, 9.79, 1.61, 9.05, 0.35, 5.10, 7.18, 4.84, 4.15, 21.07, 7.04, 0.10, 7.03, 0.10, 3.06, 10.59],
  tjk_262 = [2.59, 1.39, 13.35, 9.27, 3.48, 8.70, 8.05, 6.97, 1.43, 14.07, 7.60, 0.72, 11.37, 3.14, 1.18, 5.00, 6.88, 5.38, 1.11, 3.66],
  tjk_263 = [0.78, 1.87, 1.20, 0.12, 1.52, 0.59, 1.03, 0.71, 0.10, 2.53, 2.30, 0.28, 2.85, 1.74, 5.74, 12.73, 5.91, 16.84, 14.15, 4.74],
  tjk_264 = [0.10, 6.93, 15.07, 1.21, 0.81, 1.02, 3.69, 2.24, 6.13, 1.50, 7.85, 0.10, 7.87, 7.26, 0.83, 0.10, 3.31, 1.71, 1.78, 1.47],
  tjk_265 = [0.10, 0.69, 1.54, 8.86, 3.80, 6.81, 4.96, 5.79, 9.48, 6.70, 3.33, 2.12, 1.30, 1.73, 2.28, 1.17, 6.12, 0.95, 2.70, 6.98],
  tjk_271 = [4.24, 17.90, 5.58, 1.84, 2.61, 1.86, 3.90, 0.10, 0.10, 5.90, 7.78, 0.10, 7.59, 6.56, 1.32, 7.85, 3.22, 11.03, 3.99, 8.10],
  tjk_272 = [2.34, 3.99, 0.82, 1.12, 1.33, 1.12, 5.20, 7.52, 2.83, 8.11, 3.43, 7.46, 0.75, 3.35, 0.17, 0.10, 2.04, 0.36, 3.91, 0.15],
  tjk_273 = [2.46, 0.84, 0.10, 0.79, 1.09, 1.29, 1.77, 1.12, 2.52, 1.33, 1.09, 0.10, 0.10, 0.29, 0.10, 1.04, 1.13, 0.43, 0.49, 2.27],
  tjk_274 = [6.19, 5.17, 0.72, 0.80, 1.33, 4.48, 2.38, 1.51, 1.08, 0.10, 2.60, 3.82, 5.14, 3.42, 6.94, 3.17, 0.10, 0.73, 3.12, 4.81],
  tjk_275 = [2.75, 6.61, 0.61, 1.00, 9.03, 0.86, 0.35, 0.10, 5.26, 5.37, 11.86, 0.81, 4.88, 11.01, 3.42, 11.87, 1.29, 9.11, 0.10, 4.56],
  tjk_281 = [1.31, 13.69, 1.60, 2.09, 12.60, 1.86, 1.52, 2.92, 7.95, 0.78, 11.30, 9.70, 11.63, 9.15, 4.49, 0.81, 2.42, 21.79, 6.68, 11.20],
  tjk_282 = [0.10, 2.09, 0.80, 0.40, 5.55, 0.10, 5.65, 2.36, 1.07, 3.14, 4.21, 2.73, 4.98, 1.57, 2.05, 9.46, 0.47, 6.68, 0.28, 7.06],
  tjk_283 = [0.10, 9.52, 7.42, 5.06, 5.15, 1.56, 3.24, 3.80, 2.31, 3.66, 0.68, 0.10, 2.08, 1.47, 2.99, 2.51, 6.65, 1.80, 1.56, 6.51],
  tjk_284 = [1.69, 0.94, 0.10, 0.70, 1.47, 0.29, 1.83, 1.66, 0.50, 0.44, 2.12, 0.35, 0.52, 1.83, 2.30, 0.43, 1.56, 1.05, 0.41, 0.64],
  tjk_285 = [5.97, 4.74, 7.84, 10.25, 9.32, 1.04, 11.62, 0.10, 22.82, 0.10, 7.06, 4.39, 16.72, 0.10, 6.61, 0.68, 8.80, 4.25, 2.53, 1.80],
  tjk_291 = [0.10, 4.18, 0.10, 3.46, 2.42, 10.58, 3.54, 2.03, 1.48, 25.00, 1.63, 1.08, 0.10, 0.10, 9.52, 4.94, 2.32, 9.10, 2.28, 4.52],
  tjk_292 = [0.10, 2.50, 3.25, 5.53, 8.14, 2.34, 1.05, 24.69, 3.30, 7.25, 3.17, 21.88, 11.34, 10.91, 7.31, 4.13, 0.10, 3.50, 2.47, 5.49],
  tjk_293 = [3.38, 10.40, 0.69, 5.99, 4.43, 6.35, 12.29, 12.57, 0.10, 0.10, 2.05, 13.99, 1.68, 23.33, 2.03, 7.90, 25.00, 2.11, 17.99, 1.06],
  tjk_294 = [0.73, 0.17, 0.10, 2.75, 1.14, 2.81, 1.04, 0.28, 2.83, 0.21, 0.86, 0.73, 0.10, 1.99, 1.64, 1.98, 1.41, 0.64, 0.10, 0.42],
  tjk_295 = [1.06, 2.63, 0.87, 4.34, 2.46, 9.67, 0.99, 3.32, 1.17, 2.44, 0.54, 6.99, 6.67, 3.75, 3.41, 0.10, 2.31, 4.69, 0.10, 0.60],
  tjk_301 = [3.03, 6.21, 2.69, 1.61, 4.72, 0.10, 3.55, 4.89, 1.92, 0.10, 0.10, 1.52, 3.20, 2.65, 1.10, 6.30, 3.43, 0.10, 2.36, 2.95],
  tjk_302 = [13.32, 1.87, 1.92, 6.45, 1.16, 0.56, 6.11, 7.23, 2.66, 1.84, 6.35, 2.88, 2.98, 8.21, 0.73, 5.96, 3.07, 1.30, 8.12, 6.11],
  tjk_303 = [3.36, 10.62, 2.54, 2.36, 1.11, 4.15, 3.03, 6.49, 1.56, 4.40, 5.93, 0.50, 1.01, 6.70, 0.10, 3.35, 6.53, 2.62, 0.10, 20.62],
  tjk_304 = [6.69, 1.60, 1.29, 8.10, 0.71, 9.77, 6.45, 1.12, 18.59, 3.89, 3.81, 5.02, 0.11, 1.94, 1.55, 6.91, 0.10, 7.85, 5.28, 4.30],
  tjk_305 = [2.57, 1.69, 9.21, 3.03, 8.03, 3.46, 7.04, 1.80, 3.41, 16.49, 0.10, 5.13, 1.17, 5.49, 23.55, 2.78, 0.80, 7.59, 0.10, 4.22],
  tjk_311 = [0.10, 1.67, 2.64, 9.39, 7.42, 4.78, 1.95, 5.76, 11.05, 2.95, 0.64, 4.41, 10.46, 3.96, 20.96, 0.46, 5.64, 7.66, 2.03, 5.14],
  tjk_312 = [1.97, 1.64, 1.75, 0.94, 1.62, 0.19, 0.52, 1.34, 4.51, 1.06, 0.84, 1.42, 0.71, 0.17, 0.17, 0.78, 1.97, 0.53, 0.62, 1.55],
  tjk_313 = [0.10, 4.71, 4.05, 3.22, 3.75, 1.18, 0.10, 4.58, 2.43, 3.90, 9.30, 0.79, 6.98, 0.98, 2.81, 3.61, 3.74, 4.41, 4.98, 3.43],
  tjk_314 = [5.22, 4.32, 8.01, 0.10, 3.93, 2.06, 4.48, 10.97, 0.98, 5.98, 0.41, 5.22, 2.45, 1.00, 2.09, 2.18, 9.36, 6.07, 11.24, 1.47],
  tjk_315 = [3.69, 1.88, 1.37, 0.10, 1.02, 0.10, 0.96, 0.10, 6.64, 0.95, 0.45, 5.92, 4.16, 2.52, 2.27, 5.26, 6.24, 3.42, 2.73, 3.67],
  tjk_321 = [11.99, 3.05, 2.53, 3.88, 3.97, 1.57, 0.10, 11.56, 2.50, 0.72, 4.12, 0.10, 7.10, 0.10, 0.10, 5.68, 0.40, 14.75, 3.35, 0.48],
  tjk_322 = [0.10, 0.80, 0.46, 3.17, 2.98, 5.13, 0.22, 0.52, 1.70, 0.73, 0.86, 0.10, 7.40, 5.70, 0.94, 0.86, 0.10, 0.88, 2.56, 0.60],
  tjk_323 = [0.88, 0.79, 0.10, 1.37, 0.59, 0.59, 1.64, 0.69, 2.95, 0.23, 0.34, 3.28, 0.28, 1.93, 1.00, 1.79, 0.10, 1.21, 0.20, 0.57],
  tjk_324 = [3.29, 1.30, 2.44, 3.52, 1.59, 2.94, 2.27, 4.48, 3.03, 0.86, 2.77, 0.10, 3.19, 0.15, 5.16, 1.51, 1.28, 2.26, 2.12, 0.41],
  tjk_325 = [6.25, 6.65, 0.10, 9.64, 0.10, 14.98, 0.23, 8.12, 2.35, 7.92, 10.81, 5.49, 10.65, 0.38, 9.61, 3.86, 11.59, 7.64, 4.93, 1.48],
  tjk_331 = [0.82, 3.72, 4.29, 1.53, 0.80, 2.38, 2.62, 2.44, 3.22, 3.59, 1.86, 2.87, 3.20, 0.98, 24.83, 2.86, 8.38, 6.49, 2.68, 1.70],
  tjk_332 = [0.88, 6.01, 5.28, 6.16, 5.00, 10.24, 6.84, 11.22, 13.11, 5.42, 3.27, 4.54, 6.17, 1.75, 16.67, 1.56, 3.95, 1.54, 6.46, 4.69],
  tjk_333 = [24.12, 25.00, 6.66, 8.27, 3.73, 12.17, 4.09, 8.86, 16.69, 1.74, 6.87, 6.47, 10.86, 0.65, 0.10, 6.57, 5.14, 2.01, 11.08, 9.83],
  tjk_334 = [0.93, 0.89, 0.42, 0.36, 0.43, 0.47, 2.65, 1.00, 0.10, 0.96, 0.40, 1.04, 0.76, 2.92, 0.38, 0.51, 0.63, 0.49, 1.57, 1.40],
  tjk_335 = [1.75, 3.49, 3.62, 4.90, 0.10, 6.63, 3.53, 0.10, 3.59, 2.65, 3.02, 2.99, 6.24, 2.24, 6.49, 2.42, 9.93, 4.55, 2.14, 1.00],
  tjk_341 = [0.10, 9.28, 5.93, 1.47, 17.02, 6.53, 5.56, 2.88, 6.18, 2.53, 3.92, 2.57, 5.83, 9.84, 16.96, 0.96, 3.35, 9.20, 7.71, 4.41],
  tjk_342 = [0.13, 8.18, 9.25, 0.10, 0.10, 1.75, 12.14, 4.81, 7.24, 0.10, 4.27, 3.77, 4.80, 7.04, 7.73, 3.72, 6.17, 6.87, 4.13, 2.92],
  tjk_343 = [8.14, 17.42, 8.74, 0.10, 9.57, 6.80, 1.86, 0.10, 2.75, 9.15, 7.09, 8.16, 5.40, 8.76, 5.50, 9.53, 3.15, 11.87, 5.53, 4.80],
  tjk_344 = [4.10, 3.95, 3.47, 0.96, 3.00, 4.51, 0.10, 1.22, 4.75, 0.10, 7.42, 4.99, 2.34, 8.02, 0.10, 3.70, 0.10, 2.64, 2.63, 1.20],
  tjk_345 = [1.21, 4.22, 0.91, 1.40, 1.60, 1.89, 13.86, 2.53, 0.78, 8.87, 10.55, 6.67, 14.52, 4.68, 18.01, 10.55, 2.56, 2.72, 3.15, 9.46],
  tjk_351 = [5.29, 4.85, 4.51, 1.38, 6.48, 1.80, 1.58, 2.25, 2.72, 0.36, 1.75, 5.44, 0.67, 1.78, 2.53, 2.99, 2.27, 2.17, 3.04, 4.11],
  tjk_352 = [6.94, 2.41, 10.35, 3.74, 5.59, 9.44, 6.32, 1.96, 3.14, 5.68, 12.23, 0.10, 4.32, 4.76, 1.73, 1.32, 0.10, 0.10, 5.85, 4.88],
  tjk_353 = [3.73, 1.21, 0.42, 3.00, 0.62, 0.10, 5.44, 0.29, 1.96, 5.06, 4.13, 2.38, 4.94, 4.06, 5.25, 5.70, 5.28, 9.26, 14.27, 8.14],
  tjk_354 = [2.35, 0.13, 1.94, 1.37, 10.02, 3.20, 9.11, 0.80, 0.71, 1.18, 2.82, 2.48, 0.10, 0.10, 2.53, 2.69, 1.61, 3.52, 1.54, 8.15],
  tjk_355 = [3.64, 3.65, 1.99, 1.95, 0.71, 3.49, 0.10, 0.10, 1.09, 2.58, 1.44, 4.84, 9.38, 2.87, 3.58, 0.10, 0.10, 3.16, 1.53, 4.13],
  tjk_361 = [0.83, 0.78, 0.10, 0.46, 3.68, 0.41, 0.73, 1.99, 2.18, 0.82, 0.78, 0.43, 0.78, 0.39, 2.17, 1.64, 3.49, 0.26, 0.78, 0.76],
  tjk_362 = [0.10, 1.09, 4.08, 0.40, 0.10, 4.03, 5.70, 7.48, 2.53, 3.87, 0.19, 3.30, 1.39, 1.98, 11.44, 0.26, 10.49, 3.90, 10.56, 7.84],
  tjk_363 = [3.89, 0.10, 1.03, 4.31, 1.77, 3.65, 4.87, 8.89, 1.78, 9.09, 11.31, 10.52, 5.14, 13.99, 0.10, 8.91, 5.20, 11.28, 9.43, 6.28],
  tjk_364 = [2.92, 8.08, 7.40, 8.88, 2.71, 4.43, 25.00, 0.83, 6.82, 14.53, 16.12, 5.21, 1.83, 7.26, 0.10, 2.93, 4.13, 3.04, 21.69, 7.27],
  tjk_365 = [2.41, 2.17, 5.84, 0.10, 2.48, 2.55, 0.29, 3.89, 5.08, 4.19, 1.48, 4.16, 0.72, 1.91, 1.76, 0.76, 6.34, 1.47, 2.37, 2.09],
  tjk_371 = [1.03, 0.82, 0.31, 1.09, 2.85, 1.65, 0.36, 1.11, 3.69, 0.71, 0.47, 6.46, 3.16, 1.45, 2.25, 3.65, 0.75, 0.45, 1.41, 1.16],
  tjk_372 = [1.86, 0.10, 2.31, 5.88, 1.69, 3.73, 2.09, 6.33, 12.79, 13.31, 8.02, 0.10, 4.72, 0.82, 12.62, 0.10, 7.48, 9.19, 5.13, 3.12],
  tjk_373 = [2.57, 2.25, 2.01, 1.59, 0.10, 1.18, 0.10, 1.91, 0.71, 0.10, 5.86, 1.80, 0.52, 3.13, 1.49, 1.78, 8.01, 1.40, 3.32, 3.39],
  tjk_374 = [0.10, 0.10, 7.14, 3.34, 3.66, 4.87, 0.10, 3.92, 0.37, 2.19, 1.44, 4.76, 0.98, 0.10, 0.71, 8.23, 7.37, 0.89, 0.10, 3.56],
  tjk_375 = [4.01, 1.20, 0.10, 0.82, 4.43, 15.79, 9.72, 25.00, 0.10, 11.10, 2.64, 6.56, 0.10, 4.24, 14.94, 12.36, 13.61, 5.89, 10.78, 4.19],
  tjk_381 = [5.28, 3.69, 7.89, 8.07, 7.80, 0.10, 7.71, 3.93, 1.90, 0.53, 3.40, 6.90, 6.53, 0.10, 22.68, 4.66, 9.55, 5.11, 0.98, 0.57],
  tjk_382 = [1.34, 1.12, 2.61, 1.24, 0.14, 0.85, 0.94, 1.20, 1.61, 0.30, 1.38, 1.55, 0.41, 1.50, 3.04, 0.61, 0.30, 1.15, 1.21, 2.11],
  tjk_383 = [1.40, 0.10, 4.21, 1.79, 0.60, 0.44, 0.28, 0.38, 1.15, 1.31, 0.10, 0.10, 0.41, 1.39, 2.80, 0.10, 1.27, 0.47, 0.22, 6.47],
  tjk_384 = [0.67, 0.43, 0.11, 0.16, 0.34, 0.38, 0.61, 0.35, 1.16, 0.82, 2.87, 0.78, 1.28, 2.24, 0.25, 2.01, 0.72, 0.83, 1.75, 0.11],
  tjk_385 = [0.10, 0.10, 1.05, 0.37, 0.49, 1.52, 0.75, 0.77, 3.63, 0.83, 1.65, 0.32, 2.21, 1.41, 4.97, 0.25, 0.15, 1.72, 1.03, 1.27],
  tjk_391 = [1.64, 1.63, 25.00, 21.32, 9.46, 0.90, 1.48, 4.65, 1.42, 13.29, 6.58, 5.82, 0.10, 0.67, 7.89, 11.29, 12.93, 9.64, 16.33, 2.50],
  tjk_392 = [17.22, 19.36, 17.89, 2.33, 9.59, 1.75, 5.57, 10.24, 0.10, 4.96, 2.88, 10.43, 3.58, 2.42, 6.86, 10.07, 1.67, 6.47, 5.81, 0.93],
  tjk_393 = [1.42, 0.21, 0.30, 2.37, 4.56, 25.00, 2.31, 2.63, 8.00, 3.04, 0.62, 0.10, 2.42, 5.98, 8.35, 1.38, 0.51, 0.83, 1.03, 2.20],
  tjk_394 = [6.57, 2.14, 1.61, 2.01, 3.90, 0.98, 5.18, 14.89, 0.52, 3.12, 3.44, 2.54, 6.54, 2.84, 3.66, 2.37, 8.94, 0.10, 10.00, 4.21],
  tjk_395 = [1.36, 1.25, 1.92, 0.96, 2.89, 1.52, 0.59, 1.48, 1.09, 0.40, 1.23, 0.54, 4.32, 1.25, 2.42, 0.10, 0.91, 1.27, 1.12, 2.22],
  tjk_401 = [2.16, 0.73, 16.34, 3.96, 1.19, 3.27, 4.80, 2.71, 4.76, 5.49, 0.22, 1.90, 4.01, 9.39, 1.49, 4.89, 8.69, 12.55, 4.35, 1.54],
  tjk_402 = [2.14, 3.68, 3.19, 0.55, 8.40, 3.60, 2.42, 4.71, 5.63, 4.21, 0.59, 0.80, 1.28, 0.10, 0.87, 0.95, 1.68, 3.54, 2.06, 0.26],
  tjk_403 = [7.48, 7.70, 7.61, 0.10, 0.10, 7.97, 8.06, 8.70, 3.92, 16.19, 2.23, 2.08, 0.10, 10.74, 3.67, 10.22, 9.95, 0.10, 2.23, 3.94],
  tjk_404 = [5.19, 18.56, 9.18, 13.08, 10.97, 1.87, 5.00, 2.54, 19.48, 0.10, 0.10, 3.12, 0.10, 9.48, 6.59, 20.44, 3.90, 5.33, 18.50, 0.10],
  tjk_405 = [3.09, 12.32, 7.15, 3.26, 0.10, 4.85, 0.88, 8.92, 8.33, 1.85, 0.10, 4.78, 1.75, 2.00, 4.46, 5.00, 0.10, 3.24, 1.28, 4.68],
  tjk_411 = [0.55, 0.22, 0.23, 0.10, 0.11, 0.71, 0.99, 0.59, 0.64, 1.50, 0.57, 0.10, 2.02, 1.32, 0.89, 1.52, 0.22, 1.30, 2.88, 1.73],
  tjk_412 = [1.36, 1.20, 2.00, 5.13, 4.25, 8.29, 8.17, 6.78, 17.60, 6.37, 8.52, 2.95, 1.05, 18.72, 6.64, 0.92, 2.70, 4.33, 3.26, 0.10],
  tjk_413 = [2.18, 1.05, 6.04, 2.54, 2.42, 0.10, 5.57, 6.18, 3.63, 8.69, 1.36, 2.09, 1.53, 1.37, 3.80, 0.10, 0.10, 6.05, 2.30, 1.03],
  tjk_414 = [6.41, 0.10, 2.31, 5.27, 6.84, 5.07, 0.10, 7.75, 6.64, 4.37, 3.84, 5.12, 6.65, 1.49, 0.10, 1.87, 1.33, 0.10, 1.56, 0.10],
  tjk_415 = [25.00, 1.63, 2.27, 18.00, 2.72, 6.09, 18.73, 8.57, 25.00, 8.28, 3.84, 8.46, 6.18, 8.69, 4.22, 0.10, 0.10, 7.66, 3.77, 1.21],
  tjk_421 = [2.67, 0.93, 0.10, 5.00, 12.39, 2.26, 1.87, 2.36, 4.07, 0.87, 5.67, 1.97, 1.48, 2.20, 1.00, 1.17, 6.64, 1.04, 1.57, 0.57],
  tjk_422 = [5.67, 4.25, 1.88, 1.19, 0.81, 24.58, 1.06, 1.91, 0.48, 2.32, 5.33, 1.25, 1.01, 0.81, 1.61, 3.57, 0.43, 1.33, 5.14, 0.85],
  tjk_423 = [3.46, 8.91, 2.27, 6.97, 0.10, 3.75, 3.03, 9.80, 8.70, 2.59, 25.00, 0.10, 12.26, 0.10, 0.10, 0.44, 2.59, 0.10, 1.48, 7.60],
  tjk_424 = [1.23, 0.48, 0.36, 2.42, 1.63, 1.69, 0.32, 1.34, 0.91, 0.14, 0.25, 3.00, 1.27, 0.27, 0.92, 1.05, 1.20, 0.27, 2.08, 0.98],
  tjk_425 = [3.59, 0.81, 0.10, 5.57, 8.12, 4.07, 6.23, 0.82, 0.89, 3.82, 3.00, 1.39, 0.10, 7.83, 2.46, 7.02, 5.71, 5.96, 2.89, 3.62],
  tjk_431 = [25.00, 3.08, 0.10, 2.34, 4.05, 2.60, 3.93, 0.10, 2.23, 0.10, 1.47, 10.39, 1.73, 3.74, 3.46, 2.37, 6.12, 0.24, 0.53, 2.08],
  tjk_432 = [6.22, 6.78, 8.11, 0.10, 6.01, 3.32, 5.35, 3.33, 2.43, 2.07, 1.64, 1.00, 3.74, 5.19, 1.11, 25.00, 12.53, 6.96, 7.01, 17.68],
  tjk_433 = [2.35, 3.58, 0.10, 1.59, 3.11, 0.42, 2.09, 0.56, 1.14, 0.34, 2.81, 0.64, 2.50, 1.34, 0.77, 1.30, 0.14, 0.71, 1.22, 0.94],
  tjk_434 = [1.12, 1.29, 1.01, 4.75, 0.22, 1.86, 0.10, 0.10, 0.31, 1.67, 3.73, 0.47, 1.66, 0.61, 0.36, 2.68, 0.67, 0.85, 0.10, 1.58],
  tjk_435 = [2.16, 0.64, 1.26, 0.39, 0.10, 0.86, 1.22, 1.10, 2.96, 0.10, 0.11, 0.81, 1.01, 0.95, 1.97, 0.10, 1.19, 4.02, 0.68, 2.09],
  tjk_441 = [2.88, 4.89, 5.74, 1.39, 5.65, 4.95, 0.10, 3.89, 8.75, 2.60, 4.69, 11.43, 0.76, 4.31, 4.20, 0.10, 1.64, 6.70, 7.58, 3.50],
  tjk_442 = [8.23, 7.14, 3.11, 5.69, 6.10, 0.52, 1.34, 4.62, 1.76, 9.09, 0.10, 7.98, 2.38, 2.05, 4.22, 5.34, 4.94, 0.45, 4.44, 5.45],
  tjk_443 = [25.00, 9.92, 1.42, 0.49, 8.99, 6.94, 3.53, 2.40, 4.36, 0.72, 0.10, 0.10, 1.56, 7.90, 1.92, 9.06, 3.95, 20.18, 2.67, 5.61],
  tjk_444 = [1.18, 0.78, 1.84, 9.95, 0.47, 2.39, 0.22, 0.67, 0.29, 0.11, 1.83, 1.36, 8.76, 0.89, 0.28, 0.70, 0.28, 0.23, 0.74, 0.18],
  tjk_445 = [0.16, 0.10, 1.00, 0.85, 0.85, 1.18, 3.83, 10.84, 0.88, 1.32, 5.98, 1.42, 0.32, 0.45, 0.63, 2.67, 0.56, 4.17, 3.71, 1.63],
  tjk_451 = [6.79, 5.04, 4.58, 0.90, 8.25, 5.21, 1.27, 7.46, 19.52, 19.95, 17.27, 0.69, 7.15, 2.27, 17.09, 0.10, 2.05, 0.90, 3.05, 2.93],
  tjk_452 = [4.01, 0.74, 10.71, 4.37, 2.00, 5.47, 2.77, 2.00, 9.06, 3.69, 0.77, 6.03, 0.17, 0.10, 1.42, 1.62, 2.74, 2.62, 0.81, 0.77],
  tjk_453 = [3.33, 8.51, 0.82, 17.53, 3.37, 14.91, 7.55, 3.28, 10.03, 4.69, 7.06, 7.32, 4.89, 12.98, 7.58, 3.15, 4.62, 2.31, 1.60, 9.32],
  tjk_454 = [4.45, 0.52, 1.15, 5.53, 1.62, 1.25, 0.39, 1.00, 3.27, 0.25, 1.08, 0.31, 2.22, 1.50, 0.41, 1.10, 0.82, 0.73, 0.64, 0.93],
  tjk_455 = [25.00, 3.52, 0.93, 1.55, 0.29, 5.66, 7.63, 6.02, 2.91, 3.92, 12.75, 4.64, 0.10, 2.49, 0.10, 3.41, 5.36, 0.10, 2.00, 2.06],
  tjk_461 = [4.72, 12.31, 5.39, 2.71, 0.76, 4.64, 1.09, 2.87, 0.10, 25.00, 25.00, 3.19, 2.20, 0.32, 7.95, 4.53, 0.10, 1.03, 2.81, 1.37],
  tjk_462 = [2.55, 7.46, 9.03, 9.66, 10.87, 6.59, 7.63, 7.50, 10.83, 5.71, 5.74, 2.35, 6.60, 4.54, 0.10, 8.19, 16.55, 4.85, 5.58, 5.23],
  tjk_463 = [25.00, 9.07, 2.94, 10.63, 3.41, 5.40, 2.07, 25.00, 6.82, 7.05, 0.10, 0.10, 2.86, 3.75, 6.24, 1.02, 13.64, 6.14, 5.56, 10.03],
  tjk_464 = [4.83, 3.94, 5.82, 3.73, 2.85, 6.11, 1.35, 2.52, 1.51, 9.85, 5.55, 0.10, 3.82, 5.84, 1.93, 7.42, 3.32, 5.58, 0.10, 5.73],
  tjk_465 = [7.11, 8.95, 1.66, 0.10, 2.41, 2.99, 0.61, 0.74, 4.14, 2.53, 1.91, 3.21, 1.06, 5.80, 0.10, 2.36, 1.11, 1.26, 5.79, 0.93],
  tjk_471 = [2.13, 0.10, 2.82, 0.91, 7.40, 2.89, 2.21, 3.03, 2.54, 3.15, 3.51, 3.35, 0.10, 2.22, 1.38, 0.73, 4.53, 1.31, 3.45, 0.10],
  tjk_472 = [3.76, 15.73, 13.21, 1.82, 25.00, 3.85, 7.46, 4.02, 8.11, 17.29, 7.25, 2.30, 10.86, 0.10, 8.79, 6.27, 10.56, 15.15, 4.67, 5.93],
  tjk_473 = [0.13, 1.04, 2.36, 0.41, 2.25, 1.38, 1.25, 2.59, 1.43, 1.23, 0.36, 3.19, 1.67, 2.24, 7.49, 1.52, 1.49, 3.50, 1.32, 0.38],
  tjk_474 = [7.00, 22.96, 4.17, 9.83, 8.42, 2.13, 2.43, 0.50, 6.22, 1.99, 0.58, 5.45, 0.94, 0.10, 9.15, 3.75, 5.93, 1.14, 2.55, 25.00],
  tjk_475 = [2.89, 2.72, 0.10, 10.32, 1.09, 1.62, 0.75, 1.92, 0.61, 4.14, 4.66, 4.26, 4.82, 0.56, 1.92, 21.30, 0.10, 0.81, 5.46, 1.98],
  tjk_481 = [3.24, 9.49, 2.02, 1.12, 2.82, 3.29, 2.94, 6.57, 9.57, 7.23, 8.12, 12.11, 9.43, 1.38, 18.43, 2.36, 4.98, 3.06, 11.68, 6.53],
  tjk_482 = [6.44, 4.73, 2.41, 12.65, 0.10, 1.05, 12.94, 2.53, 2.62, 0.10, 4.65, 1.74, 3.37, 19.35, 0.10, 5.87, 3.77, 5.41, 4.90, 25.00],
  tjk_483 = [3.59, 0.89, 1.63, 10.06, 4.80, 8.12, 7.83, 7.16, 3.62, 2.06, 5.18, 5.23, 1.48, 12.50, 1.01, 3.96, 5.10, 25.00, 0.67, 1.85],
  tjk_484 = [2.25, 0.85, 6.08, 3.26, 1.47, 9.02, 0.83, 5.15, 0.47, 7.50, 4.56, 3.21, 2.52, 15.88, 5.64, 0.91, 3.68, 0.26, 9.22, 1.18],
  tjk_485 = [3.32, 0.10, 3.74, 7.52, 2.83, 4.29, 2.01, 1.05, 2.74, 0.10, 3.12, 1.85, 2.69, 8.23, 0.79, 2.60, 1.74, 7.64, 1.04, 4.36],
  tjk_491 = [0.10, 1.26, 1.84, 0.94, 1.43, 0.94, 2.28, 2.64, 1.93, 3.60, 2.78, 0.13, 0.78, 0.92, 1.17, 0.52, 1.05, 1.81, 0.10, 0.32],
  tjk_492 = [0.35, 2.43, 2.33, 2.05, 0.10, 9.16, 24.38, 13.68, 6.36, 2.32, 2.43, 5.79, 11.70, 2.96, 0.88, 5.88, 4.78, 0.93, 0.92, 0.10],
  tjk_493 = [3.10, 8.28, 4.44, 5.01, 1.87, 3.55, 2.64, 10.21, 7.49, 3.32, 2.46, 2.67, 8.50, 0.10, 5.97, 17.50, 5.71, 0.82, 6.25, 3.57],
  tjk_494 = [0.88, 8.64, 4.44, 1.57, 3.81, 0.81, 4.47, 2.89, 0.35, 5.21, 4.42, 1.60, 4.87, 2.92, 4.48, 3.32, 0.10, 7.53, 0.10, 4.86],
  tjk_495 = [2.64, 0.10, 3.91, 2.07, 7.73, 3.40, 2.41, 3.16, 4.62, 0.26, 1.25, 1.89, 1.55, 2.72, 1.11, 8.12, 3.86, 0.29, 1.36, 1.62],
  tjk_501 = [21.18, 0.35, 0.10, 8.84, 3.08, 6.33, 0.38, 2.20, 0.40, 5.87, 0.76, 0.46, 0.10, 0.93, 0.28, 2.06, 1.31, 5.17, 1.49, 1.66],
  tjk_502 = [3.00, 2.64, 4.89, 0.94, 9.37, 0.10, 4.42, 0.85, 11.65, 4.33, 5.54, 9.74, 4.30, 15.41, 1.83, 2.09, 1.29, 0.10, 3.39, 13.71],
  tjk_503 = [3.27, 0.10, 0.10, 2.40, 1.36, 1.37, 1.55, 5.16, 0.30, 3.92, 0.58, 3.92, 0.63, 0.52, 4.99, 2.77, 0.57, 2.10, 6.83, 4.56],
  tjk_504 = [7.61, 5.32, 2.66, 0.10, 13.19, 0.12, 6.95, 0.77, 18.85, 6.18, 0.39, 2.07, 20.76, 8.81, 5.74, 0.83, 11.22, 8.60, 0.53, 5.68],
  tjk_505 = [2.01, 0.82, 1.23, 0.31, 2.84, 0.25, 0.24, 0.79, 1.68, 0.46, 7.64, 0.10, 1.37, 0.10, 5.16, 1.48, 0.48, 1.11, 0.55, 0.39],
  tjk_511 = [0.10, 0.51, 0.10, 14.70, 1.28, 1.51, 1.37, 0.42, 0.80, 1.63, 0.41, 0.16, 2.07, 0.34, 1.21, 0.67, 0.26, 3.51, 1.83, 1.49],
  tjk_512 = [0.74, 3.02, 0.88, 1.09, 3.10, 5.22, 2.03, 2.65, 2.16, 2.32, 2.00, 9.57, 1.17, 3.02, 15.79, 2.09, 2.94, 0.10, 4.60, 3.53],
  tjk_513 = [1.14, 0.15, 1.16, 0.35, 1.88, 0.72, 0.53, 0.72, 0.97, 1.97, 1.28, 0.11, 1.20, 2.25, 3.24, 2.51, 1.07, 0.85, 0.47, 1.04],
  tjk_514 = [1.26, 1.00, 0.45, 1.24, 3.06, 1.96, 1.49, 0.99, 0.42, 0.24, 0.21, 6.13, 2.17, 2.05, 1.57, 1.45, 0.27, 0.34, 1.53, 0.10],
  tjk_515 = [0.27, 0.67, 2.60, 0.10, 1.77, 2.94, 4.97, 4.04, 1.56, 10.16, 3.70, 11.84, 0.61, 1.05, 5.18, 0.89, 2.61, 2.49, 1.99, 1.63],
  tjk_521 = [1.59, 0.66, 1.93, 0.51, 0.70, 1.16, 2.18, 0.62, 1.36, 0.95, 2.82, 3.93, 1.42, 1.95, 1.79, 2.46, 1.39, 0.31, 1.82, 0.23],
  tjk_522 = [8.23, 7.29, 1.97, 0.71, 3.49, 2.83, 11.00, 5.73, 2.82, 7.97, 8.48, 1.86, 1.64, 5.70, 4.98, 1.18, 4.50, 5.48, 3.04, 0.82],
  tjk_523 = [4.64, 11.96, 11.77, 0.10, 2.72, 10.12, 6.45, 2.19, 3.77, 0.92, 7.13, 3.05, 2.61, 3.92, 0.11, 2.87, 12.45, 3.03, 1.11, 8.17],
  tjk_524 = [12.49, 4.17, 0.60, 18.03, 0.71, 2.90, 1.29, 1.38, 0.56, 1.33, 4.54, 7.12, 6.75, 12.41, 0.71, 4.10, 2.43, 10.39, 2.09, 3.69],
  tjk_525 = [7.28, 1.93, 1.81, 15.69, 7.91, 5.29, 0.82, 0.22, 1.32, 4.22, 0.17, 1.87, 0.74, 6.60, 8.60, 5.51, 1.86, 3.54, 2.65, 8.17],
  tjk_531 = [1.13, 1.48, 2.62, 1.02, 1.60, 2.84, 1.88, 5.40, 3.54, 0.66, 23.66, 4.72, 1.67, 0.10, 1.23, 0.10, 3.06, 4.71, 2.46, 2.58],
  tjk_532 = [4.60, 5.88, 0.10, 3.05, 2.84, 9.89, 4.62, 5.56, 0.15, 1.30, 1.34, 6.25, 2.50, 1.25, 4.25, 7.68, 3.00, 4.37, 11.92, 6.06],
  tjk_533 = [0.10, 7.51, 0.10, 1.16, 4.32, 5.94, 5.30, 1.92, 4.47, 0.10, 5.29, 11.02, 0.16, 0.91, 1.12, 1.58, 9.43, 4.12, 1.08, 0.10],
  tjk_534 = [1.53, 0.27, 1.52, 0.10, 0.35, 0.33, 0.77, 0.93, 2.02, 1.36, 1.57, 2.10, 0.19, 0.48, 8.12, 0.77, 0.96, 2.33, 3.54, 1.93],
  tjk_535 = [0.69, 0.10, 3.49, 0.10, 2.85, 3.32, 4.29, 0.96, 3.00, 6.96, 1.94, 0.11, 0.58, 2.67, 2.42, 0.10, 2.43, 0.42, 3.09, 4.16],
  tjk_541 = [2.20, 6.67, 1.70, 5.85, 3.71, 9.12, 3.67, 6.14, 3.26, 1.21, 8.30, 0.10, 1.32, 2.59, 8.08, 4.61, 1.07, 5.66, 3.05, 7.53],
  tjk_542 = [0.10, 9.43, 6.64, 8.48, 0.77, 0.10, 18.30, 2.85, 5.32, 4.11, 0.10, 0.10, 2.94, 12.67, 15.75, 11.47, 2.20, 1.89, 14.00, 1.60],
  tjk_543 = [0.81, 1.62, 3.88, 11.18, 10.66, 1.79, 1.96, 1.93, 2.61, 4.87, 9.17, 5.98, 3.44, 1.22, 7.43, 7.25, 0.10, 6.46, 0.39, 0.10],
  tjk_544 = [0.10, 1.12, 1.61, 1.46, 1.64, 0.10, 0.10, 0.84, 0.38, 0.75, 0.10, 2.47, 0.10, 1.42, 1.53, 0.80, 0.54, 0.58, 1.93, 0.70],
  tjk_545 = [0.10, 6.91, 0.48, 0.84, 0.69, 3.52, 10.99, 1.30, 4.48, 4.86, 0.10, 2.39, 2.08, 6.62, 1.96, 17.55, 10.21, 2.40, 7.85, 6.22],
  tjk_551 = [4.45, 4.80, 2.00, 4.34, 0.33, 1.32, 4.22, 1.66, 1.71, 1.65, 2.41, 6.38, 5.53, 1.41, 3.35, 1.90, 2.89, 0.10, 3.17, 0.36],
  tjk_552 = [1.69, 4.98, 2.38, 6.53, 2.02, 3.08, 1.40, 22.05, 0.37, 3.86, 7.72, 5.60, 7.73, 2.92, 1.92, 3.58, 10.36, 3.84, 1.98, 2.61],
  tjk_553 = [5.65, 0.10, 1.86, 3.07, 10.58, 10.36, 1.86, 7.48, 3.53, 5.23, 6.42, 4.10, 25.00, 5.26, 7.71, 0.10, 3.32, 0.33, 8.16, 1.59],
  tjk_554 = [5.64, 1.36, 0.75, 2.18, 0.20, 5.24, 2.76, 0.71, 3.94, 2.85, 2.79, 6.35, 1.05, 13.20, 1.33, 0.80, 4.02, 2.35, 1.78, 0.99],
  tjk_555 = [8.19, 0.67, 0.75, 1.95, 3.40, 4.41, 0.10, 0.97, 0.10, 4.97, 3.31, 2.64, 1.56, 0.10, 1.78, 1.85, 1.18, 1.63, 5.93, 1.97],
  tjk_561 = [1.36, 0.10, 11.77, 0.86, 3.62, 0.10, 9.74, 4.33, 2.32, 2.37, 1.58, 6.71, 7.40, 14.69, 19.51, 4.22, 1.07, 5.68, 0.77, 5.30],
  tjk_562 = [1.02, 5.50, 3.71, 7.48, 3.55, 0.83, 2.80, 3.27, 2.59, 0.93, 1.64, 4.32, 0.10, 5.13, 0.57, 6.67, 0.92, 4.10, 1.31, 25.00],
  tjk_563 = [12.03, 6.16, 1.36, 2.61, 5.54, 3.19, 7.44, 1.87, 9.87, 2.96, 0.10, 4.95, 2.70, 8.61, 25.00, 10.75, 19.67, 12.70, 5.62, 10.01],
  tjk_564 = [1.06, 0.99, 0.10, 0.96, 1.38, 1.56, 0.47, 2.41, 2.24, 2.58, 0.36, 0.30, 0.40, 5.38, 0.10, 0.61, 0.37, 0.18, 0.49, 0.10],
  tjk_565 = [0.10, 4.22, 11.96, 1.42, 9.31, 2.81, 0.47, 2.36, 1.76, 0.46, 1.80, 1.24, 13.84, 14.05, 3.97, 11.62, 3.49, 6.00, 2.87, 8.28],
  tjk_571 = [2.24, 3.33, 5.39, 1.18, 8.98, 3.33, 0.97, 1.36, 4.69, 3.97, 2.60, 2.77, 0.10, 0.10, 0.10, 1.55, 0.51, 3.02, 1.27, 1.87],
  tjk_572 = [13.98, 3.10, 7.55, 7.39, 10.43, 4.24, 1.90, 1.61, 6.28, 3.30, 0.29, 3.88, 2.79, 9.76, 4.76, 10.40, 1.65, 2.72, 0.10, 6.92],
  tjk_573 = [4.83, 25.00, 7.82, 3.14, 7.74, 5.63, 1.70, 4.08, 9.13, 3.50, 3.55, 2.29, 10.07, 8.40, 4.66, 8.37, 0.10, 2.28, 19.05, 3.62],
  tjk_574 = [0.10, 1.14, 0.10, 0.51, 0.21, 3.01, 0.25, 0.10, 0.44, 0.80, 1.12, 4.98, 2.26, 0.10, 0.41, 1.45, 0.65, 7.02, 0.76, 0.64],
  tjk_575 = [9.33, 22.45, 3.87, 0.84, 2.33, 6.56, 2.17, 11.97, 10.29, 13.85, 9.79, 0.10, 1.34, 0.52, 3.21, 7.34, 5.90, 6.11, 0.10, 6.63],
  tjk_581 = [6.30, 9.06, 3.33, 2.26, 1.05, 0.69, 7.07, 1.52, 10.37, 0.10, 0.10, 5.00, 3.46, 7.04, 3.61, 7.01, 1.88, 3.35, 0.58, 1.62],
  tjk_582 = [0.10, 2.59, 0.32, 0.99, 8.26, 5.56, 0.10, 2.08, 2.56, 1.81, 0.78, 2.17, 0.77, 1.68, 2.75, 0.54, 2.51, 1.72, 0.88, 0.98],
  tjk_583 = [0.20, 0.11, 2.59, 2.19, 1.99, 0.13, 0.10, 1.07, 0.71, 1.22, 0.10, 0.30, 2.79, 0.23, 0.13, 2.50, 1.79, 3.01, 0.59, 3.15],
  tjk_584 = [0.99, 2.74, 3.78, 0.10, 2.86, 1.28, 2.06, 7.24, 1.25, 0.82, 1.13, 3.10, 0.29, 2.69, 0.10, 2.76, 0.53, 1.41, 0.10, 1.24],
  tjk_585 = [2.09, 2.32, 6.22, 3.05, 1.82, 0.70, 0.24, 2.51, 21.44, 2.36, 0.88, 0.10, 1.73, 3.69, 1.79, 3.49, 0.97, 5.13, 4.11, 2.19],
  tjk_591 = [1.36, 1.32, 0.82, 1.71, 0.41, 1.60, 2.64, 2.49, 1.64, 0.73, 0.69, 0.10, 1.04, 1.10, 1.92, 3.09, 2.06, 1.98, 0.82, 2.47],
  tjk_592 = [2.36, 13.47, 6.39, 1.70, 7.12, 6.38, 9.12, 5.01, 13.98, 3.40, 0.86, 3.67, 0.82, 2.37, 6.19, 3.93, 0.10, 1.90, 2.00, 0.39],
  tjk_593 = [3.15, 1.58, 13.57, 0.29, 13.20, 14.61, 2.95, 1.52, 4.42, 2.55, 8.77, 6.54, 0.10, 0.72, 3.65, 7.32, 3.47, 5.49, 4.74, 9.24],
  tjk_594 = [1.84, 2.21, 0.10, 0.76, 0.61, 0.17, 1.48, 1.68, 3.23, 1.91, 1.33, 0.17, 0.44, 1.86, 0.10, 1.65, 3.40, 4.10, 0.70, 1.11],
  tjk_595 = [7.79, 0.10, 12.65, 3.72, 0.10, 4.58, 16.08, 1.19, 0.10, 2.06, 0.10, 0.24, 5.11, 7.43, 10.07, 13.42, 3.97, 11.83, 4.54, 1.15],
  tjk_601 = [1.86, 0.10, 0.10, 2.37, 2.32, 7.23, 0.54, 0.47, 0.94, 0.72, 1.54, 1.94, 0.96, 0.10, 1.10, 1.33, 2.22, 0.44, 0.59, 1.08],
  tjk_602 = [0.10, 8.05, 7.96, 5.30, 0.77, 5.39, 7.82, 4.47, 6.80, 8.47, 1.23, 7.59, 2.82, 7.47, 2.47, 14.02, 9.52, 9.27, 11.51, 7.50],
  tjk_603 = [4.21, 6.47, 3.79, 7.83, 5.65, 9.71, 0.66, 2.51, 1.14, 0.53, 8.49, 4.94, 0.76, 7.05, 0.10, 3.90, 10.97, 0.10, 3.16, 3.30],
  tjk_604 = [0.49, 5.47, 10.36, 0.86, 8.88, 3.37, 2.38, 3.29, 6.26, 5.67, 0.10, 6.59, 3.76, 0.10, 14.62, 7.52, 8.13, 13.06, 17.66, 4.12],
  tjk_605 = [0.10, 10.31, 0.20, 9.89, 11.30, 23.23, 4.25, 5.33, 15.71, 7.67, 2.10, 3.21, 5.92, 3.05, 10.36, 8.10, 0.85, 7.06, 15.20, 3.45],
]

Service Times (¦Î_{jk}^s) = [
  xi_11 = [2.90, 12.60, 3.52, 3.19, 2.88, 0.10, 5.51, 15.28, 10.75, 13.74, 5.49, 2.91, 1.72, 28.98, 22.38, 3.13, 18.95, 3.54, 2.19, 11.71],
  xi_12 = [2.47, 8.16, 9.14, 4.43, 2.49, 5.22, 2.30, 2.56, 8.91, 0.74, 4.71, 12.67, 7.50, 8.71, 18.68, 4.18, 0.10, 17.45, 2.13, 6.28],
  xi_13 = [5.24, 3.43, 1.21, 0.72, 8.11, 2.21, 1.92, 0.48, 1.66, 1.65, 0.77, 0.55, 1.43, 0.39, 1.02, 0.72, 2.14, 1.78, 1.99, 0.73],
  xi_14 = [3.52, 0.10, 13.95, 10.07, 5.46, 5.09, 4.31, 1.99, 7.69, 0.10, 3.17, 2.55, 5.46, 4.41, 6.18, 16.06, 11.79, 5.32, 0.44, 5.54],
  xi_15 = [4.57, 8.80, 13.25, 7.62, 10.54, 8.95, 1.69, 2.45, 7.70, 13.14, 9.74, 4.07, 14.32, 43.14, 5.50, 0.10, 4.60, 1.38, 10.58, 0.10],
  xi_21 = [2.77, 4.56, 2.78, 4.48, 6.30, 3.09, 0.57, 1.66, 2.26, 1.38, 2.74, 1.76, 4.22, 0.75, 5.19, 3.73, 4.21, 4.06, 1.72, 6.05],
  xi_22 = [7.04, 12.39, 8.95, 34.84, 3.68, 6.68, 6.10, 6.15, 0.10, 20.65, 4.92, 8.55, 7.31, 3.35, 8.92, 9.84, 13.25, 1.01, 1.80, 2.70],
  xi_23 = [6.26, 15.81, 14.09, 5.84, 3.70, 0.65, 0.10, 0.10, 6.05, 3.06, 3.77, 17.49, 3.93, 3.72, 11.03, 5.67, 0.13, 13.96, 3.09, 2.89],
  xi_24 = [5.85, 3.21, 2.48, 4.34, 0.97, 1.21, 2.24, 1.24, 3.27, 1.57, 4.70, 1.50, 2.51, 0.17, 0.78, 0.38, 5.27, 2.71, 3.67, 0.10],
  xi_25 = [1.61, 9.03, 3.11, 1.44, 5.95, 0.20, 4.35, 1.94, 21.88, 2.50, 0.27, 1.09, 0.74, 0.10, 1.04, 2.42, 1.13, 4.43, 2.11, 12.60],
  xi_31 = [23.31, 7.13, 1.78, 8.17, 8.87, 10.70, 10.72, 20.61, 10.33, 28.83, 3.22, 8.98, 17.51, 2.22, 5.91, 6.80, 14.42, 18.64, 19.33, 1.11],
  xi_32 = [6.39, 2.45, 1.58, 2.65, 4.29, 1.18, 4.48, 4.23, 7.46, 2.04, 3.94, 1.92, 2.50, 11.01, 4.32, 4.43, 0.10, 0.59, 2.63, 2.63],
  xi_33 = [12.75, 2.03, 9.06, 5.85, 8.76, 3.71, 0.10, 0.58, 9.24, 4.15, 2.99, 1.46, 0.85, 3.01, 3.86, 7.33, 2.00, 7.50, 12.89, 21.08],
  xi_34 = [3.94, 2.06, 4.94, 0.70, 2.59, 0.81, 2.07, 1.68, 1.41, 2.79, 1.65, 0.10, 1.06, 12.90, 0.92, 1.68, 7.98, 5.24, 0.25, 2.21],
  xi_35 = [0.88, 9.31, 8.72, 3.93, 12.74, 10.37, 2.87, 0.81, 5.83, 2.90, 7.39, 0.10, 15.61, 13.82, 0.10, 12.94, 8.16, 10.18, 0.96, 0.10],
  xi_41 = [0.10, 3.38, 0.10, 3.09, 7.25, 1.84, 1.88, 19.75, 0.10, 11.08, 10.96, 4.48, 5.63, 7.55, 0.10, 0.10, 2.06, 4.00, 5.81, 5.12],
  xi_42 = [1.68, 6.54, 3.50, 2.16, 7.24, 16.73, 4.87, 1.78, 2.19, 3.45, 0.10, 21.50, 1.77, 5.22, 3.34, 5.64, 5.62, 5.17, 0.10, 4.66],
  xi_43 = [4.23, 5.37, 2.51, 2.40, 3.94, 5.19, 1.06, 1.66, 1.18, 0.85, 6.18, 2.09, 0.10, 2.27, 0.10, 1.42, 2.27, 2.48, 1.95, 2.43],
  xi_44 = [1.72, 3.01, 1.18, 2.79, 1.90, 9.79, 0.74, 2.59, 3.02, 1.19, 3.02, 3.06, 0.10, 17.18, 1.26, 11.53, 1.70, 3.21, 1.68, 2.76],
  xi_45 = [2.31, 0.27, 1.06, 0.94, 1.90, 0.56, 1.09, 1.76, 0.44, 0.97, 4.32, 0.86, 2.45, 0.10, 0.67, 0.15, 0.93, 3.51, 2.85, 0.34],
  xi_51 = [6.39, 0.91, 5.52, 1.19, 3.03, 3.67, 1.64, 0.43, 2.33, 4.04, 4.06, 0.12, 3.66, 0.12, 2.80, 0.44, 2.04, 1.04, 2.72, 4.11],
  xi_52 = [3.32, 7.05, 1.65, 4.33, 0.37, 3.06, 1.36, 2.49, 0.56, 3.91, 5.79, 6.86, 1.76, 0.87, 3.36, 1.42, 4.40, 4.97, 1.21, 1.10],
  xi_53 = [1.37, 2.08, 0.39, 1.37, 0.18, 3.59, 0.34, 2.33, 2.63, 1.89, 0.23, 0.93, 8.17, 0.86, 0.51, 0.85, 0.92, 2.16, 1.50, 2.82],
  xi_54 = [6.71, 2.33, 0.37, 40.51, 8.53, 10.35, 5.21, 10.92, 1.33, 2.86, 30.05, 5.68, 2.62, 3.21, 11.18, 2.11, 0.10, 12.09, 12.78, 12.15],
  xi_55 = [28.73, 1.68, 1.34, 8.69, 15.81, 4.18, 11.94, 12.88, 0.10, 0.81, 8.47, 0.71, 2.53, 9.93, 13.03, 15.95, 10.81, 7.24, 23.06, 29.33],
  xi_61 = [5.08, 7.00, 3.80, 50.00, 6.55, 0.74, 2.70, 2.73, 8.16, 4.06, 3.57, 5.39, 0.71, 0.10, 7.92, 22.98, 0.86, 7.61, 2.88, 50.00],
  xi_62 = [2.41, 8.66, 2.63, 0.10, 0.10, 3.10, 6.25, 3.97, 0.10, 6.08, 7.78, 4.07, 4.34, 1.78, 6.52, 3.14, 4.00, 5.31, 1.12, 9.02],
  xi_63 = [0.69, 0.26, 1.48, 1.75, 1.82, 0.87, 3.53, 0.10, 0.64, 1.60, 1.72, 0.23, 0.10, 1.55, 0.19, 0.88, 0.11, 1.84, 0.87, 0.68],
  xi_64 = [1.32, 5.29, 5.55, 5.30, 0.10, 6.84, 0.61, 0.10, 5.73, 19.98, 6.31, 0.10, 4.55, 1.27, 2.22, 0.10, 5.43, 4.72, 1.15, 7.13],
  xi_65 = [2.20, 27.30, 15.21, 22.22, 5.47, 16.03, 14.82, 8.91, 0.10, 42.01, 2.73, 50.00, 7.80, 13.69, 2.30, 6.86, 9.64, 20.42, 14.43, 0.10],
  xi_71 = [4.31, 0.16, 0.27, 1.20, 1.67, 5.73, 1.51, 0.68, 0.10, 2.25, 1.83, 0.92, 1.20, 2.31, 0.31, 18.87, 1.21, 4.49, 2.36, 1.34],
  xi_72 = [0.37, 10.28, 2.23, 11.10, 11.40, 4.52, 0.88, 0.10, 2.45, 4.69, 29.99, 11.41, 18.18, 32.05, 8.67, 9.60, 1.00, 9.49, 15.09, 7.01],
  xi_73 = [12.40, 0.10, 6.08, 0.10, 0.40, 1.29, 0.72, 1.29, 2.36, 2.12, 2.56, 18.95, 13.09, 5.00, 6.32, 5.47, 0.10, 5.89, 12.45, 18.33],
  xi_74 = [7.24, 24.22, 1.78, 5.62, 7.64, 5.59, 6.64, 16.40, 18.58, 16.93, 8.90, 1.80, 25.34, 11.39, 20.47, 15.91, 2.34, 3.55, 16.42, 17.66],
  xi_75 = [6.08, 6.87, 1.79, 0.49, 5.07, 6.28, 2.88, 4.52, 7.57, 0.22, 1.23, 4.03, 2.50, 7.01, 1.73, 1.63, 4.43, 1.47, 1.02, 4.97],
  xi_81 = [9.44, 11.27, 11.44, 18.33, 24.17, 5.72, 4.30, 11.76, 10.26, 0.10, 0.10, 6.84, 32.39, 11.26, 4.31, 13.05, 21.35, 15.33, 5.18, 5.06],
  xi_82 = [8.28, 3.41, 9.03, 4.59, 27.52, 37.11, 16.09, 1.50, 11.05, 8.00, 6.03, 14.62, 8.49, 1.85, 14.49, 9.97, 19.84, 6.41, 3.41, 9.85],
  xi_83 = [1.46, 3.40, 0.38, 1.26, 2.13, 1.81, 1.92, 0.10, 0.27, 3.25, 2.19, 0.59, 1.98, 2.43, 1.50, 1.57, 2.85, 4.09, 0.73, 2.68],
  xi_84 = [5.77, 0.10, 3.55, 0.58, 0.10, 0.51, 14.84, 4.76, 12.18, 1.15, 13.62, 2.06, 0.62, 4.60, 2.27, 0.10, 4.91, 2.59, 2.49, 2.86],
  xi_85 = [7.19, 44.20, 15.53, 2.68, 0.10, 14.47, 7.27, 0.10, 7.59, 32.99, 2.60, 8.05, 10.54, 13.58, 20.97, 13.87, 6.13, 9.51, 12.02, 8.07],
  xi_91 = [27.60, 24.78, 11.18, 0.10, 5.10, 9.33, 6.58, 3.59, 15.96, 3.20, 1.29, 2.25, 8.86, 17.67, 3.63, 13.48, 21.13, 9.29, 2.97, 23.70],
  xi_92 = [4.40, 34.82, 0.10, 1.05, 24.71, 4.80, 3.37, 16.64, 16.11, 16.31, 2.46, 7.88, 2.73, 18.09, 3.48, 2.57, 6.95, 6.12, 0.10, 15.62],
  xi_93 = [5.35, 1.93, 0.10, 2.41, 8.24, 0.72, 6.03, 1.45, 3.15, 6.82, 2.84, 7.69, 0.17, 3.01, 1.00, 3.06, 3.19, 5.02, 0.68, 0.96],
  xi_94 = [5.44, 14.25, 5.82, 8.09, 10.01, 8.18, 6.27, 15.14, 12.74, 4.01, 11.56, 10.96, 9.84, 4.37, 18.70, 9.50, 8.91, 0.10, 3.51, 26.37],
  xi_95 = [6.22, 22.79, 6.49, 3.21, 4.39, 5.61, 15.57, 5.20, 3.66, 11.06, 5.09, 26.54, 2.19, 12.64, 9.29, 16.08, 18.84, 11.30, 0.10, 4.24],
  xi_101 = [2.23, 2.25, 26.72, 18.77, 15.00, 27.79, 9.97, 0.10, 4.07, 3.44, 1.76, 14.40, 3.37, 19.81, 19.79, 2.77, 6.59, 1.01, 15.62, 27.20],
  xi_102 = [7.69, 3.48, 4.53, 7.71, 5.42, 8.50, 3.49, 4.51, 1.38, 2.25, 3.42, 7.51, 4.94, 3.51, 4.07, 8.00, 1.59, 5.11, 1.75, 7.06],
  xi_103 = [0.10, 1.49, 8.44, 0.10, 22.33, 6.95, 7.50, 14.97, 29.33, 0.10, 4.74, 7.35, 9.32, 7.45, 7.86, 6.12, 8.16, 0.10, 4.20, 3.18],
  xi_104 = [5.40, 4.34, 7.32, 12.99, 11.18, 2.20, 3.13, 29.35, 5.29, 11.40, 3.90, 6.79, 1.17, 3.74, 21.32, 2.14, 3.79, 1.66, 31.18, 5.56],
  xi_105 = [1.60, 15.48, 0.10, 5.38, 15.51, 0.10, 2.23, 7.80, 3.12, 0.10, 6.35, 5.34, 0.10, 12.41, 11.07, 1.91, 13.83, 4.70, 5.80, 33.91],
  xi_111 = [7.63, 13.55, 5.74, 7.12, 5.83, 4.96, 0.38, 1.31, 3.51, 0.10, 7.33, 3.86, 4.74, 7.52, 4.03, 19.91, 17.16, 4.95, 3.04, 7.55],
  xi_112 = [10.42, 0.10, 12.20, 0.10, 9.80, 1.43, 10.96, 7.66, 1.97, 10.19, 6.10, 3.93, 0.10, 1.52, 6.21, 19.90, 4.95, 0.10, 1.22, 1.70],
  xi_113 = [7.07, 7.04, 8.39, 1.66, 2.69, 1.29, 1.88, 21.39, 5.15, 4.24, 2.02, 3.94, 5.52, 1.23, 11.52, 0.10, 1.56, 5.13, 0.10, 5.65],
  xi_114 = [44.11, 2.22, 13.73, 20.49, 6.77, 4.28, 4.40, 4.73, 15.23, 8.72, 0.10, 14.17, 6.62, 4.44, 6.88, 12.01, 3.53, 9.09, 6.98, 1.65],
  xi_115 = [18.74, 0.10, 21.46, 25.16, 22.55, 12.64, 5.76, 9.48, 5.46, 6.44, 39.46, 20.61, 50.00, 15.63, 6.58, 8.38, 4.01, 45.69, 5.99, 27.40],
  xi_121 = [16.23, 13.21, 5.79, 20.20, 12.02, 13.88, 21.32, 9.17, 50.00, 25.39, 14.07, 24.38, 20.96, 9.53, 44.78, 2.57, 1.56, 6.12, 12.01, 7.99],
  xi_122 = [8.72, 12.93, 2.28, 4.88, 0.10, 10.49, 6.00, 9.65, 8.71, 10.84, 7.97, 20.78, 8.83, 4.78, 12.18, 5.41, 4.60, 24.66, 0.10, 5.30],
  xi_123 = [5.24, 0.10, 3.90, 9.32, 1.44, 9.35, 4.74, 0.10, 25.71, 0.23, 9.90, 0.10, 8.34, 0.10, 1.99, 1.65, 2.94, 7.27, 3.47, 0.10],
  xi_124 = [3.65, 20.24, 2.55, 2.67, 10.60, 5.34, 0.40, 7.30, 22.82, 16.33, 3.66, 15.19, 0.10, 9.75, 5.57, 26.99, 7.41, 30.47, 2.44, 7.10],
  xi_125 = [5.44, 0.29, 1.70, 1.84, 1.03, 2.25, 11.76, 0.10, 0.10, 0.32, 0.69, 0.61, 0.13, 1.00, 1.31, 0.55, 1.42, 0.34, 0.29, 0.29],
  xi_131 = [47.38, 3.41, 4.80, 4.11, 20.94, 6.09, 0.10, 13.95, 0.10, 20.20, 16.95, 15.57, 6.11, 7.85, 30.52, 2.36, 3.50, 3.06, 22.16, 34.00],
  xi_132 = [1.72, 1.83, 0.70, 4.07, 4.73, 1.58, 0.72, 9.23, 9.65, 3.21, 2.85, 1.83, 2.45, 3.05, 41.03, 1.79, 12.11, 13.40, 0.22, 1.40],
  xi_133 = [14.41, 8.19, 14.42, 2.34, 10.00, 10.97, 4.29, 1.38, 7.46, 14.27, 3.31, 21.92, 21.53, 1.41, 0.10, 1.71, 3.53, 9.72, 10.60, 9.86],
  xi_134 = [3.79, 5.16, 5.28, 0.96, 3.64, 1.88, 7.86, 4.71, 1.02, 1.43, 0.10, 3.67, 0.35, 1.75, 2.40, 2.78, 8.59, 2.52, 4.93, 2.13],
  xi_135 = [0.10, 2.64, 0.97, 23.59, 3.13, 8.67, 14.95, 15.19, 18.35, 9.21, 7.00, 8.26, 14.04, 0.10, 11.49, 0.10, 8.07, 25.83, 1.09, 7.67],
  xi_141 = [0.10, 3.87, 2.78, 3.02, 0.95, 0.96, 1.37, 5.56, 4.52, 0.10, 1.65, 2.17, 1.52, 0.49, 0.10, 2.45, 8.09, 0.10, 0.70, 0.90],
  xi_142 = [2.25, 0.76, 1.63, 0.29, 0.10, 0.25, 1.53, 0.53, 0.48, 0.19, 1.90, 0.47, 0.38, 6.92, 0.28, 0.93, 1.78, 0.47, 0.99, 0.93],
  xi_143 = [1.74, 0.91, 0.68, 1.21, 1.47, 0.71, 4.31, 0.28, 2.23, 0.37, 1.19, 0.65, 0.90, 0.57, 0.10, 5.44, 0.34, 0.10, 0.91, 4.32],
  xi_144 = [15.76, 0.32, 2.40, 0.81, 1.29, 2.81, 3.16, 0.43, 1.85, 1.79, 0.82, 1.10, 4.84, 1.36, 1.78, 1.03, 0.73, 3.28, 0.10, 1.21],
  xi_145 = [8.47, 0.10, 8.89, 12.60, 16.35, 4.01, 40.85, 0.88, 8.24, 1.23, 3.90, 13.58, 1.74, 17.16, 1.48, 5.32, 6.53, 0.10, 19.55, 17.13],
  xi_151 = [2.31, 0.10, 3.03, 7.20, 12.03, 7.53, 7.36, 6.31, 4.22, 4.94, 7.15, 2.08, 3.04, 14.03, 0.65, 16.26, 9.35, 11.62, 10.50, 4.34],
  xi_152 = [0.10, 0.96, 0.44, 0.49, 1.33, 1.20, 0.43, 2.63, 2.42, 1.12, 0.10, 0.10, 1.62, 0.97, 1.79, 1.19, 0.38, 3.97, 2.90, 6.98],
  xi_153 = [17.40, 18.98, 17.61, 21.02, 17.94, 0.54, 3.12, 10.10, 3.90, 2.29, 22.12, 0.10, 13.90, 1.81, 11.46, 17.41, 0.26, 15.17, 8.94, 17.97],
  xi_154 = [6.80, 6.86, 2.67, 4.93, 10.78, 10.52, 1.25, 4.87, 0.49, 28.82, 18.26, 0.73, 0.51, 5.97, 2.37, 8.06, 6.15, 9.50, 1.14, 0.10],
  xi_155 = [4.78, 14.68, 1.60, 8.89, 8.65, 11.39, 15.11, 28.98, 4.16, 0.10, 11.44, 50.00, 2.13, 6.84, 12.47, 5.89, 4.02, 9.51, 7.88, 23.47],
  xi_161 = [9.04, 2.41, 4.29, 5.41, 17.49, 4.67, 16.59, 4.71, 7.47, 7.72, 11.02, 19.33, 21.10, 7.51, 0.10, 0.10, 0.10, 5.42, 10.72, 2.46],
  xi_162 = [1.81, 0.10, 3.74, 8.63, 11.79, 7.38, 1.96, 4.23, 9.53, 15.82, 7.13, 7.87, 7.15, 20.30, 2.97, 5.26, 3.25, 6.89, 31.81, 3.84],
  xi_163 = [9.56, 0.10, 15.56, 2.50, 4.31, 0.53, 1.08, 10.22, 19.27, 0.10, 3.46, 8.89, 15.64, 0.47, 8.43, 16.45, 10.81, 28.98, 32.37, 9.98],
  xi_164 = [5.14, 4.95, 0.11, 14.34, 7.00, 2.42, 11.05, 9.32, 7.76, 5.54, 16.63, 0.10, 0.10, 3.82, 16.18, 0.84, 0.50, 3.51, 29.84, 10.68],
  xi_165 = [10.35, 13.35, 7.68, 4.43, 7.22, 15.56, 31.46, 1.44, 2.74, 6.23, 7.43, 3.82, 2.38, 3.32, 1.12, 8.36, 5.73, 2.95, 24.30, 3.02],
  xi_171 = [2.14, 4.62, 6.94, 8.16, 0.93, 5.08, 2.35, 1.05, 6.91, 3.90, 10.48, 1.08, 2.55, 10.79, 9.41, 8.31, 8.04, 5.15, 2.19, 7.84],
  xi_172 = [3.70, 4.67, 3.64, 10.29, 5.85, 6.56, 9.18, 1.07, 12.46, 12.79, 10.40, 15.93, 12.09, 1.34, 3.64, 6.25, 6.30, 36.54, 4.41, 11.81],
  xi_173 = [33.68, 6.01, 7.10, 0.17, 12.59, 18.44, 0.10, 0.10, 14.61, 7.50, 25.78, 13.07, 4.33, 10.90, 15.79, 13.98, 14.38, 3.92, 50.00, 15.32],
  xi_174 = [1.63, 0.10, 1.87, 1.25, 6.21, 4.16, 9.78, 2.68, 0.10, 1.73, 0.10, 0.10, 1.69, 8.29, 10.64, 6.69, 6.89, 5.53, 0.36, 13.46],
  xi_175 = [0.40, 0.88, 0.75, 1.15, 0.10, 0.10, 0.44, 0.87, 0.34, 0.86, 0.64, 0.49, 2.12, 0.37, 0.10, 0.38, 2.13, 1.69, 6.92, 0.10],
  xi_181 = [1.87, 1.93, 3.24, 13.49, 0.97, 4.78, 26.65, 5.93, 0.10, 4.16, 3.02, 0.93, 0.53, 7.20, 8.06, 5.85, 9.22, 11.17, 6.02, 3.66],
  xi_182 = [50.00, 0.60, 16.73, 10.96, 18.69, 31.75, 8.00, 14.39, 6.04, 25.00, 18.25, 13.66, 3.56, 7.23, 0.10, 4.83, 0.10, 10.53, 3.70, 13.64],
  xi_183 = [10.56, 1.58, 7.16, 9.45, 14.77, 0.10, 5.49, 11.12, 9.53, 15.57, 1.70, 4.33, 0.93, 18.07, 1.23, 0.80, 5.61, 0.10, 2.76, 38.68],
  xi_184 = [0.66, 2.14, 1.27, 0.50, 0.39, 0.87, 2.09, 1.49, 0.69, 1.28, 0.13, 1.33, 0.31, 2.38, 1.62, 0.61, 0.52, 0.10, 0.27, 2.26],
  xi_185 = [0.10, 17.84, 11.09, 1.77, 5.91, 13.41, 32.61, 5.75, 8.95, 15.79, 4.99, 50.00, 8.56, 0.10, 0.10, 6.27, 1.66, 3.54, 3.56, 0.10],
  xi_191 = [15.04, 12.21, 6.95, 25.02, 50.00, 4.13, 8.92, 11.15, 10.70, 14.42, 14.79, 21.20, 9.52, 17.63, 14.08, 7.66, 5.41, 15.79, 12.29, 22.85],
  xi_192 = [7.37, 0.85, 10.38, 5.00, 50.00, 2.37, 1.00, 9.87, 14.11, 29.08, 10.03, 6.93, 15.63, 2.44, 7.89, 48.08, 3.90, 24.93, 3.94, 0.10],
  xi_193 = [0.65, 0.56, 1.54, 1.51, 1.21, 2.24, 2.74, 0.92, 2.32, 0.10, 0.86, 2.53, 0.10, 2.00, 2.71, 0.10, 1.91, 2.27, 1.97, 1.53],
  xi_194 = [10.19, 11.25, 1.13, 1.16, 5.08, 8.93, 1.40, 8.16, 3.45, 0.10, 9.06, 17.46, 0.10, 0.10, 2.54, 2.24, 18.81, 7.01, 15.65, 9.03],
  xi_195 = [10.52, 11.62, 3.94, 18.89, 0.54, 10.74, 10.96, 12.02, 0.10, 16.42, 7.76, 12.90, 2.59, 2.70, 0.10, 12.99, 23.56, 10.72, 0.10, 2.73],
  xi_201 = [2.96, 2.52, 2.45, 0.10, 4.66, 0.67, 8.04, 5.33, 11.99, 0.57, 4.18, 0.87, 4.92, 5.52, 1.69, 1.76, 4.51, 0.10, 4.12, 8.41],
  xi_202 = [15.80, 2.78, 8.30, 13.37, 3.32, 3.77, 3.80, 0.93, 2.45, 7.35, 5.23, 2.84, 4.61, 6.14, 28.69, 5.57, 3.10, 4.15, 4.65, 1.10],
  xi_203 = [22.56, 8.22, 13.93, 0.10, 12.30, 0.10, 0.10, 1.83, 3.03, 6.68, 9.09, 10.76, 0.10, 13.99, 8.88, 4.77, 0.10, 10.96, 13.46, 4.37],
  xi_204 = [6.18, 0.10, 2.35, 2.67, 5.71, 1.51, 1.91, 0.52, 2.30, 8.24, 3.48, 1.96, 3.33, 3.92, 5.17, 5.87, 2.81, 6.91, 0.10, 3.34],
  xi_205 = [14.29, 0.10, 4.55, 8.48, 9.16, 7.65, 8.19, 1.53, 29.64, 17.13, 4.66, 4.18, 9.73, 8.36, 5.36, 0.84, 2.58, 8.24, 5.22, 10.59],
  xi_211 = [2.14, 4.04, 24.50, 6.92, 4.67, 3.28, 4.45, 8.63, 6.38, 8.51, 7.03, 6.25, 0.10, 2.77, 5.98, 0.19, 4.60, 9.51, 0.63, 16.31],
  xi_212 = [0.10, 1.25, 1.53, 8.29, 1.23, 1.15, 0.70, 0.15, 1.29, 1.46, 0.31, 1.76, 7.92, 0.16, 4.16, 2.50, 1.69, 0.42, 0.60, 2.75],
  xi_213 = [0.10, 11.99, 0.10, 21.56, 15.28, 4.52, 3.39, 15.57, 1.37, 10.51, 31.26, 8.72, 1.09, 0.10, 8.25, 0.10, 11.15, 20.94, 17.48, 0.10],
  xi_214 = [0.10, 4.97, 5.48, 9.65, 13.75, 7.98, 7.44, 9.77, 3.94, 11.73, 16.55, 6.57, 6.49, 19.48, 19.09, 2.46, 21.39, 3.76, 3.49, 6.48],
  xi_215 = [13.85, 6.68, 27.28, 10.83, 5.77, 19.56, 8.91, 12.35, 7.03, 6.14, 14.81, 4.53, 18.43, 0.10, 50.00, 15.14, 10.66, 5.44, 12.32, 7.08],
  xi_221 = [0.50, 1.71, 1.68, 0.10, 1.70, 0.91, 0.90, 1.96, 2.94, 0.10, 4.79, 4.34, 0.10, 0.42, 0.73, 1.70, 0.10, 0.55, 0.52, 4.56],
  xi_222 = [16.25, 22.31, 4.93, 5.02, 2.54, 5.25, 0.10, 0.15, 6.05, 0.10, 1.15, 0.10, 1.02, 0.10, 4.70, 12.81, 5.42, 0.51, 5.69, 12.93],
  xi_223 = [0.10, 5.10, 1.48, 1.21, 2.81, 5.20, 2.37, 0.99, 0.10, 0.26, 2.82, 0.61, 1.43, 0.78, 1.41, 1.53, 9.81, 2.60, 1.19, 3.37],
  xi_224 = [0.10, 15.84, 17.06, 0.10, 12.79, 29.53, 41.36, 4.58, 0.23, 11.63, 18.58, 5.12, 23.60, 14.32, 6.86, 6.80, 36.38, 50.00, 31.11, 7.07],
  xi_225 = [7.26, 1.18, 2.54, 6.46, 1.71, 6.84, 5.68, 9.05, 1.63, 2.51, 11.55, 1.88, 3.02, 3.79, 2.10, 4.53, 11.50, 12.09, 1.14, 5.00],
  xi_231 = [19.29, 50.00, 15.96, 13.10, 10.43, 18.20, 50.00, 1.13, 11.65, 14.99, 26.34, 24.89, 23.34, 21.62, 11.45, 15.75, 3.14, 17.70, 3.26, 12.07],
  xi_232 = [0.26, 1.56, 1.81, 2.24, 0.53, 2.27, 3.26, 0.69, 1.60, 0.13, 0.70, 1.65, 1.92, 1.01, 1.58, 0.10, 1.48, 0.59, 1.95, 1.48],
  xi_233 = [11.10, 0.92, 4.71, 12.23, 1.86, 0.10, 1.84, 10.87, 0.10, 3.53, 7.48, 0.10, 2.42, 10.79, 4.59, 19.78, 0.10, 9.77, 5.22, 2.68],
  xi_234 = [2.02, 0.10, 7.24, 0.10, 1.60, 0.10, 3.34, 4.10, 12.75, 3.11, 23.08, 1.87, 0.10, 1.92, 2.37, 7.54, 6.72, 2.01, 7.17, 2.02],
  xi_235 = [0.10, 6.55, 0.10, 4.28, 10.09, 11.57, 9.76, 0.10, 0.47, 4.16, 7.94, 9.08, 0.10, 1.03, 13.75, 3.00, 2.69, 7.70, 5.74, 1.43],
  xi_241 = [0.85, 2.55, 4.15, 0.70, 1.44, 2.08, 1.37, 1.92, 0.66, 0.72, 1.27, 3.76, 4.90, 0.57, 1.07, 0.71, 3.25, 0.10, 0.22, 0.94],
  xi_242 = [3.30, 1.21, 2.70, 6.07, 1.07, 7.71, 4.84, 0.10, 4.98, 0.78, 4.42, 0.77, 23.55, 1.76, 3.34, 2.38, 0.64, 5.19, 3.81, 3.77],
  xi_243 = [2.53, 4.28, 18.95, 11.61, 16.64, 8.82, 4.73, 6.34, 6.30, 3.34, 6.62, 13.42, 6.33, 0.12, 3.97, 13.82, 5.86, 0.10, 30.59, 9.82],
  xi_244 = [4.89, 3.16, 0.10, 14.78, 7.55, 3.52, 9.40, 0.10, 5.01, 1.28, 8.63, 6.19, 15.74, 18.06, 4.68, 7.15, 1.14, 5.87, 1.22, 1.59],
  xi_245 = [7.85, 50.00, 3.27, 7.36, 0.10, 9.60, 2.28, 11.52, 6.62, 8.43, 22.88, 33.89, 10.84, 8.91, 12.87, 7.53, 22.21, 10.77, 6.12, 9.94],
  xi_251 = [2.18, 2.06, 1.55, 1.51, 0.10, 0.10, 1.90, 3.02, 4.44, 4.84, 3.16, 20.27, 5.62, 0.10, 4.12, 0.90, 10.40, 1.99, 1.36, 7.89],
  xi_252 = [6.60, 14.61, 0.10, 13.58, 37.13, 5.11, 18.17, 7.73, 49.28, 13.67, 12.69, 0.10, 0.10, 16.09, 2.07, 15.64, 21.75, 4.70, 10.73, 0.10],
  xi_253 = [16.73, 15.77, 22.44, 5.35, 14.22, 50.00, 5.93, 8.02, 12.79, 15.33, 5.94, 50.00, 43.83, 3.01, 9.08, 11.39, 27.80, 5.29, 28.37, 28.99],
  xi_254 = [17.42, 2.89, 0.10, 1.72, 20.84, 2.54, 12.98, 10.70, 7.58, 4.82, 17.53, 13.31, 50.00, 1.88, 7.12, 7.63, 0.10, 3.83, 16.20, 8.95],
  xi_255 = [8.76, 11.43, 7.82, 23.29, 11.34, 4.88, 12.35, 30.98, 0.10, 17.65, 27.31, 0.53, 41.03, 14.45, 6.88, 2.49, 9.99, 0.10, 30.17, 15.50],
  xi_261 = [1.22, 4.60, 0.10, 5.04, 3.20, 6.65, 3.50, 10.87, 2.52, 1.92, 3.63, 12.27, 4.22, 4.74, 3.86, 3.20, 5.19, 5.74, 14.44, 4.70],
  xi_262 = [0.10, 41.42, 12.41, 12.61, 20.75, 50.00, 1.57, 32.41, 15.94, 5.39, 0.10, 9.93, 2.13, 1.23, 20.04, 7.91, 3.83, 5.89, 15.54, 0.10],
  xi_263 = [10.09, 7.36, 20.47, 34.77, 17.93, 18.54, 1.84, 23.32, 6.90, 41.49, 33.24, 6.19, 27.67, 13.31, 11.49, 18.50, 0.10, 9.00, 14.80, 22.90],
  xi_264 = [11.95, 7.24, 11.12, 5.84, 6.24, 0.10, 9.99, 4.42, 9.03, 2.20, 4.88, 9.37, 0.10, 10.69, 18.61, 1.74, 6.70, 2.55, 2.95, 8.53],
  xi_265 = [0.10, 0.42, 2.51, 6.91, 4.19, 0.10, 4.80, 0.89, 2.19, 0.19, 5.21, 8.00, 0.79, 5.13, 4.94, 5.15, 0.50, 3.56, 4.17, 1.93],
  xi_271 = [6.00, 7.37, 10.18, 0.10, 0.10, 2.26, 2.91, 3.11, 10.90, 13.66, 0.10, 12.59, 25.55, 12.63, 8.21, 7.90, 12.68, 4.37, 5.51, 6.16],
  xi_272 = [4.13, 1.39, 2.92, 0.10, 9.62, 7.82, 2.16, 5.47, 11.58, 16.06, 1.39, 4.92, 3.34, 0.10, 1.85, 19.30, 1.43, 0.19, 3.99, 1.06],
  xi_273 = [11.26, 5.20, 43.25, 2.71, 23.32, 4.46, 23.54, 18.45, 11.17, 2.15, 3.23, 14.71, 13.95, 4.86, 3.19, 22.15, 0.61, 5.43, 39.52, 16.60],
  xi_274 = [35.46, 12.91, 26.57, 13.16, 0.10, 0.10, 2.54, 1.83, 0.49, 0.10, 8.97, 8.52, 4.58, 2.71, 1.71, 11.19, 11.68, 0.10, 4.49, 3.91],
  xi_275 = [1.12, 1.99, 23.23, 4.69, 0.10, 5.27, 6.64, 2.26, 11.30, 1.75, 0.10, 4.34, 8.52, 4.98, 4.13, 2.90, 6.32, 1.57, 4.04, 2.42],
  xi_281 = [2.88, 4.30, 5.17, 5.20, 0.10, 6.39, 18.49, 5.33, 4.67, 15.41, 4.00, 9.75, 0.10, 14.36, 0.89, 30.93, 26.65, 12.21, 18.89, 22.99],
  xi_282 = [22.90, 23.19, 7.11, 14.40, 3.82, 50.00, 5.03, 14.38, 8.65, 5.81, 14.24, 15.73, 9.35, 12.78, 2.19, 1.73, 10.88, 5.38, 16.46, 24.76],
  xi_283 = [4.66, 1.26, 8.64, 6.12, 9.93, 3.78, 4.46, 9.51, 13.95, 50.00, 8.37, 7.18, 25.56, 10.79, 14.49, 0.84, 6.91, 18.47, 3.96, 0.10],
  xi_284 = [12.72, 2.53, 23.54, 13.65, 9.84, 13.62, 3.96, 2.19, 0.10, 11.63, 18.76, 2.26, 1.06, 50.00, 5.70, 0.10, 0.10, 2.19, 50.00, 7.30],
  xi_285 = [6.18, 0.53, 0.52, 0.57, 0.57, 1.60, 0.10, 0.10, 2.95, 1.61, 1.66, 0.80, 0.23, 0.47, 0.33, 16.43, 0.10, 2.38, 1.58, 0.57],
  xi_291 = [3.10, 1.99, 1.11, 1.17, 3.32, 1.24, 1.76, 4.19, 0.10, 4.45, 4.32, 17.45, 0.38, 2.78, 5.04, 8.38, 2.69, 7.06, 1.21, 2.28],
  xi_292 = [6.64, 4.60, 3.71, 9.61, 0.50, 3.31, 5.96, 9.98, 0.44, 0.84, 3.62, 2.67, 4.92, 1.58, 5.42, 5.09, 8.70, 3.25, 1.23, 2.60],
  xi_293 = [12.68, 3.64, 2.50, 27.42, 50.00, 6.31, 1.09, 8.54, 0.38, 0.10, 3.99, 13.17, 1.14, 7.14, 20.16, 22.53, 1.81, 3.57, 2.54, 21.19],
  xi_294 = [11.20, 0.10, 4.40, 3.84, 6.11, 48.09, 2.51, 7.29, 13.71, 4.22, 3.03, 3.68, 5.95, 0.10, 14.47, 0.10, 7.93, 8.45, 7.50, 10.53],
  xi_295 = [2.56, 4.03, 3.32, 1.41, 0.30, 1.08, 1.10, 1.69, 0.13, 3.22, 0.71, 2.44, 1.99, 0.10, 2.08, 1.80, 0.42, 2.60, 0.10, 1.09],
  xi_301 = [3.89, 4.84, 5.77, 3.98, 3.63, 16.61, 2.60, 8.83, 10.26, 13.01, 6.96, 10.76, 1.28, 0.10, 1.26, 6.98, 8.43, 11.38, 19.93, 0.10],
  xi_302 = [1.32, 1.20, 0.65, 3.43, 3.30, 4.29, 3.14, 13.58, 8.20, 7.06, 3.25, 12.36, 2.94, 6.00, 22.73, 2.05, 9.94, 50.00, 3.68, 6.88],
  xi_303 = [2.02, 2.93, 0.47, 7.19, 5.95, 0.28, 2.14, 1.09, 3.45, 5.17, 0.10, 4.76, 2.14, 0.62, 10.27, 1.06, 1.51, 1.18, 2.18, 0.85],
  xi_304 = [0.38, 1.47, 0.11, 0.66, 0.37, 0.60, 2.35, 0.10, 0.23, 0.10, 0.75, 0.59, 1.60, 1.22, 1.05, 0.62, 0.10, 1.63, 1.52, 0.46],
  xi_305 = [12.21, 43.99, 33.32, 4.97, 17.02, 24.01, 25.13, 16.79, 6.45, 27.62, 11.91, 8.23, 18.83, 23.72, 34.97, 1.19, 0.10, 12.88, 0.10, 25.63],
  xi_311 = [5.51, 2.35, 0.51, 4.46, 4.25, 3.90, 2.68, 7.86, 4.46, 0.10, 3.85, 2.79, 46.21, 0.10, 5.55, 2.63, 0.10, 1.82, 0.86, 1.34],
  xi_312 = [7.07, 28.02, 44.15, 0.10, 7.81, 16.01, 16.16, 19.76, 38.04, 6.02, 10.40, 19.16, 11.16, 7.40, 2.73, 21.43, 8.24, 13.86, 0.10, 12.81],
  xi_313 = [5.28, 2.52, 8.39, 3.09, 1.25, 0.22, 3.20, 5.54, 23.37, 18.29, 10.29, 2.56, 1.59, 3.54, 3.64, 6.73, 2.28, 7.27, 6.86, 8.27],
  xi_314 = [1.96, 26.05, 6.24, 17.74, 13.19, 12.54, 12.09, 14.03, 9.99, 16.67, 15.30, 28.01, 50.00, 7.59, 20.07, 35.99, 9.91, 50.00, 2.55, 1.14],
  xi_315 = [2.90, 3.36, 14.82, 5.04, 2.67, 1.49, 3.56, 18.58, 8.75, 5.59, 0.95, 1.56, 6.62, 6.44, 2.73, 1.18, 9.69, 9.07, 3.59, 8.79],
  xi_321 = [1.44, 4.64, 17.88, 5.88, 0.10, 11.29, 1.93, 4.10, 5.22, 1.33, 0.99, 0.73, 0.10, 2.67, 3.26, 1.67, 5.01, 3.87, 0.43, 1.46],
  xi_322 = [2.57, 0.10, 0.93, 4.23, 1.57, 3.01, 1.73, 2.95, 2.11, 5.49, 2.51, 0.57, 1.24, 2.21, 1.75, 1.93, 0.78, 7.23, 5.22, 2.07],
  xi_323 = [7.46, 17.46, 2.95, 10.63, 14.02, 13.71, 5.39, 1.44, 8.60, 8.76, 3.68, 4.17, 1.57, 9.58, 6.24, 14.39, 6.67, 39.23, 3.19, 0.10],
  xi_324 = [9.18, 4.33, 3.58, 18.96, 12.13, 13.23, 5.32, 2.44, 5.45, 2.91, 18.62, 2.43, 3.97, 3.17, 2.68, 0.83, 11.99, 34.07, 8.56, 20.71],
  xi_325 = [9.77, 12.87, 3.70, 2.39, 7.58, 4.20, 0.44, 6.68, 0.73, 1.01, 7.12, 2.47, 1.55, 0.37, 2.24, 5.80, 1.31, 0.76, 1.07, 2.99],
  xi_331 = [3.41, 13.47, 1.39, 4.42, 9.03, 1.43, 11.52, 0.74, 4.93, 4.94, 3.82, 12.64, 1.33, 2.93, 0.10, 8.18, 10.67, 0.10, 4.12, 1.14],
  xi_332 = [1.82, 0.50, 1.42, 0.65, 2.38, 3.69, 2.26, 1.13, 0.73, 2.14, 10.80, 5.67, 1.55, 3.99, 2.52, 0.51, 1.80, 1.76, 0.10, 0.10],
  xi_333 = [20.73, 9.89, 0.10, 11.54, 0.10, 2.52, 0.10, 13.11, 5.12, 10.90, 1.31, 4.03, 15.12, 50.00, 10.44, 20.37, 19.36, 4.28, 8.03, 3.87],
  xi_334 = [30.44, 3.22, 6.34, 20.93, 6.90, 11.51, 8.30, 8.73, 12.32, 35.91, 12.68, 10.95, 3.58, 8.21, 1.41, 11.57, 44.27, 50.00, 12.86, 9.28],
  xi_335 = [5.33, 5.65, 1.10, 5.50, 1.02, 0.10, 31.95, 6.20, 5.36, 3.12, 5.06, 5.46, 1.20, 2.02, 0.10, 5.32, 2.15, 0.10, 12.14, 5.18],
  xi_341 = [0.74, 6.23, 5.45, 2.78, 5.57, 7.61, 2.36, 0.35, 1.53, 0.10, 3.42, 2.10, 4.58, 0.10, 1.00, 7.19, 0.10, 0.10, 6.90, 8.72],
  xi_342 = [12.79, 0.73, 8.77, 16.68, 12.69, 4.01, 36.04, 11.33, 13.25, 10.84, 34.52, 14.12, 13.47, 37.77, 16.22, 7.50, 9.74, 4.01, 18.23, 20.49],
  xi_343 = [28.82, 6.06, 50.00, 5.59, 19.42, 8.37, 15.27, 4.15, 15.64, 17.16, 10.67, 25.32, 10.15, 12.36, 5.85, 9.33, 8.43, 12.34, 5.55, 13.36],
  xi_344 = [8.13, 2.43, 16.46, 7.89, 24.53, 17.61, 8.27, 22.76, 6.00, 7.10, 3.22, 23.25, 0.10, 0.10, 8.94, 18.78, 15.28, 3.35, 4.72, 10.81],
  xi_345 = [10.10, 8.53, 0.10, 4.89, 0.62, 11.91, 1.32, 2.74, 0.17, 1.38, 9.10, 1.23, 5.57, 5.12, 1.77, 25.51, 3.60, 6.05, 16.82, 5.87],
  xi_351 = [2.66, 6.11, 8.60, 6.38, 5.60, 3.13, 2.56, 3.25, 0.10, 1.62, 7.32, 2.59, 0.98, 2.43, 9.09, 5.76, 14.19, 3.07, 3.73, 3.67],
  xi_352 = [2.92, 1.41, 1.75, 27.59, 6.08, 3.27, 9.06, 17.08, 2.81, 1.72, 10.14, 16.58, 5.25, 5.33, 2.37, 0.91, 6.90, 1.87, 0.69, 0.76],
  xi_353 = [0.83, 7.28, 14.95, 2.76, 0.12, 4.26, 0.10, 13.54, 5.09, 12.16, 0.10, 0.10, 0.18, 2.16, 1.47, 10.94, 3.17, 16.04, 2.08, 3.69],
  xi_354 = [8.13, 14.78, 5.99, 10.50, 1.08, 19.19, 6.51, 0.89, 8.55, 1.80, 6.98, 13.09, 7.51, 6.27, 0.10, 13.76, 18.60, 2.53, 19.00, 7.59],
  xi_355 = [14.35, 2.84, 0.66, 10.18, 7.87, 4.56, 2.42, 5.42, 0.32, 35.95, 11.49, 0.10, 10.63, 5.29, 7.06, 5.24, 24.11, 1.40, 16.30, 0.70],
  xi_361 = [4.94, 4.24, 2.07, 4.61, 2.41, 5.78, 6.84, 5.61, 16.79, 22.70, 10.80, 10.17, 3.04, 0.10, 1.03, 2.60, 2.89, 3.83, 50.00, 9.19],
  xi_362 = [1.38, 0.49, 0.36, 0.11, 1.48, 6.15, 1.56, 0.10, 2.36, 0.10, 0.33, 2.40, 1.42, 0.15, 0.37, 0.41, 0.85, 1.47, 0.32, 0.27],
  xi_363 = [6.74, 8.65, 22.67, 0.10, 9.71, 6.51, 7.10, 11.51, 10.27, 7.87, 23.03, 4.74, 7.74, 27.26, 11.68, 0.10, 13.45, 4.57, 30.73, 15.52],
  xi_364 = [13.05, 7.82, 5.73, 17.17, 1.29, 0.10, 9.60, 0.10, 13.51, 9.90, 20.72, 13.38, 9.02, 6.53, 5.97, 2.33, 44.26, 6.56, 6.14, 19.76],
  xi_365 = [1.68, 3.12, 7.41, 5.64, 1.64, 7.63, 10.12, 6.79, 1.10, 1.83, 1.36, 1.29, 3.43, 3.43, 27.81, 14.49, 2.45, 4.13, 3.14, 5.56],
  xi_371 = [3.69, 3.86, 10.80, 14.17, 4.88, 1.34, 3.48, 5.25, 3.73, 3.99, 3.44, 1.84, 15.82, 5.67, 27.94, 12.17, 2.66, 0.43, 7.24, 7.83],
  xi_372 = [2.59, 5.61, 0.10, 6.26, 2.00, 5.84, 2.16, 3.44, 2.83, 0.28, 1.67, 2.81, 4.33, 6.86, 0.62, 3.05, 0.25, 4.38, 2.90, 0.73],
  xi_373 = [7.33, 5.99, 0.91, 3.35, 9.84, 36.44, 5.83, 1.47, 1.08, 18.85, 2.55, 4.77, 1.17, 28.89, 9.07, 5.21, 10.76, 14.57, 3.74, 1.49],
  xi_374 = [0.10, 0.64, 2.00, 1.27, 2.32, 1.85, 0.26, 5.91, 0.71, 0.48, 0.98, 0.22, 0.50, 0.49, 1.29, 1.35, 0.89, 0.10, 2.33, 3.16],
  xi_375 = [0.86, 1.80, 4.67, 0.10, 2.87, 0.51, 16.29, 12.46, 5.70, 0.10, 3.03, 0.10, 0.35, 7.03, 4.62, 46.28, 4.38, 0.94, 12.70, 2.53],
  xi_381 = [7.32, 2.14, 3.70, 7.42, 2.04, 2.80, 0.92, 5.54, 3.42, 8.23, 5.07, 4.43, 6.22, 1.32, 7.16, 3.52, 6.01, 3.37, 5.36, 2.03],
  xi_382 = [0.35, 4.90, 1.99, 3.44, 0.10, 4.61, 0.10, 7.82, 2.38, 0.42, 0.67, 0.10, 1.30, 1.89, 2.20, 1.26, 4.04, 4.09, 1.71, 3.53],
  xi_383 = [0.10, 0.48, 1.16, 0.96, 2.06, 2.51, 1.94, 1.74, 7.09, 2.19, 4.12, 6.16, 8.39, 1.79, 2.49, 0.10, 0.36, 0.44, 0.66, 3.47],
  xi_384 = [2.56, 1.35, 0.48, 1.73, 1.03, 0.56, 1.04, 3.43, 2.47, 2.47, 0.79, 2.06, 1.10, 3.13, 1.92, 3.46, 0.85, 0.33, 0.63, 0.51],
  xi_385 = [17.08, 13.48, 0.74, 11.84, 11.36, 2.45, 11.04, 22.95, 13.28, 8.87, 8.99, 10.17, 21.43, 10.54, 6.25, 8.93, 10.26, 7.14, 18.05, 25.22],
  xi_391 = [3.04, 9.92, 6.02, 25.76, 13.44, 0.10, 2.03, 14.05, 10.21, 4.11, 20.72, 13.28, 5.61, 16.57, 5.68, 15.92, 6.71, 11.85, 21.64, 3.55],
  xi_392 = [8.80, 7.86, 8.97, 1.80, 0.10, 7.26, 9.64, 3.82, 6.11, 5.11, 13.28, 17.90, 14.77, 17.58, 4.77, 0.10, 21.36, 4.40, 0.10, 18.02],
  xi_393 = [8.83, 0.10, 10.45, 0.72, 5.58, 3.87, 9.12, 4.06, 0.10, 6.89, 4.54, 1.11, 5.76, 6.98, 0.10, 8.85, 2.44, 8.01, 1.07, 4.00],
  xi_394 = [1.47, 1.43, 4.30, 0.80, 1.58, 2.59, 1.13, 2.62, 2.03, 1.35, 0.77, 3.85, 1.93, 0.45, 0.93, 1.91, 1.42, 2.69, 3.17, 0.75],
  xi_395 = [0.62, 2.26, 2.33, 0.88, 0.47, 0.38, 0.73, 0.13, 1.01, 0.10, 1.70, 0.36, 0.10, 0.10, 1.80, 0.10, 0.33, 0.17, 0.32, 1.42],
  xi_401 = [3.82, 1.34, 0.50, 0.90, 0.43, 2.54, 3.92, 10.17, 2.72, 3.01, 0.10, 4.41, 4.57, 1.31, 0.10, 2.18, 0.41, 2.56, 4.53, 4.28],
  xi_402 = [1.58, 0.93, 1.34, 4.04, 0.10, 1.19, 0.92, 0.77, 1.19, 0.10, 0.18, 0.32, 0.76, 1.00, 0.74, 2.88, 1.29, 2.53, 2.07, 1.83],
  xi_403 = [2.97, 6.79, 10.72, 1.43, 4.71, 2.51, 16.81, 4.58, 0.10, 3.43, 0.10, 7.90, 5.32, 7.04, 2.26, 1.55, 0.56, 4.04, 27.63, 6.81],
  xi_404 = [1.70, 0.42, 2.98, 1.42, 2.31, 3.58, 1.13, 1.80, 8.55, 1.94, 0.10, 2.48, 5.25, 4.06, 5.11, 3.66, 0.70, 2.46, 5.23, 16.58],
  xi_405 = [5.76, 4.42, 6.88, 50.00, 23.17, 18.59, 6.95, 5.77, 10.07, 0.91, 22.65, 4.54, 7.98, 15.40, 6.24, 8.91, 11.51, 0.10, 0.10, 11.29],
  xi_411 = [5.97, 1.00, 14.12, 2.53, 3.65, 0.25, 6.53, 6.28, 4.78, 1.35, 1.75, 0.10, 0.32, 10.22, 4.80, 4.06, 1.70, 6.27, 13.85, 2.47],
  xi_412 = [16.50, 5.21, 11.52, 10.11, 13.71, 11.98, 4.96, 0.10, 5.76, 26.68, 8.93, 1.30, 27.70, 2.36, 19.60, 1.22, 21.09, 46.81, 13.25, 16.63],
  xi_413 = [0.35, 1.21, 5.21, 1.17, 0.52, 1.97, 1.49, 0.93, 0.10, 1.68, 1.62, 2.81, 0.63, 1.36, 1.85, 0.14, 0.47, 0.37, 0.80, 1.94],
  xi_414 = [3.08, 9.51, 3.33, 2.81, 4.84, 0.58, 0.66, 5.72, 1.92, 5.30, 0.81, 2.58, 12.66, 1.35, 3.09, 11.02, 3.27, 1.21, 3.04, 5.61],
  xi_415 = [12.19, 28.53, 5.90, 8.65, 9.93, 32.62, 50.00, 10.73, 9.57, 0.10, 17.36, 3.89, 4.41, 5.74, 1.67, 6.78, 43.47, 2.79, 13.23, 13.27],
  xi_421 = [2.15, 4.68, 7.07, 1.32, 2.93, 3.82, 3.37, 2.16, 4.97, 3.60, 0.73, 1.85, 0.10, 1.26, 3.66, 0.60, 1.71, 4.01, 2.13, 3.52],
  xi_422 = [6.05, 2.16, 4.17, 2.98, 0.10, 2.28, 1.75, 8.39, 2.39, 4.12, 0.74, 5.37, 9.55, 0.71, 0.10, 2.44, 17.80, 3.05, 0.64, 1.69],
  xi_423 = [12.51, 15.59, 13.95, 9.44, 7.29, 11.38, 44.95, 2.38, 0.10, 5.72, 6.84, 2.20, 7.85, 11.67, 8.98, 2.09, 20.03, 0.10, 9.61, 3.74],
  xi_424 = [0.38, 0.10, 8.45, 7.65, 9.73, 5.79, 5.21, 50.00, 5.67, 6.34, 2.21, 0.10, 19.61, 4.64, 2.20, 1.24, 3.09, 12.68, 0.53, 3.51],
  xi_425 = [2.43, 0.10, 2.94, 3.26, 0.10, 1.77, 5.57, 0.10, 2.66, 4.70, 1.72, 3.29, 0.37, 2.83, 1.76, 0.36, 4.99, 7.24, 2.39, 0.81],
  xi_431 = [1.71, 0.62, 0.97, 1.27, 1.95, 1.65, 2.57, 1.07, 0.55, 0.25, 0.32, 0.57, 1.05, 1.51, 0.92, 0.14, 1.07, 0.64, 0.98, 0.18],
  xi_432 = [2.31, 1.66, 0.16, 2.48, 1.44, 0.87, 0.36, 0.15, 0.12, 2.05, 0.57, 0.57, 1.14, 1.00, 0.16, 1.05, 0.10, 0.10, 0.33, 0.10],
  xi_433 = [0.26, 0.31, 2.14, 2.73, 2.14, 2.11, 3.22, 1.25, 1.22, 0.10, 1.71, 0.62, 0.23, 0.42, 2.07, 1.01, 0.45, 0.10, 0.10, 1.73],
  xi_434 = [16.63, 15.66, 21.02, 6.59, 6.05, 1.89, 10.91, 1.12, 5.26, 18.67, 5.89, 13.41, 1.43, 5.60, 4.32, 0.10, 2.92, 5.81, 2.76, 0.88],
  xi_435 = [12.35, 4.62, 0.10, 0.10, 2.09, 13.87, 9.20, 5.13, 6.57, 50.00, 3.73, 0.10, 3.97, 5.39, 2.64, 11.10, 4.07, 4.08, 1.24, 3.69],
  xi_441 = [2.26, 9.03, 50.00, 0.99, 9.45, 12.04, 12.83, 2.26, 7.20, 1.84, 7.39, 3.95, 1.05, 16.13, 6.73, 5.05, 4.59, 5.44, 7.77, 9.90],
  xi_442 = [15.02, 12.79, 50.00, 0.10, 31.22, 1.10, 0.10, 7.00, 20.66, 0.10, 7.05, 2.67, 11.64, 19.95, 8.11, 7.62, 9.23, 4.68, 3.82, 0.10],
  xi_443 = [1.32, 4.36, 2.92, 3.86, 2.29, 0.10, 1.20, 1.78, 0.87, 4.71, 12.12, 1.36, 0.35, 21.99, 0.54, 21.31, 1.14, 3.68, 1.68, 4.14],
  xi_444 = [1.58, 6.22, 2.46, 1.41, 5.40, 5.39, 7.18, 1.31, 13.68, 8.11, 1.07, 24.37, 7.85, 2.40, 0.10, 8.80, 1.30, 3.17, 3.90, 1.77],
  xi_445 = [4.62, 2.55, 2.22, 0.10, 16.50, 0.10, 13.31, 9.12, 0.93, 11.62, 10.92, 9.30, 8.31, 2.87, 8.48, 12.26, 13.59, 2.89, 8.69, 22.15],
  xi_451 = [7.98, 4.40, 32.84, 20.59, 12.07, 2.32, 25.11, 2.26, 4.36, 5.08, 2.00, 7.33, 0.50, 2.12, 7.36, 1.54, 2.26, 3.65, 15.61, 6.54],
  xi_452 = [0.48, 3.82, 7.00, 2.70, 0.61, 0.65, 0.10, 2.10, 5.16, 2.98, 2.55, 1.50, 0.18, 1.99, 0.93, 0.25, 1.64, 2.00, 5.48, 0.73],
  xi_453 = [0.34, 2.38, 1.41, 1.57, 1.33, 1.18, 5.47, 3.63, 0.48, 3.19, 4.43, 4.01, 6.51, 2.19, 2.53, 4.67, 3.30, 31.16, 2.74, 2.40],
  xi_454 = [11.17, 6.00, 0.52, 7.68, 1.64, 8.33, 0.50, 24.96, 12.62, 6.49, 0.10, 2.33, 2.98, 5.62, 10.34, 5.31, 7.20, 0.10, 0.10, 3.23],
  xi_455 = [3.59, 0.79, 3.95, 0.40, 0.49, 0.67, 10.36, 3.00, 6.24, 3.31, 1.61, 7.50, 3.79, 2.02, 2.54, 0.10, 3.22, 6.25, 0.10, 1.93],
  xi_461 = [2.34, 0.10, 1.03, 0.33, 0.10, 0.69, 6.78, 1.00, 1.99, 2.03, 1.46, 2.51, 1.40, 2.73, 0.62, 2.30, 2.95, 1.69, 2.46, 0.37],
  xi_462 = [16.76, 4.14, 2.88, 15.61, 0.10, 17.79, 7.89, 9.64, 17.46, 0.10, 6.44, 7.26, 8.81, 3.93, 2.65, 1.45, 1.62, 4.53, 18.25, 47.29],
  xi_463 = [20.68, 12.01, 6.58, 0.11, 3.07, 5.22, 10.82, 11.26, 0.10, 4.10, 5.49, 15.01, 6.17, 5.86, 0.91, 4.61, 13.59, 1.84, 4.93, 29.37],
  xi_464 = [4.01, 4.83, 3.22, 0.97, 0.36, 8.37, 2.11, 2.05, 2.00, 10.68, 1.63, 7.39, 2.06, 2.61, 2.14, 1.47, 2.02, 28.68, 1.80, 1.39],
  xi_465 = [6.95, 0.45, 1.17, 0.10, 1.10, 3.77, 3.54, 4.77, 3.06, 1.24, 1.66, 3.90, 2.83, 0.82, 4.27, 2.75, 2.10, 4.42, 2.56, 0.10],
  xi_471 = [9.98, 5.86, 0.10, 21.00, 9.79, 7.94, 0.10, 0.10, 1.49, 6.33, 0.10, 8.19, 13.25, 14.28, 27.07, 13.52, 7.26, 8.64, 15.28, 9.56],
  xi_472 = [0.10, 26.03, 0.10, 4.63, 13.03, 8.50, 0.10, 16.99, 14.27, 4.75, 7.88, 5.29, 6.54, 15.25, 7.66, 11.74, 4.39, 1.80, 20.81, 7.92],
  xi_473 = [3.02, 1.38, 2.82, 0.79, 4.19, 0.49, 3.35, 2.46, 0.10, 9.45, 2.24, 18.26, 7.13, 3.62, 0.10, 0.70, 7.71, 3.24, 0.71, 5.39],
  xi_474 = [5.86, 10.88, 0.10, 0.10, 2.61, 3.44, 4.31, 13.83, 1.67, 16.63, 5.38, 6.22, 6.72, 4.84, 5.48, 0.39, 10.56, 13.64, 0.27, 3.86],
  xi_475 = [21.19, 15.36, 5.88, 9.67, 9.57, 12.03, 16.33, 0.10, 1.55, 0.10, 2.23, 0.10, 8.40, 15.22, 2.73, 4.22, 3.77, 11.85, 18.67, 0.10],
  xi_481 = [39.54, 4.68, 8.89, 3.12, 0.79, 0.19, 1.28, 1.21, 0.59, 2.05, 2.13, 1.71, 2.17, 2.22, 0.40, 5.60, 3.96, 0.93, 3.59, 0.10],
  xi_482 = [15.92, 2.67, 10.18, 5.97, 5.51, 3.24, 3.70, 4.15, 7.35, 6.45, 50.00, 14.51, 1.27, 8.69, 10.37, 1.60, 0.10, 18.08, 0.94, 33.52],
  xi_483 = [10.50, 6.82, 20.76, 33.13, 4.55, 9.18, 0.26, 15.09, 11.58, 3.11, 6.79, 3.61, 11.79, 50.00, 3.18, 3.70, 6.57, 29.87, 8.26, 16.43],
  xi_484 = [0.10, 4.56, 0.10, 4.44, 4.14, 1.29, 4.91, 2.14, 0.86, 3.25, 3.66, 3.43, 1.92, 0.10, 9.74, 5.57, 2.84, 0.10, 4.93, 6.68],
  xi_485 = [7.61, 15.26, 22.31, 27.38, 1.37, 0.10, 25.58, 17.16, 10.54, 11.05, 2.31, 7.93, 0.10, 8.40, 12.78, 6.24, 50.00, 11.75, 2.87, 19.26],
  xi_491 = [10.19, 19.93, 23.11, 22.88, 2.57, 6.82, 6.59, 10.99, 7.81, 7.18, 8.31, 9.46, 3.25, 3.76, 24.49, 30.17, 4.01, 2.91, 10.16, 2.44],
  xi_492 = [14.06, 9.82, 1.19, 5.38, 0.48, 3.19, 1.07, 20.09, 24.85, 6.19, 18.02, 10.66, 10.87, 1.71, 14.23, 5.59, 8.56, 15.63, 5.16, 0.10],
  xi_493 = [27.28, 18.14, 13.53, 14.76, 0.10, 1.48, 6.92, 13.27, 9.02, 10.64, 20.06, 3.47, 25.93, 20.56, 9.40, 5.39, 25.20, 7.48, 25.13, 0.10],
  xi_494 = [4.42, 6.93, 5.54, 4.69, 0.10, 4.72, 1.24, 11.93, 6.80, 11.71, 6.12, 3.49, 3.72, 3.54, 10.03, 9.19, 9.86, 6.65, 12.82, 0.10],
  xi_495 = [6.01, 12.54, 0.83, 1.13, 3.60, 11.34, 1.88, 0.50, 5.89, 2.53, 3.31, 4.22, 0.10, 3.60, 0.10, 0.10, 1.18, 6.25, 4.50, 2.06],
  xi_501 = [10.05, 3.65, 5.51, 3.58, 6.95, 6.56, 8.21, 15.19, 11.24, 6.34, 0.10, 3.34, 1.79, 10.25, 6.33, 6.00, 13.77, 12.30, 10.42, 11.02],
  xi_502 = [0.10, 3.15, 0.10, 9.23, 1.96, 0.95, 5.60, 3.34, 2.10, 8.87, 1.29, 2.07, 4.88, 7.75, 2.01, 4.49, 0.67, 2.00, 1.01, 2.86],
  xi_503 = [0.59, 2.97, 2.22, 3.58, 2.55, 0.68, 3.51, 2.10, 11.93, 0.68, 1.38, 3.88, 1.80, 4.51, 0.66, 8.31, 0.16, 0.79, 3.93, 0.46],
  xi_504 = [0.10, 2.51, 10.55, 1.73, 1.78, 30.52, 4.67, 10.26, 2.54, 7.21, 3.57, 9.41, 10.59, 1.96, 8.59, 8.99, 3.66, 10.41, 0.10, 3.57],
  xi_505 = [0.10, 1.33, 5.94, 8.02, 0.10, 3.90, 4.49, 7.27, 6.02, 7.21, 2.00, 2.54, 1.94, 7.88, 3.31, 20.11, 0.10, 6.10, 1.84, 0.10],
  xi_511 = [17.18, 5.22, 12.65, 1.76, 13.99, 4.64, 10.10, 4.61, 8.26, 4.13, 8.60, 9.73, 7.80, 1.73, 2.83, 7.75, 0.10, 5.99, 13.71, 15.40],
  xi_512 = [3.34, 8.42, 3.32, 5.28, 3.44, 13.95, 13.74, 33.92, 13.28, 24.00, 15.30, 11.10, 8.04, 24.79, 12.48, 13.83, 20.08, 24.89, 9.34, 0.10],
  xi_513 = [11.50, 11.65, 4.26, 3.28, 0.10, 10.01, 0.10, 17.62, 18.87, 10.14, 6.44, 14.88, 8.02, 22.85, 10.90, 18.87, 21.64, 22.39, 0.10, 3.00],
  xi_514 = [2.13, 0.10, 0.10, 3.01, 4.66, 4.86, 2.90, 8.66, 1.16, 0.10, 5.07, 8.41, 13.44, 8.24, 12.21, 6.30, 6.56, 8.94, 4.31, 26.68],
  xi_515 = [4.89, 6.37, 8.75, 10.98, 9.21, 7.94, 23.37, 5.33, 10.04, 4.70, 19.49, 3.70, 2.31, 18.71, 8.82, 11.24, 17.14, 8.36, 18.37, 8.93],
  xi_521 = [7.93, 7.50, 4.48, 12.18, 7.58, 6.19, 0.10, 6.73, 8.91, 9.86, 7.53, 15.46, 22.04, 0.21, 9.47, 28.83, 7.60, 6.65, 2.60, 2.27],
  xi_522 = [1.30, 0.10, 50.00, 0.29, 1.15, 0.99, 0.74, 6.70, 11.72, 3.12, 0.38, 3.38, 7.10, 3.70, 0.10, 2.45, 3.81, 1.17, 1.08, 6.65],
  xi_523 = [20.58, 1.48, 4.02, 5.23, 1.73, 26.57, 5.19, 22.92, 13.83, 21.64, 20.00, 34.50, 19.24, 17.17, 2.18, 9.56, 0.10, 4.71, 9.80, 0.10],
  xi_524 = [2.13, 2.08, 0.99, 3.53, 0.76, 14.14, 3.45, 1.42, 2.17, 2.12, 3.38, 7.25, 0.54, 2.28, 13.10, 4.53, 1.29, 2.12, 0.29, 0.16],
  xi_525 = [4.40, 3.79, 2.57, 13.30, 4.82, 5.30, 9.43, 23.47, 6.55, 0.44, 31.26, 0.10, 8.81, 50.00, 0.10, 3.77, 16.19, 8.40, 16.14, 2.60],
  xi_531 = [8.47, 9.04, 20.84, 7.59, 36.25, 50.00, 8.81, 38.86, 50.00, 6.76, 0.10, 17.92, 41.66, 12.16, 10.53, 34.53, 22.20, 7.38, 1.45, 9.51],
  xi_532 = [2.32, 2.03, 4.96, 0.10, 5.50, 5.78, 4.22, 0.28, 2.13, 6.00, 2.48, 5.81, 2.16, 1.53, 1.11, 0.98, 4.50, 0.10, 1.98, 3.79],
  xi_533 = [3.33, 1.88, 11.55, 3.74, 35.42, 12.40, 0.10, 2.14, 5.32, 5.26, 5.93, 12.28, 13.24, 25.85, 0.10, 5.69, 0.78, 26.18, 0.14, 6.08],
  xi_534 = [27.05, 7.09, 0.10, 38.69, 16.61, 10.14, 4.87, 14.25, 6.45, 18.31, 6.66, 10.67, 11.62, 5.37, 14.19, 26.16, 14.06, 23.39, 5.66, 7.95],
  xi_535 = [0.10, 0.99, 2.86, 8.61, 1.65, 0.79, 9.62, 8.05, 13.20, 10.01, 10.20, 6.41, 12.89, 3.14, 20.58, 8.23, 2.42, 4.52, 7.31, 8.68],
  xi_541 = [25.83, 12.94, 22.57, 4.25, 12.91, 3.10, 23.61, 10.30, 17.75, 0.10, 3.76, 10.26, 0.10, 12.55, 15.19, 11.77, 26.54, 11.84, 13.61, 2.28],
  xi_542 = [6.06, 26.94, 23.29, 19.88, 21.94, 5.95, 11.58, 8.34, 14.97, 12.86, 0.48, 5.73, 44.25, 2.51, 11.85, 24.98, 23.60, 8.23, 2.43, 7.24],
  xi_543 = [9.47, 4.71, 17.90, 14.69, 6.39, 6.78, 2.28, 8.68, 4.14, 5.17, 6.82, 10.68, 30.36, 6.19, 0.10, 7.08, 15.47, 0.10, 0.10, 14.25],
  xi_544 = [0.10, 2.88, 6.37, 0.65, 0.75, 0.10, 5.65, 0.88, 2.46, 4.31, 1.21, 1.89, 3.73, 3.16, 3.76, 2.45, 5.32, 1.80, 1.47, 2.58],
  xi_545 = [6.38, 0.10, 0.10, 1.36, 10.49, 4.15, 11.07, 4.49, 9.30, 0.36, 0.10, 5.42, 3.81, 0.10, 1.03, 11.19, 1.19, 3.71, 0.59, 1.67],
  xi_551 = [18.66, 4.37, 28.28, 11.32, 18.23, 11.82, 3.35, 6.23, 11.55, 15.87, 10.82, 7.32, 26.45, 30.87, 0.65, 6.41, 9.18, 0.10, 27.12, 11.94],
  xi_552 = [10.83, 3.68, 2.82, 4.67, 0.10, 0.10, 4.87, 3.15, 5.76, 2.19, 2.48, 7.62, 3.50, 24.08, 3.82, 9.31, 0.10, 0.10, 2.89, 0.99],
  xi_553 = [4.66, 0.62, 3.88, 0.10, 16.32, 4.76, 1.79, 9.92, 12.26, 11.05, 15.77, 10.37, 3.60, 17.03, 4.88, 4.96, 6.03, 0.10, 6.22, 7.32],
  xi_554 = [7.18, 5.63, 2.70, 6.21, 0.21, 5.28, 1.33, 8.03, 3.86, 3.68, 2.89, 3.13, 3.25, 4.17, 2.50, 11.92, 3.19, 3.20, 6.56, 5.71],
  xi_555 = [5.17, 3.30, 4.59, 14.48, 2.20, 3.08, 6.08, 0.10, 8.68, 10.23, 30.33, 4.75, 32.07, 17.65, 4.65, 2.69, 0.10, 8.11, 7.23, 4.47],
  xi_561 = [0.75, 10.37, 3.10, 3.53, 18.27, 1.64, 3.11, 50.00, 8.31, 0.10, 10.73, 13.67, 40.07, 9.97, 17.98, 3.31, 4.12, 8.84, 6.92, 6.57],
  xi_562 = [5.12, 0.10, 3.37, 13.06, 1.89, 4.62, 5.11, 2.18, 13.56, 4.99, 1.21, 2.89, 5.37, 0.73, 5.44, 1.74, 13.18, 1.24, 2.30, 1.77],
  xi_563 = [10.26, 1.92, 50.00, 1.89, 3.51, 4.69, 15.32, 25.71, 2.19, 19.55, 25.93, 1.45, 0.10, 6.08, 3.71, 50.00, 5.44, 4.51, 11.65, 2.76],
  xi_564 = [12.59, 50.00, 23.36, 0.10, 12.46, 3.62, 8.98, 9.67, 11.03, 1.17, 7.86, 9.62, 19.25, 8.63, 8.06, 0.10, 9.87, 4.46, 7.92, 19.06],
  xi_565 = [1.26, 1.28, 0.24, 0.49, 2.61, 0.87, 2.06, 1.12, 0.46, 0.51, 0.42, 0.10, 1.59, 0.70, 0.10, 1.80, 1.78, 0.21, 1.93, 0.62],
  xi_571 = [11.65, 8.75, 50.00, 8.23, 9.47, 6.49, 20.20, 14.14, 12.52, 32.29, 3.80, 9.71, 48.05, 13.20, 1.10, 5.50, 19.55, 0.10, 2.64, 4.23],
  xi_572 = [8.16, 1.30, 3.08, 11.12, 3.50, 4.37, 4.04, 0.10, 0.10, 4.98, 5.84, 5.62, 2.50, 2.41, 4.81, 1.27, 1.32, 4.17, 2.53, 12.43],
  xi_573 = [7.04, 7.91, 7.56, 12.54, 1.68, 5.49, 21.88, 17.39, 1.85, 12.73, 0.10, 11.19, 11.27, 2.31, 3.76, 2.90, 3.90, 3.51, 2.08, 12.71],
  xi_574 = [11.81, 49.20, 0.46, 9.67, 6.91, 4.50, 0.10, 18.28, 6.84, 0.10, 33.11, 5.63, 0.10, 25.24, 16.16, 4.67, 4.05, 5.16, 13.57, 0.10],
  xi_575 = [1.31, 2.32, 3.71, 1.27, 0.50, 0.99, 1.27, 0.40, 0.68, 1.39, 1.79, 1.21, 2.45, 3.15, 5.32, 0.86, 0.26, 1.52, 0.39, 0.81],
  xi_581 = [5.58, 0.15, 1.64, 1.70, 1.03, 1.79, 1.77, 2.23, 2.22, 1.00, 8.07, 0.88, 5.07, 5.08, 0.17, 1.28, 3.43, 7.83, 6.64, 0.71],
  xi_582 = [1.45, 5.18, 5.77, 0.27, 1.91, 7.23, 0.14, 2.48, 2.92, 6.87, 3.09, 2.80, 3.58, 1.90, 3.47, 1.71, 5.12, 0.10, 4.05, 2.75],
  xi_583 = [4.46, 8.02, 0.55, 2.55, 3.07, 6.00, 6.48, 4.74, 1.93, 10.01, 2.33, 4.32, 9.44, 5.01, 0.83, 2.80, 0.81, 0.53, 8.49, 4.67],
  xi_584 = [2.87, 0.97, 1.28, 1.89, 2.70, 0.93, 0.68, 2.42, 0.40, 1.52, 0.69, 1.91, 0.15, 1.64, 0.99, 2.42, 0.25, 0.86, 0.24, 1.30],
  xi_585 = [1.51, 3.30, 6.13, 2.50, 7.91, 8.93, 8.00, 1.63, 5.34, 0.10, 1.35, 4.72, 0.75, 1.21, 0.68, 1.16, 1.10, 8.99, 0.94, 4.46],
  xi_591 = [2.23, 2.25, 0.10, 15.10, 8.84, 17.52, 3.95, 9.64, 50.00, 2.62, 3.87, 1.89, 14.33, 2.18, 5.08, 7.21, 3.66, 4.20, 16.47, 0.10],
  xi_592 = [3.75, 1.80, 0.85, 6.67, 2.24, 0.61, 2.04, 0.63, 1.06, 0.49, 0.56, 4.95, 2.09, 2.48, 12.82, 0.10, 0.10, 2.60, 0.13, 2.05],
  xi_593 = [12.12, 2.65, 0.10, 9.42, 2.34, 2.67, 1.61, 1.92, 0.44, 28.92, 9.28, 13.70, 7.55, 5.07, 3.03, 6.28, 7.21, 7.68, 10.50, 6.32],
  xi_594 = [1.21, 0.24, 1.06, 1.07, 2.12, 2.52, 0.23, 2.75, 1.29, 0.89, 1.78, 0.10, 0.34, 0.72, 0.16, 0.10, 0.85, 1.77, 0.28, 1.78],
  xi_595 = [50.00, 10.03, 7.78, 8.01, 4.49, 4.34, 0.79, 4.96, 0.10, 15.99, 0.10, 1.27, 2.05, 15.22, 5.77, 4.66, 7.18, 8.55, 0.94, 4.24],
  xi_601 = [5.77, 5.05, 5.25, 0.49, 6.34, 4.24, 12.23, 6.55, 7.10, 2.95, 0.60, 0.10, 5.98, 2.16, 2.31, 4.88, 6.71, 15.19, 27.27, 0.18],
  xi_602 = [3.97, 4.35, 0.10, 12.90, 0.10, 8.92, 3.07, 11.36, 6.35, 15.26, 15.46, 1.47, 10.90, 6.50, 18.45, 7.46, 11.00, 4.24, 10.94, 0.10],
  xi_603 = [13.82, 0.67, 12.98, 3.83, 3.97, 10.68, 12.86, 6.18, 4.58, 7.28, 7.79, 0.10, 8.28, 4.31, 0.10, 9.04, 10.70, 0.10, 5.88, 4.54],
  xi_604 = [1.25, 0.10, 0.10, 1.11, 4.44, 6.88, 0.91, 3.08, 2.09, 5.27, 1.98, 4.74, 4.46, 0.10, 2.17, 0.39, 1.39, 5.07, 0.10, 5.91],
  xi_605 = [4.86, 8.85, 3.29, 14.05, 0.10, 4.74, 9.72, 5.56, 6.74, 0.10, 13.28, 1.88, 50.00, 30.51, 0.90, 4.65, 18.53, 25.85, 4.39, 48.14],
]

Transportation Costs (cjk) = [
  [0.10, 0.62, 0.10, 12.25, 8.37],
  [11.86, 5.63, 0.10, 0.10, 7.60],
  [1.02, 0.10, 0.10, 18.34, 6.39],
  [7.39, 7.36, 8.46, 4.74, 15.81],
  [0.10, 9.73, 1.76, 5.39, 0.10],
  [3.51, 3.00, 3.84, 2.03, 9.62],
  [0.87, 1.29, 6.17, 0.48, 5.93],
  [0.10, 11.09, 2.73, 4.69, 0.10],
  [6.96, 16.98, 1.13, 0.49, 0.10],
  [4.63, 4.72, 2.10, 2.00, 0.10],
  [0.10, 3.66, 4.13, 6.64, 0.10],
  [0.71, 0.59, 0.10, 0.10, 11.86],
  [5.01, 14.98, 5.42, 4.47, 1.45],
  [20.49, 4.80, 0.10, 6.53, 3.22],
  [12.30, 16.51, 2.43, 8.69, 22.83],
  [4.57, 3.07, 0.22, 4.61, 9.76],
  [6.80, 3.04, 0.10, 3.29, 0.63],
  [9.19, 1.37, 0.85, 21.11, 8.26],
  [0.71, 3.65, 4.97, 1.12, 10.38],
  [2.27, 10.33, 1.71, 23.28, 9.11],
  [2.02, 0.10, 12.34, 3.35, 0.10],
  [0.69, 2.60, 0.10, 15.53, 12.62],
  [1.66, 1.08, 2.65, 8.74, 4.36],
  [10.31, 0.10, 1.05, 1.29, 0.10],
  [0.10, 2.18, 12.37, 24.64, 8.25],
  [2.68, 2.96, 2.72, 5.79, 6.02],
  [6.77, 15.30, 2.40, 5.15, 8.56],
  [4.73, 9.63, 6.73, 21.38, 4.54],
  [3.26, 4.20, 8.04, 0.10, 1.14],
  [5.35, 9.54, 1.34, 0.10, 3.43],
  [1.65, 0.47, 10.10, 0.10, 0.10],
  [3.10, 0.10, 1.14, 4.97, 23.67],
  [5.74, 25.41, 2.78, 4.02, 3.04],
  [1.03, 9.66, 0.10, 0.10, 1.95],
  [4.43, 0.10, 0.10, 6.75, 7.24],
  [1.97, 7.70, 2.21, 4.64, 0.76],
  [0.10, 3.65, 2.36, 8.18, 10.30],
  [10.51, 0.10, 10.38, 3.56, 5.27],
  [3.18, 4.15, 1.22, 10.79, 7.01],
  [0.55, 18.93, 10.45, 0.75, 0.10],
  [0.19, 7.66, 9.33, 7.70, 3.53],
  [9.23, 2.17, 14.96, 19.11, 3.04],
  [16.85, 1.83, 10.15, 14.59, 2.54],
  [13.24, 1.54, 0.10, 0.10, 3.84],
  [5.21, 2.51, 2.41, 0.10, 8.33],
  [5.03, 19.21, 0.91, 2.00, 4.55],
  [2.21, 19.99, 15.73, 18.89, 11.70],
  [14.58, 0.10, 6.03, 0.10, 0.85],
  [2.70, 2.75, 2.45, 6.88, 13.94],
  [0.10, 19.79, 6.75, 0.10, 8.02],
  [8.58, 6.59, 1.85, 12.32, 6.95],
  [0.10, 2.54, 3.76, 0.25, 0.10],
  [0.10, 0.10, 11.67, 7.03, 2.45],
  [0.74, 0.10, 28.75, 0.10, 5.76],
  [0.10, 0.10, 13.24, 12.86, 1.58],
  [0.10, 2.47, 0.10, 9.68, 5.01],
  [4.97, 0.10, 11.73, 0.13, 7.28],
  [2.77, 14.05, 0.10, 1.28, 1.11],
  [0.54, 0.52, 18.52, 1.95, 6.35],
  [10.70, 12.09, 1.38, 2.50, 2.51],
]

Mean Service Times (¦Ì_{jk}) = [
  mu_11 = [8.57],
  mu_12 = [6.44],
  mu_13 = [1.91],
  mu_14 = [5.66],
  mu_15 = [8.61],
  mu_21 = [3.21],
  mu_22 = [8.41],
  mu_23 = [6.07],
  mu_24 = [2.41],
  mu_25 = [3.90],
  mu_31 = [11.43],
  mu_32 = [3.54],
  mu_33 = [5.96],
  mu_34 = [2.85],
  mu_35 = [6.39],
  mu_41 = [4.72],
  mu_42 = [5.16],
  mu_43 = [2.48],
  mu_44 = [3.67],
  mu_45 = [1.37],
  mu_51 = [2.51],
  mu_52 = [2.99],
  mu_53 = [1.76],
  mu_54 = [9.05],
  mu_55 = [10.36],
  mu_61 = [9.64],
  mu_62 = [4.02],
  mu_63 = [1.04],
  mu_64 = [4.19],
  mu_65 = [14.11],
  mu_71 = [2.64],
  mu_72 = [9.52],
  mu_73 = [5.75],
  mu_74 = [11.72],
  mu_75 = [3.59],
  mu_81 = [11.08],
  mu_82 = [11.08],
  mu_83 = [1.83],
  mu_84 = [3.98],
  mu_85 = [11.87],
  mu_91 = [10.59],
  mu_92 = [9.41],
  mu_93 = [3.19],
  mu_94 = [9.69],
  mu_95 = [9.53],
  mu_101 = [11.13],
  mu_102 = [4.80],
  mu_103 = [7.49],
  mu_104 = [8.69],
  mu_105 = [7.34],
  mu_111 = [6.51],
  mu_112 = [5.53],
  mu_113 = [4.88],
  mu_114 = [9.51],
  mu_115 = [17.58],
  mu_121 = [16.56],
  mu_122 = [8.46],
  mu_123 = [4.80],
  mu_124 = [10.03],
  mu_125 = [1.57],
  mu_131 = [13.16],
  mu_132 = [5.88],
  mu_133 = [8.57],
  mu_134 = [3.25],
  mu_135 = [9.02],
  mu_141 = [2.07],
  mu_142 = [1.15],
  mu_143 = [1.42],
  mu_144 = [2.34],
  mu_145 = [9.41],
  mu_151 = [6.70],
  mu_152 = [1.56],
  mu_153 = [11.10],
  mu_154 = [6.54],
  mu_155 = [11.60],
  mu_161 = [7.88],
  mu_162 = [8.07],
  mu_163 = [9.93],
  mu_164 = [7.49],
  mu_165 = [8.15],
  mu_171 = [5.40],
  mu_172 = [8.95],
  mu_173 = [13.39],
  mu_174 = [4.16],
  mu_175 = [1.04],
  mu_181 = [5.94],
  mu_182 = [12.89],
  mu_183 = [7.98],
  mu_184 = [1.04],
  mu_185 = [9.60],
  mu_191 = [14.99],
  mu_192 = [12.70],
  mu_193 = [1.49],
  mu_194 = [6.64],
  mu_195 = [8.60],
  mu_201 = [3.77],
  mu_202 = [6.40],
  mu_203 = [7.27],
  mu_204 = [3.42],
  mu_205 = [8.02],
  mu_211 = [6.34],
  mu_212 = [1.97],
  mu_213 = [9.18],
  mu_214 = [9.03],
  mu_215 = [12.84],
  mu_221 = [1.52],
  mu_222 = [5.36],
  mu_223 = [2.26],
  mu_224 = [16.65],
  mu_225 = [5.07],
  mu_231 = [18.22],
  mu_232 = [1.34],
  mu_233 = [5.51],
  mu_234 = [4.46],
  mu_235 = [4.98],
  mu_241 = [1.66],
  mu_242 = [4.12],
  mu_243 = [8.71],
  mu_244 = [6.00],
  mu_245 = [12.65],
  mu_251 = [3.88],
  mu_252 = [12.50],
  mu_253 = [19.01],
  mu_254 = [10.41],
  mu_255 = [13.85],
  mu_261 = [5.08],
  mu_262 = [12.96],
  mu_263 = [17.00],
  mu_264 = [6.71],
  mu_265 = [3.08],
  mu_271 = [7.61],
  mu_272 = [4.94],
  mu_273 = [13.49],
  mu_274 = [7.56],
  mu_275 = [4.88],
  mu_281 = [10.43],
  mu_282 = [13.44],
  mu_283 = [10.45],
  mu_284 = [11.56],
  mu_285 = [1.96],
  mu_291 = [3.70],
  mu_292 = [4.23],
  mu_293 = [10.50],
  mu_294 = [8.16],
  mu_295 = [1.61],
  mu_301 = [7.03],
  mu_302 = [8.30],
  mu_303 = [2.77],
  mu_304 = [0.80],
  mu_305 = [17.45],
  mu_311 = [5.07],
  mu_312 = [14.52],
  mu_313 = [6.21],
  mu_314 = [17.55],
  mu_315 = [5.87],
  mu_321 = [3.70],
  mu_322 = [2.51],
  mu_323 = [8.96],
  mu_324 = [9.23],
  mu_325 = [3.75],
  mu_331 = [5.02],
  mu_332 = [2.28],
  mu_333 = [10.55],
  mu_334 = [15.47],
  mu_335 = [5.20],
  mu_341 = [3.35],
  mu_342 = [15.16],
  mu_343 = [14.19],
  mu_344 = [10.49],
  mu_345 = [6.12],
  mu_351 = [4.64],
  mu_352 = [6.23],
  mu_353 = [5.05],
  mu_354 = [8.64],
  mu_355 = [8.34],
  mu_361 = [8.48],
  mu_362 = [1.10],
  mu_363 = [11.50],
  mu_364 = [10.65],
  mu_365 = [5.70],
  mu_371 = [7.01],
  mu_372 = [2.94],
  mu_373 = [8.67],
  mu_374 = [1.34],
  mu_375 = [6.37],
  mu_381 = [4.40],
  mu_382 = [2.34],
  mu_383 = [2.41],
  mu_384 = [1.59],
  mu_385 = [12.00],
  mu_391 = [10.51],
  mu_392 = [8.59],
  mu_393 = [4.63],
  mu_394 = [1.86],
  mu_395 = [0.76],
  mu_401 = [2.69],
  mu_402 = [1.29],
  mu_403 = [5.86],
  mu_404 = [3.57],
  mu_405 = [11.06],
  mu_411 = [4.60],
  mu_412 = [13.27],
  mu_413 = [1.33],
  mu_414 = [4.12],
  mu_415 = [14.04],
  mu_421 = [2.78],
  mu_422 = [3.82],
  mu_423 = [9.82],
  mu_424 = [7.46],
  mu_425 = [2.47],
  mu_431 = [1.00],
  mu_432 = [0.84],
  mu_433 = [1.19],
  mu_434 = [7.35],
  mu_435 = [7.20],
  mu_441 = [8.80],
  mu_442 = [10.65],
  mu_443 = [4.59],
  mu_444 = [5.37],
  mu_445 = [8.03],
  mu_451 = [8.30],
  mu_452 = [2.14],
  mu_453 = [4.25],
  mu_454 = [5.86],
  mu_455 = [3.09],
  mu_461 = [1.74],
  mu_462 = [9.73],
  mu_463 = [8.09],
  mu_464 = [4.49],
  mu_465 = [2.58],
  mu_471 = [8.99],
  mu_472 = [8.89],
  mu_473 = [3.86],
  mu_474 = [5.84],
  mu_475 = [7.95],
  mu_481 = [4.26],
  mu_482 = [10.21],
  mu_483 = [12.76],
  mu_484 = [3.24],
  mu_485 = [13.00],
  mu_491 = [10.85],
  mu_492 = [8.84],
  mu_493 = [12.89],
  mu_494 = [6.18],
  mu_495 = [3.58],
  mu_501 = [7.63],
  mu_502 = [3.22],
  mu_503 = [2.83],
  mu_504 = [6.64],
  mu_505 = [4.51],
  mu_511 = [7.81],
  mu_512 = [13.13],
  mu_513 = [10.83],
  mu_514 = [6.39],
  mu_515 = [10.43],
  mu_521 = [8.71],
  mu_522 = [5.30],
  mu_523 = [12.03],
  mu_524 = [3.39],
  mu_525 = [10.57],
  mu_531 = [19.70],
  mu_532 = [2.89],
  mu_533 = [8.87],
  mu_534 = [13.46],
  mu_535 = [7.01],
  mu_541 = [12.06],
  mu_542 = [14.15],
  mu_543 = [8.57],
  mu_544 = [2.58],
  mu_545 = [3.83],
  mu_551 = [13.03],
  mu_552 = [4.65],
  mu_553 = [7.08],
  mu_554 = [4.53],
  mu_555 = [8.50],
  mu_561 = [11.07],
  mu_562 = [4.49],
  mu_563 = [12.33],
  mu_564 = [11.39],
  mu_565 = [1.01],
  mu_571 = [14.08],
  mu_572 = [4.18],
  mu_573 = [7.49],
  mu_574 = [10.78],
  mu_575 = [1.58],
  mu_581 = [2.91],
  mu_582 = [3.14],
  mu_583 = [4.35],
  mu_584 = [1.31],
  mu_585 = [3.54],
  mu_591 = [8.56],
  mu_592 = [2.40],
  mu_593 = [6.94],
  mu_594 = [1.06],
  mu_595 = [7.82],
  mu_601 = [6.07],
  mu_602 = [7.64],
  mu_603 = [6.38],
  mu_604 = [2.58],
  mu_605 = [12.81],
]

Mean Transportation Times (¦Ó_{jk}) = [
  tau_11 = [3.49],
  tau_12 = [4.40],
  tau_13 = [3.86],
  tau_14 = [3.03],
  tau_15 = [5.54],
  tau_21 = [6.85],
  tau_22 = [2.76],
  tau_23 = [3.72],
  tau_24 = [1.86],
  tau_25 = [2.36],
  tau_31 = [8.03],
  tau_32 = [4.05],
  tau_33 = [5.98],
  tau_34 = [4.02],
  tau_35 = [3.46],
  tau_41 = [6.96],
  tau_42 = [5.73],
  tau_43 = [4.92],
  tau_44 = [1.67],
  tau_45 = [3.91],
  tau_51 = [2.23],
  tau_52 = [1.53],
  tau_53 = [7.45],
  tau_54 = [2.91],
  tau_55 = [1.18],
  tau_61 = [1.26],
  tau_62 = [8.06],
  tau_63 = [1.52],
  tau_64 = [3.54],
  tau_65 = [7.85],
  tau_71 = [5.92],
  tau_72 = [5.35],
  tau_73 = [4.74],
  tau_74 = [1.79],
  tau_75 = [2.76],
  tau_81 = [1.36],
  tau_82 = [5.59],
  tau_83 = [3.29],
  tau_84 = [2.73],
  tau_85 = [6.76],
  tau_91 = [5.50],
  tau_92 = [2.26],
  tau_93 = [1.68],
  tau_94 = [7.86],
  tau_95 = [3.22],
  tau_101 = [4.42],
  tau_102 = [0.74],
  tau_103 = [3.92],
  tau_104 = [5.75],
  tau_105 = [3.30],
  tau_111 = [4.99],
  tau_112 = [1.15],
  tau_113 = [7.30],
  tau_114 = [5.39],
  tau_115 = [3.14],
  tau_121 = [4.99],
  tau_122 = [7.11],
  tau_123 = [3.82],
  tau_124 = [7.33],
  tau_125 = [1.99],
  tau_131 = [5.85],
  tau_132 = [8.08],
  tau_133 = [6.83],
  tau_134 = [2.19],
  tau_135 = [3.04],
  tau_141 = [2.58],
  tau_142 = [1.30],
  tau_143 = [7.88],
  tau_144 = [1.11],
  tau_145 = [3.89],
  tau_151 = [7.14],
  tau_152 = [3.63],
  tau_153 = [2.93],
  tau_154 = [6.06],
  tau_155 = [3.27],
  tau_161 = [4.44],
  tau_162 = [3.86],
  tau_163 = [1.00],
  tau_164 = [2.53],
  tau_165 = [6.53],
  tau_171 = [5.11],
  tau_172 = [6.63],
  tau_173 = [5.46],
  tau_174 = [1.38],
  tau_175 = [6.34],
  tau_181 = [3.91],
  tau_182 = [5.22],
  tau_183 = [1.03],
  tau_184 = [2.60],
  tau_185 = [2.90],
  tau_191 = [6.81],
  tau_192 = [5.68],
  tau_193 = [3.14],
  tau_194 = [7.71],
  tau_195 = [3.10],
  tau_201 = [1.42],
  tau_202 = [3.46],
  tau_203 = [3.74],
  tau_204 = [5.50],
  tau_205 = [3.86],
  tau_211 = [3.34],
  tau_212 = [7.56],
  tau_213 = [3.64],
  tau_214 = [6.70],
  tau_215 = [0.98],
  tau_221 = [3.83],
  tau_222 = [1.56],
  tau_223 = [2.58],
  tau_224 = [1.84],
  tau_225 = [1.29],
  tau_231 = [7.36],
  tau_232 = [3.65],
  tau_233 = [2.50],
  tau_234 = [1.54],
  tau_235 = [9.06],
  tau_241 = [5.30],
  tau_242 = [2.53],
  tau_243 = [2.95],
  tau_244 = [4.29],
  tau_245 = [1.83],
  tau_251 = [4.87],
  tau_252 = [4.10],
  tau_253 = [5.03],
  tau_254 = [5.87],
  tau_255 = [5.50],
  tau_261 = [5.56],
  tau_262 = [5.77],
  tau_263 = [3.89],
  tau_264 = [3.55],
  tau_265 = [3.87],
  tau_271 = [5.08],
  tau_272 = [2.80],
  tau_273 = [1.02],
  tau_274 = [2.88],
  tau_275 = [4.54],
  tau_281 = [6.77],
  tau_282 = [3.04],
  tau_283 = [3.41],
  tau_284 = [1.04],
  tau_285 = [6.34],
  tau_291 = [4.42],
  tau_292 = [6.42],
  tau_293 = [7.67],
  tau_294 = [1.10],
  tau_295 = [2.91],
  tau_301 = [2.63],
  tau_302 = [4.44],
  tau_303 = [4.35],
  tau_304 = [4.75],
  tau_305 = [5.38],
  tau_311 = [5.45],
  tau_312 = [1.21],
  tau_313 = [3.45],
  tau_314 = [4.38],
  tau_315 = [2.67],
  tau_321 = [3.90],
  tau_322 = [1.79],
  tau_323 = [1.03],
  tau_324 = [2.23],
  tau_325 = [6.14],
  tau_331 = [4.06],
  tau_332 = [6.04],
  tau_333 = [8.55],
  tau_334 = [0.92],
  tau_335 = [3.57],
  tau_341 = [6.11],
  tau_342 = [4.76],
  tau_343 = [6.72],
  tau_344 = [2.97],
  tau_345 = [6.01],
  tau_351 = [2.90],
  tau_352 = [4.55],
  tau_353 = [4.26],
  tau_354 = [2.82],
  tau_355 = [2.52],
  tau_361 = [1.17],
  tau_362 = [4.04],
  tau_363 = [6.08],
  tau_364 = [7.56],
  tau_365 = [2.60],
  tau_371 = [1.74],
  tau_372 = [5.07],
  tau_373 = [2.16],
  tau_374 = [2.70],
  tau_375 = [7.38],
  tau_381 = [5.37],
  tau_382 = [1.23],
  tau_383 = [1.25],
  tau_384 = [0.89],
  tau_385 = [1.23],
  tau_391 = [7.73],
  tau_392 = [7.01],
  tau_393 = [3.66],
  tau_394 = [4.28],
  tau_395 = [1.44],
  tau_401 = [4.72],
  tau_402 = [2.53],
  tau_403 = [5.65],
  tau_404 = [7.68],
  tau_405 = [3.91],
  tau_411 = [0.91],
  tau_412 = [5.52],
  tau_413 = [2.91],
  tau_414 = [3.35],
  tau_415 = [8.03],
  tau_421 = [2.79],
  tau_422 = [3.27],
  tau_423 = [4.97],
  tau_424 = [1.09],
  tau_425 = [3.70],
  tau_431 = [3.78],
  tau_432 = [6.28],
  tau_433 = [1.38],
  tau_434 = [1.26],
  tau_435 = [1.19],
  tau_441 = [4.29],
  tau_442 = [4.25],
  tau_443 = [5.84],
  tau_444 = [1.66],
  tau_445 = [2.13],
  tau_451 = [6.62],
  tau_452 = [3.09],
  tau_453 = [6.74],
  tau_454 = [1.46],
  tau_455 = [4.52],
  tau_461 = [5.40],
  tau_462 = [6.88],
  tau_463 = [7.34],
  tau_464 = [4.09],
  tau_465 = [2.74],
  tau_471 = [2.39],
  tau_472 = [8.61],
  tau_473 = [1.86],
  tau_474 = [6.01],
  tau_475 = [3.60],
  tau_481 = [6.32],
  tau_482 = [5.99],
  tau_483 = [5.59],
  tau_484 = [4.20],
  tau_485 = [3.09],
  tau_491 = [1.33],
  tau_492 = [4.98],
  tau_493 = [5.17],
  tau_494 = [3.36],
  tau_495 = [2.70],
  tau_501 = [3.15],
  tau_502 = [4.98],
  tau_503 = [2.35],
  tau_504 = [6.32],
  tau_505 = [1.45],
  tau_511 = [1.72],
  tau_512 = [3.40],
  tau_513 = [1.18],
  tau_514 = [1.40],
  tau_515 = [3.05],
  tau_521 = [1.49],
  tau_522 = [4.49],
  tau_523 = [4.95],
  tau_524 = [4.88],
  tau_525 = [4.31],
  tau_531 = [3.32],
  tau_532 = [4.33],
  tau_533 = [3.29],
  tau_534 = [1.56],
  tau_535 = [2.18],
  tau_541 = [4.29],
  tau_542 = [5.94],
  tau_543 = [4.14],
  tau_544 = [0.91],
  tau_545 = [4.58],
  tau_551 = [2.70],
  tau_552 = [4.83],
  tau_553 = [5.59],
  tau_554 = [3.01],
  tau_555 = [2.37],
  tau_561 = [5.18],
  tau_562 = [4.07],
  tau_563 = [7.66],
  tau_564 = [1.10],
  tau_565 = [5.10],
  tau_571 = [2.47],
  tau_572 = [5.15],
  tau_573 = [6.75],
  tau_574 = [1.30],
  tau_575 = [6.24],
  tau_581 = [3.77],
  tau_582 = [1.96],
  tau_583 = [1.25],
  tau_584 = [1.82],
  tau_585 = [3.34],
  tau_591 = [1.50],
  tau_592 = [4.56],
  tau_593 = [5.39],
  tau_594 = [1.44],
  tau_595 = [5.31],
  tau_601 = [1.40],
  tau_602 = [6.43],
  tau_603 = [4.26],
  tau_604 = [6.13],
  tau_605 = [7.36],
]

Epsilon + ¦Ì_{jk} = [
  epsilon_plus_mu_11 = [12.86],
  epsilon_plus_mu_12 = [9.66],
  epsilon_plus_mu_13 = [2.86],
  epsilon_plus_mu_14 = [8.49],
  epsilon_plus_mu_15 = [12.92],
  epsilon_plus_mu_21 = [4.82],
  epsilon_plus_mu_22 = [12.62],
  epsilon_plus_mu_23 = [9.10],
  epsilon_plus_mu_24 = [3.61],
  epsilon_plus_mu_25 = [5.84],
  epsilon_plus_mu_31 = [17.14],
  epsilon_plus_mu_32 = [5.31],
  epsilon_plus_mu_33 = [8.94],
  epsilon_plus_mu_34 = [4.27],
  epsilon_plus_mu_35 = [9.58],
  epsilon_plus_mu_41 = [7.08],
  epsilon_plus_mu_42 = [7.74],
  epsilon_plus_mu_43 = [3.73],
  epsilon_plus_mu_44 = [5.51],
  epsilon_plus_mu_45 = [2.06],
  epsilon_plus_mu_51 = [3.77],
  epsilon_plus_mu_52 = [4.49],
  epsilon_plus_mu_53 = [2.63],
  epsilon_plus_mu_54 = [13.58],
  epsilon_plus_mu_55 = [15.54],
  epsilon_plus_mu_61 = [14.46],
  epsilon_plus_mu_62 = [6.04],
  epsilon_plus_mu_63 = [1.57],
  epsilon_plus_mu_64 = [6.29],
  epsilon_plus_mu_65 = [21.17],
  epsilon_plus_mu_71 = [3.96],
  epsilon_plus_mu_72 = [14.29],
  epsilon_plus_mu_73 = [8.63],
  epsilon_plus_mu_74 = [17.58],
  epsilon_plus_mu_75 = [5.39],
  epsilon_plus_mu_81 = [16.62],
  epsilon_plus_mu_82 = [16.61],
  epsilon_plus_mu_83 = [2.74],
  epsilon_plus_mu_84 = [5.97],
  epsilon_plus_mu_85 = [17.81],
  epsilon_plus_mu_91 = [15.88],
  epsilon_plus_mu_92 = [14.12],
  epsilon_plus_mu_93 = [4.79],
  epsilon_plus_mu_94 = [14.53],
  epsilon_plus_mu_95 = [14.29],
  epsilon_plus_mu_101 = [16.70],
  epsilon_plus_mu_102 = [7.19],
  epsilon_plus_mu_103 = [11.23],
  epsilon_plus_mu_104 = [13.04],
  epsilon_plus_mu_105 = [11.01],
  epsilon_plus_mu_111 = [9.77],
  epsilon_plus_mu_112 = [8.29],
  epsilon_plus_mu_113 = [7.32],
  epsilon_plus_mu_114 = [14.26],
  epsilon_plus_mu_115 = [26.37],
  epsilon_plus_mu_121 = [24.84],
  epsilon_plus_mu_122 = [12.69],
  epsilon_plus_mu_123 = [7.20],
  epsilon_plus_mu_124 = [15.04],
  epsilon_plus_mu_125 = [2.36],
  epsilon_plus_mu_131 = [19.74],
  epsilon_plus_mu_132 = [8.82],
  epsilon_plus_mu_133 = [12.85],
  epsilon_plus_mu_134 = [4.87],
  epsilon_plus_mu_135 = [13.53],
  epsilon_plus_mu_141 = [3.11],
  epsilon_plus_mu_142 = [1.73],
  epsilon_plus_mu_143 = [2.13],
  epsilon_plus_mu_144 = [3.52],
  epsilon_plus_mu_145 = [14.11],
  epsilon_plus_mu_151 = [10.05],
  epsilon_plus_mu_152 = [2.33],
  epsilon_plus_mu_153 = [16.65],
  epsilon_plus_mu_154 = [9.81],
  epsilon_plus_mu_155 = [17.40],
  epsilon_plus_mu_161 = [11.82],
  epsilon_plus_mu_162 = [12.11],
  epsilon_plus_mu_163 = [14.90],
  epsilon_plus_mu_164 = [11.24],
  epsilon_plus_mu_165 = [12.22],
  epsilon_plus_mu_171 = [8.09],
  epsilon_plus_mu_172 = [13.42],
  epsilon_plus_mu_173 = [20.08],
  epsilon_plus_mu_174 = [6.25],
  epsilon_plus_mu_175 = [1.56],
  epsilon_plus_mu_181 = [8.91],
  epsilon_plus_mu_182 = [19.33],
  epsilon_plus_mu_183 = [11.96],
  epsilon_plus_mu_184 = [1.57],
  epsilon_plus_mu_185 = [14.41],
  epsilon_plus_mu_191 = [22.48],
  epsilon_plus_mu_192 = [19.04],
  epsilon_plus_mu_193 = [2.23],
  epsilon_plus_mu_194 = [9.96],
  epsilon_plus_mu_195 = [12.89],
  epsilon_plus_mu_201 = [5.65],
  epsilon_plus_mu_202 = [9.60],
  epsilon_plus_mu_203 = [10.90],
  epsilon_plus_mu_204 = [5.13],
  epsilon_plus_mu_205 = [12.03],
  epsilon_plus_mu_211 = [9.52],
  epsilon_plus_mu_212 = [2.96],
  epsilon_plus_mu_213 = [13.77],
  epsilon_plus_mu_214 = [13.54],
  epsilon_plus_mu_215 = [19.27],
  epsilon_plus_mu_221 = [2.27],
  epsilon_plus_mu_222 = [8.04],
  epsilon_plus_mu_223 = [3.39],
  epsilon_plus_mu_224 = [24.98],
  epsilon_plus_mu_225 = [7.61],
  epsilon_plus_mu_231 = [27.32],
  epsilon_plus_mu_232 = [2.01],
  epsilon_plus_mu_233 = [8.27],
  epsilon_plus_mu_234 = [6.70],
  epsilon_plus_mu_235 = [7.47],
  epsilon_plus_mu_241 = [2.49],
  epsilon_plus_mu_242 = [6.18],
  epsilon_plus_mu_243 = [13.06],
  epsilon_plus_mu_244 = [9.00],
  epsilon_plus_mu_245 = [18.97],
  epsilon_plus_mu_251 = [5.81],
  epsilon_plus_mu_252 = [18.75],
  epsilon_plus_mu_253 = [28.52],
  epsilon_plus_mu_254 = [15.61],
  epsilon_plus_mu_255 = [20.78],
  epsilon_plus_mu_261 = [7.62],
  epsilon_plus_mu_262 = [19.45],
  epsilon_plus_mu_263 = [25.49],
  epsilon_plus_mu_264 = [10.07],
  epsilon_plus_mu_265 = [4.63],
  epsilon_plus_mu_271 = [11.42],
  epsilon_plus_mu_272 = [7.41],
  epsilon_plus_mu_273 = [20.23],
  epsilon_plus_mu_274 = [11.33],
  epsilon_plus_mu_275 = [7.32],
  epsilon_plus_mu_281 = [15.65],
  epsilon_plus_mu_282 = [20.16],
  epsilon_plus_mu_283 = [15.68],
  epsilon_plus_mu_284 = [17.34],
  epsilon_plus_mu_285 = [2.95],
  epsilon_plus_mu_291 = [5.55],
  epsilon_plus_mu_292 = [6.35],
  epsilon_plus_mu_293 = [15.74],
  epsilon_plus_mu_294 = [12.24],
  epsilon_plus_mu_295 = [2.41],
  epsilon_plus_mu_301 = [10.55],
  epsilon_plus_mu_302 = [12.45],
  epsilon_plus_mu_303 = [4.15],
  epsilon_plus_mu_304 = [1.19],
  epsilon_plus_mu_305 = [26.18],
  epsilon_plus_mu_311 = [7.60],
  epsilon_plus_mu_312 = [21.78],
  epsilon_plus_mu_313 = [9.31],
  epsilon_plus_mu_314 = [26.33],
  epsilon_plus_mu_315 = [8.80],
  epsilon_plus_mu_321 = [5.55],
  epsilon_plus_mu_322 = [3.76],
  epsilon_plus_mu_323 = [13.44],
  epsilon_plus_mu_324 = [13.84],
  epsilon_plus_mu_325 = [5.63],
  epsilon_plus_mu_331 = [7.53],
  epsilon_plus_mu_332 = [3.41],
  epsilon_plus_mu_333 = [15.82],
  epsilon_plus_mu_334 = [23.21],
  epsilon_plus_mu_335 = [7.80],
  epsilon_plus_mu_341 = [5.02],
  epsilon_plus_mu_342 = [22.74],
  epsilon_plus_mu_343 = [21.29],
  epsilon_plus_mu_344 = [15.73],
  epsilon_plus_mu_345 = [9.18],
  epsilon_plus_mu_351 = [6.96],
  epsilon_plus_mu_352 = [9.34],
  epsilon_plus_mu_353 = [7.58],
  epsilon_plus_mu_354 = [12.96],
  epsilon_plus_mu_355 = [12.52],
  epsilon_plus_mu_361 = [12.72],
  epsilon_plus_mu_362 = [1.66],
  epsilon_plus_mu_363 = [17.25],
  epsilon_plus_mu_364 = [15.97],
  epsilon_plus_mu_365 = [8.55],
  epsilon_plus_mu_371 = [10.52],
  epsilon_plus_mu_372 = [4.40],
  epsilon_plus_mu_373 = [13.00],
  epsilon_plus_mu_374 = [2.01],
  epsilon_plus_mu_375 = [9.55],
  epsilon_plus_mu_381 = [6.60],
  epsilon_plus_mu_382 = [3.52],
  epsilon_plus_mu_383 = [3.61],
  epsilon_plus_mu_384 = [2.39],
  epsilon_plus_mu_385 = [18.01],
  epsilon_plus_mu_391 = [15.77],
  epsilon_plus_mu_392 = [12.88],
  epsilon_plus_mu_393 = [6.94],
  epsilon_plus_mu_394 = [2.79],
  epsilon_plus_mu_395 = [1.15],
  epsilon_plus_mu_401 = [4.04],
  epsilon_plus_mu_402 = [1.93],
  epsilon_plus_mu_403 = [8.79],
  epsilon_plus_mu_404 = [5.36],
  epsilon_plus_mu_405 = [16.59],
  epsilon_plus_mu_411 = [6.90],
  epsilon_plus_mu_412 = [19.91],
  epsilon_plus_mu_413 = [2.00],
  epsilon_plus_mu_414 = [6.18],
  epsilon_plus_mu_415 = [21.06],
  epsilon_plus_mu_421 = [4.17],
  epsilon_plus_mu_422 = [5.74],
  epsilon_plus_mu_423 = [14.73],
  epsilon_plus_mu_424 = [11.18],
  epsilon_plus_mu_425 = [3.70],
  epsilon_plus_mu_431 = [1.50],
  epsilon_plus_mu_432 = [1.25],
  epsilon_plus_mu_433 = [1.79],
  epsilon_plus_mu_434 = [11.02],
  epsilon_plus_mu_435 = [10.80],
  epsilon_plus_mu_441 = [13.19],
  epsilon_plus_mu_442 = [15.97],
  epsilon_plus_mu_443 = [6.88],
  epsilon_plus_mu_444 = [8.06],
  epsilon_plus_mu_445 = [12.04],
  epsilon_plus_mu_451 = [12.44],
  epsilon_plus_mu_452 = [3.21],
  epsilon_plus_mu_453 = [6.37],
  epsilon_plus_mu_454 = [8.79],
  epsilon_plus_mu_455 = [4.64],
  epsilon_plus_mu_461 = [2.62],
  epsilon_plus_mu_462 = [14.60],
  epsilon_plus_mu_463 = [12.13],
  epsilon_plus_mu_464 = [6.73],
  epsilon_plus_mu_465 = [3.87],
  epsilon_plus_mu_471 = [13.49],
  epsilon_plus_mu_472 = [13.33],
  epsilon_plus_mu_473 = [5.79],
  epsilon_plus_mu_474 = [8.76],
  epsilon_plus_mu_475 = [11.93],
  epsilon_plus_mu_481 = [6.39],
  epsilon_plus_mu_482 = [15.32],
  epsilon_plus_mu_483 = [19.14],
  epsilon_plus_mu_484 = [4.86],
  epsilon_plus_mu_485 = [19.50],
  epsilon_plus_mu_491 = [16.28],
  epsilon_plus_mu_492 = [13.26],
  epsilon_plus_mu_493 = [19.34],
  epsilon_plus_mu_494 = [9.27],
  epsilon_plus_mu_495 = [5.38],
  epsilon_plus_mu_501 = [11.44],
  epsilon_plus_mu_502 = [4.83],
  epsilon_plus_mu_503 = [4.25],
  epsilon_plus_mu_504 = [9.96],
  epsilon_plus_mu_505 = [6.77],
  epsilon_plus_mu_511 = [11.71],
  epsilon_plus_mu_512 = [19.70],
  epsilon_plus_mu_513 = [16.25],
  epsilon_plus_mu_514 = [9.59],
  epsilon_plus_mu_515 = [15.65],
  epsilon_plus_mu_521 = [13.06],
  epsilon_plus_mu_522 = [7.95],
  epsilon_plus_mu_523 = [18.04],
  epsilon_plus_mu_524 = [5.08],
  epsilon_plus_mu_525 = [15.86],
  epsilon_plus_mu_531 = [29.56],
  epsilon_plus_mu_532 = [4.33],
  epsilon_plus_mu_533 = [13.30],
  epsilon_plus_mu_534 = [20.20],
  epsilon_plus_mu_535 = [10.52],
  epsilon_plus_mu_541 = [18.09],
  epsilon_plus_mu_542 = [21.23],
  epsilon_plus_mu_543 = [12.85],
  epsilon_plus_mu_544 = [3.86],
  epsilon_plus_mu_545 = [5.75],
  epsilon_plus_mu_551 = [19.54],
  epsilon_plus_mu_552 = [6.98],
  epsilon_plus_mu_553 = [10.62],
  epsilon_plus_mu_554 = [6.80],
  epsilon_plus_mu_555 = [12.75],
  epsilon_plus_mu_561 = [16.60],
  epsilon_plus_mu_562 = [6.74],
  epsilon_plus_mu_563 = [18.50],
  epsilon_plus_mu_564 = [17.09],
  epsilon_plus_mu_565 = [1.51],
  epsilon_plus_mu_571 = [21.12],
  epsilon_plus_mu_572 = [6.27],
  epsilon_plus_mu_573 = [11.24],
  epsilon_plus_mu_574 = [16.17],
  epsilon_plus_mu_575 = [2.37],
  epsilon_plus_mu_581 = [4.37],
  epsilon_plus_mu_582 = [4.71],
  epsilon_plus_mu_583 = [6.53],
  epsilon_plus_mu_584 = [1.96],
  epsilon_plus_mu_585 = [5.30],
  epsilon_plus_mu_591 = [12.84],
  epsilon_plus_mu_592 = [3.60],
  epsilon_plus_mu_593 = [10.41],
  epsilon_plus_mu_594 = [1.59],
  epsilon_plus_mu_595 = [11.73],
  epsilon_plus_mu_601 = [9.10],
  epsilon_plus_mu_602 = [11.47],
  epsilon_plus_mu_603 = [9.58],
  epsilon_plus_mu_604 = [3.87],
  epsilon_plus_mu_605 = [19.21],
]

Epsilon - ¦Ì_{jk} = [
  epsilon_minus_mu_11 = [-4.29],
  epsilon_minus_mu_12 = [-3.22],
  epsilon_minus_mu_13 = [-0.95],
  epsilon_minus_mu_14 = [-2.83],
  epsilon_minus_mu_15 = [-4.31],
  epsilon_minus_mu_21 = [-1.61],
  epsilon_minus_mu_22 = [-4.21],
  epsilon_minus_mu_23 = [-3.03],
  epsilon_minus_mu_24 = [-1.20],
  epsilon_minus_mu_25 = [-1.95],
  epsilon_minus_mu_31 = [-5.71],
  epsilon_minus_mu_32 = [-1.77],
  epsilon_minus_mu_33 = [-2.98],
  epsilon_minus_mu_34 = [-1.42],
  epsilon_minus_mu_35 = [-3.19],
  epsilon_minus_mu_41 = [-2.36],
  epsilon_minus_mu_42 = [-2.58],
  epsilon_minus_mu_43 = [-1.24],
  epsilon_minus_mu_44 = [-1.84],
  epsilon_minus_mu_45 = [-0.69],
  epsilon_minus_mu_51 = [-1.26],
  epsilon_minus_mu_52 = [-1.50],
  epsilon_minus_mu_53 = [-0.88],
  epsilon_minus_mu_54 = [-4.53],
  epsilon_minus_mu_55 = [-5.18],
  epsilon_minus_mu_61 = [-4.82],
  epsilon_minus_mu_62 = [-2.01],
  epsilon_minus_mu_63 = [-0.52],
  epsilon_minus_mu_64 = [-2.10],
  epsilon_minus_mu_65 = [-7.06],
  epsilon_minus_mu_71 = [-1.32],
  epsilon_minus_mu_72 = [-4.76],
  epsilon_minus_mu_73 = [-2.88],
  epsilon_minus_mu_74 = [-5.86],
  epsilon_minus_mu_75 = [-1.80],
  epsilon_minus_mu_81 = [-5.54],
  epsilon_minus_mu_82 = [-5.54],
  epsilon_minus_mu_83 = [-0.91],
  epsilon_minus_mu_84 = [-1.99],
  epsilon_minus_mu_85 = [-5.94],
  epsilon_minus_mu_91 = [-5.29],
  epsilon_minus_mu_92 = [-4.71],
  epsilon_minus_mu_93 = [-1.60],
  epsilon_minus_mu_94 = [-4.84],
  epsilon_minus_mu_95 = [-4.76],
  epsilon_minus_mu_101 = [-5.57],
  epsilon_minus_mu_102 = [-2.40],
  epsilon_minus_mu_103 = [-3.74],
  epsilon_minus_mu_104 = [-4.35],
  epsilon_minus_mu_105 = [-3.67],
  epsilon_minus_mu_111 = [-3.26],
  epsilon_minus_mu_112 = [-2.76],
  epsilon_minus_mu_113 = [-2.44],
  epsilon_minus_mu_114 = [-4.75],
  epsilon_minus_mu_115 = [-8.79],
  epsilon_minus_mu_121 = [-8.28],
  epsilon_minus_mu_122 = [-4.23],
  epsilon_minus_mu_123 = [-2.40],
  epsilon_minus_mu_124 = [-5.01],
  epsilon_minus_mu_125 = [-0.79],
  epsilon_minus_mu_131 = [-6.58],
  epsilon_minus_mu_132 = [-2.94],
  epsilon_minus_mu_133 = [-4.28],
  epsilon_minus_mu_134 = [-1.62],
  epsilon_minus_mu_135 = [-4.51],
  epsilon_minus_mu_141 = [-1.04],
  epsilon_minus_mu_142 = [-0.58],
  epsilon_minus_mu_143 = [-0.71],
  epsilon_minus_mu_144 = [-1.17],
  epsilon_minus_mu_145 = [-4.70],
  epsilon_minus_mu_151 = [-3.35],
  epsilon_minus_mu_152 = [-0.78],
  epsilon_minus_mu_153 = [-5.55],
  epsilon_minus_mu_154 = [-3.27],
  epsilon_minus_mu_155 = [-5.80],
  epsilon_minus_mu_161 = [-3.94],
  epsilon_minus_mu_162 = [-4.04],
  epsilon_minus_mu_163 = [-4.97],
  epsilon_minus_mu_164 = [-3.75],
  epsilon_minus_mu_165 = [-4.07],
  epsilon_minus_mu_171 = [-2.70],
  epsilon_minus_mu_172 = [-4.47],
  epsilon_minus_mu_173 = [-6.69],
  epsilon_minus_mu_174 = [-2.08],
  epsilon_minus_mu_175 = [-0.52],
  epsilon_minus_mu_181 = [-2.97],
  epsilon_minus_mu_182 = [-6.44],
  epsilon_minus_mu_183 = [-3.99],
  epsilon_minus_mu_184 = [-0.52],
  epsilon_minus_mu_185 = [-4.80],
  epsilon_minus_mu_191 = [-7.49],
  epsilon_minus_mu_192 = [-6.35],
  epsilon_minus_mu_193 = [-0.74],
  epsilon_minus_mu_194 = [-3.32],
  epsilon_minus_mu_195 = [-4.30],
  epsilon_minus_mu_201 = [-1.88],
  epsilon_minus_mu_202 = [-3.20],
  epsilon_minus_mu_203 = [-3.63],
  epsilon_minus_mu_204 = [-1.71],
  epsilon_minus_mu_205 = [-4.01],
  epsilon_minus_mu_211 = [-3.17],
  epsilon_minus_mu_212 = [-0.99],
  epsilon_minus_mu_213 = [-4.59],
  epsilon_minus_mu_214 = [-4.51],
  epsilon_minus_mu_215 = [-6.42],
  epsilon_minus_mu_221 = [-0.76],
  epsilon_minus_mu_222 = [-2.68],
  epsilon_minus_mu_223 = [-1.13],
  epsilon_minus_mu_224 = [-8.33],
  epsilon_minus_mu_225 = [-2.54],
  epsilon_minus_mu_231 = [-9.11],
  epsilon_minus_mu_232 = [-0.67],
  epsilon_minus_mu_233 = [-2.76],
  epsilon_minus_mu_234 = [-2.23],
  epsilon_minus_mu_235 = [-2.49],
  epsilon_minus_mu_241 = [-0.83],
  epsilon_minus_mu_242 = [-2.06],
  epsilon_minus_mu_243 = [-4.35],
  epsilon_minus_mu_244 = [-3.00],
  epsilon_minus_mu_245 = [-6.32],
  epsilon_minus_mu_251 = [-1.94],
  epsilon_minus_mu_252 = [-6.25],
  epsilon_minus_mu_253 = [-9.51],
  epsilon_minus_mu_254 = [-5.20],
  epsilon_minus_mu_255 = [-6.93],
  epsilon_minus_mu_261 = [-2.54],
  epsilon_minus_mu_262 = [-6.48],
  epsilon_minus_mu_263 = [-8.50],
  epsilon_minus_mu_264 = [-3.36],
  epsilon_minus_mu_265 = [-1.54],
  epsilon_minus_mu_271 = [-3.81],
  epsilon_minus_mu_272 = [-2.47],
  epsilon_minus_mu_273 = [-6.74],
  epsilon_minus_mu_274 = [-3.78],
  epsilon_minus_mu_275 = [-2.44],
  epsilon_minus_mu_281 = [-5.22],
  epsilon_minus_mu_282 = [-6.72],
  epsilon_minus_mu_283 = [-5.23],
  epsilon_minus_mu_284 = [-5.78],
  epsilon_minus_mu_285 = [-0.98],
  epsilon_minus_mu_291 = [-1.85],
  epsilon_minus_mu_292 = [-2.12],
  epsilon_minus_mu_293 = [-5.25],
  epsilon_minus_mu_294 = [-4.08],
  epsilon_minus_mu_295 = [-0.80],
  epsilon_minus_mu_301 = [-3.52],
  epsilon_minus_mu_302 = [-4.15],
  epsilon_minus_mu_303 = [-1.38],
  epsilon_minus_mu_304 = [-0.40],
  epsilon_minus_mu_305 = [-8.73],
  epsilon_minus_mu_311 = [-2.53],
  epsilon_minus_mu_312 = [-7.26],
  epsilon_minus_mu_313 = [-3.10],
  epsilon_minus_mu_314 = [-8.78],
  epsilon_minus_mu_315 = [-2.93],
  epsilon_minus_mu_321 = [-1.85],
  epsilon_minus_mu_322 = [-1.25],
  epsilon_minus_mu_323 = [-4.48],
  epsilon_minus_mu_324 = [-4.61],
  epsilon_minus_mu_325 = [-1.88],
  epsilon_minus_mu_331 = [-2.51],
  epsilon_minus_mu_332 = [-1.14],
  epsilon_minus_mu_333 = [-5.27],
  epsilon_minus_mu_334 = [-7.74],
  epsilon_minus_mu_335 = [-2.60],
  epsilon_minus_mu_341 = [-1.67],
  epsilon_minus_mu_342 = [-7.58],
  epsilon_minus_mu_343 = [-7.10],
  epsilon_minus_mu_344 = [-5.24],
  epsilon_minus_mu_345 = [-3.06],
  epsilon_minus_mu_351 = [-2.32],
  epsilon_minus_mu_352 = [-3.11],
  epsilon_minus_mu_353 = [-2.53],
  epsilon_minus_mu_354 = [-4.32],
  epsilon_minus_mu_355 = [-4.17],
  epsilon_minus_mu_361 = [-4.24],
  epsilon_minus_mu_362 = [-0.55],
  epsilon_minus_mu_363 = [-5.75],
  epsilon_minus_mu_364 = [-5.32],
  epsilon_minus_mu_365 = [-2.85],
  epsilon_minus_mu_371 = [-3.51],
  epsilon_minus_mu_372 = [-1.47],
  epsilon_minus_mu_373 = [-4.33],
  epsilon_minus_mu_374 = [-0.67],
  epsilon_minus_mu_375 = [-3.18],
  epsilon_minus_mu_381 = [-2.20],
  epsilon_minus_mu_382 = [-1.17],
  epsilon_minus_mu_383 = [-1.20],
  epsilon_minus_mu_384 = [-0.80],
  epsilon_minus_mu_385 = [-6.00],
  epsilon_minus_mu_391 = [-5.26],
  epsilon_minus_mu_392 = [-4.29],
  epsilon_minus_mu_393 = [-2.31],
  epsilon_minus_mu_394 = [-0.93],
  epsilon_minus_mu_395 = [-0.38],
  epsilon_minus_mu_401 = [-1.35],
  epsilon_minus_mu_402 = [-0.64],
  epsilon_minus_mu_403 = [-2.93],
  epsilon_minus_mu_404 = [-1.79],
  epsilon_minus_mu_405 = [-5.53],
  epsilon_minus_mu_411 = [-2.30],
  epsilon_minus_mu_412 = [-6.64],
  epsilon_minus_mu_413 = [-0.67],
  epsilon_minus_mu_414 = [-2.06],
  epsilon_minus_mu_415 = [-7.02],
  epsilon_minus_mu_421 = [-1.39],
  epsilon_minus_mu_422 = [-1.91],
  epsilon_minus_mu_423 = [-4.91],
  epsilon_minus_mu_424 = [-3.73],
  epsilon_minus_mu_425 = [-1.23],
  epsilon_minus_mu_431 = [-0.50],
  epsilon_minus_mu_432 = [-0.42],
  epsilon_minus_mu_433 = [-0.60],
  epsilon_minus_mu_434 = [-3.67],
  epsilon_minus_mu_435 = [-3.60],
  epsilon_minus_mu_441 = [-4.40],
  epsilon_minus_mu_442 = [-5.32],
  epsilon_minus_mu_443 = [-2.29],
  epsilon_minus_mu_444 = [-2.69],
  epsilon_minus_mu_445 = [-4.01],
  epsilon_minus_mu_451 = [-4.15],
  epsilon_minus_mu_452 = [-1.07],
  epsilon_minus_mu_453 = [-2.12],
  epsilon_minus_mu_454 = [-2.93],
  epsilon_minus_mu_455 = [-1.55],
  epsilon_minus_mu_461 = [-0.87],
  epsilon_minus_mu_462 = [-4.87],
  epsilon_minus_mu_463 = [-4.04],
  epsilon_minus_mu_464 = [-2.24],
  epsilon_minus_mu_465 = [-1.29],
  epsilon_minus_mu_471 = [-4.50],
  epsilon_minus_mu_472 = [-4.44],
  epsilon_minus_mu_473 = [-1.93],
  epsilon_minus_mu_474 = [-2.92],
  epsilon_minus_mu_475 = [-3.98],
  epsilon_minus_mu_481 = [-2.13],
  epsilon_minus_mu_482 = [-5.11],
  epsilon_minus_mu_483 = [-6.38],
  epsilon_minus_mu_484 = [-1.62],
  epsilon_minus_mu_485 = [-6.50],
  epsilon_minus_mu_491 = [-5.43],
  epsilon_minus_mu_492 = [-4.42],
  epsilon_minus_mu_493 = [-6.45],
  epsilon_minus_mu_494 = [-3.09],
  epsilon_minus_mu_495 = [-1.79],
  epsilon_minus_mu_501 = [-3.81],
  epsilon_minus_mu_502 = [-1.61],
  epsilon_minus_mu_503 = [-1.42],
  epsilon_minus_mu_504 = [-3.32],
  epsilon_minus_mu_505 = [-2.26],
  epsilon_minus_mu_511 = [-3.90],
  epsilon_minus_mu_512 = [-6.57],
  epsilon_minus_mu_513 = [-5.42],
  epsilon_minus_mu_514 = [-3.20],
  epsilon_minus_mu_515 = [-5.22],
  epsilon_minus_mu_521 = [-4.35],
  epsilon_minus_mu_522 = [-2.65],
  epsilon_minus_mu_523 = [-6.01],
  epsilon_minus_mu_524 = [-1.69],
  epsilon_minus_mu_525 = [-5.29],
  epsilon_minus_mu_531 = [-9.85],
  epsilon_minus_mu_532 = [-1.44],
  epsilon_minus_mu_533 = [-4.43],
  epsilon_minus_mu_534 = [-6.73],
  epsilon_minus_mu_535 = [-3.51],
  epsilon_minus_mu_541 = [-6.03],
  epsilon_minus_mu_542 = [-7.08],
  epsilon_minus_mu_543 = [-4.28],
  epsilon_minus_mu_544 = [-1.29],
  epsilon_minus_mu_545 = [-1.92],
  epsilon_minus_mu_551 = [-6.51],
  epsilon_minus_mu_552 = [-2.33],
  epsilon_minus_mu_553 = [-3.54],
  epsilon_minus_mu_554 = [-2.27],
  epsilon_minus_mu_555 = [-4.25],
  epsilon_minus_mu_561 = [-5.53],
  epsilon_minus_mu_562 = [-2.25],
  epsilon_minus_mu_563 = [-6.17],
  epsilon_minus_mu_564 = [-5.70],
  epsilon_minus_mu_565 = [-0.50],
  epsilon_minus_mu_571 = [-7.04],
  epsilon_minus_mu_572 = [-2.09],
  epsilon_minus_mu_573 = [-3.75],
  epsilon_minus_mu_574 = [-5.39],
  epsilon_minus_mu_575 = [-0.79],
  epsilon_minus_mu_581 = [-1.46],
  epsilon_minus_mu_582 = [-1.57],
  epsilon_minus_mu_583 = [-2.18],
  epsilon_minus_mu_584 = [-0.65],
  epsilon_minus_mu_585 = [-1.77],
  epsilon_minus_mu_591 = [-4.28],
  epsilon_minus_mu_592 = [-1.20],
  epsilon_minus_mu_593 = [-3.47],
  epsilon_minus_mu_594 = [-0.53],
  epsilon_minus_mu_595 = [-3.91],
  epsilon_minus_mu_601 = [-3.03],
  epsilon_minus_mu_602 = [-3.82],
  epsilon_minus_mu_603 = [-3.19],
  epsilon_minus_mu_604 = [-1.29],
  epsilon_minus_mu_605 = [-6.40],
]

Sigma + ¦Ó_{jk} = [
  sigma_plus_tau_11 = [5.23],
  sigma_plus_tau_12 = [6.60],
  sigma_plus_tau_13 = [5.79],
  sigma_plus_tau_14 = [4.54],
  sigma_plus_tau_15 = [8.30],
  sigma_plus_tau_21 = [10.27],
  sigma_plus_tau_22 = [4.14],
  sigma_plus_tau_23 = [5.58],
  sigma_plus_tau_24 = [2.79],
  sigma_plus_tau_25 = [3.54],
  sigma_plus_tau_31 = [12.04],
  sigma_plus_tau_32 = [6.08],
  sigma_plus_tau_33 = [8.97],
  sigma_plus_tau_34 = [6.03],
  sigma_plus_tau_35 = [5.20],
  sigma_plus_tau_41 = [10.44],
  sigma_plus_tau_42 = [8.59],
  sigma_plus_tau_43 = [7.38],
  sigma_plus_tau_44 = [2.51],
  sigma_plus_tau_45 = [5.87],
  sigma_plus_tau_51 = [3.35],
  sigma_plus_tau_52 = [2.29],
  sigma_plus_tau_53 = [11.17],
  sigma_plus_tau_54 = [4.36],
  sigma_plus_tau_55 = [1.77],
  sigma_plus_tau_61 = [1.89],
  sigma_plus_tau_62 = [12.08],
  sigma_plus_tau_63 = [2.29],
  sigma_plus_tau_64 = [5.31],
  sigma_plus_tau_65 = [11.78],
  sigma_plus_tau_71 = [8.87],
  sigma_plus_tau_72 = [8.03],
  sigma_plus_tau_73 = [7.11],
  sigma_plus_tau_74 = [2.68],
  sigma_plus_tau_75 = [4.15],
  sigma_plus_tau_81 = [2.03],
  sigma_plus_tau_82 = [8.38],
  sigma_plus_tau_83 = [4.93],
  sigma_plus_tau_84 = [4.09],
  sigma_plus_tau_85 = [10.14],
  sigma_plus_tau_91 = [8.25],
  sigma_plus_tau_92 = [3.40],
  sigma_plus_tau_93 = [2.51],
  sigma_plus_tau_94 = [11.80],
  sigma_plus_tau_95 = [4.83],
  sigma_plus_tau_101 = [6.63],
  sigma_plus_tau_102 = [1.10],
  sigma_plus_tau_103 = [5.88],
  sigma_plus_tau_104 = [8.63],
  sigma_plus_tau_105 = [4.96],
  sigma_plus_tau_111 = [7.48],
  sigma_plus_tau_112 = [1.72],
  sigma_plus_tau_113 = [10.95],
  sigma_plus_tau_114 = [8.08],
  sigma_plus_tau_115 = [4.71],
  sigma_plus_tau_121 = [7.49],
  sigma_plus_tau_122 = [10.66],
  sigma_plus_tau_123 = [5.73],
  sigma_plus_tau_124 = [11.00],
  sigma_plus_tau_125 = [2.99],
  sigma_plus_tau_131 = [8.77],
  sigma_plus_tau_132 = [12.12],
  sigma_plus_tau_133 = [10.24],
  sigma_plus_tau_134 = [3.28],
  sigma_plus_tau_135 = [4.57],
  sigma_plus_tau_141 = [3.86],
  sigma_plus_tau_142 = [1.95],
  sigma_plus_tau_143 = [11.82],
  sigma_plus_tau_144 = [1.67],
  sigma_plus_tau_145 = [5.83],
  sigma_plus_tau_151 = [10.71],
  sigma_plus_tau_152 = [5.44],
  sigma_plus_tau_153 = [4.39],
  sigma_plus_tau_154 = [9.09],
  sigma_plus_tau_155 = [4.91],
  sigma_plus_tau_161 = [6.66],
  sigma_plus_tau_162 = [5.79],
  sigma_plus_tau_163 = [1.50],
  sigma_plus_tau_164 = [3.80],
  sigma_plus_tau_165 = [9.79],
  sigma_plus_tau_171 = [7.66],
  sigma_plus_tau_172 = [9.95],
  sigma_plus_tau_173 = [8.19],
  sigma_plus_tau_174 = [2.08],
  sigma_plus_tau_175 = [9.51],
  sigma_plus_tau_181 = [5.86],
  sigma_plus_tau_182 = [7.83],
  sigma_plus_tau_183 = [1.55],
  sigma_plus_tau_184 = [3.90],
  sigma_plus_tau_185 = [4.35],
  sigma_plus_tau_191 = [10.22],
  sigma_plus_tau_192 = [8.53],
  sigma_plus_tau_193 = [4.70],
  sigma_plus_tau_194 = [11.57],
  sigma_plus_tau_195 = [4.65],
  sigma_plus_tau_201 = [2.13],
  sigma_plus_tau_202 = [5.19],
  sigma_plus_tau_203 = [5.62],
  sigma_plus_tau_204 = [8.25],
  sigma_plus_tau_205 = [5.80],
  sigma_plus_tau_211 = [5.00],
  sigma_plus_tau_212 = [11.34],
  sigma_plus_tau_213 = [5.47],
  sigma_plus_tau_214 = [10.05],
  sigma_plus_tau_215 = [1.46],
  sigma_plus_tau_221 = [5.75],
  sigma_plus_tau_222 = [2.34],
  sigma_plus_tau_223 = [3.87],
  sigma_plus_tau_224 = [2.76],
  sigma_plus_tau_225 = [1.93],
  sigma_plus_tau_231 = [11.04],
  sigma_plus_tau_232 = [5.47],
  sigma_plus_tau_233 = [3.75],
  sigma_plus_tau_234 = [2.30],
  sigma_plus_tau_235 = [13.59],
  sigma_plus_tau_241 = [7.95],
  sigma_plus_tau_242 = [3.79],
  sigma_plus_tau_243 = [4.42],
  sigma_plus_tau_244 = [6.44],
  sigma_plus_tau_245 = [2.75],
  sigma_plus_tau_251 = [7.30],
  sigma_plus_tau_252 = [6.14],
  sigma_plus_tau_253 = [7.55],
  sigma_plus_tau_254 = [8.81],
  sigma_plus_tau_255 = [8.25],
  sigma_plus_tau_261 = [8.35],
  sigma_plus_tau_262 = [8.65],
  sigma_plus_tau_263 = [5.83],
  sigma_plus_tau_264 = [5.32],
  sigma_plus_tau_265 = [5.81],
  sigma_plus_tau_271 = [7.62],
  sigma_plus_tau_272 = [4.20],
  sigma_plus_tau_273 = [1.53],
  sigma_plus_tau_274 = [4.32],
  sigma_plus_tau_275 = [6.81],
  sigma_plus_tau_281 = [10.16],
  sigma_plus_tau_282 = [4.56],
  sigma_plus_tau_283 = [5.11],
  sigma_plus_tau_284 = [1.56],
  sigma_plus_tau_285 = [9.50],
  sigma_plus_tau_291 = [6.64],
  sigma_plus_tau_292 = [9.63],
  sigma_plus_tau_293 = [11.51],
  sigma_plus_tau_294 = [1.65],
  sigma_plus_tau_295 = [4.36],
  sigma_plus_tau_301 = [3.94],
  sigma_plus_tau_302 = [6.66],
  sigma_plus_tau_303 = [6.53],
  sigma_plus_tau_304 = [7.13],
  sigma_plus_tau_305 = [8.08],
  sigma_plus_tau_311 = [8.18],
  sigma_plus_tau_312 = [1.82],
  sigma_plus_tau_313 = [5.18],
  sigma_plus_tau_314 = [6.57],
  sigma_plus_tau_315 = [4.01],
  sigma_plus_tau_321 = [5.85],
  sigma_plus_tau_322 = [2.69],
  sigma_plus_tau_323 = [1.54],
  sigma_plus_tau_324 = [3.35],
  sigma_plus_tau_325 = [9.21],
  sigma_plus_tau_331 = [6.09],
  sigma_plus_tau_332 = [9.06],
  sigma_plus_tau_333 = [12.82],
  sigma_plus_tau_334 = [1.37],
  sigma_plus_tau_335 = [5.35],
  sigma_plus_tau_341 = [9.17],
  sigma_plus_tau_342 = [7.14],
  sigma_plus_tau_343 = [10.08],
  sigma_plus_tau_344 = [4.45],
  sigma_plus_tau_345 = [9.01],
  sigma_plus_tau_351 = [4.35],
  sigma_plus_tau_352 = [6.82],
  sigma_plus_tau_353 = [6.39],
  sigma_plus_tau_354 = [4.23],
  sigma_plus_tau_355 = [3.78],
  sigma_plus_tau_361 = [1.76],
  sigma_plus_tau_362 = [6.06],
  sigma_plus_tau_363 = [9.12],
  sigma_plus_tau_364 = [11.34],
  sigma_plus_tau_365 = [3.90],
  sigma_plus_tau_371 = [2.61],
  sigma_plus_tau_372 = [7.60],
  sigma_plus_tau_373 = [3.24],
  sigma_plus_tau_374 = [4.05],
  sigma_plus_tau_375 = [11.07],
  sigma_plus_tau_381 = [8.05],
  sigma_plus_tau_382 = [1.84],
  sigma_plus_tau_383 = [1.88],
  sigma_plus_tau_384 = [1.34],
  sigma_plus_tau_385 = [1.84],
  sigma_plus_tau_391 = [11.59],
  sigma_plus_tau_392 = [10.51],
  sigma_plus_tau_393 = [5.49],
  sigma_plus_tau_394 = [6.42],
  sigma_plus_tau_395 = [2.16],
  sigma_plus_tau_401 = [7.08],
  sigma_plus_tau_402 = [3.80],
  sigma_plus_tau_403 = [8.48],
  sigma_plus_tau_404 = [11.52],
  sigma_plus_tau_405 = [5.86],
  sigma_plus_tau_411 = [1.36],
  sigma_plus_tau_412 = [8.27],
  sigma_plus_tau_413 = [4.36],
  sigma_plus_tau_414 = [5.03],
  sigma_plus_tau_415 = [12.04],
  sigma_plus_tau_421 = [4.19],
  sigma_plus_tau_422 = [4.91],
  sigma_plus_tau_423 = [7.45],
  sigma_plus_tau_424 = [1.63],
  sigma_plus_tau_425 = [5.55],
  sigma_plus_tau_431 = [5.68],
  sigma_plus_tau_432 = [9.42],
  sigma_plus_tau_433 = [2.07],
  sigma_plus_tau_434 = [1.88],
  sigma_plus_tau_435 = [1.78],
  sigma_plus_tau_441 = [6.43],
  sigma_plus_tau_442 = [6.37],
  sigma_plus_tau_443 = [8.76],
  sigma_plus_tau_444 = [2.49],
  sigma_plus_tau_445 = [3.19],
  sigma_plus_tau_451 = [9.93],
  sigma_plus_tau_452 = [4.64],
  sigma_plus_tau_453 = [10.11],
  sigma_plus_tau_454 = [2.19],
  sigma_plus_tau_455 = [6.78],
  sigma_plus_tau_461 = [8.11],
  sigma_plus_tau_462 = [10.32],
  sigma_plus_tau_463 = [11.01],
  sigma_plus_tau_464 = [6.14],
  sigma_plus_tau_465 = [4.11],
  sigma_plus_tau_471 = [3.59],
  sigma_plus_tau_472 = [12.91],
  sigma_plus_tau_473 = [2.79],
  sigma_plus_tau_474 = [9.02],
  sigma_plus_tau_475 = [5.40],
  sigma_plus_tau_481 = [9.48],
  sigma_plus_tau_482 = [8.98],
  sigma_plus_tau_483 = [8.38],
  sigma_plus_tau_484 = [6.29],
  sigma_plus_tau_485 = [4.63],
  sigma_plus_tau_491 = [1.99],
  sigma_plus_tau_492 = [7.47],
  sigma_plus_tau_493 = [7.76],
  sigma_plus_tau_494 = [5.05],
  sigma_plus_tau_495 = [4.06],
  sigma_plus_tau_501 = [4.72],
  sigma_plus_tau_502 = [7.47],
  sigma_plus_tau_503 = [3.52],
  sigma_plus_tau_504 = [9.48],
  sigma_plus_tau_505 = [2.18],
  sigma_plus_tau_511 = [2.58],
  sigma_plus_tau_512 = [5.10],
  sigma_plus_tau_513 = [1.77],
  sigma_plus_tau_514 = [2.10],
  sigma_plus_tau_515 = [4.58],
  sigma_plus_tau_521 = [2.23],
  sigma_plus_tau_522 = [6.73],
  sigma_plus_tau_523 = [7.43],
  sigma_plus_tau_524 = [7.33],
  sigma_plus_tau_525 = [6.47],
  sigma_plus_tau_531 = [4.99],
  sigma_plus_tau_532 = [6.49],
  sigma_plus_tau_533 = [4.93],
  sigma_plus_tau_534 = [2.34],
  sigma_plus_tau_535 = [3.28],
  sigma_plus_tau_541 = [6.44],
  sigma_plus_tau_542 = [8.91],
  sigma_plus_tau_543 = [6.21],
  sigma_plus_tau_544 = [1.37],
  sigma_plus_tau_545 = [6.87],
  sigma_plus_tau_551 = [4.05],
  sigma_plus_tau_552 = [7.25],
  sigma_plus_tau_553 = [8.38],
  sigma_plus_tau_554 = [4.52],
  sigma_plus_tau_555 = [3.56],
  sigma_plus_tau_561 = [7.76],
  sigma_plus_tau_562 = [6.11],
  sigma_plus_tau_563 = [11.48],
  sigma_plus_tau_564 = [1.65],
  sigma_plus_tau_565 = [7.65],
  sigma_plus_tau_571 = [3.70],
  sigma_plus_tau_572 = [7.73],
  sigma_plus_tau_573 = [10.12],
  sigma_plus_tau_574 = [1.95],
  sigma_plus_tau_575 = [9.35],
  sigma_plus_tau_581 = [5.66],
  sigma_plus_tau_582 = [2.94],
  sigma_plus_tau_583 = [1.87],
  sigma_plus_tau_584 = [2.74],
  sigma_plus_tau_585 = [5.01],
  sigma_plus_tau_591 = [2.25],
  sigma_plus_tau_592 = [6.84],
  sigma_plus_tau_593 = [8.09],
  sigma_plus_tau_594 = [2.16],
  sigma_plus_tau_595 = [7.97],
  sigma_plus_tau_601 = [2.10],
  sigma_plus_tau_602 = [9.64],
  sigma_plus_tau_603 = [6.40],
  sigma_plus_tau_604 = [9.20],
  sigma_plus_tau_605 = [11.05],
]

Sigma - ¦Ó_{jk} = [
  sigma_minus_tau_11 = [-1.74],
  sigma_minus_tau_12 = [-2.20],
  sigma_minus_tau_13 = [-1.93],
  sigma_minus_tau_14 = [-1.51],
  sigma_minus_tau_15 = [-2.77],
  sigma_minus_tau_21 = [-3.42],
  sigma_minus_tau_22 = [-1.38],
  sigma_minus_tau_23 = [-1.86],
  sigma_minus_tau_24 = [-0.93],
  sigma_minus_tau_25 = [-1.18],
  sigma_minus_tau_31 = [-4.01],
  sigma_minus_tau_32 = [-2.03],
  sigma_minus_tau_33 = [-2.99],
  sigma_minus_tau_34 = [-2.01],
  sigma_minus_tau_35 = [-1.73],
  sigma_minus_tau_41 = [-3.48],
  sigma_minus_tau_42 = [-2.86],
  sigma_minus_tau_43 = [-2.46],
  sigma_minus_tau_44 = [-0.84],
  sigma_minus_tau_45 = [-1.96],
  sigma_minus_tau_51 = [-1.12],
  sigma_minus_tau_52 = [-0.76],
  sigma_minus_tau_53 = [-3.72],
  sigma_minus_tau_54 = [-1.45],
  sigma_minus_tau_55 = [-0.59],
  sigma_minus_tau_61 = [-0.63],
  sigma_minus_tau_62 = [-4.03],
  sigma_minus_tau_63 = [-0.76],
  sigma_minus_tau_64 = [-1.77],
  sigma_minus_tau_65 = [-3.93],
  sigma_minus_tau_71 = [-2.96],
  sigma_minus_tau_72 = [-2.68],
  sigma_minus_tau_73 = [-2.37],
  sigma_minus_tau_74 = [-0.89],
  sigma_minus_tau_75 = [-1.38],
  sigma_minus_tau_81 = [-0.68],
  sigma_minus_tau_82 = [-2.79],
  sigma_minus_tau_83 = [-1.64],
  sigma_minus_tau_84 = [-1.36],
  sigma_minus_tau_85 = [-3.38],
  sigma_minus_tau_91 = [-2.75],
  sigma_minus_tau_92 = [-1.13],
  sigma_minus_tau_93 = [-0.84],
  sigma_minus_tau_94 = [-3.93],
  sigma_minus_tau_95 = [-1.61],
  sigma_minus_tau_101 = [-2.21],
  sigma_minus_tau_102 = [-0.37],
  sigma_minus_tau_103 = [-1.96],
  sigma_minus_tau_104 = [-2.88],
  sigma_minus_tau_105 = [-1.65],
  sigma_minus_tau_111 = [-2.49],
  sigma_minus_tau_112 = [-0.57],
  sigma_minus_tau_113 = [-3.65],
  sigma_minus_tau_114 = [-2.69],
  sigma_minus_tau_115 = [-1.57],
  sigma_minus_tau_121 = [-2.50],
  sigma_minus_tau_122 = [-3.55],
  sigma_minus_tau_123 = [-1.91],
  sigma_minus_tau_124 = [-3.67],
  sigma_minus_tau_125 = [-1.00],
  sigma_minus_tau_131 = [-2.92],
  sigma_minus_tau_132 = [-4.04],
  sigma_minus_tau_133 = [-3.41],
  sigma_minus_tau_134 = [-1.09],
  sigma_minus_tau_135 = [-1.52],
  sigma_minus_tau_141 = [-1.29],
  sigma_minus_tau_142 = [-0.65],
  sigma_minus_tau_143 = [-3.94],
  sigma_minus_tau_144 = [-0.56],
  sigma_minus_tau_145 = [-1.94],
  sigma_minus_tau_151 = [-3.57],
  sigma_minus_tau_152 = [-1.81],
  sigma_minus_tau_153 = [-1.46],
  sigma_minus_tau_154 = [-3.03],
  sigma_minus_tau_155 = [-1.64],
  sigma_minus_tau_161 = [-2.22],
  sigma_minus_tau_162 = [-1.93],
  sigma_minus_tau_163 = [-0.50],
  sigma_minus_tau_164 = [-1.27],
  sigma_minus_tau_165 = [-3.26],
  sigma_minus_tau_171 = [-2.55],
  sigma_minus_tau_172 = [-3.32],
  sigma_minus_tau_173 = [-2.73],
  sigma_minus_tau_174 = [-0.69],
  sigma_minus_tau_175 = [-3.17],
  sigma_minus_tau_181 = [-1.95],
  sigma_minus_tau_182 = [-2.61],
  sigma_minus_tau_183 = [-0.52],
  sigma_minus_tau_184 = [-1.30],
  sigma_minus_tau_185 = [-1.45],
  sigma_minus_tau_191 = [-3.41],
  sigma_minus_tau_192 = [-2.84],
  sigma_minus_tau_193 = [-1.57],
  sigma_minus_tau_194 = [-3.86],
  sigma_minus_tau_195 = [-1.55],
  sigma_minus_tau_201 = [-0.71],
  sigma_minus_tau_202 = [-1.73],
  sigma_minus_tau_203 = [-1.87],
  sigma_minus_tau_204 = [-2.75],
  sigma_minus_tau_205 = [-1.93],
  sigma_minus_tau_211 = [-1.67],
  sigma_minus_tau_212 = [-3.78],
  sigma_minus_tau_213 = [-1.82],
  sigma_minus_tau_214 = [-3.35],
  sigma_minus_tau_215 = [-0.49],
  sigma_minus_tau_221 = [-1.92],
  sigma_minus_tau_222 = [-0.78],
  sigma_minus_tau_223 = [-1.29],
  sigma_minus_tau_224 = [-0.92],
  sigma_minus_tau_225 = [-0.64],
  sigma_minus_tau_231 = [-3.68],
  sigma_minus_tau_232 = [-1.82],
  sigma_minus_tau_233 = [-1.25],
  sigma_minus_tau_234 = [-0.77],
  sigma_minus_tau_235 = [-4.53],
  sigma_minus_tau_241 = [-2.65],
  sigma_minus_tau_242 = [-1.26],
  sigma_minus_tau_243 = [-1.47],
  sigma_minus_tau_244 = [-2.15],
  sigma_minus_tau_245 = [-0.92],
  sigma_minus_tau_251 = [-2.43],
  sigma_minus_tau_252 = [-2.05],
  sigma_minus_tau_253 = [-2.52],
  sigma_minus_tau_254 = [-2.94],
  sigma_minus_tau_255 = [-2.75],
  sigma_minus_tau_261 = [-2.78],
  sigma_minus_tau_262 = [-2.88],
  sigma_minus_tau_263 = [-1.94],
  sigma_minus_tau_264 = [-1.77],
  sigma_minus_tau_265 = [-1.94],
  sigma_minus_tau_271 = [-2.54],
  sigma_minus_tau_272 = [-1.40],
  sigma_minus_tau_273 = [-0.51],
  sigma_minus_tau_274 = [-1.44],
  sigma_minus_tau_275 = [-2.27],
  sigma_minus_tau_281 = [-3.39],
  sigma_minus_tau_282 = [-1.52],
  sigma_minus_tau_283 = [-1.70],
  sigma_minus_tau_284 = [-0.52],
  sigma_minus_tau_285 = [-3.17],
  sigma_minus_tau_291 = [-2.21],
  sigma_minus_tau_292 = [-3.21],
  sigma_minus_tau_293 = [-3.84],
  sigma_minus_tau_294 = [-0.55],
  sigma_minus_tau_295 = [-1.45],
  sigma_minus_tau_301 = [-1.31],
  sigma_minus_tau_302 = [-2.22],
  sigma_minus_tau_303 = [-2.18],
  sigma_minus_tau_304 = [-2.38],
  sigma_minus_tau_305 = [-2.69],
  sigma_minus_tau_311 = [-2.73],
  sigma_minus_tau_312 = [-0.61],
  sigma_minus_tau_313 = [-1.73],
  sigma_minus_tau_314 = [-2.19],
  sigma_minus_tau_315 = [-1.34],
  sigma_minus_tau_321 = [-1.95],
  sigma_minus_tau_322 = [-0.90],
  sigma_minus_tau_323 = [-0.51],
  sigma_minus_tau_324 = [-1.12],
  sigma_minus_tau_325 = [-3.07],
  sigma_minus_tau_331 = [-2.03],
  sigma_minus_tau_332 = [-3.02],
  sigma_minus_tau_333 = [-4.27],
  sigma_minus_tau_334 = [-0.46],
  sigma_minus_tau_335 = [-1.78],
  sigma_minus_tau_341 = [-3.06],
  sigma_minus_tau_342 = [-2.38],
  sigma_minus_tau_343 = [-3.36],
  sigma_minus_tau_344 = [-1.48],
  sigma_minus_tau_345 = [-3.00],
  sigma_minus_tau_351 = [-1.45],
  sigma_minus_tau_352 = [-2.27],
  sigma_minus_tau_353 = [-2.13],
  sigma_minus_tau_354 = [-1.41],
  sigma_minus_tau_355 = [-1.26],
  sigma_minus_tau_361 = [-0.59],
  sigma_minus_tau_362 = [-2.02],
  sigma_minus_tau_363 = [-3.04],
  sigma_minus_tau_364 = [-3.78],
  sigma_minus_tau_365 = [-1.30],
  sigma_minus_tau_371 = [-0.87],
  sigma_minus_tau_372 = [-2.53],
  sigma_minus_tau_373 = [-1.08],
  sigma_minus_tau_374 = [-1.35],
  sigma_minus_tau_375 = [-3.69],
  sigma_minus_tau_381 = [-2.68],
  sigma_minus_tau_382 = [-0.61],
  sigma_minus_tau_383 = [-0.63],
  sigma_minus_tau_384 = [-0.45],
  sigma_minus_tau_385 = [-0.61],
  sigma_minus_tau_391 = [-3.86],
  sigma_minus_tau_392 = [-3.50],
  sigma_minus_tau_393 = [-1.83],
  sigma_minus_tau_394 = [-2.14],
  sigma_minus_tau_395 = [-0.72],
  sigma_minus_tau_401 = [-2.36],
  sigma_minus_tau_402 = [-1.27],
  sigma_minus_tau_403 = [-2.83],
  sigma_minus_tau_404 = [-3.84],
  sigma_minus_tau_405 = [-1.95],
  sigma_minus_tau_411 = [-0.45],
  sigma_minus_tau_412 = [-2.76],
  sigma_minus_tau_413 = [-1.45],
  sigma_minus_tau_414 = [-1.68],
  sigma_minus_tau_415 = [-4.01],
  sigma_minus_tau_421 = [-1.40],
  sigma_minus_tau_422 = [-1.64],
  sigma_minus_tau_423 = [-2.48],
  sigma_minus_tau_424 = [-0.54],
  sigma_minus_tau_425 = [-1.85],
  sigma_minus_tau_431 = [-1.89],
  sigma_minus_tau_432 = [-3.14],
  sigma_minus_tau_433 = [-0.69],
  sigma_minus_tau_434 = [-0.63],
  sigma_minus_tau_435 = [-0.59],
  sigma_minus_tau_441 = [-2.14],
  sigma_minus_tau_442 = [-2.12],
  sigma_minus_tau_443 = [-2.92],
  sigma_minus_tau_444 = [-0.83],
  sigma_minus_tau_445 = [-1.06],
  sigma_minus_tau_451 = [-3.31],
  sigma_minus_tau_452 = [-1.55],
  sigma_minus_tau_453 = [-3.37],
  sigma_minus_tau_454 = [-0.73],
  sigma_minus_tau_455 = [-2.26],
  sigma_minus_tau_461 = [-2.70],
  sigma_minus_tau_462 = [-3.44],
  sigma_minus_tau_463 = [-3.67],
  sigma_minus_tau_464 = [-2.05],
  sigma_minus_tau_465 = [-1.37],
  sigma_minus_tau_471 = [-1.20],
  sigma_minus_tau_472 = [-4.30],
  sigma_minus_tau_473 = [-0.93],
  sigma_minus_tau_474 = [-3.01],
  sigma_minus_tau_475 = [-1.80],
  sigma_minus_tau_481 = [-3.16],
  sigma_minus_tau_482 = [-2.99],
  sigma_minus_tau_483 = [-2.79],
  sigma_minus_tau_484 = [-2.10],
  sigma_minus_tau_485 = [-1.54],
  sigma_minus_tau_491 = [-0.66],
  sigma_minus_tau_492 = [-2.49],
  sigma_minus_tau_493 = [-2.59],
  sigma_minus_tau_494 = [-1.68],
  sigma_minus_tau_495 = [-1.35],
  sigma_minus_tau_501 = [-1.57],
  sigma_minus_tau_502 = [-2.49],
  sigma_minus_tau_503 = [-1.17],
  sigma_minus_tau_504 = [-3.16],
  sigma_minus_tau_505 = [-0.73],
  sigma_minus_tau_511 = [-0.86],
  sigma_minus_tau_512 = [-1.70],
  sigma_minus_tau_513 = [-0.59],
  sigma_minus_tau_514 = [-0.70],
  sigma_minus_tau_515 = [-1.53],
  sigma_minus_tau_521 = [-0.74],
  sigma_minus_tau_522 = [-2.24],
  sigma_minus_tau_523 = [-2.48],
  sigma_minus_tau_524 = [-2.44],
  sigma_minus_tau_525 = [-2.16],
  sigma_minus_tau_531 = [-1.66],
  sigma_minus_tau_532 = [-2.16],
  sigma_minus_tau_533 = [-1.64],
  sigma_minus_tau_534 = [-0.78],
  sigma_minus_tau_535 = [-1.09],
  sigma_minus_tau_541 = [-2.15],
  sigma_minus_tau_542 = [-2.97],
  sigma_minus_tau_543 = [-2.07],
  sigma_minus_tau_544 = [-0.46],
  sigma_minus_tau_545 = [-2.29],
  sigma_minus_tau_551 = [-1.35],
  sigma_minus_tau_552 = [-2.42],
  sigma_minus_tau_553 = [-2.79],
  sigma_minus_tau_554 = [-1.51],
  sigma_minus_tau_555 = [-1.19],
  sigma_minus_tau_561 = [-2.59],
  sigma_minus_tau_562 = [-2.04],
  sigma_minus_tau_563 = [-3.83],
  sigma_minus_tau_564 = [-0.55],
  sigma_minus_tau_565 = [-2.55],
  sigma_minus_tau_571 = [-1.23],
  sigma_minus_tau_572 = [-2.58],
  sigma_minus_tau_573 = [-3.37],
  sigma_minus_tau_574 = [-0.65],
  sigma_minus_tau_575 = [-3.12],
  sigma_minus_tau_581 = [-1.89],
  sigma_minus_tau_582 = [-0.98],
  sigma_minus_tau_583 = [-0.62],
  sigma_minus_tau_584 = [-0.91],
  sigma_minus_tau_585 = [-1.67],
  sigma_minus_tau_591 = [-0.75],
  sigma_minus_tau_592 = [-2.28],
  sigma_minus_tau_593 = [-2.70],
  sigma_minus_tau_594 = [-0.72],
  sigma_minus_tau_595 = [-2.66],
  sigma_minus_tau_601 = [-0.70],
  sigma_minus_tau_602 = [-3.21],
  sigma_minus_tau_603 = [-2.13],
  sigma_minus_tau_604 = [-3.07],
  sigma_minus_tau_605 = [-3.68],
]

Probabilities (p_s) = [
0.05, 0.05, 0.05, 0.05, 0.05, 0.05, 0.05, 0.05, 0.05, 0.05, 0.05, 0.05, 0.05, 0.05, 0.05, 0.05, 0.05, 0.05, 0.05, 0.05
]

c_bar = 7.00
