Jobs = 30
Machines = 10
Scenarios = 20

Transportation Times (tjk^s) = [
  tjk_11 = [8.02, 7.72, 7.94, 7.31, 7.84, 7.48, 8.02, 7.73, 7.98, 7.78, 7.89, 7.98, 7.57, 7.36, 7.98, 7.62, 7.85, 8.02, 7.31, 7.42],
  tjk_12 = [8.15, 7.85, 8.07, 7.43, 7.97, 7.60, 8.15, 7.86, 8.11, 7.91, 8.02, 8.11, 7.69, 7.48, 8.11, 7.74, 7.98, 8.15, 7.43, 7.54],
  tjk_13 = [7.72, 7.43, 7.65, 7.03, 7.55, 7.20, 7.72, 7.44, 7.68, 7.49, 7.59, 7.68, 7.28, 7.09, 7.68, 7.33, 7.56, 7.72, 7.03, 7.14],
  tjk_14 = [8.09, 7.79, 8.02, 7.37, 7.91, 7.55, 8.09, 7.80, 8.05, 7.85, 7.96, 8.06, 7.64, 7.43, 8.06, 7.69, 7.93, 8.09, 7.37, 7.49],
  tjk_15 = [8.26, 7.96, 8.19, 7.53, 8.08, 7.71, 8.26, 7.97, 8.23, 8.02, 8.13, 8.23, 7.80, 7.59, 8.23, 7.85, 8.09, 8.26, 7.53, 7.65],
  tjk_16 = [8.42, 8.10, 8.34, 7.67, 8.23, 7.85, 8.42, 8.12, 8.38, 8.17, 8.28, 8.38, 7.94, 7.73, 8.38, 8.00, 8.24, 8.42, 7.67, 7.79],
  tjk_17 = [8.40, 8.09, 8.32, 7.65, 8.21, 7.84, 8.40, 8.10, 8.36, 8.15, 8.27, 8.36, 7.93, 7.71, 8.36, 7.98, 8.23, 8.40, 7.65, 7.77],
  tjk_18 = [7.90, 7.61, 7.83, 7.20, 7.73, 7.37, 7.90, 7.62, 7.87, 7.67, 7.78, 7.87, 7.46, 7.26, 7.87, 7.51, 7.74, 7.90, 7.20, 7.32],
  tjk_19 = [7.95, 7.66, 7.88, 7.25, 7.78, 7.42, 7.95, 7.67, 7.92, 7.72, 7.83, 7.92, 7.50, 7.30, 7.92, 7.56, 7.79, 7.95, 7.25, 7.36],
  tjk_110 = [8.12, 7.82, 8.05, 7.40, 7.94, 7.58, 8.12, 7.83, 8.09, 7.88, 7.99, 8.09, 7.67, 7.46, 8.09, 7.72, 7.96, 8.12, 7.40, 7.52],
  tjk_21 = [3.85, 3.71, 3.81, 3.51, 3.76, 3.59, 3.85, 3.71, 3.83, 3.73, 3.79, 3.83, 3.63, 3.53, 3.83, 3.66, 3.77, 3.85, 3.51, 3.56],
  tjk_22 = [3.91, 3.77, 3.88, 3.56, 3.83, 3.65, 3.91, 3.77, 3.89, 3.80, 3.85, 3.89, 3.69, 3.59, 3.89, 3.72, 3.83, 3.91, 3.56, 3.62],
  tjk_23 = [3.70, 3.57, 3.67, 3.38, 3.62, 3.46, 3.70, 3.57, 3.69, 3.60, 3.65, 3.69, 3.50, 3.40, 3.69, 3.52, 3.63, 3.70, 3.38, 3.43],
  tjk_24 = [3.88, 3.74, 3.85, 3.54, 3.80, 3.62, 3.88, 3.74, 3.87, 3.77, 3.82, 3.87, 3.66, 3.57, 3.87, 3.69, 3.80, 3.88, 3.54, 3.59],
  tjk_25 = [3.97, 3.82, 3.93, 3.61, 3.88, 3.70, 3.97, 3.82, 3.95, 3.85, 3.90, 3.95, 3.74, 3.64, 3.95, 3.77, 3.89, 3.97, 3.61, 3.67],
  tjk_26 = [4.04, 3.89, 4.00, 3.68, 3.95, 3.77, 4.04, 3.90, 4.02, 3.92, 3.98, 4.02, 3.81, 3.71, 4.02, 3.84, 3.96, 4.04, 3.68, 3.74],
  tjk_27 = [4.03, 3.88, 3.99, 3.67, 3.94, 3.76, 4.03, 3.89, 4.01, 3.91, 3.97, 4.01, 3.80, 3.70, 4.01, 3.83, 3.95, 4.03, 3.67, 3.73],
  tjk_28 = [3.79, 3.65, 3.76, 3.46, 3.71, 3.54, 3.79, 3.66, 3.78, 3.68, 3.73, 3.78, 3.58, 3.48, 3.78, 3.61, 3.72, 3.79, 3.46, 3.51],
  tjk_29 = [3.82, 3.68, 3.78, 3.48, 3.73, 3.56, 3.82, 3.68, 3.80, 3.70, 3.76, 3.80, 3.60, 3.50, 3.80, 3.63, 3.74, 3.82, 3.48, 3.53],
  tjk_210 = [3.90, 3.75, 3.86, 3.55, 3.81, 3.64, 3.90, 3.76, 3.88, 3.78, 3.84, 3.88, 3.68, 3.58, 3.88, 3.71, 3.82, 3.90, 3.55, 3.61],
  tjk_31 = [8.00, 7.70, 7.92, 7.29, 7.82, 7.46, 8.00, 7.71, 7.96, 7.76, 7.87, 7.96, 7.55, 7.34, 7.96, 7.60, 7.83, 8.00, 7.29, 7.40],
  tjk_32 = [8.13, 7.83, 8.05, 7.41, 7.95, 7.58, 8.13, 7.84, 8.09, 7.89, 8.00, 8.09, 7.67, 7.46, 8.09, 7.72, 7.96, 8.13, 7.41, 7.52],
  tjk_33 = [7.70, 7.41, 7.63, 7.01, 7.53, 7.18, 7.70, 7.42, 7.66, 7.47, 7.58, 7.66, 7.26, 7.07, 7.66, 7.31, 7.54, 7.70, 7.01, 7.12],
  tjk_34 = [8.07, 7.77, 8.00, 7.35, 7.89, 7.53, 8.07, 7.78, 8.03, 7.83, 7.94, 8.03, 7.62, 7.41, 8.03, 7.67, 7.91, 8.07, 7.35, 7.47],
  tjk_35 = [8.24, 7.94, 8.17, 7.51, 8.06, 7.69, 8.24, 7.95, 8.20, 8.00, 8.11, 8.21, 7.78, 7.57, 8.21, 7.83, 8.07, 8.24, 7.51, 7.63],
  tjk_36 = [8.40, 8.08, 8.32, 7.65, 8.21, 7.83, 8.40, 8.09, 8.36, 8.15, 8.26, 8.36, 7.92, 7.71, 8.36, 7.98, 8.22, 8.39, 7.65, 7.77],
  tjk_37 = [8.38, 8.07, 8.30, 7.64, 8.19, 7.82, 8.38, 8.08, 8.34, 8.13, 8.25, 8.34, 7.91, 7.69, 8.34, 7.96, 8.21, 8.38, 7.63, 7.75],
  tjk_38 = [7.88, 7.59, 7.81, 7.18, 7.71, 7.36, 7.88, 7.60, 7.85, 7.65, 7.76, 7.85, 7.44, 7.24, 7.85, 7.49, 7.72, 7.88, 7.18, 7.30],
  tjk_39 = [7.93, 7.64, 7.86, 7.23, 7.76, 7.40, 7.93, 7.65, 7.90, 7.70, 7.81, 7.90, 7.49, 7.28, 7.90, 7.54, 7.77, 7.93, 7.23, 7.34],
  tjk_310 = [8.10, 7.80, 8.03, 7.38, 7.92, 7.56, 8.10, 7.81, 8.07, 7.86, 7.97, 8.07, 7.65, 7.44, 8.07, 7.70, 7.94, 8.10, 7.38, 7.50],
  tjk_41 = [18.33, 17.65, 18.16, 16.70, 17.93, 17.10, 18.33, 17.67, 18.25, 17.79, 18.04, 18.25, 17.30, 16.83, 18.25, 17.42, 17.96, 18.33, 16.70, 16.97],
  tjk_42 = [18.63, 17.94, 18.46, 16.98, 18.22, 17.38, 18.63, 17.97, 18.55, 18.08, 18.34, 18.55, 17.58, 17.11, 18.55, 17.71, 18.25, 18.63, 16.98, 17.24],
  tjk_43 = [17.65, 16.99, 17.48, 16.08, 17.26, 16.46, 17.65, 17.01, 17.56, 17.12, 17.37, 17.57, 16.65, 16.20, 17.57, 16.77, 17.28, 17.64, 16.08, 16.33],
  tjk_44 = [18.50, 17.81, 18.33, 16.86, 18.09, 17.26, 18.50, 17.84, 18.42, 17.95, 18.21, 18.42, 17.46, 16.99, 18.42, 17.58, 18.12, 18.50, 16.86, 17.12],
  tjk_45 = [18.90, 18.19, 18.72, 17.22, 18.48, 17.63, 18.90, 18.22, 18.81, 18.34, 18.59, 18.81, 17.83, 17.35, 18.81, 17.95, 18.51, 18.89, 17.22, 17.49],
  tjk_46 = [19.25, 18.53, 19.07, 17.54, 18.82, 17.96, 19.25, 18.56, 19.16, 18.68, 18.94, 19.16, 18.16, 17.67, 19.16, 18.29, 18.85, 19.24, 17.54, 17.81],
  tjk_47 = [19.21, 18.49, 19.03, 17.50, 18.78, 17.92, 19.21, 18.52, 19.12, 18.64, 18.90, 19.12, 18.12, 17.63, 19.12, 18.25, 18.81, 19.20, 17.50, 17.78],
  tjk_48 = [18.07, 17.40, 17.91, 16.47, 17.67, 16.86, 18.07, 17.43, 17.99, 17.54, 17.79, 17.99, 17.05, 16.59, 17.99, 17.17, 17.70, 18.07, 16.47, 16.73],
  tjk_49 = [18.19, 17.51, 18.02, 16.57, 17.78, 16.97, 18.19, 17.53, 18.10, 17.65, 17.90, 18.10, 17.16, 16.70, 18.10, 17.28, 17.81, 18.18, 16.57, 16.83],
  tjk_410 = [18.57, 17.88, 18.40, 16.93, 18.16, 17.33, 18.57, 17.91, 18.49, 18.03, 18.28, 18.49, 17.53, 17.05, 18.49, 17.65, 18.19, 18.57, 16.92, 17.19],
  tjk_51 = [24.34, 23.44, 24.12, 22.18, 23.80, 22.71, 24.34, 23.47, 24.23, 23.62, 23.95, 24.23, 22.97, 22.35, 24.23, 23.13, 23.84, 24.34, 22.18, 22.53],
  tjk_52 = [24.74, 23.82, 24.51, 22.55, 24.20, 23.08, 24.74, 23.86, 24.63, 24.01, 24.35, 24.63, 23.35, 22.71, 24.63, 23.51, 24.24, 24.74, 22.55, 22.90],
  tjk_53 = [23.43, 22.56, 23.22, 21.35, 22.91, 21.86, 23.43, 22.59, 23.32, 22.74, 23.06, 23.33, 22.11, 21.51, 23.33, 22.27, 22.95, 23.43, 21.35, 21.69],
  tjk_54 = [24.57, 23.66, 24.34, 22.39, 24.03, 22.92, 24.57, 23.69, 24.45, 23.84, 24.18, 24.46, 23.18, 22.55, 24.46, 23.34, 24.06, 24.56, 22.39, 22.74],
  tjk_55 = [25.09, 24.16, 24.86, 22.86, 24.54, 23.41, 25.09, 24.19, 24.98, 24.35, 24.69, 24.98, 23.67, 23.03, 24.98, 23.84, 24.58, 25.09, 22.86, 23.22],
  tjk_56 = [25.56, 24.61, 25.32, 23.29, 24.99, 23.84, 25.56, 24.64, 25.44, 24.80, 25.15, 25.44, 24.11, 23.46, 25.44, 24.28, 25.03, 25.55, 23.29, 23.65],
  tjk_57 = [25.50, 24.56, 25.27, 23.24, 24.94, 23.80, 25.51, 24.59, 25.39, 24.75, 25.10, 25.39, 24.07, 23.41, 25.39, 24.23, 24.98, 25.50, 23.24, 23.60],
  tjk_58 = [24.00, 23.11, 23.78, 21.87, 23.47, 22.39, 24.00, 23.14, 23.89, 23.29, 23.62, 23.89, 22.64, 22.03, 23.89, 22.80, 23.51, 23.99, 21.87, 22.21],
  tjk_59 = [24.15, 23.25, 23.93, 22.01, 23.61, 22.53, 24.15, 23.28, 24.04, 23.43, 23.76, 24.04, 22.79, 22.17, 24.04, 22.95, 23.65, 24.14, 22.00, 22.35],
  tjk_510 = [24.66, 23.75, 24.44, 22.48, 24.12, 23.01, 24.66, 23.78, 24.55, 23.94, 24.27, 24.55, 23.27, 22.64, 24.55, 23.44, 24.16, 24.66, 22.47, 22.83],
  tjk_61 = [6.23, 6.00, 6.17, 5.68, 6.09, 5.81, 6.23, 6.00, 6.20, 6.04, 6.13, 6.20, 5.88, 5.72, 6.20, 5.92, 6.10, 6.23, 5.67, 5.76],
  tjk_62 = [6.33, 6.10, 6.27, 5.77, 6.19, 5.91, 6.33, 6.10, 6.30, 6.14, 6.23, 6.30, 5.97, 5.81, 6.30, 6.02, 6.20, 6.33, 5.77, 5.86],
  tjk_63 = [5.99, 5.77, 5.94, 5.46, 5.86, 5.59, 6.00, 5.78, 5.97, 5.82, 5.90, 5.97, 5.66, 5.50, 5.97, 5.70, 5.87, 5.99, 5.46, 5.55],
  tjk_64 = [6.29, 6.05, 6.23, 5.73, 6.15, 5.86, 6.29, 6.06, 6.26, 6.10, 6.19, 6.26, 5.93, 5.77, 6.26, 5.97, 6.16, 6.28, 5.73, 5.82],
  tjk_65 = [6.42, 6.18, 6.36, 5.85, 6.28, 5.99, 6.42, 6.19, 6.39, 6.23, 6.32, 6.39, 6.06, 5.89, 6.39, 6.10, 6.29, 6.42, 5.85, 5.94],
  tjk_66 = [6.54, 6.30, 6.48, 5.96, 6.39, 6.10, 6.54, 6.30, 6.51, 6.34, 6.43, 6.51, 6.17, 6.00, 6.51, 6.21, 6.40, 6.54, 5.96, 6.05],
  tjk_67 = [6.53, 6.28, 6.46, 5.95, 6.38, 6.09, 6.53, 6.29, 6.50, 6.33, 6.42, 6.50, 6.16, 5.99, 6.50, 6.20, 6.39, 6.52, 5.95, 6.04],
  tjk_68 = [6.14, 5.91, 6.08, 5.60, 6.00, 5.73, 6.14, 5.92, 6.11, 5.96, 6.04, 6.11, 5.79, 5.64, 6.11, 5.83, 6.01, 6.14, 5.59, 5.68],
  tjk_69 = [6.18, 5.95, 6.12, 5.63, 6.04, 5.76, 6.18, 5.96, 6.15, 6.00, 6.08, 6.15, 5.83, 5.67, 6.15, 5.87, 6.05, 6.18, 5.63, 5.72],
  tjk_610 = [6.31, 6.08, 6.25, 5.75, 6.17, 5.89, 6.31, 6.08, 6.28, 6.12, 6.21, 6.28, 5.95, 5.79, 6.28, 6.00, 6.18, 6.31, 5.75, 5.84],
  tjk_71 = [1.09, 1.05, 1.08, 0.99, 1.06, 1.01, 1.09, 1.05, 1.08, 1.05, 1.07, 1.08, 1.02, 1.00, 1.08, 1.03, 1.06, 1.09, 0.99, 1.01],
  tjk_72 = [1.10, 1.06, 1.09, 1.01, 1.08, 1.03, 1.10, 1.06, 1.10, 1.07, 1.09, 1.10, 1.04, 1.01, 1.10, 1.05, 1.08, 1.10, 1.01, 1.02],
  tjk_73 = [1.05, 1.01, 1.04, 0.95, 1.02, 0.98, 1.05, 1.01, 1.04, 1.01, 1.03, 1.04, 0.99, 0.96, 1.04, 0.99, 1.02, 1.05, 0.95, 0.97],
  tjk_74 = [1.10, 1.06, 1.09, 1.00, 1.07, 1.02, 1.10, 1.06, 1.09, 1.06, 1.08, 1.09, 1.03, 1.01, 1.09, 1.04, 1.07, 1.10, 1.00, 1.01],
  tjk_75 = [1.12, 1.08, 1.11, 1.02, 1.09, 1.04, 1.12, 1.08, 1.11, 1.09, 1.10, 1.11, 1.06, 1.03, 1.11, 1.06, 1.10, 1.12, 1.02, 1.04],
  tjk_76 = [1.14, 1.10, 1.13, 1.04, 1.12, 1.06, 1.14, 1.10, 1.14, 1.11, 1.12, 1.14, 1.08, 1.05, 1.14, 1.08, 1.12, 1.14, 1.04, 1.06],
  tjk_77 = [1.14, 1.10, 1.13, 1.04, 1.11, 1.06, 1.14, 1.10, 1.13, 1.10, 1.12, 1.13, 1.07, 1.04, 1.13, 1.08, 1.11, 1.14, 1.04, 1.05],
  tjk_78 = [1.07, 1.03, 1.06, 0.98, 1.05, 1.00, 1.07, 1.03, 1.07, 1.04, 1.05, 1.07, 1.01, 0.98, 1.07, 1.02, 1.05, 1.07, 0.98, 0.99],
  tjk_79 = [1.08, 1.04, 1.07, 0.98, 1.05, 1.01, 1.08, 1.04, 1.07, 1.05, 1.06, 1.07, 1.02, 0.99, 1.07, 1.02, 1.06, 1.08, 0.98, 1.00],
  tjk_710 = [1.10, 1.06, 1.09, 1.00, 1.08, 1.03, 1.10, 1.06, 1.10, 1.07, 1.08, 1.10, 1.04, 1.01, 1.10, 1.05, 1.08, 1.10, 1.00, 1.02],
  tjk_81 = [3.29, 3.17, 3.26, 3.00, 3.22, 3.07, 3.29, 3.17, 3.27, 3.19, 3.24, 3.27, 3.10, 3.02, 3.27, 3.13, 3.22, 3.29, 3.00, 3.04],
  tjk_82 = [3.34, 3.22, 3.31, 3.05, 3.27, 3.12, 3.34, 3.22, 3.33, 3.25, 3.29, 3.33, 3.16, 3.07, 3.33, 3.18, 3.28, 3.34, 3.05, 3.09],
  tjk_83 = [3.17, 3.05, 3.14, 2.89, 3.10, 2.95, 3.17, 3.05, 3.15, 3.07, 3.12, 3.15, 2.99, 2.91, 3.15, 3.01, 3.10, 3.17, 2.89, 2.93],
  tjk_84 = [3.32, 3.20, 3.29, 3.03, 3.25, 3.10, 3.32, 3.20, 3.30, 3.22, 3.27, 3.31, 3.13, 3.05, 3.31, 3.15, 3.25, 3.32, 3.03, 3.07],
  tjk_85 = [3.39, 3.26, 3.36, 3.09, 3.32, 3.16, 3.39, 3.27, 3.38, 3.29, 3.34, 3.38, 3.20, 3.11, 3.38, 3.22, 3.32, 3.39, 3.09, 3.14],
  tjk_86 = [3.45, 3.33, 3.42, 3.15, 3.38, 3.22, 3.45, 3.33, 3.44, 3.35, 3.40, 3.44, 3.26, 3.17, 3.44, 3.28, 3.38, 3.45, 3.15, 3.20],
  tjk_87 = [3.45, 3.32, 3.42, 3.14, 3.37, 3.22, 3.45, 3.32, 3.43, 3.35, 3.39, 3.43, 3.25, 3.16, 3.43, 3.28, 3.38, 3.45, 3.14, 3.19],
  tjk_88 = [3.24, 3.12, 3.21, 2.96, 3.17, 3.03, 3.24, 3.13, 3.23, 3.15, 3.19, 3.23, 3.06, 2.98, 3.23, 3.08, 3.18, 3.24, 2.96, 3.00],
  tjk_89 = [3.26, 3.14, 3.23, 2.97, 3.19, 3.04, 3.26, 3.15, 3.25, 3.17, 3.21, 3.25, 3.08, 3.00, 3.25, 3.10, 3.20, 3.26, 2.97, 3.02],
  tjk_810 = [3.33, 3.21, 3.30, 3.04, 3.26, 3.11, 3.33, 3.21, 3.32, 3.23, 3.28, 3.32, 3.15, 3.06, 3.32, 3.17, 3.27, 3.33, 3.04, 3.08],
  tjk_91 = [19.43, 18.71, 19.25, 17.70, 19.00, 18.13, 19.43, 18.73, 19.34, 18.85, 19.12, 19.34, 18.33, 17.84, 19.34, 18.46, 19.03, 19.42, 17.70, 17.98],
  tjk_92 = [19.75, 19.01, 19.57, 18.00, 19.31, 18.42, 19.75, 19.04, 19.66, 19.16, 19.43, 19.66, 18.63, 18.13, 19.66, 18.76, 19.34, 19.74, 17.99, 18.28],
  tjk_93 = [18.70, 18.01, 18.53, 17.04, 18.29, 17.45, 18.70, 18.03, 18.62, 18.15, 18.40, 18.62, 17.65, 17.17, 18.62, 17.77, 18.32, 18.70, 17.04, 17.31],
  tjk_94 = [19.61, 18.88, 19.43, 17.87, 19.18, 18.29, 19.61, 18.91, 19.52, 19.03, 19.30, 19.52, 18.50, 18.00, 19.52, 18.63, 19.21, 19.60, 17.87, 18.15],
  tjk_95 = [20.03, 19.28, 19.84, 18.25, 19.58, 18.68, 20.03, 19.31, 19.93, 19.43, 19.71, 19.93, 18.90, 18.38, 19.94, 19.03, 19.62, 20.02, 18.25, 18.53],
  tjk_96 = [20.40, 19.64, 20.21, 18.59, 19.95, 19.03, 20.40, 19.67, 20.30, 19.79, 20.07, 20.30, 19.25, 18.72, 20.30, 19.38, 19.98, 20.39, 18.59, 18.88],
  tjk_97 = [20.36, 19.60, 20.17, 18.55, 19.91, 18.99, 20.36, 19.63, 20.26, 19.75, 20.03, 20.26, 19.21, 18.69, 20.26, 19.34, 19.94, 20.35, 18.55, 18.84],
  tjk_98 = [19.15, 18.44, 18.98, 17.45, 18.73, 17.87, 19.15, 18.47, 19.07, 18.59, 18.85, 19.07, 18.07, 17.58, 19.07, 18.20, 18.76, 19.15, 17.45, 17.73],
  tjk_99 = [19.27, 18.56, 19.10, 17.56, 18.85, 17.98, 19.27, 18.58, 19.18, 18.70, 18.97, 19.19, 18.19, 17.69, 19.19, 18.31, 18.88, 19.27, 17.56, 17.84],
  tjk_910 = [19.69, 18.95, 19.50, 17.94, 19.25, 18.37, 19.69, 18.98, 19.59, 19.10, 19.37, 19.60, 18.57, 18.07, 19.60, 18.71, 19.28, 19.68, 17.94, 18.22],
  tjk_101 = [18.98, 18.28, 18.81, 17.30, 18.56, 17.71, 18.98, 18.30, 18.90, 18.42, 18.68, 18.90, 17.91, 17.43, 18.90, 18.04, 18.59, 18.98, 17.30, 17.57],
  tjk_102 = [19.30, 18.58, 19.12, 17.58, 18.87, 18.00, 19.30, 18.60, 19.21, 18.73, 18.99, 19.21, 18.21, 17.71, 19.21, 18.33, 18.90, 19.29, 17.58, 17.86],
  tjk_103 = [18.27, 17.59, 18.10, 16.65, 17.87, 17.05, 18.27, 17.62, 18.19, 17.73, 17.98, 18.19, 17.24, 16.78, 18.19, 17.36, 17.90, 18.27, 16.65, 16.91],
  tjk_104 = [19.16, 18.45, 18.98, 17.46, 18.74, 17.88, 19.16, 18.47, 19.07, 18.59, 18.85, 19.07, 18.08, 17.59, 19.07, 18.21, 18.77, 19.16, 17.46, 17.73],
  tjk_105 = [19.57, 18.84, 19.39, 17.83, 19.13, 18.26, 19.57, 18.87, 19.48, 18.99, 19.26, 19.48, 18.46, 17.96, 19.48, 18.59, 19.17, 19.56, 17.83, 18.11],
  tjk_106 = [19.93, 19.19, 19.75, 18.16, 19.49, 18.59, 19.93, 19.22, 19.84, 19.34, 19.61, 19.84, 18.80, 18.30, 19.84, 18.94, 19.52, 19.93, 18.16, 18.44],
  tjk_107 = [19.89, 19.15, 19.71, 18.13, 19.45, 18.56, 19.89, 19.18, 19.80, 19.30, 19.57, 19.80, 18.77, 18.26, 19.80, 18.90, 19.48, 19.89, 18.12, 18.41],
  tjk_108 = [18.72, 18.02, 18.54, 17.05, 18.30, 17.46, 18.72, 18.05, 18.63, 18.16, 18.42, 18.63, 17.66, 17.18, 18.63, 17.78, 18.33, 18.71, 17.05, 17.32],
  tjk_109 = [18.83, 18.13, 18.66, 17.16, 18.42, 17.57, 18.83, 18.16, 18.75, 18.28, 18.53, 18.75, 17.77, 17.29, 18.75, 17.89, 18.45, 18.83, 17.16, 17.43],
  tjk_1010 = [19.23, 18.52, 19.06, 17.53, 18.81, 17.95, 19.24, 18.55, 19.15, 18.67, 18.93, 19.15, 18.15, 17.66, 19.15, 18.28, 18.84, 19.23, 17.53, 17.80],
  tjk_111 = [23.35, 22.48, 23.13, 21.28, 22.83, 21.78, 23.35, 22.51, 23.24, 22.66, 22.98, 23.24, 22.03, 21.44, 23.24, 22.19, 22.87, 23.34, 21.28, 21.61],
  tjk_112 = [23.73, 22.85, 23.51, 21.63, 23.21, 22.14, 23.73, 22.88, 23.62, 23.03, 23.36, 23.63, 22.39, 21.79, 23.63, 22.55, 23.25, 23.73, 21.63, 21.96],
  tjk_113 = [22.48, 21.64, 22.27, 20.48, 21.98, 20.97, 22.48, 21.67, 22.37, 21.81, 22.12, 22.37, 21.21, 20.63, 22.37, 21.36, 22.02, 22.47, 20.48, 20.80],
  tjk_114 = [23.57, 22.69, 23.35, 21.47, 23.04, 21.99, 23.57, 22.72, 23.46, 22.87, 23.19, 23.46, 22.24, 21.63, 23.46, 22.39, 23.08, 23.56, 21.47, 21.81],
  tjk_115 = [24.07, 23.17, 23.84, 21.93, 23.54, 22.46, 24.07, 23.21, 23.96, 23.36, 23.68, 23.96, 22.71, 22.09, 23.96, 22.87, 23.57, 24.06, 21.93, 22.27],
  tjk_116 = [24.51, 23.60, 24.29, 22.34, 23.97, 22.87, 24.51, 23.63, 24.40, 23.79, 24.12, 24.40, 23.13, 22.50, 24.40, 23.29, 24.01, 24.51, 22.34, 22.69],
  tjk_117 = [24.46, 23.56, 24.24, 22.29, 23.92, 22.83, 24.46, 23.59, 24.35, 23.74, 24.07, 24.35, 23.08, 22.46, 24.35, 23.25, 23.96, 24.46, 22.29, 22.64],
  tjk_118 = [23.02, 22.16, 22.81, 20.98, 22.51, 21.48, 23.02, 22.19, 22.91, 22.34, 22.65, 22.92, 21.72, 21.13, 22.92, 21.87, 22.55, 23.02, 20.98, 21.30],
  tjk_119 = [23.16, 22.30, 22.95, 21.11, 22.65, 21.61, 23.16, 22.33, 23.06, 22.48, 22.79, 23.06, 21.86, 21.26, 23.06, 22.01, 22.69, 23.16, 21.11, 21.44],
  tjk_1110 = [23.66, 22.78, 23.44, 21.56, 23.14, 22.07, 23.66, 22.81, 23.55, 22.96, 23.28, 23.55, 22.32, 21.72, 23.55, 22.48, 23.17, 23.65, 21.56, 21.90],
  tjk_121 = [3.02, 2.91, 2.99, 2.75, 2.95, 2.82, 3.02, 2.91, 3.01, 2.93, 2.97, 3.01, 2.85, 2.77, 3.01, 2.87, 2.96, 3.02, 2.75, 2.80],
  tjk_122 = [3.07, 2.96, 3.04, 2.80, 3.00, 2.86, 3.07, 2.96, 3.06, 2.98, 3.02, 3.06, 2.90, 2.82, 3.06, 2.92, 3.01, 3.07, 2.80, 2.84],
  tjk_123 = [2.91, 2.80, 2.88, 2.65, 2.84, 2.71, 2.91, 2.80, 2.89, 2.82, 2.86, 2.89, 2.74, 2.67, 2.89, 2.76, 2.85, 2.91, 2.65, 2.69],
  tjk_124 = [3.05, 2.94, 3.02, 2.78, 2.98, 2.84, 3.05, 2.94, 3.03, 2.96, 3.00, 3.03, 2.88, 2.80, 3.04, 2.90, 2.99, 3.05, 2.78, 2.82],
  tjk_125 = [3.11, 3.00, 3.08, 2.84, 3.04, 2.91, 3.11, 3.00, 3.10, 3.02, 3.06, 3.10, 2.94, 2.86, 3.10, 2.96, 3.05, 3.11, 2.84, 2.88],
  tjk_126 = [3.17, 3.05, 3.14, 2.89, 3.10, 2.96, 3.17, 3.06, 3.16, 3.08, 3.12, 3.16, 2.99, 2.91, 3.16, 3.01, 3.11, 3.17, 2.89, 2.94],
  tjk_127 = [3.17, 3.05, 3.14, 2.88, 3.10, 2.95, 3.17, 3.05, 3.15, 3.07, 3.11, 3.15, 2.99, 2.91, 3.15, 3.01, 3.10, 3.16, 2.88, 2.93],
  tjk_128 = [2.98, 2.87, 2.95, 2.71, 2.91, 2.78, 2.98, 2.87, 2.96, 2.89, 2.93, 2.96, 2.81, 2.73, 2.96, 2.83, 2.92, 2.98, 2.71, 2.76],
  tjk_129 = [3.00, 2.89, 2.97, 2.73, 2.93, 2.80, 3.00, 2.89, 2.98, 2.91, 2.95, 2.98, 2.83, 2.75, 2.98, 2.85, 2.94, 3.00, 2.73, 2.77],
  tjk_1210 = [3.06, 2.95, 3.03, 2.79, 2.99, 2.86, 3.06, 2.95, 3.05, 2.97, 3.01, 3.05, 2.89, 2.81, 3.05, 2.91, 3.00, 3.06, 2.79, 2.83],
  tjk_131 = [10.83, 10.43, 10.73, 9.87, 10.59, 10.11, 10.83, 10.44, 10.78, 10.51, 10.66, 10.78, 10.22, 9.94, 10.78, 10.29, 10.61, 10.83, 9.87, 10.02],
  tjk_132 = [11.01, 10.60, 10.91, 10.03, 10.77, 10.27, 11.01, 10.62, 10.96, 10.68, 10.83, 10.96, 10.39, 10.11, 10.96, 10.46, 10.78, 11.01, 10.03, 10.19],
  tjk_133 = [10.43, 10.04, 10.33, 9.50, 10.20, 9.73, 10.43, 10.05, 10.38, 10.12, 10.26, 10.38, 9.84, 9.57, 10.38, 9.91, 10.21, 10.42, 9.50, 9.65],
  tjk_134 = [10.93, 10.53, 10.83, 9.96, 10.69, 10.20, 10.93, 10.54, 10.88, 10.61, 10.76, 10.88, 10.31, 10.04, 10.88, 10.39, 10.71, 10.93, 9.96, 10.12],
  tjk_135 = [11.16, 10.75, 11.06, 10.17, 10.92, 10.42, 11.16, 10.76, 11.11, 10.83, 10.99, 11.11, 10.53, 10.25, 11.11, 10.61, 10.94, 11.16, 10.17, 10.33],
  tjk_136 = [11.37, 10.95, 11.27, 10.36, 11.12, 10.61, 11.37, 10.96, 11.32, 11.04, 11.19, 11.32, 10.73, 10.44, 11.32, 10.81, 11.14, 11.37, 10.36, 10.52],
  tjk_137 = [11.35, 10.93, 11.24, 10.34, 11.10, 10.59, 11.35, 10.94, 11.30, 11.01, 11.17, 11.30, 10.71, 10.42, 11.30, 10.78, 11.12, 11.35, 10.34, 10.50],
  tjk_138 = [10.68, 10.28, 10.58, 9.73, 10.44, 9.96, 10.68, 10.30, 10.63, 10.36, 10.51, 10.63, 10.08, 9.80, 10.63, 10.15, 10.46, 10.68, 9.73, 9.88],
  tjk_139 = [10.75, 10.35, 10.65, 9.79, 10.51, 10.03, 10.75, 10.36, 10.70, 10.43, 10.57, 10.70, 10.14, 9.86, 10.70, 10.21, 10.52, 10.74, 9.79, 9.94],
  tjk_1310 = [10.97, 10.57, 10.87, 10.00, 10.73, 10.24, 10.97, 10.58, 10.92, 10.65, 10.80, 10.93, 10.36, 10.08, 10.93, 10.43, 10.75, 10.97, 10.00, 10.16],
  tjk_141 = [24.18, 23.28, 23.95, 22.03, 23.64, 22.56, 24.18, 23.31, 24.07, 23.46, 23.79, 24.07, 22.81, 22.20, 24.07, 22.97, 23.68, 24.17, 22.03, 22.37],
  tjk_142 = [24.57, 23.66, 24.35, 22.39, 24.03, 22.93, 24.57, 23.69, 24.46, 23.85, 24.18, 24.46, 23.19, 22.56, 24.46, 23.35, 24.07, 24.57, 22.39, 22.74],
  tjk_143 = [23.27, 22.41, 23.06, 21.21, 22.76, 21.71, 23.27, 22.44, 23.17, 22.58, 22.90, 23.17, 21.96, 21.37, 23.17, 22.11, 22.80, 23.27, 21.21, 21.54],
  tjk_144 = [24.40, 23.49, 24.18, 22.24, 23.86, 22.77, 24.40, 23.53, 24.29, 23.68, 24.01, 24.29, 23.02, 22.40, 24.29, 23.19, 23.90, 24.40, 22.23, 22.58],
  tjk_145 = [24.92, 23.99, 24.69, 22.71, 24.37, 23.25, 24.92, 24.03, 24.81, 24.18, 24.52, 24.81, 23.51, 22.88, 24.81, 23.68, 24.41, 24.92, 22.71, 23.06],
  tjk_146 = [25.38, 24.44, 25.15, 23.13, 24.82, 23.68, 25.38, 24.47, 25.26, 24.63, 24.98, 25.27, 23.95, 23.30, 25.27, 24.12, 24.86, 25.38, 23.13, 23.49],
  tjk_147 = [25.33, 24.39, 25.10, 23.08, 24.77, 23.63, 25.33, 24.42, 25.21, 24.58, 24.93, 25.22, 23.90, 23.26, 25.22, 24.07, 24.81, 25.33, 23.08, 23.44],
  tjk_148 = [23.84, 22.95, 23.62, 21.72, 23.31, 22.24, 23.84, 22.98, 23.73, 23.13, 23.46, 23.73, 22.49, 21.88, 23.73, 22.65, 23.35, 23.83, 21.72, 22.06],
  tjk_149 = [23.98, 23.09, 23.76, 21.86, 23.45, 22.38, 23.98, 23.12, 23.87, 23.28, 23.60, 23.88, 22.63, 22.02, 23.88, 22.79, 23.49, 23.98, 21.85, 22.20],
  tjk_1410 = [24.50, 23.59, 24.27, 22.32, 23.96, 22.86, 24.50, 23.62, 24.38, 23.77, 24.11, 24.39, 23.11, 22.49, 24.39, 23.28, 23.99, 24.49, 22.32, 22.67],
  tjk_151 = [12.33, 11.87, 12.22, 11.24, 12.06, 11.51, 12.33, 11.89, 12.27, 11.97, 12.14, 12.28, 11.64, 11.32, 12.28, 11.72, 12.08, 12.33, 11.24, 11.41],
  tjk_152 = [12.53, 12.07, 12.42, 11.42, 12.26, 11.69, 12.53, 12.09, 12.48, 12.16, 12.33, 12.48, 11.83, 11.51, 12.48, 11.91, 12.28, 12.53, 11.42, 11.60],
  tjk_153 = [11.87, 11.43, 11.76, 10.82, 11.61, 11.08, 11.87, 11.45, 11.82, 11.52, 11.68, 11.82, 11.20, 10.90, 11.82, 11.28, 11.63, 11.87, 10.82, 10.99],
  tjk_154 = [12.45, 11.98, 12.33, 11.34, 12.17, 11.61, 12.45, 12.00, 12.39, 12.08, 12.25, 12.39, 11.74, 11.43, 12.39, 11.83, 12.19, 12.44, 11.34, 11.52],
  tjk_155 = [12.71, 12.24, 12.59, 11.58, 12.43, 11.86, 12.71, 12.26, 12.65, 12.34, 12.51, 12.65, 11.99, 11.67, 12.65, 12.08, 12.45, 12.71, 11.58, 11.76],
  tjk_156 = [12.95, 12.47, 12.83, 11.80, 12.66, 12.08, 12.95, 12.48, 12.89, 12.56, 12.74, 12.89, 12.22, 11.89, 12.89, 12.30, 12.68, 12.94, 11.80, 11.98],
  tjk_157 = [12.92, 12.44, 12.80, 11.77, 12.63, 12.05, 12.92, 12.46, 12.86, 12.54, 12.71, 12.86, 12.19, 11.86, 12.86, 12.28, 12.66, 12.92, 11.77, 11.96],
  tjk_158 = [12.16, 11.71, 12.05, 11.08, 11.89, 11.34, 12.16, 11.72, 12.10, 11.80, 11.96, 12.10, 11.47, 11.16, 12.10, 11.55, 11.91, 12.16, 11.08, 11.25],
  tjk_159 = [12.23, 11.78, 12.12, 11.15, 11.96, 11.41, 12.23, 11.79, 12.18, 11.87, 12.04, 12.18, 11.54, 11.23, 12.18, 11.62, 11.98, 12.23, 11.15, 11.32],
  tjk_1510 = [12.49, 12.03, 12.38, 11.39, 12.22, 11.66, 12.49, 12.05, 12.44, 12.13, 12.30, 12.44, 11.79, 11.47, 12.44, 11.87, 12.24, 12.49, 11.39, 11.56],
  tjk_161 = [7.22, 6.95, 7.15, 6.58, 7.06, 6.74, 7.22, 6.96, 7.19, 7.01, 7.11, 7.19, 6.81, 6.63, 7.19, 6.86, 7.07, 7.22, 6.58, 6.68],
  tjk_162 = [7.34, 7.07, 7.27, 6.69, 7.18, 6.85, 7.34, 7.08, 7.31, 7.12, 7.22, 7.31, 6.93, 6.74, 7.31, 6.97, 7.19, 7.34, 6.69, 6.79],
  tjk_163 = [6.95, 6.69, 6.89, 6.33, 6.80, 6.49, 6.95, 6.70, 6.92, 6.75, 6.84, 6.92, 6.56, 6.38, 6.92, 6.60, 6.81, 6.95, 6.33, 6.43],
  tjk_164 = [7.29, 7.02, 7.22, 6.64, 7.13, 6.80, 7.29, 7.03, 7.25, 7.07, 7.17, 7.25, 6.88, 6.69, 7.25, 6.93, 7.14, 7.29, 6.64, 6.74],
  tjk_165 = [7.44, 7.17, 7.37, 6.78, 7.28, 6.94, 7.44, 7.18, 7.41, 7.22, 7.32, 7.41, 7.02, 6.83, 7.41, 7.07, 7.29, 7.44, 6.78, 6.89],
  tjk_166 = [7.58, 7.30, 7.51, 6.91, 7.41, 7.07, 7.58, 7.31, 7.55, 7.36, 7.46, 7.55, 7.15, 6.96, 7.55, 7.20, 7.43, 7.58, 6.91, 7.02],
  tjk_167 = [7.57, 7.28, 7.50, 6.89, 7.40, 7.06, 7.57, 7.29, 7.53, 7.34, 7.45, 7.53, 7.14, 6.95, 7.53, 7.19, 7.41, 7.56, 6.89, 7.00],
  tjk_168 = [7.12, 6.85, 7.05, 6.49, 6.96, 6.64, 7.12, 6.86, 7.09, 6.91, 7.01, 7.09, 6.72, 6.54, 7.09, 6.76, 6.97, 7.12, 6.49, 6.59],
  tjk_169 = [7.16, 6.90, 7.10, 6.53, 7.01, 6.68, 7.16, 6.91, 7.13, 6.95, 7.05, 7.13, 6.76, 6.58, 7.13, 6.81, 7.02, 7.16, 6.53, 6.63],
  tjk_1610 = [7.32, 7.04, 7.25, 6.67, 7.15, 6.83, 7.32, 7.05, 7.28, 7.10, 7.20, 7.28, 6.90, 6.72, 7.28, 6.95, 7.17, 7.32, 6.67, 6.77],
  tjk_171 = [17.72, 17.06, 17.56, 16.15, 17.33, 16.53, 17.72, 17.09, 17.64, 17.20, 17.44, 17.64, 16.72, 16.27, 17.64, 16.84, 17.36, 17.72, 16.15, 16.40],
  tjk_172 = [18.01, 17.34, 17.85, 16.41, 17.61, 16.81, 18.01, 17.37, 17.93, 17.48, 17.73, 17.93, 17.00, 16.54, 17.93, 17.12, 17.64, 18.01, 16.41, 16.67],
  tjk_173 = [17.06, 16.43, 16.90, 15.54, 16.68, 15.92, 17.06, 16.45, 16.98, 16.55, 16.79, 16.98, 16.10, 15.66, 16.98, 16.21, 16.71, 17.06, 15.54, 15.79],
  tjk_174 = [17.89, 17.22, 17.72, 16.30, 17.49, 16.69, 17.89, 17.24, 17.80, 17.36, 17.60, 17.80, 16.88, 16.42, 17.80, 17.00, 17.52, 17.88, 16.30, 16.55],
  tjk_175 = [18.27, 17.59, 18.10, 16.65, 17.86, 17.04, 18.27, 17.61, 18.18, 17.73, 17.98, 18.18, 17.24, 16.77, 18.18, 17.36, 17.89, 18.26, 16.64, 16.91],
  tjk_176 = [18.60, 17.91, 18.43, 16.95, 18.19, 17.36, 18.60, 17.94, 18.52, 18.05, 18.31, 18.52, 17.55, 17.08, 18.52, 17.68, 18.22, 18.60, 16.95, 17.22],
  tjk_177 = [18.57, 17.88, 18.40, 16.92, 18.16, 17.32, 18.57, 17.90, 18.48, 18.02, 18.27, 18.48, 17.52, 17.05, 18.48, 17.64, 18.19, 18.56, 16.92, 17.18],
  tjk_178 = [17.47, 16.82, 17.31, 15.92, 17.09, 16.30, 17.47, 16.85, 17.39, 16.95, 17.19, 17.39, 16.49, 16.04, 17.39, 16.60, 17.11, 17.47, 15.92, 16.17],
  tjk_179 = [17.58, 16.93, 17.42, 16.02, 17.19, 16.40, 17.58, 16.95, 17.50, 17.06, 17.30, 17.50, 16.59, 16.14, 17.50, 16.70, 17.22, 17.58, 16.02, 16.27],
  tjk_1710 = [17.96, 17.29, 17.79, 16.36, 17.56, 16.75, 17.96, 17.31, 17.87, 17.43, 17.67, 17.87, 16.94, 16.48, 17.87, 17.06, 17.59, 17.95, 16.36, 16.62],
  tjk_181 = [8.59, 8.27, 8.51, 7.82, 8.40, 8.01, 8.59, 8.28, 8.55, 8.33, 8.45, 8.55, 8.10, 7.88, 8.55, 8.16, 8.41, 8.58, 7.82, 7.95],
  tjk_182 = [8.73, 8.40, 8.65, 7.95, 8.53, 8.14, 8.73, 8.41, 8.69, 8.47, 8.59, 8.69, 8.24, 8.01, 8.69, 8.29, 8.55, 8.73, 7.95, 8.08],
  tjk_183 = [8.27, 7.96, 8.19, 7.53, 8.08, 7.71, 8.27, 7.97, 8.23, 8.02, 8.13, 8.23, 7.80, 7.59, 8.23, 7.85, 8.10, 8.26, 7.53, 7.65],
  tjk_184 = [8.67, 8.34, 8.59, 7.90, 8.47, 8.09, 8.67, 8.36, 8.63, 8.41, 8.53, 8.63, 8.18, 7.96, 8.63, 8.23, 8.49, 8.66, 7.90, 8.02],
  tjk_185 = [8.85, 8.52, 8.77, 8.07, 8.65, 8.26, 8.85, 8.53, 8.81, 8.59, 8.71, 8.81, 8.35, 8.13, 8.81, 8.41, 8.67, 8.85, 8.06, 8.19],
  tjk_186 = [9.01, 8.68, 8.93, 8.21, 8.82, 8.41, 9.01, 8.69, 8.97, 8.75, 8.87, 8.97, 8.51, 8.28, 8.97, 8.57, 8.83, 9.01, 8.21, 8.34],
  tjk_187 = [9.00, 8.66, 8.91, 8.20, 8.80, 8.39, 9.00, 8.67, 8.96, 8.73, 8.85, 8.96, 8.49, 8.26, 8.96, 8.55, 8.81, 8.99, 8.20, 8.33],
  tjk_188 = [8.47, 8.15, 8.39, 7.71, 8.28, 7.90, 8.47, 8.16, 8.43, 8.22, 8.33, 8.43, 7.99, 7.77, 8.43, 8.04, 8.29, 8.46, 7.71, 7.83],
  tjk_189 = [8.52, 8.20, 8.44, 7.76, 8.33, 7.95, 8.52, 8.21, 8.48, 8.27, 8.38, 8.48, 8.04, 7.82, 8.48, 8.09, 8.34, 8.52, 7.76, 7.88],
  tjk_1810 = [8.70, 8.38, 8.62, 7.93, 8.51, 8.12, 8.70, 8.39, 8.66, 8.44, 8.56, 8.66, 8.21, 7.99, 8.66, 8.27, 8.52, 8.70, 7.93, 8.05],
  tjk_191 = [12.18, 11.72, 12.06, 11.10, 11.91, 11.36, 12.18, 11.74, 12.12, 11.82, 11.98, 12.12, 11.49, 11.18, 12.12, 11.57, 11.93, 12.17, 11.09, 11.27],
  tjk_192 = [12.38, 11.92, 12.26, 11.28, 12.10, 11.55, 12.38, 11.93, 12.32, 12.01, 12.18, 12.32, 11.68, 11.36, 12.32, 11.76, 12.12, 12.37, 11.28, 11.45],
  tjk_193 = [11.72, 11.29, 11.61, 10.68, 11.46, 10.94, 11.72, 11.30, 11.67, 11.37, 11.53, 11.67, 11.06, 10.76, 11.67, 11.14, 11.48, 11.72, 10.68, 10.85],
  tjk_194 = [12.29, 11.83, 12.18, 11.20, 12.02, 11.47, 12.29, 11.85, 12.23, 11.93, 12.09, 12.23, 11.60, 11.28, 12.23, 11.68, 12.04, 12.29, 11.20, 11.37],
  tjk_195 = [12.55, 12.08, 12.43, 11.44, 12.27, 11.71, 12.55, 12.10, 12.49, 12.18, 12.35, 12.49, 11.84, 11.52, 12.49, 11.93, 12.29, 12.55, 11.44, 11.62],
  tjk_196 = [12.78, 12.31, 12.66, 11.65, 12.50, 11.93, 12.78, 12.33, 12.72, 12.41, 12.58, 12.73, 12.06, 11.74, 12.73, 12.15, 12.52, 12.78, 11.65, 11.83],
  tjk_197 = [12.76, 12.28, 12.64, 11.63, 12.48, 11.90, 12.76, 12.30, 12.70, 12.38, 12.55, 12.70, 12.04, 11.71, 12.70, 12.12, 12.50, 12.76, 11.62, 11.81],
  tjk_198 = [12.00, 11.56, 11.89, 10.94, 11.74, 11.20, 12.00, 11.57, 11.95, 11.65, 11.81, 11.95, 11.33, 11.02, 11.95, 11.41, 11.76, 12.00, 10.94, 11.11],
  tjk_199 = [12.08, 11.63, 11.97, 11.01, 11.81, 11.27, 12.08, 11.65, 12.02, 11.72, 11.89, 12.02, 11.40, 11.09, 12.02, 11.48, 11.83, 12.08, 11.01, 11.18],
  tjk_1910 = [12.34, 11.88, 12.22, 11.24, 12.06, 11.51, 12.34, 11.90, 12.28, 11.97, 12.14, 12.28, 11.64, 11.33, 12.28, 11.72, 12.08, 12.34, 11.24, 11.42],
  tjk_201 = [1.11, 1.07, 1.10, 1.01, 1.08, 1.03, 1.11, 1.07, 1.10, 1.07, 1.09, 1.10, 1.04, 1.02, 1.10, 1.05, 1.08, 1.11, 1.01, 1.02],
  tjk_202 = [1.13, 1.08, 1.11, 1.03, 1.10, 1.05, 1.13, 1.08, 1.12, 1.09, 1.11, 1.12, 1.06, 1.03, 1.12, 1.07, 1.10, 1.12, 1.03, 1.04],
  tjk_203 = [1.07, 1.03, 1.06, 0.97, 1.04, 0.99, 1.07, 1.03, 1.06, 1.03, 1.05, 1.06, 1.01, 0.98, 1.06, 1.01, 1.04, 1.07, 0.97, 0.99],
  tjk_204 = [1.12, 1.08, 1.11, 1.02, 1.09, 1.04, 1.12, 1.08, 1.11, 1.08, 1.10, 1.11, 1.05, 1.03, 1.11, 1.06, 1.09, 1.12, 1.02, 1.03],
  tjk_205 = [1.14, 1.10, 1.13, 1.04, 1.12, 1.06, 1.14, 1.10, 1.14, 1.11, 1.12, 1.14, 1.08, 1.05, 1.14, 1.08, 1.12, 1.14, 1.04, 1.06],
  tjk_206 = [1.16, 1.12, 1.15, 1.06, 1.14, 1.08, 1.16, 1.12, 1.16, 1.13, 1.14, 1.16, 1.10, 1.07, 1.16, 1.10, 1.14, 1.16, 1.06, 1.08],
  tjk_207 = [1.16, 1.12, 1.15, 1.06, 1.13, 1.08, 1.16, 1.12, 1.15, 1.13, 1.14, 1.15, 1.09, 1.06, 1.15, 1.10, 1.14, 1.16, 1.06, 1.07],
  tjk_208 = [1.09, 1.05, 1.08, 0.99, 1.07, 1.02, 1.09, 1.05, 1.09, 1.06, 1.07, 1.09, 1.03, 1.00, 1.09, 1.04, 1.07, 1.09, 0.99, 1.01],
  tjk_209 = [1.10, 1.06, 1.09, 1.00, 1.07, 1.02, 1.10, 1.06, 1.09, 1.07, 1.08, 1.09, 1.04, 1.01, 1.09, 1.04, 1.08, 1.10, 1.00, 1.02],
  tjk_2010 = [1.12, 1.08, 1.11, 1.02, 1.10, 1.05, 1.12, 1.08, 1.12, 1.09, 1.10, 1.12, 1.06, 1.03, 1.12, 1.07, 1.10, 1.12, 1.02, 1.04],
  tjk_211 = [14.20, 13.68, 14.07, 12.94, 13.89, 13.25, 14.20, 13.70, 14.14, 13.78, 13.98, 14.14, 13.40, 13.04, 14.14, 13.50, 13.91, 14.20, 12.94, 13.15],
  tjk_212 = [14.44, 13.90, 14.30, 13.16, 14.12, 13.47, 14.44, 13.92, 14.37, 14.01, 14.21, 14.37, 13.62, 13.25, 14.37, 13.72, 14.14, 14.43, 13.16, 13.36],
  tjk_213 = [13.67, 13.16, 13.55, 12.46, 13.37, 12.76, 13.67, 13.18, 13.61, 13.27, 13.46, 13.61, 12.90, 12.55, 13.61, 12.99, 13.39, 13.67, 12.46, 12.65],
  tjk_214 = [14.34, 13.80, 14.20, 13.06, 14.02, 13.38, 14.34, 13.82, 14.27, 13.91, 14.11, 14.27, 13.53, 13.16, 14.27, 13.62, 14.04, 14.33, 13.06, 13.27],
  tjk_215 = [14.64, 14.10, 14.51, 13.34, 14.32, 13.66, 14.64, 14.12, 14.57, 14.21, 14.41, 14.57, 13.81, 13.44, 14.57, 13.91, 14.34, 14.64, 13.34, 13.55],
  tjk_216 = [14.91, 14.36, 14.77, 13.59, 14.58, 13.91, 14.91, 14.38, 14.84, 14.47, 14.67, 14.84, 14.07, 13.69, 14.84, 14.17, 14.61, 14.91, 13.59, 13.80],
  tjk_217 = [14.88, 14.33, 14.74, 13.56, 14.55, 13.89, 14.88, 14.35, 14.81, 14.44, 14.65, 14.81, 14.04, 13.66, 14.81, 14.14, 14.58, 14.88, 13.56, 13.77],
  tjk_218 = [14.00, 13.48, 13.87, 12.76, 13.69, 13.07, 14.00, 13.50, 13.94, 13.59, 13.78, 13.94, 13.21, 12.86, 13.94, 13.31, 13.72, 14.00, 12.76, 12.96],
  tjk_219 = [14.09, 13.57, 13.96, 12.84, 13.78, 13.15, 14.09, 13.59, 14.03, 13.67, 13.87, 14.03, 13.30, 12.94, 14.03, 13.39, 13.80, 14.09, 12.84, 13.04],
  tjk_2110 = [14.39, 13.86, 14.26, 13.11, 14.07, 13.43, 14.39, 13.88, 14.33, 13.97, 14.16, 14.33, 13.58, 13.21, 14.33, 13.68, 14.10, 14.39, 13.11, 13.32],
  tjk_221 = [17.17, 16.54, 17.01, 15.65, 16.79, 16.02, 17.17, 16.56, 17.09, 16.67, 16.90, 17.10, 16.20, 15.77, 17.10, 16.32, 16.82, 17.17, 15.65, 15.89],
  tjk_222 = [17.46, 16.81, 17.29, 15.91, 17.07, 16.29, 17.46, 16.83, 17.37, 16.94, 17.18, 17.38, 16.47, 16.02, 17.38, 16.59, 17.10, 17.45, 15.91, 16.15],
  tjk_223 = [16.53, 15.92, 16.38, 15.06, 16.17, 15.42, 16.53, 15.94, 16.45, 16.04, 16.27, 16.46, 15.60, 15.18, 16.46, 15.71, 16.19, 16.53, 15.06, 15.30],
  tjk_224 = [17.33, 16.69, 17.17, 15.79, 16.95, 16.17, 17.33, 16.71, 17.25, 16.82, 17.06, 17.25, 16.35, 15.91, 17.25, 16.47, 16.98, 17.33, 15.79, 16.04],
  tjk_225 = [17.70, 17.04, 17.54, 16.13, 17.31, 16.52, 17.70, 17.07, 17.62, 17.18, 17.42, 17.62, 16.70, 16.25, 17.62, 16.82, 17.34, 17.70, 16.13, 16.38],
  tjk_226 = [18.03, 17.36, 17.86, 16.43, 17.63, 16.82, 18.03, 17.38, 17.95, 17.50, 17.74, 17.95, 17.01, 16.55, 17.95, 17.13, 17.66, 18.03, 16.43, 16.69],
  tjk_227 = [17.99, 17.32, 17.83, 16.40, 17.60, 16.79, 17.99, 17.35, 17.91, 17.46, 17.71, 17.91, 16.98, 16.52, 17.91, 17.10, 17.62, 17.99, 16.40, 16.65],
  tjk_228 = [16.93, 16.30, 16.77, 15.43, 16.56, 15.80, 16.93, 16.32, 16.85, 16.43, 16.66, 16.85, 15.98, 15.54, 16.85, 16.09, 16.58, 16.93, 15.43, 15.67],
  tjk_229 = [17.04, 16.40, 16.88, 15.52, 16.66, 15.89, 17.04, 16.43, 16.96, 16.53, 16.76, 16.96, 16.07, 15.64, 16.96, 16.19, 16.69, 17.03, 15.52, 15.77],
  tjk_2210 = [17.40, 16.75, 17.24, 15.86, 17.02, 16.23, 17.40, 16.78, 17.32, 16.89, 17.12, 17.32, 16.42, 15.97, 17.32, 16.53, 17.04, 17.40, 15.86, 16.10],
  tjk_231 = [21.12, 20.34, 20.93, 19.25, 20.66, 19.71, 21.13, 20.37, 21.03, 20.50, 20.79, 21.03, 19.93, 19.39, 21.03, 20.07, 20.69, 21.12, 19.25, 19.55],
  tjk_232 = [21.47, 20.67, 21.27, 19.57, 21.00, 20.03, 21.47, 20.70, 21.37, 20.84, 21.13, 21.37, 20.26, 19.71, 21.37, 20.40, 21.03, 21.47, 19.57, 19.87],
  tjk_233 = [20.33, 19.58, 20.15, 18.53, 19.89, 18.97, 20.34, 19.61, 20.24, 19.73, 20.01, 20.24, 19.19, 18.67, 20.24, 19.32, 19.92, 20.33, 18.53, 18.82],
  tjk_234 = [21.32, 20.53, 21.12, 19.43, 20.85, 19.89, 21.32, 20.56, 21.22, 20.69, 20.98, 21.22, 20.12, 19.57, 21.22, 20.26, 20.88, 21.32, 19.43, 19.73],
  tjk_235 = [21.77, 20.97, 21.57, 19.84, 21.29, 20.32, 21.77, 20.99, 21.67, 21.13, 21.43, 21.68, 20.55, 19.99, 21.68, 20.69, 21.33, 21.77, 19.84, 20.15],
  tjk_236 = [22.18, 21.35, 21.97, 20.21, 21.69, 20.69, 22.18, 21.38, 22.08, 21.52, 21.82, 22.08, 20.93, 20.36, 22.08, 21.07, 21.72, 22.17, 20.21, 20.52],
  tjk_237 = [22.13, 21.31, 21.93, 20.17, 21.64, 20.65, 22.13, 21.34, 22.03, 21.48, 21.78, 22.03, 20.88, 20.32, 22.03, 21.03, 21.68, 22.13, 20.17, 20.48],
  tjk_238 = [20.83, 20.05, 20.63, 18.98, 20.37, 19.43, 20.83, 20.08, 20.73, 20.21, 20.50, 20.73, 19.65, 19.12, 20.73, 19.79, 20.40, 20.82, 18.98, 19.27],
  tjk_239 = [20.96, 20.18, 20.76, 19.10, 20.49, 19.55, 20.96, 20.21, 20.86, 20.34, 20.62, 20.86, 19.77, 19.24, 20.86, 19.91, 20.53, 20.95, 19.10, 19.39],
  tjk_2310 = [21.40, 20.61, 21.21, 19.51, 20.93, 19.97, 21.40, 20.64, 21.31, 20.77, 21.06, 21.31, 20.20, 19.65, 21.31, 20.34, 20.97, 21.40, 19.50, 19.81],
  tjk_241 = [4.71, 4.53, 4.66, 4.29, 4.60, 4.39, 4.71, 4.54, 4.69, 4.57, 4.63, 4.69, 4.44, 4.32, 4.69, 4.47, 4.61, 4.71, 4.29, 4.36],
  tjk_242 = [4.78, 4.61, 4.74, 4.36, 4.68, 4.46, 4.78, 4.61, 4.76, 4.64, 4.71, 4.76, 4.51, 4.39, 4.76, 4.55, 4.69, 4.78, 4.36, 4.43],
  tjk_243 = [4.53, 4.36, 4.49, 4.13, 4.43, 4.23, 4.53, 4.37, 4.51, 4.40, 4.46, 4.51, 4.28, 4.16, 4.51, 4.31, 4.44, 4.53, 4.13, 4.19],
  tjk_244 = [4.75, 4.57, 4.71, 4.33, 4.65, 4.43, 4.75, 4.58, 4.73, 4.61, 4.68, 4.73, 4.48, 4.36, 4.73, 4.51, 4.65, 4.75, 4.33, 4.40],
  tjk_245 = [4.85, 4.67, 4.81, 4.42, 4.74, 4.53, 4.85, 4.68, 4.83, 4.71, 4.77, 4.83, 4.58, 4.45, 4.83, 4.61, 4.75, 4.85, 4.42, 4.49],
  tjk_246 = [4.94, 4.76, 4.90, 4.50, 4.83, 4.61, 4.94, 4.76, 4.92, 4.80, 4.86, 4.92, 4.66, 4.54, 4.92, 4.70, 4.84, 4.94, 4.50, 4.57],
  tjk_247 = [4.93, 4.75, 4.89, 4.49, 4.82, 4.60, 4.93, 4.76, 4.91, 4.79, 4.85, 4.91, 4.65, 4.53, 4.91, 4.69, 4.83, 4.93, 4.49, 4.56],
  tjk_248 = [4.64, 4.47, 4.60, 4.23, 4.54, 4.33, 4.64, 4.47, 4.62, 4.50, 4.57, 4.62, 4.38, 4.26, 4.62, 4.41, 4.55, 4.64, 4.23, 4.29],
  tjk_249 = [4.67, 4.50, 4.63, 4.26, 4.57, 4.36, 4.67, 4.50, 4.65, 4.53, 4.60, 4.65, 4.41, 4.29, 4.65, 4.44, 4.57, 4.67, 4.25, 4.32],
  tjk_2410 = [4.77, 4.59, 4.73, 4.35, 4.66, 4.45, 4.77, 4.60, 4.75, 4.63, 4.69, 4.75, 4.50, 4.38, 4.75, 4.53, 4.67, 4.77, 4.35, 4.41],
  tjk_251 = [21.13, 20.35, 20.94, 19.26, 20.67, 19.72, 21.14, 20.38, 21.04, 20.51, 20.80, 21.04, 19.94, 19.40, 21.04, 20.08, 20.70, 21.13, 19.26, 19.56],
  tjk_252 = [21.48, 20.68, 21.28, 19.58, 21.01, 20.04, 21.48, 20.71, 21.38, 20.85, 21.14, 21.39, 20.27, 19.72, 21.39, 20.41, 21.04, 21.48, 19.57, 19.88],
  tjk_253 = [20.34, 19.59, 20.16, 18.54, 19.90, 18.98, 20.35, 19.62, 20.25, 19.74, 20.02, 20.25, 19.20, 18.68, 20.25, 19.33, 19.93, 20.34, 18.54, 18.83],
  tjk_254 = [21.33, 20.54, 21.13, 19.44, 20.86, 19.90, 21.33, 20.57, 21.23, 20.70, 20.99, 21.23, 20.13, 19.58, 21.23, 20.27, 20.89, 21.33, 19.44, 19.74],
  tjk_255 = [21.79, 20.98, 21.58, 19.85, 21.30, 20.33, 21.79, 21.00, 21.68, 21.14, 21.44, 21.69, 20.56, 20.00, 21.69, 20.70, 21.34, 21.78, 19.85, 20.16],
  tjk_256 = [22.19, 21.36, 21.98, 20.22, 21.70, 20.70, 22.19, 21.39, 22.09, 21.53, 21.84, 22.09, 20.94, 20.37, 22.09, 21.08, 21.73, 22.18, 20.22, 20.53],
  tjk_257 = [22.14, 21.32, 21.94, 20.18, 21.66, 20.66, 22.15, 21.35, 22.04, 21.49, 21.79, 22.04, 20.89, 20.33, 22.04, 21.04, 21.69, 22.14, 20.18, 20.49],
  tjk_258 = [20.84, 20.06, 20.64, 18.99, 20.38, 19.44, 20.84, 20.09, 20.74, 20.22, 20.51, 20.74, 19.66, 19.13, 20.74, 19.80, 20.41, 20.83, 18.99, 19.28],
  tjk_259 = [20.97, 20.19, 20.77, 19.11, 20.50, 19.56, 20.97, 20.22, 20.87, 20.35, 20.63, 20.87, 19.78, 19.25, 20.87, 19.92, 20.54, 20.96, 19.10, 19.40],
  tjk_2510 = [21.41, 20.62, 21.22, 19.51, 20.94, 19.98, 21.42, 20.65, 21.32, 20.78, 21.07, 21.32, 20.21, 19.66, 21.32, 20.35, 20.98, 21.41, 19.51, 19.82],
  tjk_261 = [15.67, 15.09, 15.53, 14.28, 15.33, 14.62, 15.67, 15.11, 15.60, 15.21, 15.42, 15.60, 14.79, 14.39, 15.60, 14.89, 15.35, 15.67, 14.28, 14.50],
  tjk_262 = [15.93, 15.34, 15.78, 14.52, 15.58, 14.86, 15.93, 15.36, 15.86, 15.46, 15.68, 15.86, 15.03, 14.63, 15.86, 15.14, 15.60, 15.93, 14.52, 14.74],
  tjk_263 = [15.09, 14.53, 14.95, 13.75, 14.75, 14.08, 15.09, 14.55, 15.02, 14.64, 14.85, 15.02, 14.24, 13.85, 15.02, 14.34, 14.78, 15.08, 13.75, 13.96],
  tjk_264 = [15.82, 15.23, 15.67, 14.41, 15.47, 14.76, 15.82, 15.25, 15.75, 15.35, 15.57, 15.75, 14.93, 14.52, 15.75, 15.03, 15.49, 15.82, 14.41, 14.64],
  tjk_265 = [16.15, 15.55, 16.01, 14.72, 15.80, 15.07, 16.16, 15.58, 16.08, 15.68, 15.90, 16.08, 15.24, 14.83, 16.08, 15.35, 15.82, 16.15, 14.72, 14.95],
  tjk_266 = [16.45, 15.84, 16.30, 14.99, 16.09, 15.35, 16.45, 15.86, 16.38, 15.97, 16.19, 16.38, 15.53, 15.11, 16.38, 15.63, 16.12, 16.45, 14.99, 15.23],
  tjk_267 = [16.42, 15.81, 16.27, 14.96, 16.06, 15.32, 16.42, 15.83, 16.35, 15.94, 16.16, 16.35, 15.49, 15.08, 16.35, 15.60, 16.09, 16.42, 14.96, 15.20],
  tjk_268 = [15.45, 14.88, 15.31, 14.08, 15.11, 14.42, 15.45, 14.90, 15.38, 15.00, 15.21, 15.38, 14.58, 14.19, 15.38, 14.68, 15.14, 15.45, 14.08, 14.30],
  tjk_269 = [15.55, 14.97, 15.40, 14.17, 15.20, 14.51, 15.55, 14.99, 15.48, 15.09, 15.30, 15.48, 14.67, 14.27, 15.48, 14.77, 15.23, 15.54, 14.17, 14.39],
  tjk_2610 = [15.88, 15.29, 15.73, 14.47, 15.53, 14.82, 15.88, 15.31, 15.81, 15.41, 15.63, 15.81, 14.98, 14.58, 15.81, 15.09, 15.56, 15.88, 14.47, 14.70],
  tjk_271 = [16.19, 15.59, 16.04, 14.75, 15.83, 15.11, 16.19, 15.61, 16.12, 15.71, 15.93, 16.12, 15.28, 14.86, 16.12, 15.38, 15.86, 16.19, 14.75, 14.98],
  tjk_272 = [16.46, 15.85, 16.30, 15.00, 16.09, 15.35, 16.46, 15.87, 16.38, 15.97, 16.19, 16.38, 15.53, 15.11, 16.38, 15.64, 16.12, 16.45, 14.99, 15.23],
  tjk_273 = [15.58, 15.01, 15.44, 14.20, 15.24, 14.54, 15.59, 15.03, 15.51, 15.12, 15.34, 15.51, 14.71, 14.31, 15.51, 14.81, 15.27, 15.58, 14.20, 14.42],
  tjk_274 = [16.34, 15.73, 16.19, 14.89, 15.98, 15.25, 16.34, 15.76, 16.27, 15.86, 16.08, 16.27, 15.42, 15.00, 16.27, 15.53, 16.01, 16.34, 14.89, 15.12],
  tjk_275 = [16.69, 16.07, 16.53, 15.21, 16.32, 15.57, 16.69, 16.09, 16.61, 16.19, 16.42, 16.61, 15.75, 15.32, 16.61, 15.86, 16.35, 16.68, 15.21, 15.44],
  tjk_276 = [17.00, 16.37, 16.84, 15.49, 16.62, 15.86, 17.00, 16.39, 16.92, 16.49, 16.73, 16.92, 16.04, 15.60, 16.92, 16.15, 16.65, 16.99, 15.49, 15.73],
  tjk_277 = [16.96, 16.33, 16.81, 15.46, 16.59, 15.83, 16.96, 16.36, 16.89, 16.46, 16.69, 16.89, 16.01, 15.57, 16.89, 16.12, 16.62, 16.96, 15.46, 15.70],
  tjk_278 = [15.96, 15.37, 15.81, 14.55, 15.61, 14.89, 15.96, 15.39, 15.89, 15.49, 15.71, 15.89, 15.06, 14.65, 15.89, 15.17, 15.63, 15.96, 14.54, 14.77],
  tjk_279 = [16.06, 15.46, 15.91, 14.64, 15.71, 14.99, 16.06, 15.49, 15.99, 15.59, 15.81, 15.99, 15.15, 14.74, 15.99, 15.26, 15.73, 16.06, 14.63, 14.86],
  tjk_2710 = [16.40, 15.80, 16.25, 14.95, 16.04, 15.31, 16.40, 15.82, 16.33, 15.92, 16.14, 16.33, 15.48, 15.06, 16.33, 15.59, 16.07, 16.40, 14.95, 15.18],
  tjk_281 = [18.45, 17.76, 18.27, 16.81, 18.04, 17.21, 18.45, 17.78, 18.36, 17.90, 18.15, 18.36, 17.40, 16.93, 18.36, 17.53, 18.07, 18.44, 16.81, 17.07],
  tjk_282 = [18.75, 18.05, 18.58, 17.08, 18.33, 17.49, 18.75, 18.08, 18.66, 18.19, 18.45, 18.66, 17.69, 17.21, 18.66, 17.82, 18.36, 18.74, 17.08, 17.35],
  tjk_283 = [17.76, 17.10, 17.59, 16.18, 17.36, 16.57, 17.76, 17.12, 17.67, 17.23, 17.47, 17.68, 16.75, 16.30, 17.68, 16.87, 17.39, 17.75, 16.18, 16.43],
  tjk_284 = [18.62, 17.93, 18.44, 16.96, 18.21, 17.37, 18.62, 17.95, 18.53, 18.07, 18.32, 18.53, 17.57, 17.09, 18.53, 17.69, 18.24, 18.61, 16.96, 17.23],
  tjk_285 = [19.01, 18.31, 18.84, 17.33, 18.59, 17.74, 19.01, 18.33, 18.93, 18.45, 18.71, 18.93, 17.94, 17.45, 18.93, 18.07, 18.62, 19.01, 17.32, 17.60],
  tjk_286 = [19.36, 18.65, 19.19, 17.65, 18.94, 18.07, 19.37, 18.67, 19.28, 18.79, 19.06, 19.28, 18.27, 17.78, 19.28, 18.40, 18.97, 19.36, 17.65, 17.92],
  tjk_287 = [19.33, 18.61, 19.15, 17.61, 18.90, 18.03, 19.33, 18.63, 19.24, 18.76, 19.02, 19.24, 18.24, 17.74, 19.24, 18.36, 18.93, 19.32, 17.61, 17.89],
  tjk_288 = [18.19, 17.51, 18.02, 16.57, 17.78, 16.97, 18.19, 17.53, 18.10, 17.65, 17.90, 18.10, 17.16, 16.69, 18.10, 17.28, 17.81, 18.18, 16.57, 16.83],
  tjk_289 = [18.30, 17.62, 18.13, 16.67, 17.89, 17.07, 18.30, 17.64, 18.21, 17.76, 18.01, 18.22, 17.27, 16.80, 18.22, 17.39, 17.92, 18.29, 16.67, 16.93],
  tjk_2810 = [18.69, 18.00, 18.52, 17.03, 18.28, 17.44, 18.69, 18.02, 18.60, 18.14, 18.39, 18.60, 17.63, 17.16, 18.61, 17.76, 18.31, 18.69, 17.03, 17.30],
  tjk_291 = [15.07, 14.51, 14.93, 13.74, 14.74, 14.06, 15.07, 14.53, 15.00, 14.63, 14.83, 15.00, 14.22, 13.84, 15.00, 14.32, 14.76, 15.07, 13.73, 13.95],
  tjk_292 = [15.32, 14.75, 15.18, 13.96, 14.98, 14.29, 15.32, 14.77, 15.25, 14.87, 15.08, 15.25, 14.46, 14.07, 15.25, 14.56, 15.01, 15.32, 13.96, 14.18],
  tjk_293 = [14.51, 13.97, 14.38, 13.22, 14.19, 13.54, 14.51, 13.99, 14.44, 14.08, 14.28, 14.44, 13.69, 13.32, 14.44, 13.79, 14.21, 14.51, 13.22, 13.43],
  tjk_294 = [15.21, 14.65, 15.07, 13.86, 14.88, 14.19, 15.21, 14.67, 15.14, 14.76, 14.97, 15.14, 14.35, 13.97, 15.14, 14.46, 14.90, 15.21, 13.86, 14.08],
  tjk_295 = [15.54, 14.96, 15.39, 14.16, 15.19, 14.50, 15.54, 14.98, 15.46, 15.08, 15.29, 15.47, 14.66, 14.26, 15.47, 14.76, 15.22, 15.53, 14.16, 14.38],
  tjk_296 = [15.82, 15.24, 15.68, 14.42, 15.47, 14.76, 15.82, 15.26, 15.75, 15.36, 15.57, 15.75, 14.93, 14.53, 15.75, 15.04, 15.50, 15.82, 14.42, 14.64],
  tjk_297 = [15.79, 15.21, 15.65, 14.39, 15.44, 14.73, 15.79, 15.23, 15.72, 15.33, 15.54, 15.72, 14.90, 14.50, 15.72, 15.01, 15.47, 15.79, 14.39, 14.62],
  tjk_298 = [14.86, 14.31, 14.72, 13.54, 14.53, 13.86, 14.86, 14.33, 14.79, 14.42, 14.62, 14.79, 14.02, 13.64, 14.79, 14.12, 14.56, 14.86, 13.54, 13.75],
  tjk_299 = [14.95, 14.40, 14.81, 13.63, 14.62, 13.95, 14.95, 14.42, 14.88, 14.51, 14.71, 14.89, 14.11, 13.73, 14.89, 14.21, 14.65, 14.95, 13.62, 13.84],
  tjk_2910 = [15.27, 14.71, 15.13, 13.92, 14.93, 14.25, 15.27, 14.73, 15.20, 14.82, 15.03, 15.20, 14.41, 14.02, 15.20, 14.51, 14.96, 15.27, 13.92, 14.13],
  tjk_301 = [2.82, 2.72, 2.80, 2.57, 2.76, 2.64, 2.82, 2.72, 2.81, 2.74, 2.78, 2.81, 2.66, 2.59, 2.81, 2.68, 2.77, 2.82, 2.57, 2.61],
  tjk_302 = [2.87, 2.76, 2.84, 2.62, 2.81, 2.68, 2.87, 2.77, 2.86, 2.79, 2.82, 2.86, 2.71, 2.64, 2.86, 2.73, 2.81, 2.87, 2.62, 2.66],
  tjk_303 = [2.72, 2.62, 2.69, 2.48, 2.66, 2.54, 2.72, 2.62, 2.71, 2.64, 2.68, 2.71, 2.57, 2.50, 2.71, 2.58, 2.66, 2.72, 2.48, 2.52],
  tjk_304 = [2.85, 2.74, 2.82, 2.60, 2.79, 2.66, 2.85, 2.75, 2.84, 2.77, 2.81, 2.84, 2.69, 2.62, 2.84, 2.71, 2.79, 2.85, 2.60, 2.64],
  tjk_305 = [2.91, 2.80, 2.88, 2.65, 2.85, 2.72, 2.91, 2.81, 2.90, 2.83, 2.86, 2.90, 2.75, 2.67, 2.90, 2.77, 2.85, 2.91, 2.65, 2.69],
  tjk_306 = [2.96, 2.85, 2.94, 2.70, 2.90, 2.77, 2.97, 2.86, 2.95, 2.88, 2.92, 2.95, 2.80, 2.72, 2.95, 2.82, 2.90, 2.96, 2.70, 2.74],
  tjk_307 = [2.96, 2.85, 2.93, 2.70, 2.89, 2.76, 2.96, 2.85, 2.95, 2.87, 2.91, 2.95, 2.79, 2.72, 2.95, 2.81, 2.90, 2.96, 2.70, 2.74],
  tjk_308 = [2.78, 2.68, 2.76, 2.54, 2.72, 2.60, 2.78, 2.68, 2.77, 2.70, 2.74, 2.77, 2.63, 2.56, 2.77, 2.65, 2.73, 2.78, 2.54, 2.58],
  tjk_309 = [2.80, 2.70, 2.78, 2.55, 2.74, 2.61, 2.80, 2.70, 2.79, 2.72, 2.76, 2.79, 2.64, 2.57, 2.79, 2.66, 2.74, 2.80, 2.55, 2.59],
  tjk_3010 = [2.86, 2.76, 2.84, 2.61, 2.80, 2.67, 2.86, 2.76, 2.85, 2.78, 2.82, 2.85, 2.70, 2.63, 2.85, 2.72, 2.80, 2.86, 2.61, 2.65],
]

Service Times (xi_{jk}^s) = [
  xi_11 = [6.20, 6.07, 6.52, 6.35, 6.53, 6.43, 6.43, 6.66, 6.59, 6.31, 6.53, 6.12, 6.07, 6.65, 6.24, 6.64, 6.61, 6.07, 6.11, 6.63],
  xi_12 = [6.17, 6.04, 6.48, 6.32, 6.49, 6.39, 6.39, 6.62, 6.55, 6.27, 6.50, 6.08, 6.04, 6.61, 6.21, 6.60, 6.58, 6.04, 6.07, 6.59],
  xi_13 = [6.11, 5.98, 6.42, 6.26, 6.43, 6.33, 6.33, 6.56, 6.49, 6.21, 6.44, 6.02, 5.98, 6.55, 6.15, 6.54, 6.51, 5.98, 6.01, 6.53],
  xi_14 = [6.41, 6.28, 6.73, 6.56, 6.74, 6.64, 6.64, 6.88, 6.81, 6.52, 6.75, 6.32, 6.27, 6.87, 6.45, 6.86, 6.83, 6.28, 6.31, 6.85],
  xi_15 = [6.06, 5.93, 6.37, 6.20, 6.37, 6.28, 6.28, 6.51, 6.43, 6.16, 6.38, 5.97, 5.93, 6.50, 6.10, 6.48, 6.46, 5.93, 5.96, 6.47],
  xi_16 = [5.84, 5.72, 6.13, 5.98, 6.14, 6.05, 6.05, 6.27, 6.20, 5.93, 6.15, 5.76, 5.71, 6.26, 5.88, 6.25, 6.22, 5.71, 5.75, 6.24],
  xi_17 = [6.31, 6.18, 6.63, 6.47, 6.64, 6.54, 6.54, 6.78, 6.70, 6.42, 6.65, 6.23, 6.18, 6.77, 6.36, 6.76, 6.73, 6.18, 6.21, 6.75],
  xi_18 = [6.03, 5.91, 6.34, 6.18, 6.35, 6.25, 6.25, 6.48, 6.40, 6.13, 6.35, 5.95, 5.90, 6.47, 6.07, 6.46, 6.43, 5.91, 5.94, 6.45],
  xi_19 = [5.90, 5.77, 6.19, 6.04, 6.20, 6.11, 6.11, 6.33, 6.26, 5.99, 6.21, 5.81, 5.77, 6.32, 5.93, 6.31, 6.29, 5.77, 5.80, 6.30],
  xi_110 = [6.21, 6.08, 6.53, 6.36, 6.53, 6.44, 6.44, 6.67, 6.59, 6.31, 6.54, 6.12, 6.08, 6.66, 6.25, 6.65, 6.62, 6.08, 6.11, 6.64],
  xi_21 = [11.49, 11.25, 12.07, 11.76, 12.08, 11.90, 11.91, 12.33, 12.20, 11.68, 12.10, 11.33, 11.24, 12.32, 11.56, 12.29, 12.25, 11.25, 11.31, 12.27],
  xi_22 = [11.42, 11.19, 12.00, 11.70, 12.02, 11.84, 11.84, 12.27, 12.13, 11.61, 12.03, 11.27, 11.18, 12.25, 11.50, 12.23, 12.18, 11.18, 11.25, 12.21],
  xi_23 = [11.31, 11.08, 11.89, 11.59, 11.90, 11.72, 11.73, 12.15, 12.01, 11.50, 11.92, 11.16, 11.07, 12.13, 11.39, 12.11, 12.06, 11.08, 11.14, 12.09],
  xi_24 = [11.87, 11.62, 12.47, 12.16, 12.49, 12.30, 12.30, 12.75, 12.60, 12.07, 12.50, 11.70, 11.61, 12.73, 11.95, 12.70, 12.66, 11.62, 11.69, 12.68],
  xi_25 = [11.22, 10.99, 11.79, 11.49, 11.80, 11.63, 11.63, 12.05, 11.91, 11.41, 11.82, 11.06, 10.98, 12.03, 11.29, 12.01, 11.96, 10.98, 11.05, 11.99],
  xi_26 = [10.81, 10.59, 11.36, 11.07, 11.37, 11.20, 11.21, 11.61, 11.48, 10.99, 11.39, 10.66, 10.58, 11.59, 10.88, 11.57, 11.53, 10.58, 10.64, 11.55],
  xi_27 = [11.69, 11.45, 12.28, 11.97, 12.30, 12.12, 12.12, 12.55, 12.41, 11.88, 12.32, 11.53, 11.44, 12.54, 11.77, 12.51, 12.47, 11.45, 11.51, 12.49],
  xi_28 = [11.17, 10.94, 11.74, 11.44, 11.75, 11.58, 11.58, 11.99, 11.86, 11.35, 11.77, 11.01, 10.93, 11.98, 11.24, 11.96, 11.91, 10.94, 11.00, 11.94],
  xi_29 = [10.92, 10.69, 11.47, 11.18, 11.48, 11.31, 11.32, 11.72, 11.59, 11.10, 11.50, 10.77, 10.68, 11.71, 10.99, 11.69, 11.64, 10.69, 10.75, 11.67],
  xi_210 = [11.50, 11.26, 12.08, 11.78, 12.10, 11.92, 11.92, 12.35, 12.21, 11.69, 12.12, 11.34, 11.25, 12.33, 11.58, 12.31, 12.26, 11.26, 11.32, 12.29],
  xi_31 = [24.15, 23.65, 25.37, 24.73, 25.40, 25.03, 25.03, 25.93, 25.64, 24.55, 25.44, 23.81, 23.63, 25.89, 24.31, 25.85, 25.75, 23.64, 23.77, 25.80],
  xi_32 = [24.02, 23.52, 25.24, 24.60, 25.27, 24.89, 24.90, 25.79, 25.50, 24.41, 25.30, 23.68, 23.50, 25.75, 24.18, 25.71, 25.61, 23.51, 23.64, 25.66],
  xi_33 = [23.79, 23.30, 24.99, 24.36, 25.02, 24.65, 24.66, 25.54, 25.25, 24.18, 25.06, 23.46, 23.27, 25.50, 23.95, 25.46, 25.36, 23.29, 23.42, 25.42],
  xi_34 = [24.96, 24.44, 26.22, 25.56, 26.25, 25.86, 25.87, 26.80, 26.49, 25.37, 26.29, 24.61, 24.42, 26.76, 25.12, 26.71, 26.61, 24.43, 24.57, 26.66],
  xi_35 = [23.59, 23.10, 24.78, 24.16, 24.81, 24.44, 24.45, 25.33, 25.04, 23.98, 24.85, 23.26, 23.08, 25.29, 23.75, 25.25, 25.15, 23.09, 23.22, 25.20],
  xi_36 = [22.73, 22.26, 23.88, 23.27, 23.90, 23.55, 23.56, 24.40, 24.13, 23.10, 23.94, 22.41, 22.23, 24.36, 22.88, 24.32, 24.23, 22.25, 22.37, 24.28],
  xi_37 = [24.58, 24.07, 25.83, 25.17, 25.86, 25.47, 25.48, 26.39, 26.10, 24.99, 25.89, 24.24, 24.05, 26.35, 24.74, 26.31, 26.21, 24.06, 24.20, 26.26],
  xi_38 = [23.48, 23.00, 24.67, 24.05, 24.70, 24.33, 24.34, 25.22, 24.93, 23.87, 24.74, 23.16, 22.98, 25.18, 23.64, 25.13, 25.04, 22.99, 23.12, 25.09],
  xi_39 = [22.95, 22.48, 24.12, 23.51, 24.14, 23.78, 23.79, 24.65, 24.37, 23.33, 24.18, 22.63, 22.46, 24.61, 23.11, 24.57, 24.47, 22.47, 22.59, 24.52],
  xi_310 = [24.18, 23.68, 25.41, 24.76, 25.44, 25.06, 25.07, 25.96, 25.67, 24.58, 25.47, 23.84, 23.66, 25.93, 24.34, 25.88, 25.78, 23.67, 23.80, 25.84],
  xi_41 = [4.18, 4.09, 4.39, 4.28, 4.40, 4.33, 4.33, 4.49, 4.44, 4.25, 4.40, 4.12, 4.09, 4.48, 4.21, 4.47, 4.45, 4.09, 4.11, 4.46],
  xi_42 = [4.16, 4.07, 4.37, 4.26, 4.37, 4.31, 4.31, 4.46, 4.41, 4.22, 4.38, 4.10, 4.07, 4.46, 4.18, 4.45, 4.43, 4.07, 4.09, 4.44],
  xi_43 = [4.12, 4.03, 4.32, 4.21, 4.33, 4.26, 4.27, 4.42, 4.37, 4.18, 4.34, 4.06, 4.03, 4.41, 4.14, 4.40, 4.39, 4.03, 4.05, 4.40],
  xi_44 = [4.32, 4.23, 4.54, 4.42, 4.54, 4.47, 4.48, 4.64, 4.58, 4.39, 4.55, 4.26, 4.22, 4.63, 4.35, 4.62, 4.60, 4.23, 4.25, 4.61],
  xi_45 = [4.08, 4.00, 4.29, 4.18, 4.29, 4.23, 4.23, 4.38, 4.33, 4.15, 4.30, 4.02, 3.99, 4.38, 4.11, 4.37, 4.35, 4.00, 4.02, 4.36],
  xi_46 = [3.93, 3.85, 4.13, 4.03, 4.14, 4.07, 4.08, 4.22, 4.17, 4.00, 4.14, 3.88, 3.85, 4.22, 3.96, 4.21, 4.19, 3.85, 3.87, 4.20],
  xi_47 = [4.25, 4.16, 4.47, 4.36, 4.47, 4.41, 4.41, 4.57, 4.51, 4.32, 4.48, 4.19, 4.16, 4.56, 4.28, 4.55, 4.53, 4.16, 4.19, 4.54],
  xi_48 = [4.06, 3.98, 4.27, 4.16, 4.27, 4.21, 4.21, 4.36, 4.31, 4.13, 4.28, 4.01, 3.98, 4.36, 4.09, 4.35, 4.33, 3.98, 4.00, 4.34],
  xi_49 = [3.97, 3.89, 4.17, 4.07, 4.18, 4.11, 4.12, 4.26, 4.22, 4.04, 4.18, 3.92, 3.89, 4.26, 4.00, 4.25, 4.23, 3.89, 3.91, 4.24],
  xi_410 = [4.18, 4.10, 4.40, 4.28, 4.40, 4.34, 4.34, 4.49, 4.44, 4.25, 4.41, 4.13, 4.09, 4.49, 4.21, 4.48, 4.46, 4.10, 4.12, 4.47],
  xi_51 = [0.10, 0.10, 0.10, 0.10, 0.10, 0.10, 0.10, 0.11, 0.10, 0.10, 0.10, 0.10, 0.10, 0.11, 0.10, 0.11, 0.11, 0.10, 0.10, 0.11],
  xi_52 = [0.10, 0.10, 0.10, 0.10, 0.10, 0.10, 0.10, 0.11, 0.10, 0.10, 0.10, 0.10, 0.10, 0.11, 0.10, 0.11, 0.10, 0.10, 0.10, 0.10],
  xi_53 = [0.10, 0.10, 0.10, 0.10, 0.10, 0.10, 0.10, 0.10, 0.10, 0.10, 0.10, 0.10, 0.10, 0.10, 0.10, 0.10, 0.10, 0.10, 0.10, 0.10],
  xi_54 = [0.10, 0.10, 0.11, 0.10, 0.11, 0.11, 0.11, 0.11, 0.11, 0.10, 0.11, 0.10, 0.10, 0.11, 0.10, 0.11, 0.11, 0.10, 0.10, 0.11],
  xi_55 = [0.10, 0.10, 0.10, 0.10, 0.10, 0.10, 0.10, 0.10, 0.10, 0.10, 0.10, 0.10, 0.10, 0.10, 0.10, 0.10, 0.10, 0.10, 0.10, 0.10],
  xi_56 = [0.10, 0.10, 0.10, 0.10, 0.10, 0.10, 0.10, 0.10, 0.10, 0.10, 0.10, 0.10, 0.10, 0.10, 0.10, 0.10, 0.10, 0.10, 0.10, 0.10],
  xi_57 = [0.10, 0.10, 0.11, 0.10, 0.11, 0.10, 0.10, 0.11, 0.11, 0.10, 0.11, 0.10, 0.10, 0.11, 0.10, 0.11, 0.11, 0.10, 0.10, 0.11],
  xi_58 = [0.10, 0.10, 0.10, 0.10, 0.10, 0.10, 0.10, 0.10, 0.10, 0.10, 0.10, 0.10, 0.10, 0.10, 0.10, 0.10, 0.10, 0.10, 0.10, 0.10],
  xi_59 = [0.10, 0.10, 0.10, 0.10, 0.10, 0.10, 0.10, 0.10, 0.10, 0.10, 0.10, 0.10, 0.10, 0.10, 0.10, 0.10, 0.10, 0.10, 0.10, 0.10],
  xi_510 = [0.10, 0.10, 0.10, 0.10, 0.10, 0.10, 0.10, 0.11, 0.10, 0.10, 0.10, 0.10, 0.10, 0.11, 0.10, 0.11, 0.11, 0.10, 0.10, 0.11],
  xi_61 = [0.10, 0.10, 0.10, 0.10, 0.10, 0.10, 0.10, 0.11, 0.10, 0.10, 0.10, 0.10, 0.10, 0.11, 0.10, 0.11, 0.11, 0.10, 0.10, 0.11],
  xi_62 = [0.10, 0.10, 0.10, 0.10, 0.10, 0.10, 0.10, 0.11, 0.10, 0.10, 0.10, 0.10, 0.10, 0.11, 0.10, 0.11, 0.10, 0.10, 0.10, 0.10],
  xi_63 = [0.10, 0.10, 0.10, 0.10, 0.10, 0.10, 0.10, 0.10, 0.10, 0.10, 0.10, 0.10, 0.10, 0.10, 0.10, 0.10, 0.10, 0.10, 0.10, 0.10],
  xi_64 = [0.10, 0.10, 0.11, 0.10, 0.11, 0.11, 0.11, 0.11, 0.11, 0.10, 0.11, 0.10, 0.10, 0.11, 0.10, 0.11, 0.11, 0.10, 0.10, 0.11],
  xi_65 = [0.10, 0.10, 0.10, 0.10, 0.10, 0.10, 0.10, 0.10, 0.10, 0.10, 0.10, 0.10, 0.10, 0.10, 0.10, 0.10, 0.10, 0.10, 0.10, 0.10],
  xi_66 = [0.10, 0.10, 0.10, 0.10, 0.10, 0.10, 0.10, 0.10, 0.10, 0.10, 0.10, 0.10, 0.10, 0.10, 0.10, 0.10, 0.10, 0.10, 0.10, 0.10],
  xi_67 = [0.10, 0.10, 0.11, 0.10, 0.11, 0.10, 0.10, 0.11, 0.11, 0.10, 0.11, 0.10, 0.10, 0.11, 0.10, 0.11, 0.11, 0.10, 0.10, 0.11],
  xi_68 = [0.10, 0.10, 0.10, 0.10, 0.10, 0.10, 0.10, 0.10, 0.10, 0.10, 0.10, 0.10, 0.10, 0.10, 0.10, 0.10, 0.10, 0.10, 0.10, 0.10],
  xi_69 = [0.10, 0.10, 0.10, 0.10, 0.10, 0.10, 0.10, 0.10, 0.10, 0.10, 0.10, 0.10, 0.10, 0.10, 0.10, 0.10, 0.10, 0.10, 0.10, 0.10],
  xi_610 = [0.10, 0.10, 0.10, 0.10, 0.10, 0.10, 0.10, 0.11, 0.10, 0.10, 0.10, 0.10, 0.10, 0.11, 0.10, 0.11, 0.11, 0.10, 0.10, 0.11],
  xi_71 = [24.62, 24.12, 25.87, 25.22, 25.90, 25.52, 25.53, 26.44, 26.14, 25.03, 25.94, 24.28, 24.09, 26.40, 24.79, 26.36, 26.26, 24.11, 24.24, 26.31],
  xi_72 = [24.49, 23.98, 25.73, 25.08, 25.76, 25.38, 25.39, 26.30, 26.00, 24.89, 25.80, 24.15, 23.96, 26.26, 24.65, 26.21, 26.11, 23.98, 24.11, 26.17],
  xi_73 = [24.25, 23.75, 25.48, 24.84, 25.51, 25.13, 25.14, 26.04, 25.75, 24.65, 25.55, 23.92, 23.73, 26.00, 24.42, 25.96, 25.86, 23.74, 23.88, 25.92],
  xi_74 = [25.45, 24.92, 26.73, 26.06, 26.77, 26.37, 26.38, 27.32, 27.01, 25.87, 26.80, 25.09, 24.90, 27.28, 25.61, 27.23, 27.13, 24.91, 25.05, 27.19],
  xi_75 = [24.05, 23.55, 25.27, 24.63, 25.30, 24.92, 24.93, 25.83, 25.53, 24.45, 25.34, 23.72, 23.53, 25.79, 24.21, 25.74, 25.64, 23.55, 23.68, 25.70],
  xi_76 = [23.17, 22.69, 24.35, 23.73, 24.37, 24.01, 24.02, 24.88, 24.60, 23.55, 24.41, 22.85, 22.67, 24.84, 23.33, 24.80, 24.71, 22.68, 22.81, 24.76],
  xi_77 = [25.06, 24.54, 26.33, 25.67, 26.36, 25.97, 25.98, 26.91, 26.61, 25.48, 26.40, 24.71, 24.52, 26.87, 25.23, 26.82, 26.72, 24.54, 24.67, 26.78],
  xi_78 = [23.95, 23.45, 25.16, 24.52, 25.19, 24.81, 24.82, 25.71, 25.42, 24.34, 25.22, 23.61, 23.43, 25.67, 24.10, 25.63, 25.53, 23.44, 23.57, 25.59],
  xi_79 = [23.40, 22.92, 24.59, 23.97, 24.62, 24.25, 24.26, 25.13, 24.85, 23.79, 24.65, 23.08, 22.90, 25.09, 23.56, 25.05, 24.95, 22.91, 23.04, 25.01],
  xi_710 = [24.66, 24.15, 25.90, 25.25, 25.94, 25.55, 25.56, 26.47, 26.18, 25.06, 25.97, 24.31, 24.12, 26.43, 24.82, 26.39, 26.29, 24.14, 24.27, 26.34],
  xi_81 = [14.08, 13.78, 14.79, 14.41, 14.81, 14.59, 14.59, 15.11, 14.94, 14.31, 14.83, 13.88, 13.77, 15.09, 14.17, 15.06, 15.01, 13.78, 13.86, 15.04],
  xi_82 = [14.00, 13.71, 14.71, 14.34, 14.73, 14.51, 14.51, 15.03, 14.86, 14.23, 14.75, 13.80, 13.70, 15.01, 14.09, 14.98, 14.93, 13.70, 13.78, 14.96],
  xi_83 = [13.86, 13.58, 14.57, 14.20, 14.58, 14.37, 14.37, 14.89, 14.72, 14.09, 14.60, 13.67, 13.56, 14.86, 13.96, 14.84, 14.78, 13.57, 13.65, 14.81],
  xi_84 = [14.54, 14.24, 15.28, 14.90, 15.30, 15.07, 15.08, 15.62, 15.44, 14.78, 15.32, 14.34, 14.23, 15.59, 14.64, 15.57, 15.51, 14.24, 14.32, 15.54],
  xi_85 = [13.75, 13.46, 14.44, 14.08, 14.46, 14.25, 14.25, 14.76, 14.60, 13.97, 14.48, 13.56, 13.45, 14.74, 13.84, 14.71, 14.66, 13.46, 13.53, 14.69],
  xi_86 = [13.24, 12.97, 13.92, 13.56, 13.93, 13.72, 13.73, 14.22, 14.06, 13.46, 13.95, 13.06, 12.96, 14.20, 13.33, 14.18, 14.12, 12.97, 13.04, 14.15],
  xi_87 = [14.33, 14.03, 15.05, 14.67, 15.07, 14.84, 14.85, 15.38, 15.21, 14.56, 15.09, 14.13, 14.02, 15.36, 14.42, 15.33, 15.27, 14.02, 14.10, 15.31],
  xi_88 = [13.69, 13.40, 14.38, 14.02, 14.40, 14.18, 14.19, 14.70, 14.53, 13.91, 14.42, 13.50, 13.39, 14.67, 13.78, 14.65, 14.59, 13.40, 13.47, 14.62],
  xi_89 = [13.38, 13.10, 14.05, 13.70, 14.07, 13.86, 13.87, 14.36, 14.20, 13.60, 14.09, 13.19, 13.09, 14.34, 13.47, 14.32, 14.26, 13.10, 13.17, 14.29],
  xi_810 = [14.09, 13.80, 14.81, 14.43, 14.83, 14.60, 14.61, 15.13, 14.96, 14.33, 14.85, 13.90, 13.79, 15.11, 14.19, 15.08, 15.03, 13.80, 13.87, 15.06],
  xi_91 = [10.52, 10.30, 11.05, 10.77, 11.07, 10.90, 10.90, 11.30, 11.17, 10.69, 11.08, 10.37, 10.29, 11.28, 10.59, 11.26, 11.22, 10.30, 10.36, 11.24],
  xi_92 = [10.46, 10.25, 10.99, 10.71, 11.01, 10.84, 10.84, 11.23, 11.11, 10.63, 11.02, 10.32, 10.24, 11.22, 10.53, 11.20, 11.15, 10.24, 10.30, 11.18],
  xi_93 = [10.36, 10.15, 10.89, 10.61, 10.90, 10.74, 10.74, 11.13, 11.00, 10.53, 10.91, 10.22, 10.14, 11.11, 10.43, 11.09, 11.05, 10.14, 10.20, 11.07],
  xi_94 = [10.87, 10.65, 11.42, 11.13, 11.43, 11.26, 11.27, 11.67, 11.54, 11.05, 11.45, 10.72, 10.64, 11.65, 10.94, 11.63, 11.59, 10.64, 10.70, 11.61],
  xi_95 = [10.27, 10.06, 10.80, 10.52, 10.81, 10.65, 10.65, 11.03, 10.91, 10.44, 10.82, 10.13, 10.05, 11.02, 10.34, 11.00, 10.96, 10.06, 10.11, 10.98],
  xi_96 = [9.90, 9.69, 10.40, 10.14, 10.41, 10.26, 10.26, 10.63, 10.51, 10.06, 10.43, 9.76, 9.68, 10.61, 9.96, 10.59, 10.55, 9.69, 9.74, 10.58],
  xi_97 = [10.71, 10.49, 11.25, 10.97, 11.26, 11.09, 11.10, 11.50, 11.37, 10.88, 11.28, 10.56, 10.48, 11.48, 10.78, 11.46, 11.42, 10.48, 10.54, 11.44],
  xi_98 = [10.23, 10.02, 10.75, 10.48, 10.76, 10.60, 10.60, 10.98, 10.86, 10.40, 10.78, 10.09, 10.01, 10.97, 10.30, 10.95, 10.91, 10.01, 10.07, 10.93],
  xi_99 = [10.00, 9.79, 10.50, 10.24, 10.52, 10.36, 10.36, 10.74, 10.61, 10.16, 10.53, 9.86, 9.78, 10.72, 10.06, 10.70, 10.66, 9.79, 9.84, 10.68],
  xi_910 = [10.53, 10.32, 11.07, 10.79, 11.08, 10.91, 10.92, 11.31, 11.18, 10.71, 11.10, 10.39, 10.31, 11.29, 10.60, 11.27, 11.23, 10.31, 10.37, 11.25],
  xi_101 = [3.75, 3.68, 3.94, 3.84, 3.95, 3.89, 3.89, 4.03, 3.98, 3.82, 3.95, 3.70, 3.67, 4.02, 3.78, 4.02, 4.00, 3.67, 3.69, 4.01],
  xi_102 = [3.73, 3.66, 3.92, 3.82, 3.93, 3.87, 3.87, 4.01, 3.96, 3.79, 3.93, 3.68, 3.65, 4.00, 3.76, 4.00, 3.98, 3.65, 3.67, 3.99],
  xi_103 = [3.70, 3.62, 3.88, 3.79, 3.89, 3.83, 3.83, 3.97, 3.92, 3.76, 3.89, 3.65, 3.62, 3.96, 3.72, 3.96, 3.94, 3.62, 3.64, 3.95],
  xi_104 = [3.88, 3.80, 4.08, 3.97, 4.08, 4.02, 4.02, 4.16, 4.12, 3.94, 4.09, 3.82, 3.79, 4.16, 3.90, 4.15, 4.14, 3.80, 3.82, 4.14],
  xi_105 = [3.67, 3.59, 3.85, 3.75, 3.86, 3.80, 3.80, 3.94, 3.89, 3.73, 3.86, 3.62, 3.59, 3.93, 3.69, 3.92, 3.91, 3.59, 3.61, 3.92],
  xi_106 = [3.53, 3.46, 3.71, 3.62, 3.72, 3.66, 3.66, 3.79, 3.75, 3.59, 3.72, 3.48, 3.46, 3.79, 3.56, 3.78, 3.77, 3.46, 3.48, 3.77],
  xi_107 = [3.82, 3.74, 4.01, 3.91, 4.02, 3.96, 3.96, 4.10, 4.06, 3.88, 4.02, 3.77, 3.74, 4.10, 3.85, 4.09, 4.07, 3.74, 3.76, 4.08],
  xi_108 = [3.65, 3.57, 3.83, 3.74, 3.84, 3.78, 3.78, 3.92, 3.87, 3.71, 3.84, 3.60, 3.57, 3.91, 3.67, 3.91, 3.89, 3.57, 3.59, 3.90],
  xi_109 = [3.57, 3.49, 3.75, 3.65, 3.75, 3.70, 3.70, 3.83, 3.79, 3.63, 3.76, 3.52, 3.49, 3.82, 3.59, 3.82, 3.80, 3.49, 3.51, 3.81],
  xi_1010 = [3.76, 3.68, 3.95, 3.85, 3.95, 3.89, 3.90, 4.04, 3.99, 3.82, 3.96, 3.71, 3.68, 4.03, 3.78, 4.02, 4.01, 3.68, 3.70, 4.02],
  xi_111 = [0.10, 0.10, 0.10, 0.10, 0.10, 0.10, 0.10, 0.11, 0.10, 0.10, 0.10, 0.10, 0.10, 0.11, 0.10, 0.11, 0.11, 0.10, 0.10, 0.11],
  xi_112 = [0.10, 0.10, 0.10, 0.10, 0.10, 0.10, 0.10, 0.11, 0.10, 0.10, 0.10, 0.10, 0.10, 0.11, 0.10, 0.11, 0.10, 0.10, 0.10, 0.10],
  xi_113 = [0.10, 0.10, 0.10, 0.10, 0.10, 0.10, 0.10, 0.10, 0.10, 0.10, 0.10, 0.10, 0.10, 0.10, 0.10, 0.10, 0.10, 0.10, 0.10, 0.10],
  xi_114 = [0.10, 0.10, 0.11, 0.10, 0.11, 0.11, 0.11, 0.11, 0.11, 0.10, 0.11, 0.10, 0.10, 0.11, 0.10, 0.11, 0.11, 0.10, 0.10, 0.11],
  xi_115 = [0.10, 0.10, 0.10, 0.10, 0.10, 0.10, 0.10, 0.10, 0.10, 0.10, 0.10, 0.10, 0.10, 0.10, 0.10, 0.10, 0.10, 0.10, 0.10, 0.10],
  xi_116 = [0.10, 0.10, 0.10, 0.10, 0.10, 0.10, 0.10, 0.10, 0.10, 0.10, 0.10, 0.10, 0.10, 0.10, 0.10, 0.10, 0.10, 0.10, 0.10, 0.10],
  xi_117 = [0.10, 0.10, 0.11, 0.10, 0.11, 0.10, 0.10, 0.11, 0.11, 0.10, 0.11, 0.10, 0.10, 0.11, 0.10, 0.11, 0.11, 0.10, 0.10, 0.11],
  xi_118 = [0.10, 0.10, 0.10, 0.10, 0.10, 0.10, 0.10, 0.10, 0.10, 0.10, 0.10, 0.10, 0.10, 0.10, 0.10, 0.10, 0.10, 0.10, 0.10, 0.10],
  xi_119 = [0.10, 0.10, 0.10, 0.10, 0.10, 0.10, 0.10, 0.10, 0.10, 0.10, 0.10, 0.10, 0.10, 0.10, 0.10, 0.10, 0.10, 0.10, 0.10, 0.10],
  xi_1110 = [0.10, 0.10, 0.10, 0.10, 0.10, 0.10, 0.10, 0.11, 0.10, 0.10, 0.10, 0.10, 0.10, 0.11, 0.10, 0.11, 0.11, 0.10, 0.10, 0.11],
  xi_121 = [4.27, 4.18, 4.48, 4.37, 4.49, 4.42, 4.42, 4.58, 4.53, 4.34, 4.49, 4.21, 4.17, 4.57, 4.30, 4.57, 4.55, 4.18, 4.20, 4.56],
  xi_122 = [4.24, 4.16, 4.46, 4.35, 4.46, 4.40, 4.40, 4.56, 4.51, 4.31, 4.47, 4.18, 4.15, 4.55, 4.27, 4.54, 4.52, 4.15, 4.18, 4.53],
  xi_123 = [4.20, 4.12, 4.42, 4.30, 4.42, 4.36, 4.36, 4.51, 4.46, 4.27, 4.43, 4.14, 4.11, 4.51, 4.23, 4.50, 4.48, 4.11, 4.14, 4.49],
  xi_124 = [4.41, 4.32, 4.63, 4.52, 4.64, 4.57, 4.57, 4.73, 4.68, 4.48, 4.64, 4.35, 4.31, 4.73, 4.44, 4.72, 4.70, 4.32, 4.34, 4.71],
  xi_125 = [4.17, 4.08, 4.38, 4.27, 4.38, 4.32, 4.32, 4.48, 4.42, 4.24, 4.39, 4.11, 4.08, 4.47, 4.20, 4.46, 4.44, 4.08, 4.10, 4.45],
  xi_126 = [4.02, 3.93, 4.22, 4.11, 4.22, 4.16, 4.16, 4.31, 4.26, 4.08, 4.23, 3.96, 3.93, 4.30, 4.04, 4.30, 4.28, 3.93, 3.95, 4.29],
  xi_127 = [4.34, 4.25, 4.56, 4.45, 4.57, 4.50, 4.50, 4.66, 4.61, 4.41, 4.57, 4.28, 4.25, 4.66, 4.37, 4.65, 4.63, 4.25, 4.28, 4.64],
  xi_128 = [4.15, 4.06, 4.36, 4.25, 4.36, 4.30, 4.30, 4.46, 4.41, 4.22, 4.37, 4.09, 4.06, 4.45, 4.18, 4.44, 4.42, 4.06, 4.08, 4.43],
  xi_129 = [4.06, 3.97, 4.26, 4.15, 4.27, 4.20, 4.20, 4.35, 4.31, 4.12, 4.27, 4.00, 3.97, 4.35, 4.08, 4.34, 4.32, 3.97, 3.99, 4.33],
  xi_1210 = [4.27, 4.18, 4.49, 4.38, 4.49, 4.43, 4.43, 4.59, 4.54, 4.34, 4.50, 4.21, 4.18, 4.58, 4.30, 4.57, 4.56, 4.18, 4.21, 4.57],
  xi_131 = [12.48, 12.22, 13.11, 12.78, 13.12, 12.93, 12.93, 13.40, 13.24, 12.68, 13.14, 12.30, 12.21, 13.38, 12.56, 13.35, 13.30, 12.21, 12.28, 13.33],
  xi_132 = [12.41, 12.15, 13.04, 12.71, 13.05, 12.86, 12.86, 13.32, 13.17, 12.61, 13.07, 12.23, 12.14, 13.30, 12.49, 13.28, 13.23, 12.15, 12.21, 13.26],
  xi_133 = [12.29, 12.03, 12.91, 12.58, 12.93, 12.73, 12.74, 13.19, 13.05, 12.49, 12.94, 12.12, 12.02, 13.17, 12.37, 13.15, 13.10, 12.03, 12.10, 13.13],
  xi_134 = [12.89, 12.62, 13.54, 13.20, 13.56, 13.36, 13.36, 13.84, 13.69, 13.10, 13.58, 12.71, 12.61, 13.82, 12.98, 13.80, 13.74, 12.62, 12.69, 13.77],
  xi_135 = [12.19, 11.93, 12.80, 12.48, 12.82, 12.63, 12.63, 13.08, 12.94, 12.39, 12.84, 12.02, 11.92, 13.06, 12.27, 13.04, 12.99, 11.93, 11.99, 13.02],
  xi_136 = [11.74, 11.50, 12.33, 12.02, 12.35, 12.16, 12.17, 12.60, 12.46, 11.93, 12.37, 11.58, 11.49, 12.59, 11.82, 12.56, 12.52, 11.49, 11.56, 12.54],
  xi_137 = [12.70, 12.43, 13.34, 13.00, 13.36, 13.16, 13.16, 13.63, 13.48, 12.91, 13.38, 12.52, 12.42, 13.61, 12.78, 13.59, 13.54, 12.43, 12.50, 13.57],
  xi_138 = [12.13, 11.88, 12.75, 12.42, 12.76, 12.57, 12.57, 13.03, 12.88, 12.33, 12.78, 11.96, 11.87, 13.01, 12.21, 12.98, 12.93, 11.88, 11.94, 12.96],
  xi_139 = [11.86, 11.61, 12.46, 12.14, 12.47, 12.29, 12.29, 12.73, 12.59, 12.05, 12.49, 11.69, 11.60, 12.71, 11.94, 12.69, 12.64, 11.61, 11.67, 12.67],
  xi_1310 = [12.49, 12.23, 13.12, 12.79, 13.14, 12.94, 12.95, 13.41, 13.26, 12.70, 13.16, 12.32, 12.22, 13.39, 12.57, 13.37, 13.32, 12.23, 12.30, 13.35],
  xi_141 = [6.25, 6.12, 6.57, 6.40, 6.58, 6.48, 6.48, 6.71, 6.64, 6.36, 6.59, 6.17, 6.12, 6.70, 6.29, 6.69, 6.67, 6.12, 6.15, 6.68],
  xi_142 = [6.22, 6.09, 6.53, 6.37, 6.54, 6.44, 6.45, 6.68, 6.60, 6.32, 6.55, 6.13, 6.08, 6.67, 6.26, 6.66, 6.63, 6.09, 6.12, 6.64],
  xi_143 = [6.16, 6.03, 6.47, 6.31, 6.48, 6.38, 6.38, 6.61, 6.54, 6.26, 6.49, 6.07, 6.03, 6.60, 6.20, 6.59, 6.57, 6.03, 6.06, 6.58],
  xi_144 = [6.46, 6.33, 6.79, 6.62, 6.80, 6.69, 6.70, 6.94, 6.86, 6.57, 6.81, 6.37, 6.32, 6.93, 6.50, 6.91, 6.89, 6.33, 6.36, 6.90],
  xi_145 = [6.11, 5.98, 6.42, 6.25, 6.42, 6.33, 6.33, 6.56, 6.48, 6.21, 6.43, 6.02, 5.98, 6.55, 6.15, 6.54, 6.51, 5.98, 6.01, 6.53],
  xi_146 = [5.88, 5.76, 6.18, 6.03, 6.19, 6.10, 6.10, 6.32, 6.25, 5.98, 6.20, 5.80, 5.76, 6.31, 5.92, 6.30, 6.27, 5.76, 5.79, 6.29],
  xi_147 = [6.36, 6.23, 6.69, 6.52, 6.69, 6.59, 6.60, 6.83, 6.76, 6.47, 6.70, 6.28, 6.23, 6.82, 6.41, 6.81, 6.79, 6.23, 6.26, 6.80],
  xi_148 = [6.08, 5.95, 6.39, 6.23, 6.40, 6.30, 6.30, 6.53, 6.45, 6.18, 6.40, 6.00, 5.95, 6.52, 6.12, 6.51, 6.48, 5.95, 5.98, 6.50],
  xi_149 = [5.94, 5.82, 6.24, 6.09, 6.25, 6.16, 6.16, 6.38, 6.31, 6.04, 6.26, 5.86, 5.81, 6.37, 5.98, 6.36, 6.34, 5.82, 5.85, 6.35],
  xi_1410 = [6.26, 6.13, 6.58, 6.41, 6.59, 6.49, 6.49, 6.72, 6.65, 6.36, 6.59, 6.17, 6.13, 6.71, 6.30, 6.70, 6.68, 6.13, 6.16, 6.69],
  xi_151 = [6.45, 6.32, 6.78, 6.61, 6.78, 6.68, 6.69, 6.93, 6.85, 6.56, 6.79, 6.36, 6.31, 6.92, 6.49, 6.90, 6.88, 6.31, 6.35, 6.89],
  xi_152 = [6.41, 6.28, 6.74, 6.57, 6.75, 6.65, 6.65, 6.89, 6.81, 6.52, 6.76, 6.33, 6.28, 6.88, 6.46, 6.87, 6.84, 6.28, 6.31, 6.85],
  xi_153 = [6.35, 6.22, 6.67, 6.51, 6.68, 6.58, 6.59, 6.82, 6.74, 6.46, 6.69, 6.26, 6.22, 6.81, 6.40, 6.80, 6.77, 6.22, 6.25, 6.79],
  xi_154 = [6.67, 6.53, 7.00, 6.83, 7.01, 6.91, 6.91, 7.16, 7.08, 6.77, 7.02, 6.57, 6.52, 7.15, 6.71, 7.13, 7.11, 6.52, 6.56, 7.12],
  xi_155 = [6.30, 6.17, 6.62, 6.45, 6.63, 6.53, 6.53, 6.76, 6.69, 6.40, 6.64, 6.21, 6.16, 6.75, 6.34, 6.74, 6.72, 6.17, 6.20, 6.73],
  xi_156 = [6.07, 5.94, 6.38, 6.22, 6.38, 6.29, 6.29, 6.52, 6.44, 6.17, 6.39, 5.98, 5.94, 6.51, 6.11, 6.50, 6.47, 5.94, 5.97, 6.49],
  xi_157 = [6.56, 6.43, 6.90, 6.72, 6.91, 6.80, 6.81, 7.05, 6.97, 6.67, 6.92, 6.47, 6.42, 7.04, 6.61, 7.03, 7.00, 6.43, 6.46, 7.01],
  xi_158 = [6.27, 6.14, 6.59, 6.42, 6.60, 6.50, 6.50, 6.73, 6.66, 6.38, 6.61, 6.18, 6.14, 6.72, 6.31, 6.71, 6.69, 6.14, 6.17, 6.70],
  xi_159 = [6.13, 6.00, 6.44, 6.28, 6.45, 6.35, 6.35, 6.58, 6.51, 6.23, 6.46, 6.04, 6.00, 6.57, 6.17, 6.56, 6.54, 6.00, 6.03, 6.55],
  xi_1510 = [6.46, 6.32, 6.79, 6.61, 6.79, 6.69, 6.69, 6.93, 6.86, 6.56, 6.80, 6.37, 6.32, 6.92, 6.50, 6.91, 6.89, 6.32, 6.36, 6.90],
  xi_161 = [7.31, 7.16, 7.68, 7.49, 7.69, 7.57, 7.58, 7.85, 7.76, 7.43, 7.70, 7.21, 7.15, 7.84, 7.36, 7.82, 7.79, 7.16, 7.20, 7.81],
  xi_162 = [7.27, 7.12, 7.64, 7.44, 7.65, 7.53, 7.54, 7.81, 7.72, 7.39, 7.66, 7.17, 7.11, 7.79, 7.32, 7.78, 7.75, 7.12, 7.16, 7.77],
  xi_163 = [7.20, 7.05, 7.56, 7.37, 7.57, 7.46, 7.46, 7.73, 7.64, 7.32, 7.58, 7.10, 7.04, 7.72, 7.25, 7.71, 7.68, 7.05, 7.09, 7.69],
  xi_164 = [7.55, 7.40, 7.94, 7.74, 7.95, 7.83, 7.83, 8.11, 8.02, 7.68, 7.96, 7.45, 7.39, 8.10, 7.60, 8.08, 8.05, 7.39, 7.44, 8.07],
  xi_165 = [7.14, 6.99, 7.50, 7.31, 7.51, 7.40, 7.40, 7.67, 7.58, 7.26, 7.52, 7.04, 6.99, 7.65, 7.19, 7.64, 7.61, 6.99, 7.03, 7.63],
  xi_166 = [6.88, 6.74, 7.23, 7.04, 7.24, 7.13, 7.13, 7.39, 7.30, 6.99, 7.25, 6.78, 6.73, 7.37, 6.92, 7.36, 7.33, 6.73, 6.77, 7.35],
  xi_167 = [7.44, 7.29, 7.82, 7.62, 7.83, 7.71, 7.71, 7.99, 7.90, 7.56, 7.84, 7.34, 7.28, 7.98, 7.49, 7.96, 7.93, 7.28, 7.32, 7.95],
  xi_168 = [7.11, 6.96, 7.47, 7.28, 7.48, 7.37, 7.37, 7.63, 7.55, 7.22, 7.49, 7.01, 6.95, 7.62, 7.15, 7.61, 7.58, 6.96, 7.00, 7.59],
  xi_169 = [6.95, 6.80, 7.30, 7.11, 7.31, 7.20, 7.20, 7.46, 7.38, 7.06, 7.32, 6.85, 6.80, 7.45, 6.99, 7.44, 7.41, 6.80, 6.84, 7.42],
  xi_1610 = [7.32, 7.17, 7.69, 7.50, 7.70, 7.58, 7.59, 7.86, 7.77, 7.44, 7.71, 7.22, 7.16, 7.85, 7.37, 7.83, 7.80, 7.16, 7.20, 7.82],
  xi_171 = [9.01, 8.82, 9.46, 9.23, 9.48, 9.33, 9.34, 9.67, 9.56, 9.16, 9.49, 8.88, 8.81, 9.66, 9.07, 9.64, 9.60, 8.82, 8.87, 9.63],
  xi_172 = [8.96, 8.77, 9.41, 9.18, 9.42, 9.28, 9.29, 9.62, 9.51, 9.11, 9.44, 8.83, 8.77, 9.61, 9.02, 9.59, 9.55, 8.77, 8.82, 9.57],
  xi_173 = [8.87, 8.69, 9.32, 9.09, 9.33, 9.19, 9.20, 9.53, 9.42, 9.02, 9.35, 8.75, 8.68, 9.51, 8.93, 9.50, 9.46, 8.69, 8.73, 9.48],
  xi_174 = [9.31, 9.12, 9.78, 9.53, 9.79, 9.65, 9.65, 10.00, 9.88, 9.46, 9.81, 9.18, 9.11, 9.98, 9.37, 9.96, 9.92, 9.11, 9.16, 9.95],
  xi_175 = [8.80, 8.62, 9.24, 9.01, 9.26, 9.12, 9.12, 9.45, 9.34, 8.94, 9.27, 8.68, 8.61, 9.43, 8.86, 9.42, 9.38, 8.61, 8.66, 9.40],
  xi_176 = [8.48, 8.30, 8.91, 8.68, 8.92, 8.78, 8.79, 9.10, 9.00, 8.62, 8.93, 8.36, 8.29, 9.09, 8.53, 9.07, 9.04, 8.30, 8.34, 9.06],
  xi_177 = [9.17, 8.98, 9.63, 9.39, 9.64, 9.50, 9.50, 9.84, 9.73, 9.32, 9.66, 9.04, 8.97, 9.83, 9.23, 9.81, 9.78, 8.98, 9.03, 9.80],
  xi_178 = [8.76, 8.58, 9.20, 8.97, 9.21, 9.08, 9.08, 9.41, 9.30, 8.90, 9.23, 8.64, 8.57, 9.39, 8.82, 9.38, 9.34, 8.58, 8.62, 9.36],
  xi_179 = [8.56, 8.38, 9.00, 8.77, 9.01, 8.87, 8.87, 9.19, 9.09, 8.70, 9.02, 8.44, 8.38, 9.18, 8.62, 9.16, 9.13, 8.38, 8.43, 9.15],
  xi_1710 = [9.02, 8.83, 9.48, 9.24, 9.49, 9.35, 9.35, 9.69, 9.58, 9.17, 9.50, 8.89, 8.83, 9.67, 9.08, 9.65, 9.62, 8.83, 8.88, 9.64],
  xi_181 = [6.85, 6.70, 7.19, 7.01, 7.20, 7.09, 7.10, 7.35, 7.27, 6.96, 7.21, 6.75, 6.70, 7.34, 6.89, 7.33, 7.30, 6.70, 6.74, 7.31],
  xi_182 = [6.81, 6.67, 7.15, 6.97, 7.16, 7.05, 7.06, 7.31, 7.23, 6.92, 7.17, 6.71, 6.66, 7.30, 6.85, 7.29, 7.26, 6.66, 6.70, 7.27],
  xi_183 = [6.74, 6.60, 7.08, 6.90, 7.09, 6.99, 6.99, 7.24, 7.16, 6.85, 7.10, 6.65, 6.60, 7.23, 6.79, 7.22, 7.19, 6.60, 6.64, 7.20],
  xi_184 = [7.07, 6.93, 7.43, 7.24, 7.44, 7.33, 7.33, 7.59, 7.51, 7.19, 7.45, 6.97, 6.92, 7.58, 7.12, 7.57, 7.54, 6.92, 6.96, 7.56],
  xi_185 = [6.69, 6.55, 7.02, 6.85, 7.03, 6.93, 6.93, 7.18, 7.10, 6.80, 7.04, 6.59, 6.54, 7.17, 6.73, 7.16, 7.13, 6.55, 6.58, 7.14],
  xi_186 = [6.44, 6.31, 6.77, 6.60, 6.78, 6.67, 6.68, 6.92, 6.84, 6.55, 6.78, 6.35, 6.30, 6.91, 6.48, 6.89, 6.87, 6.31, 6.34, 6.88],
  xi_187 = [6.97, 6.82, 7.32, 7.14, 7.33, 7.22, 7.22, 7.48, 7.40, 7.08, 7.34, 6.87, 6.82, 7.47, 7.01, 7.46, 7.43, 6.82, 6.86, 7.44],
  xi_188 = [6.66, 6.52, 6.99, 6.82, 7.00, 6.90, 6.90, 7.15, 7.07, 6.77, 7.01, 6.56, 6.51, 7.14, 6.70, 7.12, 7.10, 6.52, 6.55, 7.11],
  xi_189 = [6.51, 6.37, 6.84, 6.66, 6.84, 6.74, 6.74, 6.99, 6.91, 6.61, 6.85, 6.41, 6.37, 6.97, 6.55, 6.96, 6.94, 6.37, 6.40, 6.95],
  xi_1810 = [6.85, 6.71, 7.20, 7.02, 7.21, 7.10, 7.10, 7.36, 7.28, 6.97, 7.22, 6.76, 6.71, 7.35, 6.90, 7.34, 7.31, 6.71, 6.75, 7.32],
  xi_191 = [4.13, 4.04, 4.34, 4.23, 4.34, 4.28, 4.28, 4.43, 4.38, 4.20, 4.35, 4.07, 4.04, 4.43, 4.16, 4.42, 4.40, 4.04, 4.06, 4.41],
  xi_192 = [4.11, 4.02, 4.31, 4.21, 4.32, 4.25, 4.26, 4.41, 4.36, 4.17, 4.33, 4.05, 4.02, 4.40, 4.13, 4.39, 4.38, 4.02, 4.04, 4.39],
  xi_193 = [4.07, 3.98, 4.27, 4.16, 4.28, 4.21, 4.22, 4.37, 4.32, 4.13, 4.28, 4.01, 3.98, 4.36, 4.09, 4.35, 4.34, 3.98, 4.00, 4.35],
  xi_194 = [4.27, 4.18, 4.48, 4.37, 4.49, 4.42, 4.42, 4.58, 4.53, 4.34, 4.49, 4.21, 4.17, 4.57, 4.29, 4.57, 4.55, 4.18, 4.20, 4.56],
  xi_195 = [4.03, 3.95, 4.24, 4.13, 4.24, 4.18, 4.18, 4.33, 4.28, 4.10, 4.25, 3.98, 3.95, 4.32, 4.06, 4.32, 4.30, 3.95, 3.97, 4.31],
  xi_196 = [3.89, 3.80, 4.08, 3.98, 4.09, 4.03, 4.03, 4.17, 4.12, 3.95, 4.09, 3.83, 3.80, 4.17, 3.91, 4.16, 4.14, 3.80, 3.82, 4.15],
  xi_197 = [4.20, 4.12, 4.42, 4.30, 4.42, 4.35, 4.36, 4.51, 4.46, 4.27, 4.43, 4.14, 4.11, 4.51, 4.23, 4.50, 4.48, 4.11, 4.14, 4.49],
  xi_198 = [4.01, 3.93, 4.22, 4.11, 4.22, 4.16, 4.16, 4.31, 4.26, 4.08, 4.23, 3.96, 3.93, 4.30, 4.04, 4.30, 4.28, 3.93, 3.95, 4.29],
  xi_199 = [3.92, 3.84, 4.12, 4.02, 4.13, 4.07, 4.07, 4.21, 4.17, 3.99, 4.13, 3.87, 3.84, 4.21, 3.95, 4.20, 4.18, 3.84, 3.86, 4.19],
  xi_1910 = [4.13, 4.05, 4.34, 4.23, 4.35, 4.28, 4.29, 4.44, 4.39, 4.20, 4.35, 4.08, 4.04, 4.43, 4.16, 4.42, 4.41, 4.05, 4.07, 4.42],
  xi_201 = [2.20, 2.16, 2.31, 2.26, 2.32, 2.28, 2.28, 2.37, 2.34, 2.24, 2.32, 2.17, 2.16, 2.36, 2.22, 2.36, 2.35, 2.16, 2.17, 2.35],
  xi_202 = [2.19, 2.15, 2.30, 2.24, 2.30, 2.27, 2.27, 2.35, 2.33, 2.23, 2.31, 2.16, 2.14, 2.35, 2.21, 2.34, 2.34, 2.14, 2.16, 2.34],
  xi_203 = [2.17, 2.12, 2.28, 2.22, 2.28, 2.25, 2.25, 2.33, 2.30, 2.21, 2.29, 2.14, 2.12, 2.33, 2.18, 2.32, 2.31, 2.12, 2.14, 2.32],
  xi_204 = [2.28, 2.23, 2.39, 2.33, 2.39, 2.36, 2.36, 2.44, 2.42, 2.31, 2.40, 2.24, 2.23, 2.44, 2.29, 2.44, 2.43, 2.23, 2.24, 2.43],
  xi_205 = [2.15, 2.11, 2.26, 2.20, 2.26, 2.23, 2.23, 2.31, 2.28, 2.19, 2.27, 2.12, 2.10, 2.31, 2.17, 2.30, 2.29, 2.11, 2.12, 2.30],
  xi_206 = [2.07, 2.03, 2.18, 2.12, 2.18, 2.15, 2.15, 2.23, 2.20, 2.11, 2.18, 2.04, 2.03, 2.22, 2.09, 2.22, 2.21, 2.03, 2.04, 2.21],
  xi_207 = [2.24, 2.20, 2.36, 2.30, 2.36, 2.32, 2.32, 2.41, 2.38, 2.28, 2.36, 2.21, 2.19, 2.40, 2.26, 2.40, 2.39, 2.19, 2.21, 2.40],
  xi_208 = [2.14, 2.10, 2.25, 2.19, 2.25, 2.22, 2.22, 2.30, 2.27, 2.18, 2.26, 2.11, 2.10, 2.30, 2.16, 2.29, 2.28, 2.10, 2.11, 2.29],
  xi_209 = [2.09, 2.05, 2.20, 2.14, 2.20, 2.17, 2.17, 2.25, 2.22, 2.13, 2.21, 2.06, 2.05, 2.24, 2.11, 2.24, 2.23, 2.05, 2.06, 2.24],
  xi_2010 = [2.21, 2.16, 2.32, 2.26, 2.32, 2.29, 2.29, 2.37, 2.34, 2.24, 2.32, 2.17, 2.16, 2.36, 2.22, 2.36, 2.35, 2.16, 2.17, 2.36],
  xi_211 = [12.03, 11.78, 12.64, 12.32, 12.66, 12.47, 12.47, 12.92, 12.77, 12.23, 12.67, 11.86, 11.77, 12.90, 12.11, 12.88, 12.83, 11.78, 11.84, 12.85],
  xi_212 = [11.97, 11.72, 12.57, 12.25, 12.59, 12.40, 12.40, 12.85, 12.70, 12.16, 12.60, 11.80, 11.71, 12.83, 12.04, 12.81, 12.76, 11.71, 11.78, 12.78],
  xi_213 = [11.85, 11.60, 12.45, 12.14, 12.47, 12.28, 12.28, 12.72, 12.58, 12.05, 12.48, 11.68, 11.59, 12.70, 11.93, 12.68, 12.63, 11.60, 11.66, 12.66],
  xi_214 = [12.43, 12.17, 13.06, 12.73, 13.08, 12.88, 12.89, 13.35, 13.20, 12.64, 13.10, 12.26, 12.16, 13.33, 12.51, 13.31, 13.26, 12.17, 12.24, 13.28],
  xi_215 = [11.75, 11.51, 12.35, 12.03, 12.36, 12.18, 12.18, 12.62, 12.48, 11.94, 12.38, 11.59, 11.50, 12.60, 11.83, 12.58, 12.53, 11.50, 11.57, 12.56],
  xi_216 = [11.32, 11.09, 11.89, 11.59, 11.91, 11.73, 11.73, 12.16, 12.02, 11.51, 11.93, 11.16, 11.08, 12.14, 11.40, 12.12, 12.07, 11.08, 11.14, 12.10],
  xi_217 = [12.25, 11.99, 12.87, 12.54, 12.88, 12.69, 12.69, 13.15, 13.00, 12.45, 12.90, 12.07, 11.98, 13.13, 12.33, 13.11, 13.06, 11.99, 12.05, 13.08],
  xi_218 = [11.70, 11.46, 12.29, 11.98, 12.31, 12.12, 12.13, 12.56, 12.42, 11.89, 12.32, 11.54, 11.45, 12.54, 11.78, 12.52, 12.47, 11.45, 11.52, 12.50],
  xi_219 = [11.43, 11.20, 12.01, 11.71, 12.03, 11.85, 11.85, 12.28, 12.14, 11.62, 12.04, 11.27, 11.19, 12.26, 11.51, 12.24, 12.19, 11.19, 11.26, 12.22],
  xi_2110 = [12.05, 11.80, 12.66, 12.34, 12.67, 12.48, 12.49, 12.93, 12.79, 12.24, 12.69, 11.88, 11.79, 12.92, 12.13, 12.89, 12.84, 11.79, 11.86, 12.87],
  xi_221 = [7.16, 7.01, 7.52, 7.33, 7.53, 7.42, 7.42, 7.69, 7.60, 7.28, 7.54, 7.06, 7.01, 7.68, 7.21, 7.66, 7.64, 7.01, 7.05, 7.65],
  xi_222 = [7.12, 6.97, 7.48, 7.29, 7.49, 7.38, 7.38, 7.65, 7.56, 7.24, 7.50, 7.02, 6.97, 7.64, 7.17, 7.62, 7.59, 6.97, 7.01, 7.61],
  xi_223 = [7.05, 6.91, 7.41, 7.22, 7.42, 7.31, 7.31, 7.57, 7.49, 7.17, 7.43, 6.96, 6.90, 7.56, 7.10, 7.55, 7.52, 6.91, 6.94, 7.54],
  xi_224 = [7.40, 7.25, 7.77, 7.58, 7.78, 7.67, 7.67, 7.95, 7.86, 7.52, 7.79, 7.30, 7.24, 7.93, 7.45, 7.92, 7.89, 7.24, 7.28, 7.91],
  xi_225 = [6.99, 6.85, 7.35, 7.16, 7.36, 7.25, 7.25, 7.51, 7.43, 7.11, 7.37, 6.90, 6.84, 7.50, 7.04, 7.49, 7.46, 6.85, 6.89, 7.47],
  xi_226 = [6.74, 6.60, 7.08, 6.90, 7.09, 6.98, 6.99, 7.24, 7.15, 6.85, 7.10, 6.64, 6.59, 7.22, 6.78, 7.21, 7.18, 6.60, 6.63, 7.20],
  xi_227 = [7.29, 7.14, 7.66, 7.46, 7.67, 7.55, 7.56, 7.83, 7.74, 7.41, 7.68, 7.19, 7.13, 7.81, 7.34, 7.80, 7.77, 7.14, 7.17, 7.79],
  xi_228 = [6.96, 6.82, 7.32, 7.13, 7.33, 7.22, 7.22, 7.48, 7.39, 7.08, 7.34, 6.87, 6.81, 7.47, 7.01, 7.45, 7.42, 6.82, 6.85, 7.44],
  xi_229 = [6.81, 6.67, 7.15, 6.97, 7.16, 7.05, 7.05, 7.31, 7.23, 6.92, 7.17, 6.71, 6.66, 7.30, 6.85, 7.28, 7.26, 6.66, 6.70, 7.27],
  xi_2210 = [7.17, 7.02, 7.53, 7.34, 7.54, 7.43, 7.43, 7.70, 7.61, 7.29, 7.55, 7.07, 7.02, 7.69, 7.22, 7.67, 7.65, 7.02, 7.06, 7.66],
  xi_231 = [7.72, 7.56, 8.12, 7.91, 8.13, 8.00, 8.01, 8.29, 8.20, 7.85, 8.14, 7.62, 7.56, 8.28, 7.78, 8.27, 8.24, 7.56, 7.60, 8.25],
  xi_232 = [7.68, 7.52, 8.07, 7.87, 8.08, 7.96, 7.96, 8.25, 8.16, 7.81, 8.09, 7.57, 7.52, 8.24, 7.73, 8.22, 8.19, 7.52, 7.56, 8.21],
  xi_233 = [7.61, 7.45, 7.99, 7.79, 8.00, 7.88, 7.89, 8.17, 8.08, 7.73, 8.01, 7.50, 7.44, 8.16, 7.66, 8.14, 8.11, 7.45, 7.49, 8.13],
  xi_234 = [7.98, 7.82, 8.39, 8.17, 8.40, 8.27, 8.27, 8.57, 8.47, 8.11, 8.41, 7.87, 7.81, 8.56, 8.03, 8.54, 8.51, 7.81, 7.86, 8.53],
  xi_235 = [7.54, 7.39, 7.93, 7.73, 7.94, 7.82, 7.82, 8.10, 8.01, 7.67, 7.95, 7.44, 7.38, 8.09, 7.59, 8.07, 8.04, 7.39, 7.43, 8.06],
  xi_236 = [7.27, 7.12, 7.64, 7.44, 7.65, 7.53, 7.53, 7.80, 7.72, 7.39, 7.66, 7.17, 7.11, 7.79, 7.32, 7.78, 7.75, 7.12, 7.15, 7.77],
  xi_237 = [7.86, 7.70, 8.26, 8.05, 8.27, 8.15, 8.15, 8.44, 8.35, 7.99, 8.28, 7.75, 7.69, 8.43, 7.91, 8.41, 8.38, 7.70, 7.74, 8.40],
  xi_238 = [7.51, 7.36, 7.89, 7.69, 7.90, 7.78, 7.79, 8.07, 7.97, 7.63, 7.91, 7.41, 7.35, 8.05, 7.56, 8.04, 8.01, 7.35, 7.39, 8.03],
  xi_239 = [7.34, 7.19, 7.71, 7.52, 7.72, 7.61, 7.61, 7.88, 7.79, 7.46, 7.73, 7.24, 7.18, 7.87, 7.39, 7.86, 7.83, 7.19, 7.23, 7.84],
  xi_2310 = [7.73, 7.57, 8.13, 7.92, 8.14, 8.01, 8.02, 8.30, 8.21, 7.86, 8.15, 7.63, 7.57, 8.29, 7.79, 8.28, 8.25, 7.57, 7.61, 8.26],
  xi_241 = [11.26, 11.03, 11.83, 11.53, 11.84, 11.67, 11.67, 12.09, 11.95, 11.45, 11.86, 11.10, 11.02, 12.07, 11.34, 12.05, 12.01, 11.02, 11.08, 12.03],
  xi_242 = [11.20, 10.97, 11.77, 11.47, 11.78, 11.60, 11.61, 12.02, 11.89, 11.38, 11.80, 11.04, 10.96, 12.01, 11.27, 11.99, 11.94, 10.96, 11.02, 11.97],
  xi_243 = [11.09, 10.86, 11.65, 11.36, 11.67, 11.49, 11.50, 11.91, 11.77, 11.27, 11.68, 10.94, 10.85, 11.89, 11.16, 11.87, 11.83, 10.86, 10.92, 11.85],
  xi_244 = [11.64, 11.39, 12.23, 11.92, 12.24, 12.06, 12.06, 12.49, 12.35, 11.83, 12.26, 11.47, 11.38, 12.48, 11.71, 12.45, 12.41, 11.39, 11.45, 12.43],
  xi_245 = [11.00, 10.77, 11.56, 11.26, 11.57, 11.40, 11.40, 11.81, 11.68, 11.18, 11.59, 10.85, 10.76, 11.79, 11.07, 11.77, 11.73, 10.77, 10.83, 11.75],
  xi_246 = [10.60, 10.38, 11.13, 10.85, 11.15, 10.98, 10.98, 11.38, 11.25, 10.77, 11.16, 10.45, 10.37, 11.36, 10.67, 11.34, 11.30, 10.37, 10.43, 11.32],
  xi_247 = [11.46, 11.22, 12.04, 11.74, 12.06, 11.88, 11.88, 12.31, 12.17, 11.65, 12.07, 11.30, 11.21, 12.29, 11.54, 12.27, 12.22, 11.22, 11.28, 12.25],
  xi_248 = [10.95, 10.72, 11.50, 11.21, 11.52, 11.35, 11.35, 11.76, 11.62, 11.13, 11.53, 10.80, 10.71, 11.74, 11.02, 11.72, 11.67, 10.72, 10.78, 11.70],
  xi_249 = [10.70, 10.48, 11.24, 10.96, 11.26, 11.09, 11.09, 11.49, 11.36, 10.88, 11.27, 10.55, 10.47, 11.47, 10.77, 11.45, 11.41, 10.48, 10.53, 11.43],
  xi_2410 = [11.27, 11.04, 11.85, 11.55, 11.86, 11.68, 11.69, 12.11, 11.97, 11.46, 11.88, 11.12, 11.03, 12.09, 11.35, 12.07, 12.02, 11.04, 11.10, 12.05],
  xi_251 = [10.54, 10.32, 11.07, 10.79, 11.09, 10.92, 10.92, 11.32, 11.19, 10.71, 11.10, 10.39, 10.31, 11.30, 10.61, 11.28, 11.24, 10.32, 10.37, 11.26],
  xi_252 = [10.48, 10.26, 11.01, 10.73, 11.03, 10.86, 10.87, 11.25, 11.13, 10.65, 11.04, 10.34, 10.26, 11.24, 10.55, 11.22, 11.18, 10.26, 10.32, 11.20],
  xi_253 = [10.38, 10.17, 10.91, 10.63, 10.92, 10.76, 10.76, 11.15, 11.02, 10.55, 10.93, 10.24, 10.16, 11.13, 10.45, 11.11, 11.07, 10.16, 10.22, 11.09],
  xi_254 = [10.89, 10.67, 11.44, 11.15, 11.46, 11.29, 11.29, 11.69, 11.56, 11.07, 11.47, 10.74, 10.66, 11.68, 10.96, 11.66, 11.61, 10.66, 10.72, 11.64],
  xi_255 = [10.29, 10.08, 10.82, 10.54, 10.83, 10.67, 10.67, 11.05, 10.93, 10.46, 10.84, 10.15, 10.07, 11.04, 10.36, 11.02, 10.98, 10.08, 10.13, 11.00],
  xi_256 = [9.92, 9.71, 10.42, 10.16, 10.43, 10.28, 10.28, 10.65, 10.53, 10.08, 10.45, 9.78, 9.70, 10.63, 9.98, 10.61, 10.57, 9.71, 9.76, 10.60],
  xi_257 = [10.73, 10.51, 11.27, 10.99, 11.28, 11.12, 11.12, 11.52, 11.39, 10.90, 11.30, 10.58, 10.50, 11.50, 10.80, 11.48, 11.44, 10.50, 10.56, 11.46],
  xi_258 = [10.25, 10.04, 10.77, 10.50, 10.78, 10.62, 10.62, 11.00, 10.88, 10.42, 10.80, 10.11, 10.03, 10.99, 10.32, 10.97, 10.93, 10.03, 10.09, 10.95],
  xi_259 = [10.02, 9.81, 10.52, 10.26, 10.54, 10.38, 10.38, 10.76, 10.63, 10.18, 10.55, 9.88, 9.80, 10.74, 10.08, 10.72, 10.68, 9.81, 9.86, 10.70],
  xi_2510 = [10.55, 10.33, 11.09, 10.81, 11.10, 10.94, 10.94, 11.33, 11.20, 10.73, 11.12, 10.41, 10.32, 11.31, 10.62, 11.29, 11.25, 10.33, 10.39, 11.28],
  xi_261 = [4.94, 4.84, 5.19, 5.06, 5.20, 5.12, 5.12, 5.30, 5.24, 5.02, 5.20, 4.87, 4.83, 5.30, 4.97, 5.29, 5.27, 4.83, 4.86, 5.28],
  xi_262 = [4.91, 4.81, 5.16, 5.03, 5.17, 5.09, 5.09, 5.27, 5.21, 4.99, 5.17, 4.84, 4.81, 5.27, 4.94, 5.26, 5.24, 4.81, 4.84, 5.25],
  xi_263 = [4.86, 4.76, 5.11, 4.98, 5.12, 5.04, 5.04, 5.22, 5.16, 4.94, 5.12, 4.80, 4.76, 5.22, 4.90, 5.21, 5.19, 4.76, 4.79, 5.20],
  xi_264 = [5.10, 5.00, 5.36, 5.23, 5.37, 5.29, 5.29, 5.48, 5.42, 5.19, 5.38, 5.03, 4.99, 5.47, 5.14, 5.46, 5.44, 5.00, 5.02, 5.45],
  xi_265 = [4.82, 4.72, 5.07, 4.94, 5.07, 5.00, 5.00, 5.18, 5.12, 4.90, 5.08, 4.76, 4.72, 5.17, 4.86, 5.16, 5.14, 4.72, 4.75, 5.15],
  xi_266 = [4.65, 4.55, 4.88, 4.76, 4.89, 4.82, 4.82, 4.99, 4.93, 4.72, 4.90, 4.58, 4.55, 4.98, 4.68, 4.97, 4.96, 4.55, 4.57, 4.97],
  xi_267 = [5.03, 4.92, 5.28, 5.15, 5.29, 5.21, 5.21, 5.40, 5.34, 5.11, 5.29, 4.96, 4.92, 5.39, 5.06, 5.38, 5.36, 4.92, 4.95, 5.37],
  xi_268 = [4.80, 4.70, 5.05, 4.92, 5.05, 4.98, 4.98, 5.16, 5.10, 4.88, 5.06, 4.74, 4.70, 5.15, 4.83, 5.14, 5.12, 4.70, 4.73, 5.13],
  xi_269 = [4.69, 4.60, 4.93, 4.81, 4.94, 4.86, 4.87, 5.04, 4.98, 4.77, 4.94, 4.63, 4.59, 5.03, 4.72, 5.02, 5.00, 4.60, 4.62, 5.02],
  xi_2610 = [4.95, 4.84, 5.20, 5.06, 5.20, 5.12, 5.13, 5.31, 5.25, 5.03, 5.21, 4.88, 4.84, 5.30, 4.98, 5.29, 5.27, 4.84, 4.87, 5.28],
  xi_271 = [7.29, 7.14, 7.66, 7.47, 7.67, 7.55, 7.56, 7.83, 7.74, 7.41, 7.68, 7.19, 7.13, 7.82, 7.34, 7.80, 7.77, 7.14, 7.18, 7.79],
  xi_272 = [7.25, 7.10, 7.62, 7.42, 7.63, 7.51, 7.51, 7.78, 7.70, 7.37, 7.64, 7.15, 7.09, 7.77, 7.30, 7.76, 7.73, 7.10, 7.14, 7.75],
  xi_273 = [7.18, 7.03, 7.54, 7.35, 7.55, 7.44, 7.44, 7.71, 7.62, 7.30, 7.56, 7.08, 7.02, 7.70, 7.23, 7.68, 7.66, 7.03, 7.07, 7.67],
  xi_274 = [7.53, 7.38, 7.91, 7.71, 7.92, 7.81, 7.81, 8.09, 8.00, 7.66, 7.93, 7.43, 7.37, 8.08, 7.58, 8.06, 8.03, 7.37, 7.41, 8.05],
  xi_275 = [7.12, 6.97, 7.48, 7.29, 7.49, 7.38, 7.38, 7.65, 7.56, 7.24, 7.50, 7.02, 6.97, 7.63, 7.17, 7.62, 7.59, 6.97, 7.01, 7.61],
  xi_276 = [6.86, 6.72, 7.21, 7.02, 7.22, 7.11, 7.11, 7.37, 7.28, 6.97, 7.23, 6.76, 6.71, 7.35, 6.91, 7.34, 7.31, 6.72, 6.75, 7.33],
  xi_277 = [7.42, 7.27, 7.80, 7.60, 7.80, 7.69, 7.69, 7.97, 7.88, 7.54, 7.82, 7.32, 7.26, 7.95, 7.47, 7.94, 7.91, 7.26, 7.30, 7.93],
  xi_278 = [7.09, 6.94, 7.45, 7.26, 7.46, 7.35, 7.35, 7.61, 7.53, 7.21, 7.47, 6.99, 6.94, 7.60, 7.14, 7.59, 7.56, 6.94, 6.98, 7.57],
  xi_279 = [6.93, 6.78, 7.28, 7.10, 7.29, 7.18, 7.18, 7.44, 7.36, 7.04, 7.30, 6.83, 6.78, 7.43, 6.97, 7.41, 7.39, 6.78, 6.82, 7.40],
  xi_2710 = [7.30, 7.15, 7.67, 7.47, 7.68, 7.56, 7.57, 7.84, 7.75, 7.42, 7.69, 7.20, 7.14, 7.83, 7.35, 7.81, 7.78, 7.15, 7.18, 7.80],
  xi_281 = [6.70, 6.56, 7.04, 6.86, 7.04, 6.94, 6.94, 7.19, 7.11, 6.81, 7.05, 6.60, 6.55, 7.18, 6.74, 7.17, 7.14, 6.56, 6.59, 7.16],
  xi_282 = [6.66, 6.52, 7.00, 6.82, 7.01, 6.90, 6.90, 7.15, 7.07, 6.77, 7.02, 6.57, 6.52, 7.14, 6.70, 7.13, 7.10, 6.52, 6.56, 7.12],
  xi_283 = [6.60, 6.46, 6.93, 6.76, 6.94, 6.84, 6.84, 7.08, 7.00, 6.71, 6.95, 6.50, 6.45, 7.07, 6.64, 7.06, 7.03, 6.46, 6.49, 7.05],
  xi_284 = [6.92, 6.78, 7.27, 7.09, 7.28, 7.17, 7.17, 7.43, 7.35, 7.03, 7.29, 6.82, 6.77, 7.42, 6.97, 7.41, 7.38, 6.77, 6.81, 7.39],
  xi_285 = [6.54, 6.41, 6.87, 6.70, 6.88, 6.78, 6.78, 7.02, 6.94, 6.65, 6.89, 6.45, 6.40, 7.01, 6.58, 7.00, 6.97, 6.40, 6.44, 6.99],
  xi_286 = [6.30, 6.17, 6.62, 6.45, 6.63, 6.53, 6.53, 6.77, 6.69, 6.41, 6.64, 6.21, 6.17, 6.76, 6.34, 6.74, 6.72, 6.17, 6.20, 6.73],
  xi_287 = [6.82, 6.68, 7.16, 6.98, 7.17, 7.06, 7.07, 7.32, 7.24, 6.93, 7.18, 6.72, 6.67, 7.31, 6.86, 7.30, 7.27, 6.67, 6.71, 7.28],
  xi_288 = [6.51, 6.38, 6.84, 6.67, 6.85, 6.75, 6.75, 6.99, 6.91, 6.62, 6.86, 6.42, 6.37, 6.98, 6.56, 6.97, 6.94, 6.38, 6.41, 6.96],
  xi_289 = [6.36, 6.23, 6.69, 6.52, 6.70, 6.60, 6.60, 6.83, 6.76, 6.47, 6.70, 6.28, 6.23, 6.82, 6.41, 6.81, 6.79, 6.23, 6.27, 6.80],
  xi_2810 = [6.71, 6.57, 7.05, 6.87, 7.05, 6.95, 6.95, 7.20, 7.12, 6.82, 7.06, 6.61, 6.56, 7.19, 6.75, 7.18, 7.15, 6.56, 6.60, 7.16],
  xi_291 = [4.40, 4.30, 4.62, 4.50, 4.62, 4.55, 4.56, 4.72, 4.67, 4.47, 4.63, 4.33, 4.30, 4.71, 4.42, 4.70, 4.69, 4.30, 4.33, 4.70],
  xi_292 = [4.37, 4.28, 4.59, 4.48, 4.60, 4.53, 4.53, 4.69, 4.64, 4.44, 4.60, 4.31, 4.28, 4.69, 4.40, 4.68, 4.66, 4.28, 4.30, 4.67],
  xi_293 = [4.33, 4.24, 4.55, 4.43, 4.55, 4.49, 4.49, 4.65, 4.60, 4.40, 4.56, 4.27, 4.24, 4.64, 4.36, 4.63, 4.62, 4.24, 4.26, 4.63],
  xi_294 = [4.54, 4.45, 4.77, 4.65, 4.78, 4.71, 4.71, 4.88, 4.82, 4.62, 4.78, 4.48, 4.44, 4.87, 4.57, 4.86, 4.84, 4.45, 4.47, 4.85],
  xi_295 = [4.29, 4.20, 4.51, 4.40, 4.52, 4.45, 4.45, 4.61, 4.56, 4.36, 4.52, 4.23, 4.20, 4.60, 4.32, 4.60, 4.58, 4.20, 4.23, 4.59],
  xi_296 = [4.14, 4.05, 4.35, 4.24, 4.35, 4.29, 4.29, 4.44, 4.39, 4.20, 4.36, 4.08, 4.05, 4.43, 4.16, 4.43, 4.41, 4.05, 4.07, 4.42],
  xi_297 = [4.47, 4.38, 4.70, 4.58, 4.71, 4.64, 4.64, 4.80, 4.75, 4.55, 4.71, 4.41, 4.38, 4.80, 4.50, 4.79, 4.77, 4.38, 4.40, 4.78],
  xi_298 = [4.27, 4.19, 4.49, 4.38, 4.50, 4.43, 4.43, 4.59, 4.54, 4.34, 4.50, 4.21, 4.18, 4.58, 4.30, 4.57, 4.56, 4.18, 4.21, 4.57],
  xi_299 = [4.18, 4.09, 4.39, 4.28, 4.39, 4.33, 4.33, 4.49, 4.43, 4.25, 4.40, 4.12, 4.09, 4.48, 4.21, 4.47, 4.45, 4.09, 4.11, 4.46],
  xi_2910 = [4.40, 4.31, 4.62, 4.51, 4.63, 4.56, 4.56, 4.73, 4.67, 4.47, 4.64, 4.34, 4.31, 4.72, 4.43, 4.71, 4.69, 4.31, 4.33, 4.70],
  xi_301 = [10.32, 10.11, 10.84, 10.57, 10.86, 10.70, 10.70, 11.08, 10.96, 10.49, 10.87, 10.18, 10.10, 11.07, 10.39, 11.05, 11.01, 10.10, 10.16, 11.03],
  xi_302 = [10.27, 10.05, 10.79, 10.51, 10.80, 10.64, 10.64, 11.02, 10.90, 10.43, 10.81, 10.12, 10.04, 11.01, 10.33, 10.99, 10.95, 10.05, 10.11, 10.97],
  xi_303 = [10.17, 9.96, 10.68, 10.41, 10.69, 10.54, 10.54, 10.92, 10.79, 10.33, 10.71, 10.03, 9.95, 10.90, 10.23, 10.88, 10.84, 9.95, 10.01, 10.86],
  xi_304 = [10.67, 10.45, 11.21, 10.92, 11.22, 11.05, 11.06, 11.45, 11.32, 10.84, 11.24, 10.52, 10.44, 11.44, 10.74, 11.42, 11.37, 10.44, 10.50, 11.40],
  xi_305 = [10.08, 9.87, 10.59, 10.33, 10.61, 10.45, 10.45, 10.83, 10.70, 10.25, 10.62, 9.94, 9.86, 10.81, 10.15, 10.79, 10.75, 9.87, 9.92, 10.77],
  xi_306 = [9.71, 9.51, 10.20, 9.95, 10.22, 10.06, 10.07, 10.43, 10.31, 9.87, 10.23, 9.58, 9.50, 10.41, 9.78, 10.40, 10.36, 9.51, 9.56, 10.38],
  xi_307 = [10.51, 10.29, 11.04, 10.76, 11.05, 10.89, 10.89, 11.28, 11.15, 10.68, 11.07, 10.36, 10.28, 11.26, 10.58, 11.24, 11.20, 10.28, 10.34, 11.23],
  xi_308 = [10.04, 9.83, 10.55, 10.28, 10.56, 10.40, 10.40, 10.78, 10.66, 10.20, 10.57, 9.90, 9.82, 10.76, 10.10, 10.74, 10.70, 9.83, 9.88, 10.72],
  xi_309 = [9.81, 9.61, 10.31, 10.05, 10.32, 10.17, 10.17, 10.53, 10.41, 9.97, 10.33, 9.67, 9.60, 10.52, 9.88, 10.50, 10.46, 9.60, 9.66, 10.48],
  xi_3010 = [10.34, 10.12, 10.86, 10.58, 10.87, 10.71, 10.71, 11.10, 10.97, 10.51, 10.89, 10.19, 10.11, 11.08, 10.40, 11.06, 11.02, 10.12, 10.17, 11.04],
]

Transportation Costs (cjk) = [
  [5.59, 5.67, 5.88, 5.48, 5.83, 5.90, 5.81, 5.60, 6.33, 6.20],
  [14.07, 14.27, 14.80, 13.78, 14.68, 14.86, 14.63, 14.11, 15.94, 15.61],
  [5.07, 5.14, 5.33, 4.97, 5.29, 5.36, 5.27, 5.09, 5.74, 5.63],
  [12.83, 13.02, 13.50, 12.58, 13.39, 13.55, 13.34, 12.87, 14.54, 14.24],
  [11.90, 12.07, 12.52, 11.67, 12.42, 12.57, 12.38, 11.94, 13.49, 13.21],
  [9.47, 9.60, 9.96, 9.28, 9.88, 10.00, 9.85, 9.50, 10.73, 10.50],
  [5.21, 5.29, 5.48, 5.11, 5.44, 5.50, 5.42, 5.23, 5.90, 5.78],
  [10.67, 10.83, 11.23, 10.46, 11.14, 11.27, 11.10, 10.70, 12.09, 11.84],
  [7.67, 7.78, 8.07, 7.52, 8.00, 8.10, 7.98, 7.69, 8.69, 8.51],
  [9.80, 9.94, 10.31, 9.60, 10.23, 10.35, 10.19, 9.83, 11.10, 10.87],
  [7.33, 7.44, 7.71, 7.19, 7.65, 7.74, 7.62, 7.35, 8.31, 8.13],
  [6.78, 6.87, 7.13, 6.64, 7.07, 7.16, 7.05, 6.80, 7.68, 7.52],
  [6.29, 6.38, 6.62, 6.16, 6.56, 6.64, 6.54, 6.31, 7.12, 6.98],
  [8.71, 8.83, 9.16, 8.53, 9.09, 9.20, 9.05, 8.73, 9.86, 9.66],
  [14.24, 14.45, 14.99, 13.96, 14.87, 15.05, 14.81, 14.29, 16.14, 15.80],
  [6.22, 6.31, 6.54, 6.09, 6.49, 6.57, 6.46, 6.23, 7.04, 6.90],
  [12.03, 12.20, 12.66, 11.79, 12.56, 12.71, 12.51, 12.07, 13.63, 13.35],
  [6.87, 6.97, 7.23, 6.74, 7.18, 7.26, 7.15, 6.90, 7.79, 7.63],
  [12.56, 12.74, 13.22, 12.31, 13.11, 13.27, 13.06, 12.60, 14.23, 13.94],
  [12.86, 13.05, 13.53, 12.61, 13.43, 13.59, 13.38, 12.90, 14.58, 14.27],
  [5.63, 5.71, 5.92, 5.52, 5.87, 5.94, 5.85, 5.64, 6.38, 6.24],
  [5.26, 5.34, 5.53, 5.16, 5.49, 5.56, 5.47, 5.28, 5.96, 5.84],
  [6.55, 6.65, 6.89, 6.42, 6.84, 6.92, 6.81, 6.57, 7.42, 7.27],
  [11.39, 11.56, 11.99, 11.17, 11.89, 12.04, 11.85, 11.43, 12.91, 12.64],
  [11.74, 11.91, 12.35, 11.50, 12.25, 12.40, 12.21, 11.77, 13.30, 13.02],
  [5.66, 5.74, 5.95, 5.55, 5.91, 5.98, 5.89, 5.68, 6.41, 6.28],
  [10.25, 10.40, 10.79, 10.05, 10.70, 10.83, 10.66, 10.28, 11.62, 11.37],
  [10.36, 10.51, 10.90, 10.15, 10.81, 10.94, 10.77, 10.39, 11.74, 11.49],
  [8.06, 8.18, 8.48, 7.90, 8.41, 8.51, 8.38, 8.08, 9.13, 8.94],
  [11.12, 11.28, 11.70, 10.90, 11.61, 11.75, 11.57, 11.15, 12.60, 12.34],
]

Mean Service Times (mu_{jk}) = [
  mu_11 = [6.39],
  mu_12 = [6.35],
  mu_13 = [6.29],
  mu_14 = [6.60],
  mu_15 = [6.24],
  mu_16 = [6.01],
  mu_17 = [6.50],
  mu_18 = [6.21],
  mu_19 = [6.07],
  mu_110 = [6.40],
  mu_21 = [11.83],
  mu_22 = [11.77],
  mu_23 = [11.65],
  mu_24 = [12.22],
  mu_25 = [11.55],
  mu_26 = [11.13],
  mu_27 = [12.04],
  mu_28 = [11.50],
  mu_29 = [11.24],
  mu_210 = [11.84],
  mu_31 = [24.87],
  mu_32 = [24.73],
  mu_33 = [24.50],
  mu_34 = [25.70],
  mu_35 = [24.29],
  mu_36 = [23.40],
  mu_37 = [25.31],
  mu_38 = [24.18],
  mu_39 = [23.64],
  mu_310 = [24.90],
  mu_41 = [4.30],
  mu_42 = [4.28],
  mu_43 = [4.24],
  mu_44 = [4.45],
  mu_45 = [4.20],
  mu_46 = [4.05],
  mu_47 = [4.38],
  mu_48 = [4.18],
  mu_49 = [4.09],
  mu_410 = [4.31],
  mu_51 = [0.10],
  mu_52 = [0.10],
  mu_53 = [0.10],
  mu_54 = [0.11],
  mu_55 = [0.10],
  mu_56 = [0.10],
  mu_57 = [0.10],
  mu_58 = [0.10],
  mu_59 = [0.10],
  mu_510 = [0.10],
  mu_61 = [0.10],
  mu_62 = [0.10],
  mu_63 = [0.10],
  mu_64 = [0.11],
  mu_65 = [0.10],
  mu_66 = [0.10],
  mu_67 = [0.10],
  mu_68 = [0.10],
  mu_69 = [0.10],
  mu_610 = [0.10],
  mu_71 = [25.36],
  mu_72 = [25.22],
  mu_73 = [24.98],
  mu_74 = [26.20],
  mu_75 = [24.77],
  mu_76 = [23.86],
  mu_77 = [25.81],
  mu_78 = [24.66],
  mu_79 = [24.10],
  mu_710 = [25.39],
  mu_81 = [14.49],
  mu_82 = [14.42],
  mu_83 = [14.28],
  mu_84 = [14.98],
  mu_85 = [14.16],
  mu_86 = [13.64],
  mu_87 = [14.75],
  mu_88 = [14.09],
  mu_89 = [13.78],
  mu_810 = [14.51],
  mu_91 = [10.83],
  mu_92 = [10.77],
  mu_93 = [10.67],
  mu_94 = [11.19],
  mu_95 = [10.58],
  mu_96 = [10.19],
  mu_97 = [11.03],
  mu_98 = [10.53],
  mu_99 = [10.30],
  mu_910 = [10.85],
  mu_101 = [3.87],
  mu_102 = [3.84],
  mu_103 = [3.81],
  mu_104 = [3.99],
  mu_105 = [3.78],
  mu_106 = [3.64],
  mu_107 = [3.93],
  mu_108 = [3.76],
  mu_109 = [3.67],
  mu_1010 = [3.87],
  mu_111 = [0.10],
  mu_112 = [0.10],
  mu_113 = [0.10],
  mu_114 = [0.11],
  mu_115 = [0.10],
  mu_116 = [0.10],
  mu_117 = [0.10],
  mu_118 = [0.10],
  mu_119 = [0.10],
  mu_1110 = [0.10],
  mu_121 = [4.39],
  mu_122 = [4.37],
  mu_123 = [4.33],
  mu_124 = [4.54],
  mu_125 = [4.29],
  mu_126 = [4.13],
  mu_127 = [4.47],
  mu_128 = [4.27],
  mu_129 = [4.18],
  mu_1210 = [4.40],
  mu_131 = [12.85],
  mu_132 = [12.78],
  mu_133 = [12.65],
  mu_134 = [13.28],
  mu_135 = [12.55],
  mu_136 = [12.09],
  mu_137 = [13.08],
  mu_138 = [12.49],
  mu_139 = [12.21],
  mu_1310 = [12.86],
  mu_141 = [6.44],
  mu_142 = [6.40],
  mu_143 = [6.34],
  mu_144 = [6.65],
  mu_145 = [6.29],
  mu_146 = [6.06],
  mu_147 = [6.55],
  mu_148 = [6.26],
  mu_149 = [6.12],
  mu_1410 = [6.45],
  mu_151 = [6.64],
  mu_152 = [6.61],
  mu_153 = [6.54],
  mu_154 = [6.86],
  mu_155 = [6.49],
  mu_156 = [6.25],
  mu_157 = [6.76],
  mu_158 = [6.46],
  mu_159 = [6.31],
  mu_1510 = [6.65],
  mu_161 = [7.53],
  mu_162 = [7.49],
  mu_163 = [7.41],
  mu_164 = [7.78],
  mu_165 = [7.35],
  mu_166 = [7.08],
  mu_167 = [7.66],
  mu_168 = [7.32],
  mu_169 = [7.15],
  mu_1610 = [7.54],
  mu_171 = [9.28],
  mu_172 = [9.23],
  mu_173 = [9.14],
  mu_174 = [9.59],
  mu_175 = [9.06],
  mu_176 = [8.73],
  mu_177 = [9.44],
  mu_178 = [9.02],
  mu_179 = [8.82],
  mu_1710 = [9.29],
  mu_181 = [7.05],
  mu_182 = [7.01],
  mu_183 = [6.94],
  mu_184 = [7.28],
  mu_185 = [6.89],
  mu_186 = [6.63],
  mu_187 = [7.17],
  mu_188 = [6.85],
  mu_189 = [6.70],
  mu_1810 = [7.06],
  mu_191 = [4.25],
  mu_192 = [4.23],
  mu_193 = [4.19],
  mu_194 = [4.39],
  mu_195 = [4.15],
  mu_196 = [4.00],
  mu_197 = [4.33],
  mu_198 = [4.13],
  mu_199 = [4.04],
  mu_1910 = [4.26],
  mu_201 = [2.27],
  mu_202 = [2.26],
  mu_203 = [2.23],
  mu_204 = [2.34],
  mu_205 = [2.22],
  mu_206 = [2.13],
  mu_207 = [2.31],
  mu_208 = [2.21],
  mu_209 = [2.16],
  mu_2010 = [2.27],
  mu_211 = [12.39],
  mu_212 = [12.32],
  mu_213 = [12.20],
  mu_214 = [12.80],
  mu_215 = [12.10],
  mu_216 = [11.66],
  mu_217 = [12.61],
  mu_218 = [12.05],
  mu_219 = [11.77],
  mu_2110 = [12.40],
  mu_221 = [7.37],
  mu_222 = [7.33],
  mu_223 = [7.26],
  mu_224 = [7.62],
  mu_225 = [7.20],
  mu_226 = [6.94],
  mu_227 = [7.51],
  mu_228 = [7.17],
  mu_229 = [7.01],
  mu_2210 = [7.38],
  mu_231 = [7.95],
  mu_232 = [7.91],
  mu_233 = [7.83],
  mu_234 = [8.22],
  mu_235 = [7.77],
  mu_236 = [7.48],
  mu_237 = [8.10],
  mu_238 = [7.73],
  mu_239 = [7.56],
  mu_2310 = [7.96],
  mu_241 = [11.60],
  mu_242 = [11.53],
  mu_243 = [11.42],
  mu_244 = [11.98],
  mu_245 = [11.33],
  mu_246 = [10.91],
  mu_247 = [11.80],
  mu_248 = [11.28],
  mu_249 = [11.02],
  mu_2410 = [11.61],
  mu_251 = [10.85],
  mu_252 = [10.79],
  mu_253 = [10.69],
  mu_254 = [11.21],
  mu_255 = [10.60],
  mu_256 = [10.21],
  mu_257 = [11.05],
  mu_258 = [10.55],
  mu_259 = [10.31],
  mu_2510 = [10.87],
  mu_261 = [5.09],
  mu_262 = [5.06],
  mu_263 = [5.01],
  mu_264 = [5.26],
  mu_265 = [4.97],
  mu_266 = [4.79],
  mu_267 = [5.18],
  mu_268 = [4.95],
  mu_269 = [4.83],
  mu_2610 = [5.09],
  mu_271 = [7.51],
  mu_272 = [7.47],
  mu_273 = [7.39],
  mu_274 = [7.76],
  mu_275 = [7.33],
  mu_276 = [7.06],
  mu_277 = [7.64],
  mu_278 = [7.30],
  mu_279 = [7.13],
  mu_2710 = [7.52],
  mu_281 = [6.90],
  mu_282 = [6.86],
  mu_283 = [6.79],
  mu_284 = [7.13],
  mu_285 = [6.74],
  mu_286 = [6.49],
  mu_287 = [7.02],
  mu_288 = [6.71],
  mu_289 = [6.55],
  mu_2810 = [6.91],
  mu_291 = [4.53],
  mu_292 = [4.50],
  mu_293 = [4.46],
  mu_294 = [4.68],
  mu_295 = [4.42],
  mu_296 = [4.26],
  mu_297 = [4.61],
  mu_298 = [4.40],
  mu_299 = [4.30],
  mu_2910 = [4.53],
  mu_301 = [10.63],
  mu_302 = [10.57],
  mu_303 = [10.47],
  mu_304 = [10.98],
  mu_305 = [10.38],
  mu_306 = [10.00],
  mu_307 = [10.82],
  mu_308 = [10.34],
  mu_309 = [10.10],
  mu_3010 = [10.64],
]

Mean Transportation Times (tau_{jk}) = [
  tau_11 = [7.74],
  tau_12 = [7.87],
  tau_13 = [7.45],
  tau_14 = [7.81],
  tau_15 = [7.98],
  tau_16 = [8.13],
  tau_17 = [8.11],
  tau_18 = [7.63],
  tau_19 = [7.68],
  tau_110 = [7.84],
  tau_21 = [3.72],
  tau_22 = [3.78],
  tau_23 = [3.58],
  tau_24 = [3.75],
  tau_25 = [3.83],
  tau_26 = [3.90],
  tau_27 = [3.89],
  tau_28 = [3.66],
  tau_29 = [3.69],
  tau_210 = [3.76],
  tau_31 = [7.72],
  tau_32 = [7.85],
  tau_33 = [7.43],
  tau_34 = [7.79],
  tau_35 = [7.96],
  tau_36 = [8.11],
  tau_37 = [8.09],
  tau_38 = [7.61],
  tau_39 = [7.66],
  tau_310 = [7.82],
  tau_41 = [17.70],
  tau_42 = [17.99],
  tau_43 = [17.04],
  tau_44 = [17.86],
  tau_45 = [18.24],
  tau_46 = [18.58],
  tau_47 = [18.54],
  tau_48 = [17.45],
  tau_49 = [17.56],
  tau_410 = [17.93],
  tau_51 = [23.50],
  tau_52 = [23.89],
  tau_53 = [22.62],
  tau_54 = [23.72],
  tau_55 = [24.22],
  tau_56 = [24.67],
  tau_57 = [24.62],
  tau_58 = [23.17],
  tau_59 = [23.31],
  tau_510 = [23.81],
  tau_61 = [6.01],
  tau_62 = [6.11],
  tau_63 = [5.79],
  tau_64 = [6.07],
  tau_65 = [6.20],
  tau_66 = [6.31],
  tau_67 = [6.30],
  tau_68 = [5.93],
  tau_69 = [5.96],
  tau_610 = [6.09],
  tau_71 = [1.05],
  tau_72 = [1.07],
  tau_73 = [1.01],
  tau_74 = [1.06],
  tau_75 = [1.08],
  tau_76 = [1.10],
  tau_77 = [1.10],
  tau_78 = [1.03],
  tau_79 = [1.04],
  tau_710 = [1.06],
  tau_81 = [3.18],
  tau_82 = [3.23],
  tau_83 = [3.06],
  tau_84 = [3.21],
  tau_85 = [3.27],
  tau_86 = [3.33],
  tau_87 = [3.33],
  tau_88 = [3.13],
  tau_89 = [3.15],
  tau_810 = [3.22],
  tau_91 = [18.76],
  tau_92 = [19.06],
  tau_93 = [18.06],
  tau_94 = [18.93],
  tau_95 = [19.33],
  tau_96 = [19.69],
  tau_97 = [19.65],
  tau_98 = [18.49],
  tau_99 = [18.61],
  tau_910 = [19.00],
  tau_101 = [18.33],
  tau_102 = [18.63],
  tau_103 = [17.64],
  tau_104 = [18.50],
  tau_105 = [18.89],
  tau_106 = [19.24],
  tau_107 = [19.20],
  tau_108 = [18.07],
  tau_109 = [18.18],
  tau_1010 = [18.57],
  tau_111 = [22.54],
  tau_112 = [22.91],
  tau_113 = [21.70],
  tau_114 = [22.75],
  tau_115 = [23.24],
  tau_116 = [23.67],
  tau_117 = [23.62],
  tau_118 = [22.22],
  tau_119 = [22.36],
  tau_1110 = [22.84],
  tau_121 = [2.92],
  tau_122 = [2.96],
  tau_123 = [2.81],
  tau_124 = [2.94],
  tau_125 = [3.01],
  tau_126 = [3.06],
  tau_127 = [3.06],
  tau_128 = [2.88],
  tau_129 = [2.89],
  tau_1210 = [2.95],
  tau_131 = [10.46],
  tau_132 = [10.63],
  tau_133 = [10.07],
  tau_134 = [10.55],
  tau_135 = [10.78],
  tau_136 = [10.98],
  tau_137 = [10.96],
  tau_138 = [10.31],
  tau_139 = [10.37],
  tau_1310 = [10.60],
  tau_141 = [23.34],
  tau_142 = [23.72],
  tau_143 = [22.47],
  tau_144 = [23.56],
  tau_145 = [24.06],
  tau_146 = [24.50],
  tau_147 = [24.46],
  tau_148 = [23.01],
  tau_149 = [23.15],
  tau_1410 = [23.65],
  tau_151 = [11.91],
  tau_152 = [12.10],
  tau_153 = [11.46],
  tau_154 = [12.02],
  tau_155 = [12.27],
  tau_156 = [12.50],
  tau_157 = [12.47],
  tau_158 = [11.74],
  tau_159 = [11.81],
  tau_1510 = [12.06],
  tau_161 = [6.97],
  tau_162 = [7.09],
  tau_163 = [6.71],
  tau_164 = [7.04],
  tau_165 = [7.19],
  tau_166 = [7.32],
  tau_167 = [7.30],
  tau_168 = [6.87],
  tau_169 = [6.92],
  tau_1610 = [7.06],
  tau_171 = [17.11],
  tau_172 = [17.39],
  tau_173 = [16.47],
  tau_174 = [17.27],
  tau_175 = [17.63],
  tau_176 = [17.96],
  tau_177 = [17.93],
  tau_178 = [16.87],
  tau_179 = [16.97],
  tau_1710 = [17.34],
  tau_181 = [8.29],
  tau_182 = [8.43],
  tau_183 = [7.98],
  tau_184 = [8.37],
  tau_185 = [8.54],
  tau_186 = [8.70],
  tau_187 = [8.69],
  tau_188 = [8.17],
  tau_189 = [8.22],
  tau_1810 = [8.40],
  tau_191 = [11.76],
  tau_192 = [11.95],
  tau_193 = [11.32],
  tau_194 = [11.86],
  tau_195 = [12.12],
  tau_196 = [12.34],
  tau_197 = [12.32],
  tau_198 = [11.59],
  tau_199 = [11.66],
  tau_1910 = [11.91],
  tau_201 = [1.07],
  tau_202 = [1.09],
  tau_203 = [1.03],
  tau_204 = [1.08],
  tau_205 = [1.10],
  tau_206 = [1.12],
  tau_207 = [1.12],
  tau_208 = [1.05],
  tau_209 = [1.06],
  tau_2010 = [1.08],
  tau_211 = [13.71],
  tau_212 = [13.94],
  tau_213 = [13.20],
  tau_214 = [13.84],
  tau_215 = [14.13],
  tau_216 = [14.40],
  tau_217 = [14.37],
  tau_218 = [13.52],
  tau_219 = [13.60],
  tau_2110 = [13.89],
  tau_221 = [16.58],
  tau_222 = [16.85],
  tau_223 = [15.96],
  tau_224 = [16.73],
  tau_225 = [17.09],
  tau_226 = [17.41],
  tau_227 = [17.37],
  tau_228 = [16.35],
  tau_229 = [16.45],
  tau_2210 = [16.80],
  tau_231 = [20.39],
  tau_232 = [20.73],
  tau_233 = [19.63],
  tau_234 = [20.58],
  tau_235 = [21.02],
  tau_236 = [21.41],
  tau_237 = [21.37],
  tau_238 = [20.11],
  tau_239 = [20.23],
  tau_2310 = [20.66],
  tau_241 = [4.54],
  tau_242 = [4.62],
  tau_243 = [4.37],
  tau_244 = [4.59],
  tau_245 = [4.68],
  tau_246 = [4.77],
  tau_247 = [4.76],
  tau_248 = [4.48],
  tau_249 = [4.51],
  tau_2410 = [4.60],
  tau_251 = [20.40],
  tau_252 = [20.74],
  tau_253 = [19.64],
  tau_254 = [20.59],
  tau_255 = [21.03],
  tau_256 = [21.42],
  tau_257 = [21.38],
  tau_258 = [20.12],
  tau_259 = [20.24],
  tau_2510 = [20.67],
  tau_261 = [15.13],
  tau_262 = [15.38],
  tau_263 = [14.57],
  tau_264 = [15.27],
  tau_265 = [15.60],
  tau_266 = [15.89],
  tau_267 = [15.85],
  tau_268 = [14.92],
  tau_269 = [15.01],
  tau_2610 = [15.33],
  tau_271 = [15.63],
  tau_272 = [15.89],
  tau_273 = [15.05],
  tau_274 = [15.78],
  tau_275 = [16.11],
  tau_276 = [16.41],
  tau_277 = [16.38],
  tau_278 = [15.41],
  tau_279 = [15.51],
  tau_2710 = [15.84],
  tau_281 = [17.81],
  tau_282 = [18.10],
  tau_283 = [17.14],
  tau_284 = [17.97],
  tau_285 = [18.36],
  tau_286 = [18.70],
  tau_287 = [18.66],
  tau_288 = [17.56],
  tau_289 = [17.67],
  tau_2810 = [18.04],
  tau_291 = [14.55],
  tau_292 = [14.79],
  tau_293 = [14.01],
  tau_294 = [14.69],
  tau_295 = [15.00],
  tau_296 = [15.28],
  tau_297 = [15.25],
  tau_298 = [14.35],
  tau_299 = [14.44],
  tau_2910 = [14.74],
  tau_301 = [2.73],
  tau_302 = [2.77],
  tau_303 = [2.62],
  tau_304 = [2.75],
  tau_305 = [2.81],
  tau_306 = [2.86],
  tau_307 = [2.86],
  tau_308 = [2.69],
  tau_309 = [2.70],
  tau_3010 = [2.76],
]

Epsilon + mu_{jk} = [
  epsilon_plus_mu_11 = [9.58],
  epsilon_plus_mu_12 = [9.53],
  epsilon_plus_mu_13 = [9.44],
  epsilon_plus_mu_14 = [9.90],
  epsilon_plus_mu_15 = [9.36],
  epsilon_plus_mu_16 = [9.02],
  epsilon_plus_mu_17 = [9.75],
  epsilon_plus_mu_18 = [9.32],
  epsilon_plus_mu_19 = [9.11],
  epsilon_plus_mu_110 = [9.59],
  epsilon_plus_mu_21 = [17.74],
  epsilon_plus_mu_22 = [17.65],
  epsilon_plus_mu_23 = [17.48],
  epsilon_plus_mu_24 = [18.34],
  epsilon_plus_mu_25 = [17.33],
  epsilon_plus_mu_26 = [16.70],
  epsilon_plus_mu_27 = [18.06],
  epsilon_plus_mu_28 = [17.25],
  epsilon_plus_mu_29 = [16.86],
  epsilon_plus_mu_210 = [17.77],
  epsilon_plus_mu_31 = [37.30],
  epsilon_plus_mu_32 = [37.10],
  epsilon_plus_mu_33 = [36.74],
  epsilon_plus_mu_34 = [38.55],
  epsilon_plus_mu_35 = [36.44],
  epsilon_plus_mu_36 = [35.10],
  epsilon_plus_mu_37 = [37.97],
  epsilon_plus_mu_38 = [36.28],
  epsilon_plus_mu_39 = [35.45],
  epsilon_plus_mu_310 = [37.35],
  epsilon_plus_mu_41 = [6.45],
  epsilon_plus_mu_42 = [6.42],
  epsilon_plus_mu_43 = [6.36],
  epsilon_plus_mu_44 = [6.67],
  epsilon_plus_mu_45 = [6.30],
  epsilon_plus_mu_46 = [6.07],
  epsilon_plus_mu_47 = [6.57],
  epsilon_plus_mu_48 = [6.28],
  epsilon_plus_mu_49 = [6.13],
  epsilon_plus_mu_410 = [6.46],
  epsilon_plus_mu_51 = [0.15],
  epsilon_plus_mu_52 = [0.15],
  epsilon_plus_mu_53 = [0.15],
  epsilon_plus_mu_54 = [0.16],
  epsilon_plus_mu_55 = [0.15],
  epsilon_plus_mu_56 = [0.15],
  epsilon_plus_mu_57 = [0.16],
  epsilon_plus_mu_58 = [0.15],
  epsilon_plus_mu_59 = [0.15],
  epsilon_plus_mu_510 = [0.15],
  epsilon_plus_mu_61 = [0.15],
  epsilon_plus_mu_62 = [0.15],
  epsilon_plus_mu_63 = [0.15],
  epsilon_plus_mu_64 = [0.16],
  epsilon_plus_mu_65 = [0.15],
  epsilon_plus_mu_66 = [0.15],
  epsilon_plus_mu_67 = [0.16],
  epsilon_plus_mu_68 = [0.15],
  epsilon_plus_mu_69 = [0.15],
  epsilon_plus_mu_610 = [0.15],
  epsilon_plus_mu_71 = [38.04],
  epsilon_plus_mu_72 = [37.83],
  epsilon_plus_mu_73 = [37.47],
  epsilon_plus_mu_74 = [39.30],
  epsilon_plus_mu_75 = [37.15],
  epsilon_plus_mu_76 = [35.79],
  epsilon_plus_mu_77 = [38.71],
  epsilon_plus_mu_78 = [36.99],
  epsilon_plus_mu_79 = [36.15],
  epsilon_plus_mu_710 = [38.09],
  epsilon_plus_mu_81 = [21.74],
  epsilon_plus_mu_82 = [21.62],
  epsilon_plus_mu_83 = [21.42],
  epsilon_plus_mu_84 = [22.47],
  epsilon_plus_mu_85 = [21.24],
  epsilon_plus_mu_86 = [20.46],
  epsilon_plus_mu_87 = [22.13],
  epsilon_plus_mu_88 = [21.14],
  epsilon_plus_mu_89 = [20.66],
  epsilon_plus_mu_810 = [21.77],
  epsilon_plus_mu_91 = [16.25],
  epsilon_plus_mu_92 = [16.16],
  epsilon_plus_mu_93 = [16.01],
  epsilon_plus_mu_94 = [16.79],
  epsilon_plus_mu_95 = [15.87],
  epsilon_plus_mu_96 = [15.29],
  epsilon_plus_mu_97 = [16.54],
  epsilon_plus_mu_98 = [15.80],
  epsilon_plus_mu_99 = [15.44],
  epsilon_plus_mu_910 = [16.27],
  epsilon_plus_mu_101 = [5.80],
  epsilon_plus_mu_102 = [5.77],
  epsilon_plus_mu_103 = [5.71],
  epsilon_plus_mu_104 = [5.99],
  epsilon_plus_mu_105 = [5.66],
  epsilon_plus_mu_106 = [5.46],
  epsilon_plus_mu_107 = [5.90],
  epsilon_plus_mu_108 = [5.64],
  epsilon_plus_mu_109 = [5.51],
  epsilon_plus_mu_1010 = [5.81],
  epsilon_plus_mu_111 = [0.15],
  epsilon_plus_mu_112 = [0.15],
  epsilon_plus_mu_113 = [0.15],
  epsilon_plus_mu_114 = [0.16],
  epsilon_plus_mu_115 = [0.15],
  epsilon_plus_mu_116 = [0.15],
  epsilon_plus_mu_117 = [0.16],
  epsilon_plus_mu_118 = [0.15],
  epsilon_plus_mu_119 = [0.15],
  epsilon_plus_mu_1110 = [0.15],
  epsilon_plus_mu_121 = [6.59],
  epsilon_plus_mu_122 = [6.56],
  epsilon_plus_mu_123 = [6.49],
  epsilon_plus_mu_124 = [6.81],
  epsilon_plus_mu_125 = [6.44],
  epsilon_plus_mu_126 = [6.20],
  epsilon_plus_mu_127 = [6.71],
  epsilon_plus_mu_128 = [6.41],
  epsilon_plus_mu_129 = [6.26],
  epsilon_plus_mu_1210 = [6.60],
  epsilon_plus_mu_131 = [19.27],
  epsilon_plus_mu_132 = [19.17],
  epsilon_plus_mu_133 = [18.98],
  epsilon_plus_mu_134 = [19.91],
  epsilon_plus_mu_135 = [18.82],
  epsilon_plus_mu_136 = [18.13],
  epsilon_plus_mu_137 = [19.61],
  epsilon_plus_mu_138 = [18.74],
  epsilon_plus_mu_139 = [18.31],
  epsilon_plus_mu_1310 = [19.29],
  epsilon_plus_mu_141 = [9.66],
  epsilon_plus_mu_142 = [9.61],
  epsilon_plus_mu_143 = [9.51],
  epsilon_plus_mu_144 = [9.98],
  epsilon_plus_mu_145 = [9.43],
  epsilon_plus_mu_146 = [9.09],
  epsilon_plus_mu_147 = [9.83],
  epsilon_plus_mu_148 = [9.39],
  epsilon_plus_mu_149 = [9.18],
  epsilon_plus_mu_1410 = [9.67],
  epsilon_plus_mu_151 = [9.96],
  epsilon_plus_mu_152 = [9.91],
  epsilon_plus_mu_153 = [9.81],
  epsilon_plus_mu_154 = [10.30],
  epsilon_plus_mu_155 = [9.73],
  epsilon_plus_mu_156 = [9.38],
  epsilon_plus_mu_157 = [10.14],
  epsilon_plus_mu_158 = [9.69],
  epsilon_plus_mu_159 = [9.47],
  epsilon_plus_mu_1510 = [9.98],
  epsilon_plus_mu_161 = [11.29],
  epsilon_plus_mu_162 = [11.23],
  epsilon_plus_mu_163 = [11.12],
  epsilon_plus_mu_164 = [11.67],
  epsilon_plus_mu_165 = [11.03],
  epsilon_plus_mu_166 = [10.62],
  epsilon_plus_mu_167 = [11.49],
  epsilon_plus_mu_168 = [10.98],
  epsilon_plus_mu_169 = [10.73],
  epsilon_plus_mu_1610 = [11.31],
  epsilon_plus_mu_171 = [13.91],
  epsilon_plus_mu_172 = [13.84],
  epsilon_plus_mu_173 = [13.71],
  epsilon_plus_mu_174 = [14.38],
  epsilon_plus_mu_175 = [13.59],
  epsilon_plus_mu_176 = [13.09],
  epsilon_plus_mu_177 = [14.16],
  epsilon_plus_mu_178 = [13.53],
  epsilon_plus_mu_179 = [13.22],
  epsilon_plus_mu_1710 = [13.93],
  epsilon_plus_mu_181 = [10.57],
  epsilon_plus_mu_182 = [10.52],
  epsilon_plus_mu_183 = [10.41],
  epsilon_plus_mu_184 = [10.93],
  epsilon_plus_mu_185 = [10.33],
  epsilon_plus_mu_186 = [9.95],
  epsilon_plus_mu_187 = [10.76],
  epsilon_plus_mu_188 = [10.28],
  epsilon_plus_mu_189 = [10.05],
  epsilon_plus_mu_1810 = [10.59],
  epsilon_plus_mu_191 = [6.38],
  epsilon_plus_mu_192 = [6.34],
  epsilon_plus_mu_193 = [6.28],
  epsilon_plus_mu_194 = [6.59],
  epsilon_plus_mu_195 = [6.23],
  epsilon_plus_mu_196 = [6.00],
  epsilon_plus_mu_197 = [6.49],
  epsilon_plus_mu_198 = [6.20],
  epsilon_plus_mu_199 = [6.06],
  epsilon_plus_mu_1910 = [6.39],
  epsilon_plus_mu_201 = [3.40],
  epsilon_plus_mu_202 = [3.38],
  epsilon_plus_mu_203 = [3.35],
  epsilon_plus_mu_204 = [3.52],
  epsilon_plus_mu_205 = [3.32],
  epsilon_plus_mu_206 = [3.20],
  epsilon_plus_mu_207 = [3.46],
  epsilon_plus_mu_208 = [3.31],
  epsilon_plus_mu_209 = [3.23],
  epsilon_plus_mu_2010 = [3.41],
  epsilon_plus_mu_211 = [18.58],
  epsilon_plus_mu_212 = [18.48],
  epsilon_plus_mu_213 = [18.30],
  epsilon_plus_mu_214 = [19.20],
  epsilon_plus_mu_215 = [18.15],
  epsilon_plus_mu_216 = [17.49],
  epsilon_plus_mu_217 = [18.91],
  epsilon_plus_mu_218 = [18.07],
  epsilon_plus_mu_219 = [17.66],
  epsilon_plus_mu_2110 = [18.61],
  epsilon_plus_mu_221 = [11.06],
  epsilon_plus_mu_222 = [11.00],
  epsilon_plus_mu_223 = [10.90],
  epsilon_plus_mu_224 = [11.43],
  epsilon_plus_mu_225 = [10.80],
  epsilon_plus_mu_226 = [10.41],
  epsilon_plus_mu_227 = [11.26],
  epsilon_plus_mu_228 = [10.76],
  epsilon_plus_mu_229 = [10.51],
  epsilon_plus_mu_2210 = [11.08],
  epsilon_plus_mu_231 = [11.93],
  epsilon_plus_mu_232 = [11.87],
  epsilon_plus_mu_233 = [11.75],
  epsilon_plus_mu_234 = [12.33],
  epsilon_plus_mu_235 = [11.65],
  epsilon_plus_mu_236 = [11.23],
  epsilon_plus_mu_237 = [12.14],
  epsilon_plus_mu_238 = [11.60],
  epsilon_plus_mu_239 = [11.34],
  epsilon_plus_mu_2310 = [11.95],
  epsilon_plus_mu_241 = [17.39],
  epsilon_plus_mu_242 = [17.30],
  epsilon_plus_mu_243 = [17.13],
  epsilon_plus_mu_244 = [17.97],
  epsilon_plus_mu_245 = [16.99],
  epsilon_plus_mu_246 = [16.37],
  epsilon_plus_mu_247 = [17.70],
  epsilon_plus_mu_248 = [16.91],
  epsilon_plus_mu_249 = [16.53],
  epsilon_plus_mu_2410 = [17.42],
  epsilon_plus_mu_251 = [16.28],
  epsilon_plus_mu_252 = [16.19],
  epsilon_plus_mu_253 = [16.04],
  epsilon_plus_mu_254 = [16.82],
  epsilon_plus_mu_255 = [15.90],
  epsilon_plus_mu_256 = [15.32],
  epsilon_plus_mu_257 = [16.57],
  epsilon_plus_mu_258 = [15.83],
  epsilon_plus_mu_259 = [15.47],
  epsilon_plus_mu_2510 = [16.30],
  epsilon_plus_mu_261 = [7.63],
  epsilon_plus_mu_262 = [7.59],
  epsilon_plus_mu_263 = [7.51],
  epsilon_plus_mu_264 = [7.88],
  epsilon_plus_mu_265 = [7.45],
  epsilon_plus_mu_266 = [7.18],
  epsilon_plus_mu_267 = [7.76],
  epsilon_plus_mu_268 = [7.42],
  epsilon_plus_mu_269 = [7.25],
  epsilon_plus_mu_2610 = [7.64],
  epsilon_plus_mu_271 = [11.26],
  epsilon_plus_mu_272 = [11.20],
  epsilon_plus_mu_273 = [11.09],
  epsilon_plus_mu_274 = [11.64],
  epsilon_plus_mu_275 = [11.00],
  epsilon_plus_mu_276 = [10.60],
  epsilon_plus_mu_277 = [11.46],
  epsilon_plus_mu_278 = [10.95],
  epsilon_plus_mu_279 = [10.70],
  epsilon_plus_mu_2710 = [11.27],
  epsilon_plus_mu_281 = [10.34],
  epsilon_plus_mu_282 = [10.29],
  epsilon_plus_mu_283 = [10.19],
  epsilon_plus_mu_284 = [10.69],
  epsilon_plus_mu_285 = [10.10],
  epsilon_plus_mu_286 = [9.73],
  epsilon_plus_mu_287 = [10.53],
  epsilon_plus_mu_288 = [10.06],
  epsilon_plus_mu_289 = [9.83],
  epsilon_plus_mu_2810 = [10.36],
  epsilon_plus_mu_291 = [6.79],
  epsilon_plus_mu_292 = [6.75],
  epsilon_plus_mu_293 = [6.69],
  epsilon_plus_mu_294 = [7.02],
  epsilon_plus_mu_295 = [6.63],
  epsilon_plus_mu_296 = [6.39],
  epsilon_plus_mu_297 = [6.91],
  epsilon_plus_mu_298 = [6.60],
  epsilon_plus_mu_299 = [6.45],
  epsilon_plus_mu_2910 = [6.80],
  epsilon_plus_mu_301 = [15.94],
  epsilon_plus_mu_302 = [15.86],
  epsilon_plus_mu_303 = [15.70],
  epsilon_plus_mu_304 = [16.48],
  epsilon_plus_mu_305 = [15.57],
  epsilon_plus_mu_306 = [15.00],
  epsilon_plus_mu_307 = [16.23],
  epsilon_plus_mu_308 = [15.50],
  epsilon_plus_mu_309 = [15.15],
  epsilon_plus_mu_3010 = [15.96],
]

Epsilon - mu_{jk} = [
  epsilon_minus_mu_11 = [-3.19],
  epsilon_minus_mu_12 = [-3.18],
  epsilon_minus_mu_13 = [-3.15],
  epsilon_minus_mu_14 = [-3.30],
  epsilon_minus_mu_15 = [-3.12],
  epsilon_minus_mu_16 = [-3.01],
  epsilon_minus_mu_17 = [-3.25],
  epsilon_minus_mu_18 = [-3.11],
  epsilon_minus_mu_19 = [-3.04],
  epsilon_minus_mu_110 = [-3.20],
  epsilon_minus_mu_21 = [-5.91],
  epsilon_minus_mu_22 = [-5.88],
  epsilon_minus_mu_23 = [-5.83],
  epsilon_minus_mu_24 = [-6.11],
  epsilon_minus_mu_25 = [-5.78],
  epsilon_minus_mu_26 = [-5.57],
  epsilon_minus_mu_27 = [-6.02],
  epsilon_minus_mu_28 = [-5.75],
  epsilon_minus_mu_29 = [-5.62],
  epsilon_minus_mu_210 = [-5.92],
  epsilon_minus_mu_31 = [-12.43],
  epsilon_minus_mu_32 = [-12.37],
  epsilon_minus_mu_33 = [-12.25],
  epsilon_minus_mu_34 = [-12.85],
  epsilon_minus_mu_35 = [-12.15],
  epsilon_minus_mu_36 = [-11.70],
  epsilon_minus_mu_37 = [-12.66],
  epsilon_minus_mu_38 = [-12.09],
  epsilon_minus_mu_39 = [-11.82],
  epsilon_minus_mu_310 = [-12.45],
  epsilon_minus_mu_41 = [-2.15],
  epsilon_minus_mu_42 = [-2.14],
  epsilon_minus_mu_43 = [-2.12],
  epsilon_minus_mu_44 = [-2.22],
  epsilon_minus_mu_45 = [-2.10],
  epsilon_minus_mu_46 = [-2.02],
  epsilon_minus_mu_47 = [-2.19],
  epsilon_minus_mu_48 = [-2.09],
  epsilon_minus_mu_49 = [-2.04],
  epsilon_minus_mu_410 = [-2.15],
  epsilon_minus_mu_51 = [-0.05],
  epsilon_minus_mu_52 = [-0.05],
  epsilon_minus_mu_53 = [-0.05],
  epsilon_minus_mu_54 = [-0.05],
  epsilon_minus_mu_55 = [-0.05],
  epsilon_minus_mu_56 = [-0.05],
  epsilon_minus_mu_57 = [-0.05],
  epsilon_minus_mu_58 = [-0.05],
  epsilon_minus_mu_59 = [-0.05],
  epsilon_minus_mu_510 = [-0.05],
  epsilon_minus_mu_61 = [-0.05],
  epsilon_minus_mu_62 = [-0.05],
  epsilon_minus_mu_63 = [-0.05],
  epsilon_minus_mu_64 = [-0.05],
  epsilon_minus_mu_65 = [-0.05],
  epsilon_minus_mu_66 = [-0.05],
  epsilon_minus_mu_67 = [-0.05],
  epsilon_minus_mu_68 = [-0.05],
  epsilon_minus_mu_69 = [-0.05],
  epsilon_minus_mu_610 = [-0.05],
  epsilon_minus_mu_71 = [-12.68],
  epsilon_minus_mu_72 = [-12.61],
  epsilon_minus_mu_73 = [-12.49],
  epsilon_minus_mu_74 = [-13.10],
  epsilon_minus_mu_75 = [-12.38],
  epsilon_minus_mu_76 = [-11.93],
  epsilon_minus_mu_77 = [-12.90],
  epsilon_minus_mu_78 = [-12.33],
  epsilon_minus_mu_79 = [-12.05],
  epsilon_minus_mu_710 = [-12.70],
  epsilon_minus_mu_81 = [-7.25],
  epsilon_minus_mu_82 = [-7.21],
  epsilon_minus_mu_83 = [-7.14],
  epsilon_minus_mu_84 = [-7.49],
  epsilon_minus_mu_85 = [-7.08],
  epsilon_minus_mu_86 = [-6.82],
  epsilon_minus_mu_87 = [-7.38],
  epsilon_minus_mu_88 = [-7.05],
  epsilon_minus_mu_89 = [-6.89],
  epsilon_minus_mu_810 = [-7.26],
  epsilon_minus_mu_91 = [-5.42],
  epsilon_minus_mu_92 = [-5.39],
  epsilon_minus_mu_93 = [-5.34],
  epsilon_minus_mu_94 = [-5.60],
  epsilon_minus_mu_95 = [-5.29],
  epsilon_minus_mu_96 = [-5.10],
  epsilon_minus_mu_97 = [-5.51],
  epsilon_minus_mu_98 = [-5.27],
  epsilon_minus_mu_99 = [-5.15],
  epsilon_minus_mu_910 = [-5.42],
  epsilon_minus_mu_101 = [-1.93],
  epsilon_minus_mu_102 = [-1.92],
  epsilon_minus_mu_103 = [-1.90],
  epsilon_minus_mu_104 = [-2.00],
  epsilon_minus_mu_105 = [-1.89],
  epsilon_minus_mu_106 = [-1.82],
  epsilon_minus_mu_107 = [-1.97],
  epsilon_minus_mu_108 = [-1.88],
  epsilon_minus_mu_109 = [-1.84],
  epsilon_minus_mu_1010 = [-1.94],
  epsilon_minus_mu_111 = [-0.05],
  epsilon_minus_mu_112 = [-0.05],
  epsilon_minus_mu_113 = [-0.05],
  epsilon_minus_mu_114 = [-0.05],
  epsilon_minus_mu_115 = [-0.05],
  epsilon_minus_mu_116 = [-0.05],
  epsilon_minus_mu_117 = [-0.05],
  epsilon_minus_mu_118 = [-0.05],
  epsilon_minus_mu_119 = [-0.05],
  epsilon_minus_mu_1110 = [-0.05],
  epsilon_minus_mu_121 = [-2.20],
  epsilon_minus_mu_122 = [-2.19],
  epsilon_minus_mu_123 = [-2.16],
  epsilon_minus_mu_124 = [-2.27],
  epsilon_minus_mu_125 = [-2.15],
  epsilon_minus_mu_126 = [-2.07],
  epsilon_minus_mu_127 = [-2.24],
  epsilon_minus_mu_128 = [-2.14],
  epsilon_minus_mu_129 = [-2.09],
  epsilon_minus_mu_1210 = [-2.20],
  epsilon_minus_mu_131 = [-6.42],
  epsilon_minus_mu_132 = [-6.39],
  epsilon_minus_mu_133 = [-6.33],
  epsilon_minus_mu_134 = [-6.64],
  epsilon_minus_mu_135 = [-6.27],
  epsilon_minus_mu_136 = [-6.04],
  epsilon_minus_mu_137 = [-6.54],
  epsilon_minus_mu_138 = [-6.25],
  epsilon_minus_mu_139 = [-6.10],
  epsilon_minus_mu_1310 = [-6.43],
  epsilon_minus_mu_141 = [-3.22],
  epsilon_minus_mu_142 = [-3.20],
  epsilon_minus_mu_143 = [-3.17],
  epsilon_minus_mu_144 = [-3.33],
  epsilon_minus_mu_145 = [-3.14],
  epsilon_minus_mu_146 = [-3.03],
  epsilon_minus_mu_147 = [-3.28],
  epsilon_minus_mu_148 = [-3.13],
  epsilon_minus_mu_149 = [-3.06],
  epsilon_minus_mu_1410 = [-3.22],
  epsilon_minus_mu_151 = [-3.32],
  epsilon_minus_mu_152 = [-3.30],
  epsilon_minus_mu_153 = [-3.27],
  epsilon_minus_mu_154 = [-3.43],
  epsilon_minus_mu_155 = [-3.24],
  epsilon_minus_mu_156 = [-3.13],
  epsilon_minus_mu_157 = [-3.38],
  epsilon_minus_mu_158 = [-3.23],
  epsilon_minus_mu_159 = [-3.16],
  epsilon_minus_mu_1510 = [-3.33],
  epsilon_minus_mu_161 = [-3.76],
  epsilon_minus_mu_162 = [-3.74],
  epsilon_minus_mu_163 = [-3.71],
  epsilon_minus_mu_164 = [-3.89],
  epsilon_minus_mu_165 = [-3.68],
  epsilon_minus_mu_166 = [-3.54],
  epsilon_minus_mu_167 = [-3.83],
  epsilon_minus_mu_168 = [-3.66],
  epsilon_minus_mu_169 = [-3.58],
  epsilon_minus_mu_1610 = [-3.77],
  epsilon_minus_mu_171 = [-4.64],
  epsilon_minus_mu_172 = [-4.61],
  epsilon_minus_mu_173 = [-4.57],
  epsilon_minus_mu_174 = [-4.79],
  epsilon_minus_mu_175 = [-4.53],
  epsilon_minus_mu_176 = [-4.36],
  epsilon_minus_mu_177 = [-4.72],
  epsilon_minus_mu_178 = [-4.51],
  epsilon_minus_mu_179 = [-4.41],
  epsilon_minus_mu_1710 = [-4.64],
  epsilon_minus_mu_181 = [-3.52],
  epsilon_minus_mu_182 = [-3.51],
  epsilon_minus_mu_183 = [-3.47],
  epsilon_minus_mu_184 = [-3.64],
  epsilon_minus_mu_185 = [-3.44],
  epsilon_minus_mu_186 = [-3.32],
  epsilon_minus_mu_187 = [-3.59],
  epsilon_minus_mu_188 = [-3.43],
  epsilon_minus_mu_189 = [-3.35],
  epsilon_minus_mu_1810 = [-3.53],
  epsilon_minus_mu_191 = [-2.13],
  epsilon_minus_mu_192 = [-2.11],
  epsilon_minus_mu_193 = [-2.09],
  epsilon_minus_mu_194 = [-2.20],
  epsilon_minus_mu_195 = [-2.08],
  epsilon_minus_mu_196 = [-2.00],
  epsilon_minus_mu_197 = [-2.16],
  epsilon_minus_mu_198 = [-2.07],
  epsilon_minus_mu_199 = [-2.02],
  epsilon_minus_mu_1910 = [-2.13],
  epsilon_minus_mu_201 = [-1.13],
  epsilon_minus_mu_202 = [-1.13],
  epsilon_minus_mu_203 = [-1.12],
  epsilon_minus_mu_204 = [-1.17],
  epsilon_minus_mu_205 = [-1.11],
  epsilon_minus_mu_206 = [-1.07],
  epsilon_minus_mu_207 = [-1.15],
  epsilon_minus_mu_208 = [-1.10],
  epsilon_minus_mu_209 = [-1.08],
  epsilon_minus_mu_2010 = [-1.14],
  epsilon_minus_mu_211 = [-6.19],
  epsilon_minus_mu_212 = [-6.16],
  epsilon_minus_mu_213 = [-6.10],
  epsilon_minus_mu_214 = [-6.40],
  epsilon_minus_mu_215 = [-6.05],
  epsilon_minus_mu_216 = [-5.83],
  epsilon_minus_mu_217 = [-6.30],
  epsilon_minus_mu_218 = [-6.02],
  epsilon_minus_mu_219 = [-5.89],
  epsilon_minus_mu_2110 = [-6.20],
  epsilon_minus_mu_221 = [-3.69],
  epsilon_minus_mu_222 = [-3.67],
  epsilon_minus_mu_223 = [-3.63],
  epsilon_minus_mu_224 = [-3.81],
  epsilon_minus_mu_225 = [-3.60],
  epsilon_minus_mu_226 = [-3.47],
  epsilon_minus_mu_227 = [-3.75],
  epsilon_minus_mu_228 = [-3.59],
  epsilon_minus_mu_229 = [-3.50],
  epsilon_minus_mu_2210 = [-3.69],
  epsilon_minus_mu_231 = [-3.98],
  epsilon_minus_mu_232 = [-3.96],
  epsilon_minus_mu_233 = [-3.92],
  epsilon_minus_mu_234 = [-4.11],
  epsilon_minus_mu_235 = [-3.88],
  epsilon_minus_mu_236 = [-3.74],
  epsilon_minus_mu_237 = [-4.05],
  epsilon_minus_mu_238 = [-3.87],
  epsilon_minus_mu_239 = [-3.78],
  epsilon_minus_mu_2310 = [-3.98],
  epsilon_minus_mu_241 = [-5.80],
  epsilon_minus_mu_242 = [-5.77],
  epsilon_minus_mu_243 = [-5.71],
  epsilon_minus_mu_244 = [-5.99],
  epsilon_minus_mu_245 = [-5.66],
  epsilon_minus_mu_246 = [-5.46],
  epsilon_minus_mu_247 = [-5.90],
  epsilon_minus_mu_248 = [-5.64],
  epsilon_minus_mu_249 = [-5.51],
  epsilon_minus_mu_2410 = [-5.81],
  epsilon_minus_mu_251 = [-5.43],
  epsilon_minus_mu_252 = [-5.40],
  epsilon_minus_mu_253 = [-5.35],
  epsilon_minus_mu_254 = [-5.61],
  epsilon_minus_mu_255 = [-5.30],
  epsilon_minus_mu_256 = [-5.11],
  epsilon_minus_mu_257 = [-5.52],
  epsilon_minus_mu_258 = [-5.28],
  epsilon_minus_mu_259 = [-5.16],
  epsilon_minus_mu_2510 = [-5.43],
  epsilon_minus_mu_261 = [-2.54],
  epsilon_minus_mu_262 = [-2.53],
  epsilon_minus_mu_263 = [-2.50],
  epsilon_minus_mu_264 = [-2.63],
  epsilon_minus_mu_265 = [-2.48],
  epsilon_minus_mu_266 = [-2.39],
  epsilon_minus_mu_267 = [-2.59],
  epsilon_minus_mu_268 = [-2.47],
  epsilon_minus_mu_269 = [-2.42],
  epsilon_minus_mu_2610 = [-2.55],
  epsilon_minus_mu_271 = [-3.75],
  epsilon_minus_mu_272 = [-3.73],
  epsilon_minus_mu_273 = [-3.70],
  epsilon_minus_mu_274 = [-3.88],
  epsilon_minus_mu_275 = [-3.67],
  epsilon_minus_mu_276 = [-3.53],
  epsilon_minus_mu_277 = [-3.82],
  epsilon_minus_mu_278 = [-3.65],
  epsilon_minus_mu_279 = [-3.57],
  epsilon_minus_mu_2710 = [-3.76],
  epsilon_minus_mu_281 = [-3.45],
  epsilon_minus_mu_282 = [-3.43],
  epsilon_minus_mu_283 = [-3.40],
  epsilon_minus_mu_284 = [-3.56],
  epsilon_minus_mu_285 = [-3.37],
  epsilon_minus_mu_286 = [-3.24],
  epsilon_minus_mu_287 = [-3.51],
  epsilon_minus_mu_288 = [-3.35],
  epsilon_minus_mu_289 = [-3.28],
  epsilon_minus_mu_2810 = [-3.45],
  epsilon_minus_mu_291 = [-2.26],
  epsilon_minus_mu_292 = [-2.25],
  epsilon_minus_mu_293 = [-2.23],
  epsilon_minus_mu_294 = [-2.34],
  epsilon_minus_mu_295 = [-2.21],
  epsilon_minus_mu_296 = [-2.13],
  epsilon_minus_mu_297 = [-2.30],
  epsilon_minus_mu_298 = [-2.20],
  epsilon_minus_mu_299 = [-2.15],
  epsilon_minus_mu_2910 = [-2.27],
  epsilon_minus_mu_301 = [-5.31],
  epsilon_minus_mu_302 = [-5.29],
  epsilon_minus_mu_303 = [-5.23],
  epsilon_minus_mu_304 = [-5.49],
  epsilon_minus_mu_305 = [-5.19],
  epsilon_minus_mu_306 = [-5.00],
  epsilon_minus_mu_307 = [-5.41],
  epsilon_minus_mu_308 = [-5.17],
  epsilon_minus_mu_309 = [-5.05],
  epsilon_minus_mu_3010 = [-5.32],
]

Sigma + tau_{jk} = [
  sigma_plus_tau_11 = [11.61],
  sigma_plus_tau_12 = [11.80],
  sigma_plus_tau_13 = [11.18],
  sigma_plus_tau_14 = [11.72],
  sigma_plus_tau_15 = [11.97],
  sigma_plus_tau_16 = [12.19],
  sigma_plus_tau_17 = [12.17],
  sigma_plus_tau_18 = [11.45],
  sigma_plus_tau_19 = [11.52],
  sigma_plus_tau_110 = [11.76],
  sigma_plus_tau_21 = [5.57],
  sigma_plus_tau_22 = [5.66],
  sigma_plus_tau_23 = [5.36],
  sigma_plus_tau_24 = [5.62],
  sigma_plus_tau_25 = [5.74],
  sigma_plus_tau_26 = [5.85],
  sigma_plus_tau_27 = [5.84],
  sigma_plus_tau_28 = [5.49],
  sigma_plus_tau_29 = [5.53],
  sigma_plus_tau_210 = [5.65],
  sigma_plus_tau_31 = [11.58],
  sigma_plus_tau_32 = [11.77],
  sigma_plus_tau_33 = [11.15],
  sigma_plus_tau_34 = [11.69],
  sigma_plus_tau_35 = [11.94],
  sigma_plus_tau_36 = [12.16],
  sigma_plus_tau_37 = [12.13],
  sigma_plus_tau_38 = [11.42],
  sigma_plus_tau_39 = [11.49],
  sigma_plus_tau_310 = [11.73],
  sigma_plus_tau_41 = [26.55],
  sigma_plus_tau_42 = [26.98],
  sigma_plus_tau_43 = [25.55],
  sigma_plus_tau_44 = [26.79],
  sigma_plus_tau_45 = [27.36],
  sigma_plus_tau_46 = [27.87],
  sigma_plus_tau_47 = [27.81],
  sigma_plus_tau_48 = [26.17],
  sigma_plus_tau_49 = [26.34],
  sigma_plus_tau_410 = [26.90],
  sigma_plus_tau_51 = [35.25],
  sigma_plus_tau_52 = [35.83],
  sigma_plus_tau_53 = [33.93],
  sigma_plus_tau_54 = [35.58],
  sigma_plus_tau_55 = [36.34],
  sigma_plus_tau_56 = [37.01],
  sigma_plus_tau_57 = [36.93],
  sigma_plus_tau_58 = [34.75],
  sigma_plus_tau_59 = [34.97],
  sigma_plus_tau_510 = [35.72],
  sigma_plus_tau_61 = [9.02],
  sigma_plus_tau_62 = [9.17],
  sigma_plus_tau_63 = [8.68],
  sigma_plus_tau_64 = [9.10],
  sigma_plus_tau_65 = [9.30],
  sigma_plus_tau_66 = [9.47],
  sigma_plus_tau_67 = [9.45],
  sigma_plus_tau_68 = [8.89],
  sigma_plus_tau_69 = [8.95],
  sigma_plus_tau_610 = [9.14],
  sigma_plus_tau_71 = [1.57],
  sigma_plus_tau_72 = [1.60],
  sigma_plus_tau_73 = [1.51],
  sigma_plus_tau_74 = [1.59],
  sigma_plus_tau_75 = [1.62],
  sigma_plus_tau_76 = [1.65],
  sigma_plus_tau_77 = [1.65],
  sigma_plus_tau_78 = [1.55],
  sigma_plus_tau_79 = [1.56],
  sigma_plus_tau_710 = [1.59],
  sigma_plus_tau_81 = [4.76],
  sigma_plus_tau_82 = [4.84],
  sigma_plus_tau_83 = [4.59],
  sigma_plus_tau_84 = [4.81],
  sigma_plus_tau_85 = [4.91],
  sigma_plus_tau_86 = [5.00],
  sigma_plus_tau_87 = [4.99],
  sigma_plus_tau_88 = [4.70],
  sigma_plus_tau_89 = [4.73],
  sigma_plus_tau_810 = [4.83],
  sigma_plus_tau_91 = [28.13],
  sigma_plus_tau_92 = [28.60],
  sigma_plus_tau_93 = [27.08],
  sigma_plus_tau_94 = [28.40],
  sigma_plus_tau_95 = [29.00],
  sigma_plus_tau_96 = [29.54],
  sigma_plus_tau_97 = [29.48],
  sigma_plus_tau_98 = [27.74],
  sigma_plus_tau_99 = [27.91],
  sigma_plus_tau_910 = [28.51],
  sigma_plus_tau_101 = [27.49],
  sigma_plus_tau_102 = [27.94],
  sigma_plus_tau_103 = [26.46],
  sigma_plus_tau_104 = [27.75],
  sigma_plus_tau_105 = [28.34],
  sigma_plus_tau_106 = [28.86],
  sigma_plus_tau_107 = [28.80],
  sigma_plus_tau_108 = [27.10],
  sigma_plus_tau_109 = [27.27],
  sigma_plus_tau_1010 = [27.85],
  sigma_plus_tau_111 = [33.81],
  sigma_plus_tau_112 = [34.37],
  sigma_plus_tau_113 = [32.55],
  sigma_plus_tau_114 = [34.13],
  sigma_plus_tau_115 = [34.85],
  sigma_plus_tau_116 = [35.50],
  sigma_plus_tau_117 = [35.43],
  sigma_plus_tau_118 = [33.34],
  sigma_plus_tau_119 = [33.54],
  sigma_plus_tau_1110 = [34.26],
  sigma_plus_tau_121 = [4.37],
  sigma_plus_tau_122 = [4.45],
  sigma_plus_tau_123 = [4.21],
  sigma_plus_tau_124 = [4.42],
  sigma_plus_tau_125 = [4.51],
  sigma_plus_tau_126 = [4.59],
  sigma_plus_tau_127 = [4.58],
  sigma_plus_tau_128 = [4.31],
  sigma_plus_tau_129 = [4.34],
  sigma_plus_tau_1210 = [4.43],
  sigma_plus_tau_131 = [15.69],
  sigma_plus_tau_132 = [15.94],
  sigma_plus_tau_133 = [15.10],
  sigma_plus_tau_134 = [15.83],
  sigma_plus_tau_135 = [16.17],
  sigma_plus_tau_136 = [16.47],
  sigma_plus_tau_137 = [16.43],
  sigma_plus_tau_138 = [15.46],
  sigma_plus_tau_139 = [15.56],
  sigma_plus_tau_1310 = [15.89],
  sigma_plus_tau_141 = [35.01],
  sigma_plus_tau_142 = [35.59],
  sigma_plus_tau_143 = [33.70],
  sigma_plus_tau_144 = [35.34],
  sigma_plus_tau_145 = [36.09],
  sigma_plus_tau_146 = [36.76],
  sigma_plus_tau_147 = [36.68],
  sigma_plus_tau_148 = [34.52],
  sigma_plus_tau_149 = [34.73],
  sigma_plus_tau_1410 = [35.47],
  sigma_plus_tau_151 = [17.86],
  sigma_plus_tau_152 = [18.15],
  sigma_plus_tau_153 = [17.19],
  sigma_plus_tau_154 = [18.02],
  sigma_plus_tau_155 = [18.41],
  sigma_plus_tau_156 = [18.75],
  sigma_plus_tau_157 = [18.71],
  sigma_plus_tau_158 = [17.61],
  sigma_plus_tau_159 = [17.72],
  sigma_plus_tau_1510 = [18.09],
  sigma_plus_tau_161 = [10.46],
  sigma_plus_tau_162 = [10.63],
  sigma_plus_tau_163 = [10.07],
  sigma_plus_tau_164 = [10.55],
  sigma_plus_tau_165 = [10.78],
  sigma_plus_tau_166 = [10.98],
  sigma_plus_tau_167 = [10.96],
  sigma_plus_tau_168 = [10.31],
  sigma_plus_tau_169 = [10.37],
  sigma_plus_tau_1610 = [10.60],
  sigma_plus_tau_171 = [25.66],
  sigma_plus_tau_172 = [26.08],
  sigma_plus_tau_173 = [24.70],
  sigma_plus_tau_174 = [25.90],
  sigma_plus_tau_175 = [26.45],
  sigma_plus_tau_176 = [26.94],
  sigma_plus_tau_177 = [26.89],
  sigma_plus_tau_178 = [25.30],
  sigma_plus_tau_179 = [25.46],
  sigma_plus_tau_1710 = [26.00],
  sigma_plus_tau_181 = [12.43],
  sigma_plus_tau_182 = [12.64],
  sigma_plus_tau_183 = [11.97],
  sigma_plus_tau_184 = [12.55],
  sigma_plus_tau_185 = [12.82],
  sigma_plus_tau_186 = [13.05],
  sigma_plus_tau_187 = [13.03],
  sigma_plus_tau_188 = [12.26],
  sigma_plus_tau_189 = [12.34],
  sigma_plus_tau_1810 = [12.60],
  sigma_plus_tau_191 = [17.63],
  sigma_plus_tau_192 = [17.92],
  sigma_plus_tau_193 = [16.97],
  sigma_plus_tau_194 = [17.80],
  sigma_plus_tau_195 = [18.18],
  sigma_plus_tau_196 = [18.51],
  sigma_plus_tau_197 = [18.48],
  sigma_plus_tau_198 = [17.38],
  sigma_plus_tau_199 = [17.49],
  sigma_plus_tau_1910 = [17.87],
  sigma_plus_tau_201 = [1.60],
  sigma_plus_tau_202 = [1.63],
  sigma_plus_tau_203 = [1.54],
  sigma_plus_tau_204 = [1.62],
  sigma_plus_tau_205 = [1.65],
  sigma_plus_tau_206 = [1.68],
  sigma_plus_tau_207 = [1.68],
  sigma_plus_tau_208 = [1.58],
  sigma_plus_tau_209 = [1.59],
  sigma_plus_tau_2010 = [1.62],
  sigma_plus_tau_211 = [20.57],
  sigma_plus_tau_212 = [20.91],
  sigma_plus_tau_213 = [19.80],
  sigma_plus_tau_214 = [20.76],
  sigma_plus_tau_215 = [21.20],
  sigma_plus_tau_216 = [21.59],
  sigma_plus_tau_217 = [21.55],
  sigma_plus_tau_218 = [20.28],
  sigma_plus_tau_219 = [20.41],
  sigma_plus_tau_2110 = [20.84],
  sigma_plus_tau_221 = [24.87],
  sigma_plus_tau_222 = [25.28],
  sigma_plus_tau_223 = [23.94],
  sigma_plus_tau_224 = [25.10],
  sigma_plus_tau_225 = [25.63],
  sigma_plus_tau_226 = [26.11],
  sigma_plus_tau_227 = [26.06],
  sigma_plus_tau_228 = [24.52],
  sigma_plus_tau_229 = [24.67],
  sigma_plus_tau_2210 = [25.20],
  sigma_plus_tau_231 = [30.59],
  sigma_plus_tau_232 = [31.09],
  sigma_plus_tau_233 = [29.45],
  sigma_plus_tau_234 = [30.88],
  sigma_plus_tau_235 = [31.53],
  sigma_plus_tau_236 = [32.12],
  sigma_plus_tau_237 = [32.05],
  sigma_plus_tau_238 = [30.16],
  sigma_plus_tau_239 = [30.35],
  sigma_plus_tau_2310 = [31.00],
  sigma_plus_tau_241 = [6.82],
  sigma_plus_tau_242 = [6.93],
  sigma_plus_tau_243 = [6.56],
  sigma_plus_tau_244 = [6.88],
  sigma_plus_tau_245 = [7.03],
  sigma_plus_tau_246 = [7.16],
  sigma_plus_tau_247 = [7.14],
  sigma_plus_tau_248 = [6.72],
  sigma_plus_tau_249 = [6.76],
  sigma_plus_tau_2410 = [6.91],
  sigma_plus_tau_251 = [30.61],
  sigma_plus_tau_252 = [31.11],
  sigma_plus_tau_253 = [29.46],
  sigma_plus_tau_254 = [30.89],
  sigma_plus_tau_255 = [31.55],
  sigma_plus_tau_256 = [32.13],
  sigma_plus_tau_257 = [32.07],
  sigma_plus_tau_258 = [30.18],
  sigma_plus_tau_259 = [30.36],
  sigma_plus_tau_2510 = [31.01],
  sigma_plus_tau_261 = [22.70],
  sigma_plus_tau_262 = [23.07],
  sigma_plus_tau_263 = [21.85],
  sigma_plus_tau_264 = [22.91],
  sigma_plus_tau_265 = [23.39],
  sigma_plus_tau_266 = [23.83],
  sigma_plus_tau_267 = [23.78],
  sigma_plus_tau_268 = [22.38],
  sigma_plus_tau_269 = [22.52],
  sigma_plus_tau_2610 = [23.00],
  sigma_plus_tau_271 = [23.45],
  sigma_plus_tau_272 = [23.83],
  sigma_plus_tau_273 = [22.57],
  sigma_plus_tau_274 = [23.66],
  sigma_plus_tau_275 = [24.17],
  sigma_plus_tau_276 = [24.61],
  sigma_plus_tau_277 = [24.57],
  sigma_plus_tau_278 = [23.11],
  sigma_plus_tau_279 = [23.26],
  sigma_plus_tau_2710 = [23.76],
  sigma_plus_tau_281 = [26.71],
  sigma_plus_tau_282 = [27.15],
  sigma_plus_tau_283 = [25.71],
  sigma_plus_tau_284 = [26.96],
  sigma_plus_tau_285 = [27.53],
  sigma_plus_tau_286 = [28.04],
  sigma_plus_tau_287 = [27.99],
  sigma_plus_tau_288 = [26.33],
  sigma_plus_tau_289 = [26.50],
  sigma_plus_tau_2810 = [27.07],
  sigma_plus_tau_291 = [21.83],
  sigma_plus_tau_292 = [22.19],
  sigma_plus_tau_293 = [21.01],
  sigma_plus_tau_294 = [22.03],
  sigma_plus_tau_295 = [22.50],
  sigma_plus_tau_296 = [22.92],
  sigma_plus_tau_297 = [22.87],
  sigma_plus_tau_298 = [21.52],
  sigma_plus_tau_299 = [21.65],
  sigma_plus_tau_2910 = [22.12],
  sigma_plus_tau_301 = [4.09],
  sigma_plus_tau_302 = [4.16],
  sigma_plus_tau_303 = [3.94],
  sigma_plus_tau_304 = [4.13],
  sigma_plus_tau_305 = [4.22],
  sigma_plus_tau_306 = [4.29],
  sigma_plus_tau_307 = [4.29],
  sigma_plus_tau_308 = [4.03],
  sigma_plus_tau_309 = [4.06],
  sigma_plus_tau_3010 = [4.14],
]

Sigma - tau_{jk} = [
  sigma_minus_tau_11 = [-3.87],
  sigma_minus_tau_12 = [-3.93],
  sigma_minus_tau_13 = [-3.73],
  sigma_minus_tau_14 = [-3.91],
  sigma_minus_tau_15 = [-3.99],
  sigma_minus_tau_16 = [-4.06],
  sigma_minus_tau_17 = [-4.06],
  sigma_minus_tau_18 = [-3.82],
  sigma_minus_tau_19 = [-3.84],
  sigma_minus_tau_110 = [-3.92],
  sigma_minus_tau_21 = [-1.86],
  sigma_minus_tau_22 = [-1.89],
  sigma_minus_tau_23 = [-1.79],
  sigma_minus_tau_24 = [-1.87],
  sigma_minus_tau_25 = [-1.91],
  sigma_minus_tau_26 = [-1.95],
  sigma_minus_tau_27 = [-1.95],
  sigma_minus_tau_28 = [-1.83],
  sigma_minus_tau_29 = [-1.84],
  sigma_minus_tau_210 = [-1.88],
  sigma_minus_tau_31 = [-3.86],
  sigma_minus_tau_32 = [-3.92],
  sigma_minus_tau_33 = [-3.72],
  sigma_minus_tau_34 = [-3.90],
  sigma_minus_tau_35 = [-3.98],
  sigma_minus_tau_36 = [-4.05],
  sigma_minus_tau_37 = [-4.04],
  sigma_minus_tau_38 = [-3.81],
  sigma_minus_tau_39 = [-3.83],
  sigma_minus_tau_310 = [-3.91],
  sigma_minus_tau_41 = [-8.85],
  sigma_minus_tau_42 = [-8.99],
  sigma_minus_tau_43 = [-8.52],
  sigma_minus_tau_44 = [-8.93],
  sigma_minus_tau_45 = [-9.12],
  sigma_minus_tau_46 = [-9.29],
  sigma_minus_tau_47 = [-9.27],
  sigma_minus_tau_48 = [-8.72],
  sigma_minus_tau_49 = [-8.78],
  sigma_minus_tau_410 = [-8.97],
  sigma_minus_tau_51 = [-11.75],
  sigma_minus_tau_52 = [-11.94],
  sigma_minus_tau_53 = [-11.31],
  sigma_minus_tau_54 = [-11.86],
  sigma_minus_tau_55 = [-12.11],
  sigma_minus_tau_56 = [-12.34],
  sigma_minus_tau_57 = [-12.31],
  sigma_minus_tau_58 = [-11.58],
  sigma_minus_tau_59 = [-11.66],
  sigma_minus_tau_510 = [-11.91],
  sigma_minus_tau_61 = [-3.01],
  sigma_minus_tau_62 = [-3.06],
  sigma_minus_tau_63 = [-2.89],
  sigma_minus_tau_64 = [-3.03],
  sigma_minus_tau_65 = [-3.10],
  sigma_minus_tau_66 = [-3.16],
  sigma_minus_tau_67 = [-3.15],
  sigma_minus_tau_68 = [-2.96],
  sigma_minus_tau_69 = [-2.98],
  sigma_minus_tau_610 = [-3.05],
  sigma_minus_tau_71 = [-0.52],
  sigma_minus_tau_72 = [-0.53],
  sigma_minus_tau_73 = [-0.50],
  sigma_minus_tau_74 = [-0.53],
  sigma_minus_tau_75 = [-0.54],
  sigma_minus_tau_76 = [-0.55],
  sigma_minus_tau_77 = [-0.55],
  sigma_minus_tau_78 = [-0.52],
  sigma_minus_tau_79 = [-0.52],
  sigma_minus_tau_710 = [-0.53],
  sigma_minus_tau_81 = [-1.59],
  sigma_minus_tau_82 = [-1.61],
  sigma_minus_tau_83 = [-1.53],
  sigma_minus_tau_84 = [-1.60],
  sigma_minus_tau_85 = [-1.64],
  sigma_minus_tau_86 = [-1.67],
  sigma_minus_tau_87 = [-1.66],
  sigma_minus_tau_88 = [-1.57],
  sigma_minus_tau_89 = [-1.58],
  sigma_minus_tau_810 = [-1.61],
  sigma_minus_tau_91 = [-9.38],
  sigma_minus_tau_92 = [-9.53],
  sigma_minus_tau_93 = [-9.03],
  sigma_minus_tau_94 = [-9.47],
  sigma_minus_tau_95 = [-9.67],
  sigma_minus_tau_96 = [-9.85],
  sigma_minus_tau_97 = [-9.83],
  sigma_minus_tau_98 = [-9.25],
  sigma_minus_tau_99 = [-9.30],
  sigma_minus_tau_910 = [-9.50],
  sigma_minus_tau_101 = [-9.16],
  sigma_minus_tau_102 = [-9.31],
  sigma_minus_tau_103 = [-8.82],
  sigma_minus_tau_104 = [-9.25],
  sigma_minus_tau_105 = [-9.45],
  sigma_minus_tau_106 = [-9.62],
  sigma_minus_tau_107 = [-9.60],
  sigma_minus_tau_108 = [-9.03],
  sigma_minus_tau_109 = [-9.09],
  sigma_minus_tau_1010 = [-9.28],
  sigma_minus_tau_111 = [-11.27],
  sigma_minus_tau_112 = [-11.46],
  sigma_minus_tau_113 = [-10.85],
  sigma_minus_tau_114 = [-11.38],
  sigma_minus_tau_115 = [-11.62],
  sigma_minus_tau_116 = [-11.83],
  sigma_minus_tau_117 = [-11.81],
  sigma_minus_tau_118 = [-11.11],
  sigma_minus_tau_119 = [-11.18],
  sigma_minus_tau_1110 = [-11.42],
  sigma_minus_tau_121 = [-1.46],
  sigma_minus_tau_122 = [-1.48],
  sigma_minus_tau_123 = [-1.40],
  sigma_minus_tau_124 = [-1.47],
  sigma_minus_tau_125 = [-1.50],
  sigma_minus_tau_126 = [-1.53],
  sigma_minus_tau_127 = [-1.53],
  sigma_minus_tau_128 = [-1.44],
  sigma_minus_tau_129 = [-1.45],
  sigma_minus_tau_1210 = [-1.48],
  sigma_minus_tau_131 = [-5.23],
  sigma_minus_tau_132 = [-5.31],
  sigma_minus_tau_133 = [-5.03],
  sigma_minus_tau_134 = [-5.28],
  sigma_minus_tau_135 = [-5.39],
  sigma_minus_tau_136 = [-5.49],
  sigma_minus_tau_137 = [-5.48],
  sigma_minus_tau_138 = [-5.15],
  sigma_minus_tau_139 = [-5.19],
  sigma_minus_tau_1310 = [-5.30],
  sigma_minus_tau_141 = [-11.67],
  sigma_minus_tau_142 = [-11.86],
  sigma_minus_tau_143 = [-11.23],
  sigma_minus_tau_144 = [-11.78],
  sigma_minus_tau_145 = [-12.03],
  sigma_minus_tau_146 = [-12.25],
  sigma_minus_tau_147 = [-12.23],
  sigma_minus_tau_148 = [-11.51],
  sigma_minus_tau_149 = [-11.58],
  sigma_minus_tau_1410 = [-11.82],
  sigma_minus_tau_151 = [-5.95],
  sigma_minus_tau_152 = [-6.05],
  sigma_minus_tau_153 = [-5.73],
  sigma_minus_tau_154 = [-6.01],
  sigma_minus_tau_155 = [-6.14],
  sigma_minus_tau_156 = [-6.25],
  sigma_minus_tau_157 = [-6.24],
  sigma_minus_tau_158 = [-5.87],
  sigma_minus_tau_159 = [-5.91],
  sigma_minus_tau_1510 = [-6.03],
  sigma_minus_tau_161 = [-3.49],
  sigma_minus_tau_162 = [-3.54],
  sigma_minus_tau_163 = [-3.36],
  sigma_minus_tau_164 = [-3.52],
  sigma_minus_tau_165 = [-3.59],
  sigma_minus_tau_166 = [-3.66],
  sigma_minus_tau_167 = [-3.65],
  sigma_minus_tau_168 = [-3.44],
  sigma_minus_tau_169 = [-3.46],
  sigma_minus_tau_1610 = [-3.53],
  sigma_minus_tau_171 = [-8.55],
  sigma_minus_tau_172 = [-8.69],
  sigma_minus_tau_173 = [-8.23],
  sigma_minus_tau_174 = [-8.63],
  sigma_minus_tau_175 = [-8.82],
  sigma_minus_tau_176 = [-8.98],
  sigma_minus_tau_177 = [-8.96],
  sigma_minus_tau_178 = [-8.43],
  sigma_minus_tau_179 = [-8.49],
  sigma_minus_tau_1710 = [-8.67],
  sigma_minus_tau_181 = [-4.14],
  sigma_minus_tau_182 = [-4.21],
  sigma_minus_tau_183 = [-3.99],
  sigma_minus_tau_184 = [-4.18],
  sigma_minus_tau_185 = [-4.27],
  sigma_minus_tau_186 = [-4.35],
  sigma_minus_tau_187 = [-4.34],
  sigma_minus_tau_188 = [-4.09],
  sigma_minus_tau_189 = [-4.11],
  sigma_minus_tau_1810 = [-4.20],
  sigma_minus_tau_191 = [-5.88],
  sigma_minus_tau_192 = [-5.97],
  sigma_minus_tau_193 = [-5.66],
  sigma_minus_tau_194 = [-5.93],
  sigma_minus_tau_195 = [-6.06],
  sigma_minus_tau_196 = [-6.17],
  sigma_minus_tau_197 = [-6.16],
  sigma_minus_tau_198 = [-5.79],
  sigma_minus_tau_199 = [-5.83],
  sigma_minus_tau_1910 = [-5.96],
  sigma_minus_tau_201 = [-0.53],
  sigma_minus_tau_202 = [-0.54],
  sigma_minus_tau_203 = [-0.51],
  sigma_minus_tau_204 = [-0.54],
  sigma_minus_tau_205 = [-0.55],
  sigma_minus_tau_206 = [-0.56],
  sigma_minus_tau_207 = [-0.56],
  sigma_minus_tau_208 = [-0.53],
  sigma_minus_tau_209 = [-0.53],
  sigma_minus_tau_2010 = [-0.54],
  sigma_minus_tau_211 = [-6.86],
  sigma_minus_tau_212 = [-6.97],
  sigma_minus_tau_213 = [-6.60],
  sigma_minus_tau_214 = [-6.92],
  sigma_minus_tau_215 = [-7.07],
  sigma_minus_tau_216 = [-7.20],
  sigma_minus_tau_217 = [-7.18],
  sigma_minus_tau_218 = [-6.76],
  sigma_minus_tau_219 = [-6.80],
  sigma_minus_tau_2110 = [-6.95],
  sigma_minus_tau_221 = [-8.29],
  sigma_minus_tau_222 = [-8.43],
  sigma_minus_tau_223 = [-7.98],
  sigma_minus_tau_224 = [-8.37],
  sigma_minus_tau_225 = [-8.54],
  sigma_minus_tau_226 = [-8.70],
  sigma_minus_tau_227 = [-8.69],
  sigma_minus_tau_228 = [-8.17],
  sigma_minus_tau_229 = [-8.22],
  sigma_minus_tau_2210 = [-8.40],
  sigma_minus_tau_231 = [-10.20],
  sigma_minus_tau_232 = [-10.36],
  sigma_minus_tau_233 = [-9.82],
  sigma_minus_tau_234 = [-10.29],
  sigma_minus_tau_235 = [-10.51],
  sigma_minus_tau_236 = [-10.71],
  sigma_minus_tau_237 = [-10.68],
  sigma_minus_tau_238 = [-10.05],
  sigma_minus_tau_239 = [-10.12],
  sigma_minus_tau_2310 = [-10.33],
  sigma_minus_tau_241 = [-2.27],
  sigma_minus_tau_242 = [-2.31],
  sigma_minus_tau_243 = [-2.19],
  sigma_minus_tau_244 = [-2.29],
  sigma_minus_tau_245 = [-2.34],
  sigma_minus_tau_246 = [-2.39],
  sigma_minus_tau_247 = [-2.38],
  sigma_minus_tau_248 = [-2.24],
  sigma_minus_tau_249 = [-2.25],
  sigma_minus_tau_2410 = [-2.30],
  sigma_minus_tau_251 = [-10.20],
  sigma_minus_tau_252 = [-10.37],
  sigma_minus_tau_253 = [-9.82],
  sigma_minus_tau_254 = [-10.30],
  sigma_minus_tau_255 = [-10.52],
  sigma_minus_tau_256 = [-10.71],
  sigma_minus_tau_257 = [-10.69],
  sigma_minus_tau_258 = [-10.06],
  sigma_minus_tau_259 = [-10.12],
  sigma_minus_tau_2510 = [-10.34],
  sigma_minus_tau_261 = [-7.57],
  sigma_minus_tau_262 = [-7.69],
  sigma_minus_tau_263 = [-7.28],
  sigma_minus_tau_264 = [-7.64],
  sigma_minus_tau_265 = [-7.80],
  sigma_minus_tau_266 = [-7.94],
  sigma_minus_tau_267 = [-7.93],
  sigma_minus_tau_268 = [-7.46],
  sigma_minus_tau_269 = [-7.51],
  sigma_minus_tau_2610 = [-7.67],
  sigma_minus_tau_271 = [-7.82],
  sigma_minus_tau_272 = [-7.94],
  sigma_minus_tau_273 = [-7.52],
  sigma_minus_tau_274 = [-7.89],
  sigma_minus_tau_275 = [-8.06],
  sigma_minus_tau_276 = [-8.20],
  sigma_minus_tau_277 = [-8.19],
  sigma_minus_tau_278 = [-7.70],
  sigma_minus_tau_279 = [-7.75],
  sigma_minus_tau_2710 = [-7.92],
  sigma_minus_tau_281 = [-8.90],
  sigma_minus_tau_282 = [-9.05],
  sigma_minus_tau_283 = [-8.57],
  sigma_minus_tau_284 = [-8.99],
  sigma_minus_tau_285 = [-9.18],
  sigma_minus_tau_286 = [-9.35],
  sigma_minus_tau_287 = [-9.33],
  sigma_minus_tau_288 = [-8.78],
  sigma_minus_tau_289 = [-8.83],
  sigma_minus_tau_2810 = [-9.02],
  sigma_minus_tau_291 = [-7.28],
  sigma_minus_tau_292 = [-7.40],
  sigma_minus_tau_293 = [-7.00],
  sigma_minus_tau_294 = [-7.34],
  sigma_minus_tau_295 = [-7.50],
  sigma_minus_tau_296 = [-7.64],
  sigma_minus_tau_297 = [-7.62],
  sigma_minus_tau_298 = [-7.17],
  sigma_minus_tau_299 = [-7.22],
  sigma_minus_tau_2910 = [-7.37],
  sigma_minus_tau_301 = [-1.36],
  sigma_minus_tau_302 = [-1.39],
  sigma_minus_tau_303 = [-1.31],
  sigma_minus_tau_304 = [-1.38],
  sigma_minus_tau_305 = [-1.41],
  sigma_minus_tau_306 = [-1.43],
  sigma_minus_tau_307 = [-1.43],
  sigma_minus_tau_308 = [-1.34],
  sigma_minus_tau_309 = [-1.35],
  sigma_minus_tau_3010 = [-1.38],
]

Probabilities (p_s) = [
0.050000, 0.050000, 0.050000, 0.050000, 0.050000, 0.050000, 0.050000, 0.050000, 0.050000, 0.050000, 0.050000, 0.050000, 0.050000, 0.050000, 0.050000, 0.050000, 0.050000, 0.050000, 0.050000, 0.050000
]

c_bar = 8.15
