Jobs = 60
Machines = 10
Scenarios = 20

Ready Times (rj) = [
0.00, 0.00, 0.00, 0.00, 0.00, 0.00, 0.00, 0.00, 0.00, 0.00, 0.00, 0.00, 0.00, 0.00, 0.00, 0.00, 0.00, 0.00, 0.00, 0.00, 0.00, 0.00, 0.00, 0.00, 0.00, 0.00, 0.00, 0.00, 0.00, 0.00, 0.00, 0.00, 0.00, 0.00, 0.00, 0.00, 0.00, 0.00, 0.00, 0.00, 0.00, 0.00, 0.00, 0.00, 0.00, 0.00, 0.00, 0.00, 0.00, 0.00, 0.00, 0.00, 0.00, 0.00, 0.00, 0.00, 0.00, 0.00, 0.00, 0.00
]

Transportation Times (tjk^s) = [
  tjk_11 = [1.61, 1.63, 1.71, 1.69, 1.70, 1.66, 1.62, 1.61, 1.65, 1.64, 1.66, 1.71, 1.64, 1.61, 1.64, 1.66, 1.66, 1.71, 1.61, 1.72],
  tjk_12 = [1.51, 1.67, 1.67, 1.63, 1.65, 1.69, 1.61, 1.70, 1.70, 1.66, 1.60, 1.68, 1.63, 1.66, 1.59, 1.68, 1.64, 1.66, 1.62, 1.68],
  tjk_13 = [1.71, 1.66, 1.67, 1.72, 1.68, 1.61, 1.66, 1.61, 1.71, 1.64, 1.66, 1.64, 1.71, 1.62, 1.62, 1.68, 1.63, 1.69, 1.65, 1.71],
  tjk_14 = [1.63, 1.67, 1.64, 1.68, 1.74, 1.64, 1.66, 1.72, 1.63, 1.60, 1.63, 1.67, 1.67, 1.65, 1.69, 1.69, 1.71, 1.69, 1.58, 1.71],
  tjk_15 = [1.69, 1.66, 1.64, 1.62, 1.63, 1.61, 1.67, 1.74, 1.76, 1.64, 1.60, 1.73, 1.68, 1.64, 1.68, 1.69, 1.72, 1.72, 1.67, 1.65],
  tjk_16 = [1.62, 1.64, 1.67, 1.62, 1.63, 1.76, 1.64, 1.65, 1.62, 1.62, 1.68, 1.61, 1.70, 1.62, 1.68, 1.74, 1.73, 1.69, 1.72, 1.70],
  tjk_17 = [1.74, 1.65, 1.72, 1.59, 1.74, 1.59, 1.71, 1.70, 1.66, 1.61, 1.69, 1.65, 1.65, 1.66, 1.67, 1.73, 1.65, 1.64, 1.64, 1.72],
  tjk_18 = [1.70, 1.65, 1.61, 1.73, 1.71, 1.70, 1.67, 1.71, 1.70, 1.67, 1.73, 1.71, 1.70, 1.68, 1.67, 1.66, 1.67, 1.72, 1.68, 1.64],
  tjk_19 = [1.59, 1.69, 1.65, 1.63, 1.67, 1.60, 1.58, 1.67, 1.61, 1.64, 1.65, 1.72, 1.70, 1.66, 1.75, 1.59, 1.67, 1.71, 1.61, 1.70],
  tjk_110 = [1.66, 1.69, 1.60, 1.65, 1.66, 1.59, 1.61, 1.68, 1.66, 1.64, 1.64, 1.71, 1.63, 1.65, 1.71, 1.74, 1.68, 1.73, 1.71, 1.72],
  tjk_21 = [3.05, 2.74, 2.96, 2.96, 2.89, 2.89, 2.90, 3.26, 2.97, 3.23, 3.03, 3.07, 2.92, 3.00, 2.85, 2.88, 3.39, 3.06, 2.90, 3.53],
  tjk_22 = [2.92, 2.85, 3.13, 2.98, 2.99, 2.91, 2.77, 3.20, 3.28, 3.09, 2.96, 2.87, 3.02, 3.03, 3.13, 3.06, 2.99, 2.82, 2.94, 2.75],
  tjk_23 = [3.23, 3.17, 2.98, 2.94, 3.38, 3.11, 3.16, 2.89, 3.10, 2.95, 3.16, 3.08, 2.89, 2.97, 3.34, 2.98, 2.99, 2.96, 2.96, 3.25],
  tjk_24 = [2.89, 3.09, 3.17, 3.10, 2.62, 2.99, 2.84, 3.09, 3.04, 2.98, 2.71, 3.00, 3.03, 2.95, 3.04, 3.33, 3.09, 3.00, 3.24, 2.95],
  tjk_25 = [2.84, 2.82, 3.03, 3.12, 3.09, 2.85, 2.98, 2.82, 3.11, 2.95, 2.94, 3.06, 3.00, 2.90, 3.08, 2.98, 3.02, 2.79, 2.93, 3.01],
  tjk_26 = [2.78, 2.85, 3.14, 3.24, 3.17, 3.14, 3.12, 3.06, 2.92, 2.76, 2.80, 2.82, 3.13, 2.94, 3.02, 3.22, 3.19, 2.98, 2.83, 3.01],
  tjk_27 = [2.85, 2.98, 2.87, 3.02, 2.70, 3.10, 3.00, 2.84, 3.00, 2.59, 2.75, 3.19, 2.76, 2.75, 2.58, 3.08, 3.13, 2.91, 2.99, 2.91],
  tjk_28 = [3.10, 2.93, 3.27, 2.86, 2.97, 2.89, 2.93, 3.25, 2.94, 3.42, 3.01, 3.10, 2.98, 3.18, 3.24, 2.96, 2.91, 3.30, 3.14, 3.04],
  tjk_29 = [2.86, 3.01, 2.99, 2.80, 3.02, 3.35, 2.77, 3.09, 2.99, 2.82, 2.87, 2.81, 2.96, 2.96, 2.97, 3.04, 2.95, 3.09, 3.16, 3.02],
  tjk_210 = [3.11, 2.95, 3.02, 2.96, 3.00, 3.11, 3.03, 3.32, 3.08, 2.87, 2.95, 3.04, 3.01, 3.10, 3.05, 2.97, 3.28, 3.08, 2.79, 2.87],
  tjk_31 = [4.03, 4.49, 3.84, 3.83, 4.36, 4.54, 4.66, 4.25, 4.00, 4.29, 4.20, 4.81, 4.33, 4.41, 4.17, 4.15, 4.70, 4.57, 3.81, 3.87],
  tjk_32 = [3.88, 4.24, 3.93, 4.17, 4.66, 5.00, 4.69, 3.59, 4.48, 4.39, 4.44, 4.46, 4.58, 4.23, 4.39, 4.75, 4.17, 4.03, 4.41, 4.23],
  tjk_33 = [4.25, 4.26, 4.09, 4.22, 4.49, 4.80, 4.52, 4.13, 4.69, 4.23, 4.70, 4.60, 4.44, 4.46, 4.17, 4.74, 4.50, 4.09, 4.73, 4.81],
  tjk_34 = [4.25, 4.14, 3.89, 3.88, 4.73, 4.24, 4.21, 4.07, 4.24, 3.98, 4.00, 4.29, 4.07, 4.11, 4.29, 4.94, 4.38, 4.22, 4.58, 4.27],
  tjk_35 = [4.88, 4.80, 5.00, 3.89, 4.20, 3.56, 3.87, 4.97, 3.77, 4.42, 4.09, 4.43, 4.21, 4.29, 4.63, 4.54, 3.92, 4.48, 4.41, 4.11],
  tjk_36 = [3.84, 4.27, 4.41, 4.14, 3.69, 4.23, 4.66, 5.00, 4.66, 4.48, 4.85, 4.30, 4.01, 4.41, 4.13, 4.19, 4.76, 5.00, 3.92, 4.65],
  tjk_37 = [4.35, 4.53, 4.73, 4.31, 4.58, 4.44, 4.35, 4.31, 4.90, 4.35, 4.23, 4.66, 4.37, 4.33, 3.97, 4.34, 4.08, 4.11, 4.52, 4.23],
  tjk_38 = [4.50, 4.37, 4.63, 4.22, 4.08, 4.17, 4.12, 4.08, 4.36, 4.61, 4.64, 4.41, 4.07, 4.15, 4.73, 4.60, 4.73, 4.65, 4.36, 3.81],
  tjk_39 = [4.37, 4.21, 4.69, 4.66, 4.61, 4.42, 4.31, 3.98, 4.16, 4.23, 4.57, 4.88, 4.43, 4.19, 4.48, 4.25, 4.03, 4.40, 4.00, 4.39],
  tjk_310 = [4.15, 4.73, 4.28, 4.74, 5.00, 4.12, 4.06, 4.34, 3.69, 3.99, 4.38, 4.33, 4.50, 4.33, 4.52, 4.68, 4.19, 4.87, 3.84, 4.40],
  tjk_41 = [1.60, 1.65, 1.63, 1.68, 1.66, 1.66, 1.68, 1.70, 1.68, 1.66, 1.68, 1.63, 1.68, 1.70, 1.65, 1.70, 1.61, 1.67, 1.66, 1.65],
  tjk_42 = [1.73, 1.61, 1.73, 1.57, 1.72, 1.62, 1.74, 1.73, 1.63, 1.70, 1.64, 1.67, 1.72, 1.65, 1.70, 1.67, 1.63, 1.71, 1.69, 1.65],
  tjk_43 = [1.65, 1.71, 1.63, 1.63, 1.66, 1.67, 1.65, 1.66, 1.68, 1.62, 1.67, 1.71, 1.73, 1.68, 1.65, 1.69, 1.65, 1.66, 1.64, 1.77],
  tjk_44 = [1.64, 1.71, 1.73, 1.68, 1.66, 1.70, 1.69, 1.69, 1.66, 1.66, 1.63, 1.69, 1.62, 1.67, 1.68, 1.66, 1.70, 1.61, 1.73, 1.66],
  tjk_45 = [1.67, 1.67, 1.62, 1.56, 1.68, 1.71, 1.62, 1.71, 1.66, 1.66, 1.68, 1.72, 1.74, 1.66, 1.68, 1.66, 1.73, 1.58, 1.63, 1.72],
  tjk_46 = [1.65, 1.66, 1.66, 1.64, 1.65, 1.63, 1.65, 1.69, 1.71, 1.68, 1.69, 1.68, 1.67, 1.67, 1.64, 1.65, 1.63, 1.69, 1.66, 1.65],
  tjk_47 = [1.71, 1.73, 1.63, 1.63, 1.69, 1.70, 1.62, 1.63, 1.66, 1.61, 1.68, 1.72, 1.66, 1.60, 1.66, 1.63, 1.66, 1.67, 1.73, 1.60],
  tjk_48 = [1.67, 1.66, 1.70, 1.73, 1.71, 1.74, 1.68, 1.75, 1.71, 1.75, 1.65, 1.70, 1.75, 1.66, 1.67, 1.66, 1.67, 1.63, 1.67, 1.73],
  tjk_49 = [1.68, 1.73, 1.72, 1.63, 1.64, 1.58, 1.67, 1.59, 1.61, 1.67, 1.65, 1.72, 1.60, 1.73, 1.66, 1.60, 1.74, 1.65, 1.67, 1.66],
  tjk_410 = [1.68, 1.66, 1.65, 1.63, 1.63, 1.75, 1.69, 1.61, 1.66, 1.66, 1.64, 1.66, 1.67, 1.64, 1.65, 1.64, 1.65, 1.64, 1.62, 1.64],
  tjk_51 = [2.75, 2.94, 3.26, 2.87, 3.20, 3.25, 2.93, 3.14, 3.10, 3.23, 3.20, 2.86, 2.93, 3.13, 3.05, 3.16, 2.81, 3.08, 3.05, 3.05],
  tjk_52 = [3.38, 3.18, 3.23, 3.10, 3.30, 2.85, 2.98, 3.27, 2.85, 3.02, 2.90, 2.98, 3.12, 3.06, 2.93, 3.01, 3.16, 3.21, 2.82, 3.17],
  tjk_53 = [3.11, 2.75, 3.16, 3.15, 3.07, 3.02, 3.20, 3.14, 3.01, 3.03, 2.96, 2.92, 3.07, 2.92, 3.18, 2.87, 2.70, 3.27, 3.01, 2.88],
  tjk_54 = [2.84, 2.77, 3.12, 2.74, 2.83, 3.05, 3.19, 3.05, 3.36, 2.97, 2.98, 2.80, 2.62, 3.28, 3.24, 2.98, 2.83, 2.85, 2.90, 3.24],
  tjk_55 = [2.98, 2.96, 2.93, 2.87, 2.78, 2.70, 3.23, 2.99, 2.84, 3.12, 2.92, 2.83, 2.95, 3.24, 3.38, 3.09, 3.00, 2.97, 3.02, 2.94],
  tjk_56 = [3.09, 3.04, 3.07, 2.97, 2.93, 3.27, 2.96, 3.15, 3.03, 3.24, 2.89, 2.98, 3.02, 3.16, 3.07, 3.04, 3.13, 2.75, 3.04, 3.21],
  tjk_57 = [3.10, 3.09, 2.66, 3.14, 2.68, 2.96, 2.95, 2.67, 2.94, 2.81, 2.91, 2.70, 3.00, 2.85, 2.90, 3.06, 3.23, 3.10, 3.27, 3.02],
  tjk_58 = [2.85, 3.09, 3.02, 3.03, 3.26, 2.81, 3.08, 2.80, 2.98, 2.81, 2.74, 3.06, 3.26, 3.16, 3.11, 2.85, 2.92, 3.10, 3.15, 3.09],
  tjk_59 = [3.01, 3.16, 3.08, 3.03, 2.69, 2.95, 3.31, 2.77, 3.24, 2.84, 2.89, 3.31, 3.49, 2.94, 2.91, 2.88, 2.93, 2.60, 2.76, 3.09],
  tjk_510 = [3.48, 2.89, 3.15, 3.20, 3.01, 3.02, 3.20, 2.86, 3.27, 3.01, 3.29, 3.13, 3.30, 2.95, 2.79, 3.21, 2.93, 3.12, 3.33, 2.86],
  tjk_61 = [2.97, 2.83, 3.13, 3.16, 3.00, 3.17, 3.21, 2.79, 3.29, 3.11, 3.11, 3.05, 3.07, 3.32, 3.32, 3.03, 2.89, 3.12, 2.83, 3.07],
  tjk_62 = [2.97, 2.95, 3.15, 3.23, 2.82, 3.03, 3.21, 2.73, 2.80, 2.95, 3.04, 3.04, 3.20, 3.03, 2.94, 3.20, 3.03, 2.79, 3.12, 2.97],
  tjk_63 = [2.93, 2.97, 3.01, 2.90, 2.71, 3.08, 2.96, 2.85, 2.90, 2.55, 2.88, 3.13, 3.14, 3.34, 2.82, 2.98, 3.12, 2.81, 2.91, 2.81],
  tjk_64 = [3.15, 2.98, 2.94, 3.16, 2.93, 2.87, 3.14, 3.14, 3.03, 3.10, 2.88, 3.07, 2.88, 2.89, 3.03, 3.14, 3.06, 2.86, 3.03, 2.74],
  tjk_65 = [2.91, 3.21, 2.84, 3.05, 2.79, 2.71, 2.97, 3.15, 3.00, 3.00, 3.01, 3.29, 3.14, 3.18, 2.83, 2.85, 3.05, 3.04, 3.12, 2.99],
  tjk_66 = [3.32, 3.09, 3.05, 3.02, 3.10, 2.79, 2.76, 3.18, 3.01, 3.01, 3.01, 3.06, 2.74, 3.05, 3.18, 3.01, 2.88, 2.83, 3.01, 3.05],
  tjk_67 = [2.92, 3.00, 3.04, 3.22, 2.88, 2.91, 2.97, 2.90, 3.24, 2.98, 2.99, 3.01, 3.26, 2.83, 3.32, 3.04, 3.12, 2.96, 2.90, 3.17],
  tjk_68 = [2.98, 3.08, 2.85, 2.93, 2.85, 3.11, 2.89, 2.85, 3.13, 3.01, 2.89, 3.29, 2.95, 3.48, 2.79, 3.15, 3.16, 2.84, 2.84, 3.15],
  tjk_69 = [3.06, 3.06, 2.90, 3.25, 2.97, 2.82, 3.08, 2.75, 2.73, 2.97, 3.00, 3.15, 3.03, 2.80, 2.77, 3.07, 2.93, 3.20, 2.86, 2.88],
  tjk_610 = [3.08, 3.06, 2.89, 3.08, 2.99, 2.96, 2.89, 2.82, 2.94, 2.79, 3.09, 2.96, 3.11, 3.38, 2.96, 2.79, 3.37, 3.06, 2.86, 2.99],
  tjk_71 = [4.60, 4.72, 4.25, 4.02, 4.12, 4.40, 4.29, 3.78, 4.40, 4.51, 4.62, 4.06, 3.80, 4.01, 3.88, 4.74, 4.19, 4.74, 4.45, 4.64],
  tjk_72 = [4.10, 4.38, 4.34, 4.82, 5.00, 4.48, 4.40, 4.59, 4.18, 4.84, 4.32, 4.80, 4.50, 4.55, 4.15, 4.63, 4.31, 4.10, 4.23, 4.35],
  tjk_73 = [4.65, 4.24, 4.80, 4.63, 4.57, 4.20, 4.06, 4.00, 4.43, 4.26, 4.34, 3.97, 4.35, 4.26, 4.15, 3.92, 5.00, 4.32, 3.91, 4.50],
  tjk_74 = [4.19, 4.10, 4.39, 4.08, 4.45, 4.48, 4.41, 4.26, 4.34, 4.67, 4.44, 4.27, 4.26, 4.06, 4.19, 4.65, 3.86, 4.69, 4.35, 4.58],
  tjk_75 = [4.10, 3.95, 4.00, 4.15, 4.04, 4.05, 4.12, 5.00, 3.99, 4.35, 3.88, 5.00, 4.22, 4.52, 4.42, 4.24, 3.83, 4.47, 4.31, 4.70],
  tjk_76 = [4.78, 4.20, 3.61, 3.80, 4.96, 4.18, 4.45, 4.75, 4.74, 4.26, 4.35, 3.95, 3.87, 4.86, 4.10, 4.13, 4.66, 4.12, 4.94, 5.00],
  tjk_77 = [4.47, 4.21, 4.59, 4.09, 4.30, 4.55, 4.67, 5.00, 4.15, 3.80, 4.02, 4.78, 4.31, 4.15, 4.22, 4.36, 4.33, 4.83, 3.59, 4.54],
  tjk_78 = [3.92, 4.16, 4.30, 4.49, 4.73, 4.34, 4.14, 4.28, 4.71, 4.13, 4.59, 4.42, 4.34, 4.21, 3.97, 4.18, 4.33, 4.23, 5.00, 4.54],
  tjk_79 = [4.50, 4.04, 4.10, 3.73, 4.26, 5.00, 4.42, 4.49, 4.26, 4.83, 4.07, 4.92, 4.59, 4.23, 5.00, 4.58, 4.23, 4.43, 4.58, 4.31],
  tjk_710 = [4.61, 3.97, 4.24, 4.15, 3.59, 4.20, 4.33, 4.02, 4.05, 4.41, 4.49, 4.33, 4.45, 4.26, 4.23, 4.45, 4.21, 4.41, 4.51, 4.19],
  tjk_81 = [1.70, 1.63, 1.61, 1.66, 1.67, 1.77, 1.61, 1.72, 1.62, 1.56, 1.69, 1.66, 1.64, 1.62, 1.67, 1.65, 1.66, 1.77, 1.64, 1.71],
  tjk_82 = [1.68, 1.65, 1.70, 1.65, 1.67, 1.63, 1.66, 1.64, 1.58, 1.69, 1.61, 1.69, 1.66, 1.66, 1.64, 1.69, 1.68, 1.68, 1.65, 1.66],
  tjk_83 = [1.72, 1.69, 1.60, 1.65, 1.69, 1.69, 1.66, 1.65, 1.66, 1.66, 1.62, 1.68, 1.65, 1.72, 1.56, 1.67, 1.61, 1.76, 1.75, 1.64],
  tjk_84 = [1.64, 1.67, 1.63, 1.62, 1.76, 1.61, 1.66, 1.66, 1.68, 1.58, 1.60, 1.70, 1.64, 1.60, 1.67, 1.65, 1.73, 1.69, 1.61, 1.71],
  tjk_85 = [1.62, 1.69, 1.66, 1.67, 1.62, 1.71, 1.70, 1.63, 1.61, 1.62, 1.70, 1.61, 1.68, 1.71, 1.62, 1.73, 1.61, 1.71, 1.65, 1.68],
  tjk_86 = [1.69, 1.70, 1.72, 1.72, 1.69, 1.69, 1.73, 1.70, 1.67, 1.67, 1.68, 1.68, 1.68, 1.67, 1.63, 1.69, 1.67, 1.66, 1.73, 1.66],
  tjk_87 = [1.71, 1.61, 1.68, 1.75, 1.75, 1.63, 1.63, 1.72, 1.64, 1.70, 1.59, 1.70, 1.73, 1.68, 1.70, 1.71, 1.62, 1.64, 1.68, 1.64],
  tjk_88 = [1.71, 1.63, 1.67, 1.68, 1.66, 1.72, 1.68, 1.67, 1.68, 1.65, 1.72, 1.62, 1.67, 1.65, 1.67, 1.66, 1.72, 1.72, 1.73, 1.64],
  tjk_89 = [1.67, 1.58, 1.68, 1.69, 1.63, 1.67, 1.77, 1.66, 1.70, 1.72, 1.67, 1.71, 1.71, 1.62, 1.69, 1.65, 1.61, 1.67, 1.64, 1.65],
  tjk_810 = [1.65, 1.59, 1.69, 1.63, 1.73, 1.68, 1.64, 1.63, 1.76, 1.68, 1.64, 1.73, 1.65, 1.62, 1.61, 1.73, 1.63, 1.62, 1.72, 1.70],
  tjk_91 = [1.60, 1.66, 1.68, 1.68, 1.66, 1.63, 1.68, 1.72, 1.67, 1.62, 1.73, 1.65, 1.75, 1.69, 1.69, 1.65, 1.69, 1.62, 1.69, 1.69],
  tjk_92 = [1.65, 1.66, 1.64, 1.63, 1.66, 1.68, 1.67, 1.68, 1.64, 1.59, 1.61, 1.64, 1.57, 1.66, 1.71, 1.61, 1.65, 1.67, 1.68, 1.68],
  tjk_93 = [1.66, 1.67, 1.57, 1.61, 1.71, 1.67, 1.63, 1.65, 1.63, 1.67, 1.71, 1.59, 1.67, 1.69, 1.66, 1.63, 1.65, 1.72, 1.69, 1.72],
  tjk_94 = [1.77, 1.66, 1.67, 1.68, 1.67, 1.70, 1.68, 1.67, 1.69, 1.66, 1.63, 1.60, 1.68, 1.68, 1.67, 1.76, 1.63, 1.70, 1.67, 1.69],
  tjk_95 = [1.76, 1.72, 1.68, 1.74, 1.63, 1.69, 1.69, 1.69, 1.66, 1.70, 1.63, 1.64, 1.69, 1.55, 1.71, 1.72, 1.65, 1.69, 1.67, 1.75],
  tjk_96 = [1.65, 1.68, 1.63, 1.69, 1.66, 1.74, 1.63, 1.68, 1.61, 1.65, 1.71, 1.72, 1.64, 1.70, 1.69, 1.69, 1.70, 1.63, 1.75, 1.65],
  tjk_97 = [1.61, 1.69, 1.64, 1.60, 1.73, 1.68, 1.70, 1.65, 1.66, 1.59, 1.74, 1.71, 1.63, 1.60, 1.73, 1.72, 1.67, 1.63, 1.71, 1.68],
  tjk_98 = [1.65, 1.69, 1.72, 1.69, 1.67, 1.63, 1.66, 1.78, 1.62, 1.66, 1.64, 1.62, 1.69, 1.77, 1.72, 1.75, 1.57, 1.66, 1.70, 1.69],
  tjk_99 = [1.65, 1.66, 1.72, 1.66, 1.64, 1.70, 1.73, 1.65, 1.66, 1.62, 1.62, 1.69, 1.61, 1.62, 1.73, 1.72, 1.71, 1.74, 1.69, 1.66],
  tjk_910 = [1.63, 1.70, 1.61, 1.65, 1.70, 1.65, 1.66, 1.63, 1.69, 1.70, 1.73, 1.63, 1.67, 1.58, 1.60, 1.77, 1.66, 1.63, 1.64, 1.65],
  tjk_101 = [3.14, 2.67, 2.83, 2.84, 3.04, 2.90, 2.82, 2.95, 3.00, 3.50, 3.02, 3.06, 2.84, 2.78, 3.07, 2.94, 2.90, 3.14, 2.78, 2.62],
  tjk_102 = [3.05, 2.78, 3.07, 2.85, 2.83, 2.88, 3.13, 3.02, 3.07, 2.98, 3.04, 3.04, 3.01, 3.05, 3.06, 3.16, 3.07, 2.73, 3.18, 3.33],
  tjk_103 = [2.90, 3.20, 2.96, 3.10, 3.16, 2.93, 3.05, 3.21, 3.24, 3.08, 2.93, 2.84, 3.08, 2.88, 2.85, 3.24, 2.73, 2.79, 3.15, 2.93],
  tjk_104 = [3.22, 2.90, 2.86, 3.03, 2.83, 2.96, 3.13, 2.85, 3.02, 3.13, 2.98, 3.10, 2.83, 2.94, 2.95, 2.99, 3.14, 3.25, 2.80, 3.01],
  tjk_105 = [2.95, 3.15, 3.06, 2.95, 2.75, 2.91, 2.81, 2.85, 2.99, 3.22, 3.42, 2.87, 3.17, 2.91, 3.29, 3.05, 3.25, 2.96, 2.97, 2.95],
  tjk_106 = [3.01, 3.03, 3.47, 2.89, 2.87, 2.76, 2.67, 3.20, 2.96, 2.79, 2.82, 3.02, 2.99, 3.00, 3.08, 2.77, 2.95, 3.46, 3.27, 3.31],
  tjk_107 = [3.00, 3.05, 3.14, 3.10, 3.29, 3.04, 2.76, 3.23, 3.10, 3.01, 3.09, 2.87, 2.70, 3.09, 3.05, 3.21, 3.19, 3.20, 2.77, 3.28],
  tjk_108 = [3.24, 2.90, 3.26, 3.11, 3.07, 3.14, 2.90, 3.19, 3.19, 2.89, 2.75, 2.96, 3.03, 3.14, 3.07, 3.20, 2.82, 3.19, 2.97, 3.07],
  tjk_109 = [2.85, 3.06, 2.93, 2.81, 2.80, 2.92, 3.25, 3.00, 2.88, 2.91, 2.94, 3.15, 2.74, 2.85, 2.93, 2.73, 3.06, 3.16, 2.73, 3.01],
  tjk_1010 = [2.65, 2.65, 3.11, 2.92, 2.90, 2.99, 3.13, 3.12, 3.09, 3.03, 3.31, 2.68, 3.02, 2.82, 3.14, 3.06, 3.34, 2.94, 2.83, 2.97],
  tjk_111 = [1.69, 1.60, 1.72, 1.68, 1.61, 1.65, 1.69, 1.66, 1.67, 1.64, 1.70, 1.70, 1.60, 1.63, 1.70, 1.65, 1.72, 1.65, 1.71, 1.75],
  tjk_112 = [1.63, 1.68, 1.69, 1.68, 1.70, 1.61, 1.76, 1.63, 1.66, 1.68, 1.68, 1.70, 1.68, 1.69, 1.71, 1.67, 1.73, 1.78, 1.63, 1.64],
  tjk_113 = [1.64, 1.68, 1.79, 1.60, 1.64, 1.65, 1.70, 1.71, 1.68, 1.59, 1.62, 1.70, 1.67, 1.64, 1.66, 1.70, 1.62, 1.66, 1.62, 1.67],
  tjk_114 = [1.67, 1.76, 1.62, 1.60, 1.53, 1.66, 1.68, 1.67, 1.75, 1.66, 1.67, 1.65, 1.60, 1.63, 1.66, 1.65, 1.71, 1.70, 1.73, 1.62],
  tjk_115 = [1.61, 1.70, 1.69, 1.74, 1.64, 1.64, 1.71, 1.67, 1.65, 1.71, 1.66, 1.62, 1.66, 1.64, 1.69, 1.69, 1.61, 1.65, 1.67, 1.69],
  tjk_116 = [1.68, 1.66, 1.69, 1.74, 1.67, 1.65, 1.76, 1.65, 1.68, 1.64, 1.59, 1.69, 1.72, 1.67, 1.63, 1.67, 1.67, 1.70, 1.64, 1.66],
  tjk_117 = [1.73, 1.72, 1.71, 1.69, 1.73, 1.64, 1.65, 1.64, 1.55, 1.64, 1.64, 1.62, 1.62, 1.70, 1.71, 1.65, 1.69, 1.69, 1.66, 1.65],
  tjk_118 = [1.68, 1.70, 1.69, 1.58, 1.62, 1.58, 1.73, 1.70, 1.71, 1.64, 1.72, 1.74, 1.63, 1.62, 1.65, 1.69, 1.69, 1.68, 1.68, 1.68],
  tjk_119 = [1.64, 1.59, 1.70, 1.69, 1.65, 1.67, 1.62, 1.65, 1.68, 1.73, 1.69, 1.70, 1.71, 1.75, 1.66, 1.66, 1.65, 1.61, 1.68, 1.65],
  tjk_1110 = [1.68, 1.63, 1.73, 1.67, 1.64, 1.65, 1.66, 1.65, 1.74, 1.68, 1.72, 1.73, 1.64, 1.73, 1.65, 1.75, 1.73, 1.67, 1.61, 1.70],
  tjk_121 = [1.64, 1.64, 1.63, 1.63, 1.69, 1.75, 1.56, 1.73, 1.71, 1.64, 1.66, 1.62, 1.69, 1.70, 1.61, 1.74, 1.56, 1.74, 1.64, 1.66],
  tjk_122 = [1.65, 1.61, 1.64, 1.65, 1.60, 1.63, 1.62, 1.69, 1.66, 1.66, 1.67, 1.68, 1.65, 1.64, 1.61, 1.66, 1.58, 1.66, 1.64, 1.61],
  tjk_123 = [1.64, 1.64, 1.65, 1.76, 1.69, 1.68, 1.70, 1.70, 1.70, 1.64, 1.67, 1.65, 1.71, 1.72, 1.67, 1.64, 1.73, 1.66, 1.81, 1.56],
  tjk_124 = [1.70, 1.70, 1.66, 1.66, 1.65, 1.69, 1.75, 1.65, 1.64, 1.63, 1.64, 1.70, 1.68, 1.75, 1.64, 1.65, 1.62, 1.65, 1.68, 1.64],
  tjk_125 = [1.69, 1.67, 1.69, 1.65, 1.64, 1.70, 1.67, 1.66, 1.68, 1.64, 1.66, 1.62, 1.68, 1.65, 1.65, 1.63, 1.69, 1.68, 1.62, 1.68],
  tjk_126 = [1.70, 1.66, 1.68, 1.73, 1.72, 1.63, 1.67, 1.68, 1.58, 1.61, 1.66, 1.70, 1.70, 1.62, 1.74, 1.72, 1.68, 1.69, 1.65, 1.75],
  tjk_127 = [1.70, 1.68, 1.73, 1.70, 1.70, 1.66, 1.67, 1.62, 1.66, 1.56, 1.68, 1.70, 1.75, 1.62, 1.64, 1.69, 1.67, 1.66, 1.68, 1.63],
  tjk_128 = [1.69, 1.73, 1.72, 1.68, 1.71, 1.67, 1.69, 1.64, 1.67, 1.67, 1.61, 1.66, 1.69, 1.61, 1.72, 1.68, 1.71, 1.61, 1.65, 1.61],
  tjk_129 = [1.69, 1.68, 1.71, 1.65, 1.70, 1.68, 1.71, 1.67, 1.72, 1.64, 1.71, 1.66, 1.66, 1.65, 1.65, 1.62, 1.75, 1.64, 1.70, 1.73],
  tjk_1210 = [1.66, 1.56, 1.70, 1.70, 1.65, 1.68, 1.73, 1.70, 1.66, 1.58, 1.64, 1.68, 1.69, 1.70, 1.70, 1.61, 1.66, 1.72, 1.69, 1.63],
  tjk_131 = [4.23, 4.09, 4.46, 4.05, 4.76, 4.27, 4.05, 4.21, 4.45, 4.14, 3.88, 4.54, 4.73, 4.03, 4.24, 4.46, 4.69, 4.39, 4.68, 3.98],
  tjk_132 = [4.59, 4.67, 4.35, 4.18, 4.12, 4.12, 4.47, 3.78, 4.87, 4.00, 4.54, 3.72, 4.24, 4.21, 3.73, 4.44, 4.10, 4.05, 4.01, 4.51],
  tjk_133 = [4.70, 4.47, 3.74, 4.29, 4.11, 4.37, 4.36, 4.80, 4.74, 4.17, 3.86, 4.51, 4.48, 4.31, 3.86, 4.48, 3.84, 5.00, 4.43, 4.48],
  tjk_134 = [4.71, 4.66, 4.95, 3.80, 4.71, 5.00, 4.18, 4.72, 4.31, 4.32, 4.26, 3.91, 4.46, 4.26, 4.62, 4.17, 4.30, 4.23, 3.70, 4.80],
  tjk_135 = [4.95, 4.40, 4.56, 4.21, 3.85, 4.17, 4.56, 3.91, 3.89, 4.72, 4.12, 3.78, 4.20, 4.67, 4.16, 3.86, 4.76, 4.36, 4.49, 4.77],
  tjk_136 = [4.65, 4.36, 4.35, 4.16, 4.62, 4.42, 4.16, 3.99, 4.79, 4.96, 4.79, 4.51, 5.00, 3.81, 4.23, 4.22, 4.32, 4.37, 4.76, 4.40],
  tjk_137 = [4.47, 4.26, 4.08, 4.37, 4.83, 4.25, 4.06, 4.54, 4.45, 4.13, 4.35, 4.27, 5.00, 4.62, 4.69, 4.12, 4.48, 4.50, 4.08, 4.09],
  tjk_138 = [4.70, 4.32, 5.00, 4.48, 4.64, 4.29, 3.59, 4.61, 4.20, 4.43, 4.03, 4.80, 4.57, 4.55, 4.30, 4.36, 3.83, 4.40, 4.14, 4.76],
  tjk_139 = [4.10, 4.32, 4.32, 4.14, 3.80, 4.09, 4.17, 4.34, 4.62, 4.39, 4.27, 4.07, 4.60, 4.46, 4.46, 4.48, 3.91, 5.00, 4.26, 4.46],
  tjk_1310 = [4.17, 3.82, 4.20, 4.25, 4.51, 4.66, 4.29, 3.70, 4.64, 5.00, 4.49, 4.48, 4.34, 3.99, 4.65, 4.17, 4.10, 4.01, 4.80, 3.98],
  tjk_141 = [3.23, 3.02, 2.71, 3.29, 3.08, 2.93, 2.63, 3.08, 2.95, 3.09, 3.35, 2.83, 2.82, 3.21, 3.05, 2.93, 3.16, 2.91, 3.09, 3.23],
  tjk_142 = [3.06, 3.06, 3.25, 2.81, 3.05, 3.04, 2.78, 2.94, 2.89, 2.99, 2.69, 3.05, 2.95, 3.12, 2.74, 2.89, 3.07, 2.87, 3.05, 3.17],
  tjk_143 = [2.92, 2.84, 3.19, 2.97, 3.09, 2.92, 3.03, 2.96, 2.93, 3.29, 2.90, 2.90, 3.36, 3.08, 2.96, 2.87, 3.08, 3.19, 3.14, 2.97],
  tjk_144 = [2.97, 3.00, 3.11, 3.10, 2.88, 2.97, 2.89, 3.33, 3.11, 3.07, 2.99, 2.91, 3.09, 3.11, 2.97, 2.80, 3.03, 3.20, 3.30, 3.12],
  tjk_145 = [3.82, 2.83, 3.00, 2.80, 2.90, 2.85, 2.84, 3.14, 3.07, 3.14, 2.99, 3.17, 2.96, 2.95, 3.09, 2.99, 3.22, 3.06, 3.05, 2.73],
  tjk_146 = [2.98, 3.04, 3.00, 2.79, 2.98, 2.96, 2.67, 3.17, 3.07, 3.01, 3.07, 2.85, 3.05, 2.83, 3.03, 2.86, 2.93, 3.11, 2.85, 2.80],
  tjk_147 = [3.10, 2.92, 3.17, 3.04, 2.87, 3.30, 2.94, 3.09, 3.15, 3.11, 2.96, 2.98, 2.91, 2.60, 2.93, 3.29, 2.90, 3.05, 3.12, 3.35],
  tjk_148 = [3.05, 2.91, 3.03, 2.80, 3.09, 2.77, 3.19, 2.93, 2.92, 3.07, 3.17, 3.28, 2.90, 3.21, 3.01, 3.03, 3.18, 2.92, 3.15, 2.94],
  tjk_149 = [3.06, 2.99, 2.74, 2.82, 3.12, 3.04, 2.94, 3.15, 3.24, 3.04, 2.99, 3.09, 3.21, 2.93, 2.98, 3.12, 3.18, 3.11, 2.80, 2.73],
  tjk_1410 = [2.67, 2.92, 3.14, 2.96, 2.97, 2.84, 2.85, 3.02, 2.83, 3.17, 3.01, 2.87, 3.10, 3.03, 2.94, 2.93, 3.02, 2.74, 2.78, 3.06],
  tjk_151 = [1.60, 1.67, 1.71, 1.68, 1.61, 1.71, 1.65, 1.68, 1.64, 1.60, 1.69, 1.67, 1.65, 1.60, 1.65, 1.66, 1.64, 1.68, 1.68, 1.71],
  tjk_152 = [1.61, 1.66, 1.69, 1.69, 1.76, 1.66, 1.66, 1.64, 1.65, 1.66, 1.65, 1.64, 1.57, 1.65, 1.70, 1.63, 1.67, 1.66, 1.62, 1.62],
  tjk_153 = [1.65, 1.59, 1.58, 1.68, 1.63, 1.67, 1.73, 1.64, 1.66, 1.65, 1.68, 1.69, 1.75, 1.73, 1.66, 1.67, 1.70, 1.69, 1.67, 1.66],
  tjk_154 = [1.73, 1.79, 1.63, 1.65, 1.68, 1.67, 1.72, 1.70, 1.66, 1.66, 1.64, 1.63, 1.66, 1.65, 1.68, 1.69, 1.63, 1.67, 1.63, 1.66],
  tjk_155 = [1.64, 1.69, 1.64, 1.60, 1.61, 1.68, 1.68, 1.66, 1.65, 1.65, 1.72, 1.64, 1.63, 1.63, 1.68, 1.64, 1.64, 1.74, 1.65, 1.65],
  tjk_156 = [1.66, 1.69, 1.65, 1.78, 1.71, 1.59, 1.67, 1.62, 1.67, 1.69, 1.66, 1.59, 1.63, 1.62, 1.68, 1.62, 1.64, 1.71, 1.72, 1.66],
  tjk_157 = [1.64, 1.64, 1.67, 1.66, 1.60, 1.67, 1.63, 1.63, 1.67, 1.67, 1.70, 1.66, 1.59, 1.66, 1.63, 1.70, 1.68, 1.70, 1.69, 1.69],
  tjk_158 = [1.73, 1.66, 1.66, 1.64, 1.68, 1.70, 1.68, 1.63, 1.74, 1.65, 1.63, 1.61, 1.64, 1.66, 1.64, 1.74, 1.58, 1.64, 1.71, 1.63],
  tjk_159 = [1.69, 1.66, 1.70, 1.64, 1.65, 1.66, 1.69, 1.72, 1.75, 1.64, 1.67, 1.65, 1.64, 1.69, 1.74, 1.66, 1.64, 1.69, 1.63, 1.63],
  tjk_1510 = [1.70, 1.64, 1.71, 1.70, 1.63, 1.68, 1.66, 1.63, 1.70, 1.69, 1.63, 1.76, 1.70, 1.66, 1.64, 1.63, 1.66, 1.71, 1.66, 1.62],
  tjk_161 = [1.69, 1.67, 1.70, 1.65, 1.59, 1.75, 1.66, 1.61, 1.64, 1.76, 1.66, 1.66, 1.60, 1.59, 1.64, 1.63, 1.61, 1.62, 1.66, 1.64],
  tjk_162 = [1.67, 1.74, 1.60, 1.67, 1.74, 1.66, 1.72, 1.62, 1.73, 1.62, 1.71, 1.68, 1.68, 1.69, 1.70, 1.68, 1.63, 1.68, 1.69, 1.69],
  tjk_163 = [1.65, 1.61, 1.70, 1.67, 1.68, 1.66, 1.69, 1.70, 1.70, 1.66, 1.63, 1.65, 1.75, 1.68, 1.71, 1.59, 1.66, 1.64, 1.65, 1.66],
  tjk_164 = [1.64, 1.69, 1.66, 1.62, 1.61, 1.69, 1.63, 1.64, 1.73, 1.72, 1.67, 1.69, 1.67, 1.68, 1.67, 1.61, 1.62, 1.64, 1.59, 1.62],
  tjk_165 = [1.77, 1.66, 1.63, 1.66, 1.72, 1.67, 1.62, 1.72, 1.62, 1.62, 1.67, 1.69, 1.58, 1.66, 1.65, 1.71, 1.68, 1.76, 1.64, 1.63],
  tjk_166 = [1.66, 1.66, 1.65, 1.71, 1.60, 1.65, 1.68, 1.71, 1.65, 1.69, 1.63, 1.61, 1.62, 1.67, 1.71, 1.66, 1.67, 1.63, 1.66, 1.62],
  tjk_167 = [1.70, 1.60, 1.60, 1.62, 1.71, 1.68, 1.65, 1.68, 1.63, 1.67, 1.78, 1.64, 1.68, 1.69, 1.67, 1.65, 1.64, 1.63, 1.73, 1.65],
  tjk_168 = [1.75, 1.63, 1.72, 1.71, 1.68, 1.65, 1.69, 1.59, 1.67, 1.70, 1.73, 1.67, 1.74, 1.63, 1.64, 1.62, 1.66, 1.67, 1.73, 1.62],
  tjk_169 = [1.71, 1.67, 1.62, 1.68, 1.69, 1.68, 1.60, 1.65, 1.70, 1.64, 1.61, 1.69, 1.69, 1.65, 1.73, 1.70, 1.71, 1.69, 1.63, 1.65],
  tjk_1610 = [1.64, 1.65, 1.64, 1.67, 1.67, 1.63, 1.60, 1.70, 1.61, 1.68, 1.66, 1.73, 1.70, 1.57, 1.59, 1.68, 1.66, 1.70, 1.64, 1.68],
  tjk_171 = [2.72, 3.03, 3.13, 2.89, 2.94, 2.95, 3.02, 3.22, 2.86, 2.92, 3.00, 2.94, 3.58, 3.21, 2.82, 3.11, 3.11, 3.04, 2.92, 3.45],
  tjk_172 = [2.87, 3.01, 2.92, 2.90, 2.90, 2.94, 3.09, 3.05, 3.19, 3.19, 3.38, 2.91, 2.92, 2.83, 3.13, 3.13, 3.26, 3.09, 3.04, 3.03],
  tjk_173 = [2.94, 2.87, 2.96, 2.96, 2.97, 3.14, 2.95, 3.18, 2.87, 2.78, 2.95, 3.24, 3.20, 3.02, 3.00, 3.19, 3.40, 2.71, 3.18, 2.76],
  tjk_174 = [3.00, 2.81, 2.76, 2.98, 3.00, 2.94, 3.27, 2.93, 3.15, 2.90, 2.98, 3.02, 3.12, 2.89, 3.09, 3.47, 2.90, 3.01, 2.98, 3.05],
  tjk_175 = [2.97, 2.88, 2.85, 3.27, 2.87, 2.97, 2.68, 2.87, 2.83, 3.26, 3.20, 2.95, 3.16, 3.02, 2.89, 2.66, 3.04, 2.89, 3.10, 2.98],
  tjk_176 = [3.09, 3.06, 2.86, 2.62, 2.99, 3.10, 3.11, 2.94, 2.99, 2.97, 3.10, 3.23, 2.97, 3.53, 3.14, 3.20, 2.91, 2.85, 3.02, 3.29],
  tjk_177 = [3.09, 2.95, 3.04, 3.38, 2.51, 3.13, 3.21, 3.23, 2.80, 2.87, 2.87, 3.02, 3.11, 3.13, 3.09, 2.77, 2.86, 3.01, 3.03, 2.99],
  tjk_178 = [3.17, 3.21, 3.30, 2.57, 2.86, 2.78, 2.63, 2.94, 3.02, 2.80, 2.99, 3.04, 2.89, 3.22, 2.87, 3.20, 3.04, 3.23, 3.00, 2.96],
  tjk_179 = [2.92, 2.81, 2.89, 2.88, 2.92, 3.03, 2.91, 2.74, 2.87, 3.02, 2.69, 3.13, 3.00, 2.98, 2.85, 3.08, 3.02, 2.94, 3.14, 3.06],
  tjk_1710 = [2.85, 2.84, 2.90, 3.17, 2.82, 3.21, 3.01, 3.15, 2.78, 2.73, 3.21, 3.24, 2.85, 3.15, 3.29, 3.19, 2.98, 2.84, 3.23, 3.06],
  tjk_181 = [1.67, 1.65, 1.67, 1.70, 1.69, 1.61, 1.60, 1.63, 1.65, 1.65, 1.67, 1.71, 1.69, 1.68, 1.78, 1.67, 1.70, 1.67, 1.66, 1.64],
  tjk_182 = [1.65, 1.62, 1.72, 1.67, 1.68, 1.63, 1.68, 1.70, 1.67, 1.58, 1.63, 1.66, 1.73, 1.72, 1.67, 1.65, 1.74, 1.68, 1.66, 1.61],
  tjk_183 = [1.59, 1.64, 1.64, 1.65, 1.68, 1.67, 1.71, 1.71, 1.61, 1.66, 1.68, 1.64, 1.66, 1.70, 1.61, 1.70, 1.57, 1.68, 1.65, 1.70],
  tjk_184 = [1.62, 1.72, 1.64, 1.58, 1.68, 1.63, 1.65, 1.67, 1.68, 1.65, 1.77, 1.66, 1.63, 1.62, 1.61, 1.65, 1.65, 1.74, 1.66, 1.65],
  tjk_185 = [1.71, 1.70, 1.67, 1.68, 1.65, 1.64, 1.64, 1.68, 1.62, 1.61, 1.59, 1.63, 1.64, 1.63, 1.68, 1.66, 1.68, 1.65, 1.67, 1.63],
  tjk_186 = [1.72, 1.65, 1.71, 1.65, 1.71, 1.65, 1.67, 1.66, 1.69, 1.60, 1.66, 1.63, 1.60, 1.63, 1.61, 1.64, 1.66, 1.65, 1.60, 1.66],
  tjk_187 = [1.66, 1.67, 1.72, 1.60, 1.66, 1.69, 1.66, 1.66, 1.68, 1.64, 1.65, 1.62, 1.61, 1.68, 1.67, 1.59, 1.67, 1.70, 1.68, 1.67],
  tjk_188 = [1.72, 1.68, 1.60, 1.65, 1.62, 1.56, 1.69, 1.63, 1.66, 1.68, 1.64, 1.66, 1.64, 1.64, 1.63, 1.63, 1.59, 1.66, 1.67, 1.69],
  tjk_189 = [1.66, 1.66, 1.66, 1.64, 1.61, 1.64, 1.61, 1.65, 1.73, 1.62, 1.71, 1.66, 1.61, 1.60, 1.70, 1.69, 1.64, 1.59, 1.64, 1.72],
  tjk_1810 = [1.66, 1.66, 1.65, 1.65, 1.68, 1.65, 1.69, 1.63, 1.63, 1.64, 1.64, 1.65, 1.67, 1.58, 1.67, 1.66, 1.67, 1.65, 1.58, 1.74],
  tjk_191 = [1.67, 1.72, 1.64, 1.67, 1.73, 1.68, 1.63, 1.65, 1.73, 1.60, 1.62, 1.65, 1.59, 1.66, 1.67, 1.68, 1.61, 1.65, 1.60, 1.64],
  tjk_192 = [1.68, 1.74, 1.72, 1.62, 1.60, 1.72, 1.61, 1.68, 1.71, 1.63, 1.65, 1.75, 1.62, 1.71, 1.73, 1.62, 1.70, 1.66, 1.69, 1.68],
  tjk_193 = [1.69, 1.71, 1.69, 1.60, 1.63, 1.61, 1.72, 1.69, 1.70, 1.66, 1.62, 1.70, 1.66, 1.70, 1.71, 1.72, 1.61, 1.66, 1.73, 1.60],
  tjk_194 = [1.74, 1.65, 1.71, 1.61, 1.68, 1.65, 1.69, 1.62, 1.67, 1.68, 1.60, 1.69, 1.64, 1.66, 1.68, 1.66, 1.64, 1.58, 1.69, 1.61],
  tjk_195 = [1.65, 1.70, 1.63, 1.62, 1.62, 1.66, 1.72, 1.74, 1.57, 1.62, 1.66, 1.77, 1.62, 1.64, 1.62, 1.66, 1.65, 1.71, 1.65, 1.63],
  tjk_196 = [1.64, 1.72, 1.67, 1.64, 1.66, 1.70, 1.66, 1.60, 1.70, 1.66, 1.62, 1.62, 1.69, 1.70, 1.61, 1.67, 1.68, 1.66, 1.65, 1.69],
  tjk_197 = [1.63, 1.65, 1.66, 1.63, 1.65, 1.76, 1.73, 1.60, 1.63, 1.60, 1.65, 1.79, 1.67, 1.60, 1.68, 1.67, 1.64, 1.63, 1.75, 1.56],
  tjk_198 = [1.62, 1.72, 1.73, 1.67, 1.75, 1.63, 1.68, 1.68, 1.64, 1.70, 1.70, 1.65, 1.77, 1.61, 1.64, 1.67, 1.80, 1.69, 1.64, 1.67],
  tjk_199 = [1.67, 1.70, 1.71, 1.66, 1.61, 1.61, 1.67, 1.74, 1.62, 1.65, 1.73, 1.76, 1.76, 1.72, 1.71, 1.67, 1.59, 1.67, 1.66, 1.70],
  tjk_1910 = [1.70, 1.76, 1.62, 1.69, 1.67, 1.65, 1.67, 1.61, 1.65, 1.70, 1.67, 1.66, 1.68, 1.69, 1.64, 1.64, 1.66, 1.72, 1.64, 1.66],
  tjk_201 = [3.41, 3.46, 2.66, 2.92, 3.08, 3.14, 2.94, 2.96, 2.81, 3.06, 2.91, 2.73, 2.95, 3.00, 2.98, 2.99, 2.94, 3.05, 2.72, 3.17],
  tjk_202 = [3.01, 3.09, 3.32, 2.85, 2.80, 2.95, 2.91, 2.92, 3.26, 2.90, 3.12, 2.98, 3.03, 3.03, 2.85, 3.21, 3.06, 3.04, 3.03, 2.84],
  tjk_203 = [2.91, 3.07, 3.09, 2.83, 2.88, 3.08, 3.46, 2.87, 3.19, 3.11, 2.93, 2.94, 3.14, 3.20, 2.98, 3.16, 2.93, 3.04, 3.27, 2.76],
  tjk_204 = [3.15, 3.01, 2.76, 2.95, 2.64, 2.88, 2.95, 3.01, 3.19, 3.03, 2.68, 2.83, 3.05, 3.03, 3.27, 3.21, 3.13, 2.75, 2.98, 2.92],
  tjk_205 = [3.15, 2.85, 2.71, 3.10, 2.94, 2.87, 3.10, 3.18, 2.85, 3.38, 2.63, 2.80, 2.97, 2.84, 2.92, 2.79, 2.74, 3.15, 3.05, 3.04],
  tjk_206 = [2.99, 2.70, 3.09, 3.02, 2.96, 2.74, 2.70, 2.74, 2.71, 2.84, 3.17, 2.86, 3.32, 3.14, 3.27, 3.08, 3.19, 2.92, 2.91, 2.90],
  tjk_207 = [2.83, 3.18, 3.33, 3.04, 2.96, 2.97, 3.14, 2.93, 2.78, 3.25, 3.07, 2.76, 2.85, 2.98, 2.94, 3.02, 3.28, 2.87, 3.00, 3.12],
  tjk_208 = [2.89, 2.76, 2.96, 2.87, 2.99, 2.80, 3.07, 3.05, 3.02, 2.85, 3.13, 3.16, 2.76, 2.90, 2.97, 3.57, 2.88, 3.37, 2.88, 3.10],
  tjk_209 = [2.85, 2.84, 3.14, 3.34, 3.03, 2.99, 2.80, 2.95, 2.91, 3.04, 2.84, 2.93, 3.12, 3.11, 2.86, 3.23, 3.07, 2.91, 3.09, 3.12],
  tjk_2010 = [3.04, 3.25, 3.00, 2.76, 2.90, 3.13, 3.06, 3.15, 3.22, 2.86, 3.01, 2.95, 2.80, 2.87, 3.00, 2.93, 3.16, 2.74, 2.99, 3.12],
  tjk_211 = [2.90, 2.90, 3.17, 2.69, 2.71, 2.76, 3.07, 3.14, 3.03, 3.25, 2.89, 2.83, 3.01, 3.04, 2.97, 3.10, 3.24, 2.85, 2.85, 3.09],
  tjk_212 = [2.76, 2.62, 3.15, 3.04, 2.83, 2.97, 3.05, 2.86, 3.10, 2.97, 3.32, 2.88, 3.42, 3.01, 2.99, 3.25, 2.83, 2.95, 3.01, 3.04],
  tjk_213 = [2.80, 3.05, 2.92, 3.05, 3.28, 2.93, 3.35, 2.90, 2.92, 2.97, 3.27, 3.02, 2.98, 3.06, 2.93, 3.17, 2.86, 3.20, 2.92, 2.73],
  tjk_214 = [3.21, 2.99, 3.11, 2.84, 3.03, 2.81, 2.69, 3.14, 3.26, 3.14, 2.83, 2.87, 3.04, 3.04, 2.88, 2.91, 2.73, 2.96, 3.13, 2.80],
  tjk_215 = [3.10, 3.26, 3.18, 3.04, 3.11, 3.10, 3.01, 3.03, 3.37, 2.99, 2.48, 3.09, 2.68, 3.01, 3.32, 2.87, 3.28, 3.04, 2.94, 2.94],
  tjk_216 = [3.07, 2.92, 3.17, 3.22, 2.98, 2.99, 2.95, 2.89, 2.66, 3.10, 3.23, 2.96, 3.15, 3.03, 2.80, 2.93, 2.90, 2.90, 3.08, 2.69],
  tjk_217 = [2.88, 2.90, 3.21, 3.03, 3.11, 3.31, 3.10, 2.93, 2.97, 2.98, 2.99, 2.60, 2.97, 3.17, 2.98, 2.96, 2.86, 2.75, 2.70, 3.10],
  tjk_218 = [2.87, 2.99, 2.90, 3.32, 2.76, 2.85, 3.07, 3.12, 3.24, 3.00, 3.05, 3.05, 3.13, 3.18, 2.87, 2.82, 3.14, 2.82, 3.11, 3.00],
  tjk_219 = [3.00, 2.79, 3.07, 3.21, 2.80, 2.67, 3.11, 2.98, 2.77, 3.08, 3.10, 3.03, 3.13, 3.13, 2.86, 2.97, 3.28, 3.29, 2.90, 3.03],
  tjk_2110 = [3.23, 3.26, 3.13, 2.97, 3.13, 2.79, 2.79, 3.06, 2.75, 3.08, 2.55, 2.98, 2.98, 2.97, 3.01, 2.70, 2.66, 3.00, 3.34, 3.07],
  tjk_221 = [2.79, 3.04, 2.91, 2.92, 3.11, 2.97, 2.93, 2.83, 3.11, 3.23, 2.94, 2.85, 3.07, 2.92, 3.15, 3.02, 2.89, 2.90, 3.08, 3.04],
  tjk_222 = [2.85, 3.09, 3.17, 3.14, 3.20, 2.91, 3.24, 3.01, 3.27, 2.99, 3.06, 3.08, 2.76, 2.88, 3.06, 2.91, 3.11, 2.98, 2.80, 2.86],
  tjk_223 = [3.28, 3.23, 2.97, 3.00, 2.99, 2.78, 3.01, 3.32, 2.99, 2.82, 2.77, 3.03, 3.10, 3.18, 3.10, 3.14, 3.04, 3.25, 2.89, 3.00],
  tjk_224 = [3.11, 2.93, 3.06, 3.04, 2.90, 3.12, 2.87, 3.11, 2.79, 3.05, 2.77, 2.87, 2.68, 2.62, 2.99, 3.03, 2.90, 2.98, 2.80, 3.13],
  tjk_225 = [2.90, 2.96, 2.62, 2.78, 2.93, 3.13, 3.03, 3.04, 3.08, 3.10, 3.24, 3.15, 3.20, 3.12, 3.18, 2.68, 3.18, 3.03, 3.07, 2.98],
  tjk_226 = [3.27, 3.08, 2.76, 2.95, 3.23, 3.21, 2.92, 2.83, 2.91, 3.05, 2.62, 2.98, 3.15, 3.02, 3.10, 2.97, 3.06, 2.97, 3.05, 3.09],
  tjk_227 = [3.17, 3.13, 2.99, 2.82, 3.22, 3.29, 3.16, 3.26, 2.99, 2.97, 3.18, 3.20, 3.07, 2.88, 2.79, 3.09, 3.30, 2.88, 3.14, 3.05],
  tjk_228 = [2.69, 3.01, 3.04, 2.93, 3.05, 2.98, 2.97, 2.90, 2.85, 2.93, 3.18, 2.91, 3.03, 3.08, 3.11, 2.86, 2.94, 2.92, 2.91, 3.07],
  tjk_229 = [3.00, 3.14, 2.72, 2.97, 3.23, 2.92, 3.11, 3.15, 2.98, 2.87, 3.21, 2.97, 2.93, 3.21, 3.12, 3.35, 2.91, 2.70, 2.97, 2.96],
  tjk_2210 = [3.05, 3.40, 3.21, 2.84, 2.95, 2.98, 3.26, 3.14, 3.02, 3.22, 2.89, 3.00, 3.15, 3.12, 2.75, 3.12, 2.87, 2.98, 2.94, 3.04],
  tjk_231 = [3.07, 2.89, 2.82, 2.87, 2.91, 2.85, 2.98, 2.87, 3.16, 3.21, 2.94, 2.95, 3.07, 2.73, 2.89, 3.07, 3.03, 2.91, 3.10, 3.02],
  tjk_232 = [3.09, 2.97, 3.13, 2.73, 3.12, 3.18, 3.26, 3.03, 2.72, 2.83, 2.85, 2.98, 3.20, 3.27, 3.09, 2.79, 3.04, 2.94, 2.74, 3.13],
  tjk_233 = [3.01, 2.74, 2.91, 2.84, 3.02, 2.94, 3.10, 2.96, 2.98, 3.06, 2.95, 3.00, 2.88, 2.72, 3.02, 3.22, 2.88, 2.96, 3.00, 3.12],
  tjk_234 = [3.12, 3.00, 2.92, 3.17, 2.96, 3.16, 2.83, 3.12, 2.64, 2.77, 3.27, 2.84, 3.02, 3.02, 3.21, 3.39, 3.15, 3.02, 2.86, 3.29],
  tjk_235 = [3.16, 3.07, 2.84, 3.06, 2.87, 2.92, 2.63, 2.97, 3.07, 3.10, 2.91, 2.86, 2.89, 3.02, 2.83, 3.05, 3.09, 2.82, 2.97, 3.51],
  tjk_236 = [2.93, 3.14, 3.04, 3.09, 2.90, 2.95, 3.11, 3.02, 2.94, 3.08, 3.27, 3.05, 2.98, 3.09, 2.91, 3.01, 2.73, 2.68, 3.12, 3.01],
  tjk_237 = [3.46, 3.06, 3.27, 2.70, 3.01, 2.92, 2.90, 3.01, 2.88, 3.02, 3.20, 2.82, 3.27, 3.13, 2.76, 3.13, 3.14, 3.04, 2.93, 3.01],
  tjk_238 = [2.82, 3.11, 2.99, 2.82, 2.92, 2.98, 2.72, 3.07, 2.72, 3.05, 2.93, 2.95, 3.22, 2.95, 2.93, 3.04, 3.16, 3.11, 3.08, 2.59],
  tjk_239 = [2.79, 3.14, 3.05, 3.00, 3.21, 3.09, 2.93, 3.11, 2.93, 3.19, 2.94, 3.02, 3.09, 3.15, 2.83, 3.27, 2.98, 3.13, 2.77, 3.07],
  tjk_2310 = [3.11, 3.00, 3.05, 2.94, 3.41, 2.99, 2.76, 2.86, 2.87, 3.14, 3.07, 2.93, 3.02, 2.85, 2.85, 2.85, 3.03, 2.95, 3.17, 3.09],
  tjk_241 = [2.93, 2.98, 2.72, 2.78, 3.02, 2.87, 2.51, 2.99, 3.11, 2.98, 2.97, 3.11, 3.12, 2.90, 2.87, 3.18, 2.70, 2.85, 3.01, 2.99],
  tjk_242 = [3.03, 3.46, 3.10, 3.19, 3.19, 2.59, 2.99, 3.08, 3.04, 3.16, 2.87, 3.19, 2.89, 2.91, 3.22, 2.85, 2.85, 3.30, 2.92, 2.81],
  tjk_243 = [2.89, 3.01, 3.03, 2.90, 2.76, 2.63, 3.10, 3.09, 3.07, 2.75, 2.72, 2.94, 2.82, 2.73, 2.96, 2.95, 2.97, 2.95, 3.29, 3.13],
  tjk_244 = [2.84, 2.95, 2.91, 3.40, 2.81, 3.07, 2.88, 2.94, 2.94, 3.09, 2.97, 2.94, 2.83, 2.94, 3.09, 3.25, 3.04, 2.76, 3.00, 3.00],
  tjk_245 = [3.23, 3.10, 2.84, 3.10, 3.07, 3.02, 3.14, 2.73, 2.95, 3.11, 3.02, 3.07, 2.62, 2.93, 3.05, 3.04, 2.89, 3.03, 2.81, 3.07],
  tjk_246 = [2.92, 3.11, 3.04, 3.04, 2.85, 2.89, 3.08, 3.02, 3.10, 2.88, 3.05, 3.12, 3.08, 2.65, 3.23, 3.02, 2.95, 3.17, 2.99, 3.12],
  tjk_247 = [2.79, 3.01, 3.05, 3.08, 2.94, 2.90, 2.97, 3.33, 3.32, 3.00, 2.85, 2.88, 2.93, 2.98, 3.00, 3.00, 3.03, 2.98, 3.15, 2.61],
  tjk_248 = [3.19, 2.87, 2.67, 3.06, 2.93, 2.84, 3.01, 2.99, 2.62, 2.93, 2.86, 3.21, 3.01, 2.79, 3.16, 2.99, 2.87, 2.81, 2.87, 2.73],
  tjk_249 = [3.29, 2.91, 2.90, 3.04, 2.97, 3.04, 2.69, 2.85, 3.02, 3.34, 2.70, 3.06, 3.05, 3.03, 3.00, 2.79, 2.82, 2.94, 2.77, 3.00],
  tjk_2410 = [3.48, 2.88, 3.28, 3.00, 2.73, 2.94, 2.84, 3.13, 3.03, 2.99, 2.90, 3.17, 2.89, 2.82, 3.00, 3.15, 2.97, 3.05, 2.94, 2.97],
  tjk_251 = [5.00, 4.54, 3.97, 4.42, 4.07, 4.46, 4.32, 4.25, 4.34, 4.30, 4.28, 4.16, 4.67, 4.59, 4.70, 4.84, 4.24, 4.37, 3.83, 4.12],
  tjk_252 = [4.46, 3.88, 4.67, 4.62, 4.62, 4.45, 3.98, 4.47, 4.44, 4.66, 4.28, 4.42, 5.00, 4.55, 4.04, 4.68, 4.28, 4.82, 4.28, 4.07],
  tjk_253 = [3.92, 4.15, 4.42, 4.29, 4.14, 4.09, 3.85, 4.54, 4.11, 4.42, 4.13, 4.61, 4.61, 4.40, 4.49, 4.15, 4.03, 4.29, 4.61, 4.14],
  tjk_254 = [5.00, 4.08, 3.82, 3.64, 4.58, 4.35, 4.29, 4.22, 4.41, 4.61, 4.38, 4.25, 4.77, 3.80, 5.00, 4.26, 4.44, 3.97, 4.35, 4.18],
  tjk_255 = [4.15, 3.97, 4.49, 4.01, 4.55, 4.06, 4.28, 4.16, 3.99, 4.56, 4.03, 4.25, 4.40, 5.00, 4.01, 4.27, 4.96, 4.38, 4.67, 4.43],
  tjk_256 = [5.00, 3.78, 4.10, 4.07, 4.43, 4.47, 4.80, 3.99, 4.37, 4.46, 4.24, 4.39, 4.15, 4.35, 4.76, 4.45, 4.09, 4.93, 4.36, 4.25],
  tjk_257 = [3.93, 4.26, 4.29, 3.49, 3.97, 4.00, 4.30, 4.78, 4.43, 4.53, 4.06, 4.33, 4.38, 3.69, 4.84, 4.57, 4.12, 4.56, 3.93, 4.79],
  tjk_258 = [4.05, 4.43, 4.28, 4.21, 4.12, 4.45, 4.14, 4.82, 4.12, 4.43, 4.76, 3.72, 4.03, 4.11, 4.19, 4.33, 4.77, 4.33, 4.39, 4.05],
  tjk_259 = [4.56, 4.39, 4.06, 4.42, 4.09, 4.26, 4.22, 3.83, 4.50, 4.52, 4.07, 4.86, 4.52, 3.78, 4.29, 4.08, 4.19, 4.41, 4.62, 4.08],
  tjk_2510 = [4.31, 4.36, 4.52, 4.83, 4.77, 4.32, 3.95, 4.02, 4.95, 4.28, 4.25, 4.40, 4.62, 4.35, 4.85, 4.39, 4.40, 5.00, 4.33, 4.55],
  tjk_261 = [4.38, 4.25, 3.85, 4.31, 4.48, 4.12, 4.23, 4.04, 4.14, 4.38, 3.94, 4.60, 3.86, 4.24, 4.49, 4.19, 4.39, 4.89, 4.35, 3.98],
  tjk_262 = [4.93, 4.11, 3.71, 4.35, 4.34, 4.58, 3.74, 4.30, 4.73, 4.27, 3.97, 4.37, 4.30, 4.05, 3.71, 5.00, 4.54, 4.47, 4.15, 4.21],
  tjk_263 = [4.43, 4.23, 4.12, 4.13, 4.75, 3.78, 4.29, 4.13, 4.46, 4.12, 4.44, 3.96, 4.00, 4.34, 5.00, 4.09, 4.31, 4.08, 4.57, 4.73],
  tjk_264 = [4.72, 4.34, 4.31, 4.62, 4.92, 4.19, 4.28, 4.44, 4.16, 4.16, 4.43, 4.18, 4.02, 4.12, 4.04, 4.63, 4.36, 4.75, 5.00, 4.24],
  tjk_265 = [3.74, 4.01, 4.08, 4.31, 4.04, 4.43, 4.22, 4.68, 4.10, 4.54, 4.38, 4.12, 4.61, 4.73, 4.40, 4.23, 4.46, 4.42, 4.11, 4.17],
  tjk_266 = [3.92, 4.61, 3.96, 4.56, 4.07, 4.08, 4.17, 4.18, 4.87, 4.06, 4.26, 3.77, 4.14, 4.10, 4.79, 3.67, 4.48, 4.90, 4.97, 4.23],
  tjk_267 = [4.52, 3.87, 4.89, 4.93, 3.72, 4.08, 4.40, 4.61, 4.31, 3.85, 3.84, 4.42, 4.07, 4.11, 4.93, 4.10, 4.36, 4.74, 4.56, 4.07],
  tjk_268 = [4.56, 4.90, 4.61, 4.48, 4.67, 4.23, 4.23, 4.25, 4.37, 4.66, 4.78, 4.24, 4.27, 4.36, 4.36, 4.39, 3.87, 4.28, 4.39, 4.28],
  tjk_269 = [4.89, 3.70, 4.19, 4.97, 4.30, 4.09, 4.31, 4.22, 4.20, 4.51, 4.22, 4.23, 4.66, 4.55, 4.21, 4.65, 4.38, 4.02, 4.29, 4.23],
  tjk_2610 = [4.33, 5.00, 3.84, 3.86, 4.48, 4.24, 4.38, 4.19, 4.17, 4.00, 4.42, 4.14, 4.50, 4.93, 4.17, 4.65, 4.47, 4.31, 4.38, 4.04],
  tjk_271 = [2.86, 2.92, 2.93, 3.00, 2.98, 2.94, 2.70, 3.11, 2.88, 2.98, 2.99, 3.04, 3.09, 3.06, 2.79, 2.92, 2.98, 3.01, 3.47, 3.09],
  tjk_272 = [3.04, 3.26, 3.26, 2.97, 2.97, 3.11, 3.01, 2.93, 2.85, 3.02, 2.96, 3.11, 3.05, 2.89, 2.91, 3.01, 3.04, 3.11, 3.12, 3.05],
  tjk_273 = [2.69, 2.85, 2.97, 2.96, 3.02, 3.01, 2.83, 3.14, 2.91, 2.80, 3.15, 3.04, 3.08, 3.04, 2.77, 2.94, 3.19, 3.10, 2.80, 2.96],
  tjk_274 = [2.96, 2.88, 3.03, 2.92, 2.98, 3.14, 3.02, 2.94, 3.19, 3.14, 3.02, 2.88, 3.09, 2.84, 3.06, 3.08, 2.86, 2.85, 2.94, 3.12],
  tjk_275 = [3.04, 2.78, 3.03, 2.83, 2.90, 3.03, 3.01, 2.94, 3.10, 3.09, 3.05, 2.82, 3.15, 3.30, 3.11, 2.76, 2.69, 3.44, 3.44, 2.74],
  tjk_276 = [3.05, 3.28, 3.06, 3.04, 3.06, 3.01, 3.07, 2.72, 2.96, 3.16, 2.79, 3.02, 3.07, 2.76, 3.00, 2.94, 2.99, 3.05, 2.86, 2.81],
  tjk_277 = [2.98, 3.04, 3.25, 2.94, 3.12, 2.99, 2.88, 3.30, 3.15, 2.95, 2.86, 3.31, 3.05, 2.81, 3.01, 3.21, 3.06, 3.06, 3.09, 3.07],
  tjk_278 = [3.05, 2.87, 3.09, 3.02, 3.02, 2.90, 2.85, 3.00, 3.34, 3.15, 3.12, 3.09, 3.17, 3.09, 3.09, 3.19, 3.37, 2.87, 3.13, 2.90],
  tjk_279 = [3.08, 3.18, 2.70, 3.09, 2.87, 3.17, 3.15, 2.87, 2.76, 2.99, 3.05, 2.90, 2.98, 3.14, 2.73, 3.11, 3.07, 3.00, 2.88, 2.92],
  tjk_2710 = [2.90, 3.07, 3.11, 3.06, 3.43, 3.16, 3.28, 2.70, 2.94, 2.95, 2.94, 3.11, 2.83, 3.04, 3.30, 2.72, 3.12, 3.02, 2.97, 2.82],
  tjk_281 = [1.73, 1.76, 1.64, 1.69, 1.69, 1.65, 1.62, 1.65, 1.61, 1.72, 1.73, 1.67, 1.69, 1.68, 1.67, 1.66, 1.64, 1.66, 1.67, 1.62],
  tjk_282 = [1.67, 1.68, 1.64, 1.65, 1.56, 1.63, 1.67, 1.65, 1.67, 1.63, 1.68, 1.66, 1.63, 1.65, 1.61, 1.64, 1.64, 1.65, 1.67, 1.63],
  tjk_283 = [1.65, 1.61, 1.65, 1.69, 1.63, 1.63, 1.76, 1.75, 1.67, 1.64, 1.66, 1.64, 1.58, 1.68, 1.65, 1.61, 1.66, 1.72, 1.72, 1.66],
  tjk_284 = [1.64, 1.57, 1.67, 1.67, 1.67, 1.70, 1.72, 1.61, 1.67, 1.65, 1.69, 1.67, 1.67, 1.72, 1.63, 1.62, 1.75, 1.60, 1.64, 1.57],
  tjk_285 = [1.65, 1.63, 1.68, 1.64, 1.78, 1.64, 1.61, 1.64, 1.61, 1.67, 1.62, 1.72, 1.69, 1.69, 1.66, 1.66, 1.72, 1.69, 1.68, 1.71],
  tjk_286 = [1.68, 1.70, 1.58, 1.71, 1.75, 1.76, 1.68, 1.73, 1.68, 1.75, 1.60, 1.62, 1.71, 1.63, 1.66, 1.67, 1.68, 1.58, 1.65, 1.64],
  tjk_287 = [1.71, 1.67, 1.68, 1.72, 1.65, 1.65, 1.63, 1.64, 1.68, 1.57, 1.72, 1.65, 1.70, 1.66, 1.71, 1.64, 1.62, 1.64, 1.67, 1.63],
  tjk_288 = [1.66, 1.67, 1.64, 1.61, 1.65, 1.67, 1.69, 1.70, 1.67, 1.70, 1.70, 1.68, 1.71, 1.70, 1.65, 1.70, 1.70, 1.67, 1.67, 1.65],
  tjk_289 = [1.66, 1.68, 1.63, 1.67, 1.66, 1.70, 1.60, 1.70, 1.68, 1.63, 1.66, 1.62, 1.67, 1.63, 1.66, 1.73, 1.71, 1.70, 1.60, 1.68],
  tjk_2810 = [1.70, 1.68, 1.67, 1.66, 1.67, 1.60, 1.72, 1.69, 1.67, 1.69, 1.68, 1.69, 1.68, 1.68, 1.69, 1.71, 1.59, 1.67, 1.64, 1.63],
  tjk_291 = [3.80, 4.46, 4.51, 4.42, 4.03, 4.28, 4.12, 3.99, 5.00, 4.69, 4.36, 4.45, 4.43, 4.26, 4.59, 3.85, 4.82, 4.58, 4.49, 4.36],
  tjk_292 = [4.62, 4.49, 4.01, 4.71, 4.12, 4.87, 4.71, 4.07, 4.75, 4.56, 4.24, 4.23, 4.80, 3.90, 4.64, 4.36, 3.92, 3.99, 3.69, 4.35],
  tjk_293 = [4.69, 4.30, 4.31, 4.42, 4.18, 4.21, 4.57, 4.00, 4.77, 4.28, 4.26, 4.96, 4.40, 4.62, 4.06, 4.82, 4.19, 4.61, 4.46, 3.59],
  tjk_294 = [4.18, 4.28, 4.69, 4.30, 4.30, 3.98, 3.84, 3.95, 4.15, 4.31, 4.97, 4.30, 4.59, 4.30, 4.38, 4.74, 4.87, 4.14, 4.10, 4.34],
  tjk_295 = [4.71, 4.24, 4.26, 4.17, 4.63, 3.95, 4.34, 4.58, 4.79, 4.69, 4.21, 3.85, 4.22, 3.57, 3.92, 4.36, 4.32, 4.03, 4.20, 4.68],
  tjk_296 = [3.77, 4.68, 4.09, 4.00, 4.01, 4.22, 4.19, 4.16, 4.38, 4.17, 4.11, 4.20, 4.14, 4.89, 3.81, 4.20, 4.37, 4.19, 4.24, 4.59],
  tjk_297 = [4.76, 4.42, 4.38, 4.58, 4.15, 4.02, 4.07, 4.80, 3.93, 4.24, 4.55, 3.48, 4.30, 3.84, 4.15, 4.12, 3.75, 4.71, 4.33, 4.26],
  tjk_298 = [4.48, 3.99, 4.45, 4.46, 3.74, 4.79, 4.29, 4.23, 4.52, 4.48, 4.32, 4.10, 4.12, 4.53, 4.41, 4.54, 4.42, 4.57, 3.95, 4.30],
  tjk_299 = [4.39, 4.44, 4.19, 4.10, 4.18, 4.00, 4.27, 4.78, 4.56, 4.23, 3.28, 4.21, 4.62, 4.77, 3.96, 4.37, 4.77, 4.28, 4.33, 3.84],
  tjk_2910 = [4.06, 4.03, 4.59, 4.15, 5.00, 4.45, 4.37, 4.25, 4.87, 4.64, 5.00, 3.83, 4.92, 3.92, 4.02, 4.34, 4.19, 3.91, 4.27, 4.23],
  tjk_301 = [1.62, 1.65, 1.65, 1.73, 1.70, 1.61, 1.71, 1.66, 1.68, 1.63, 1.61, 1.70, 1.70, 1.65, 1.64, 1.71, 1.62, 1.74, 1.56, 1.70],
  tjk_302 = [1.60, 1.64, 1.65, 1.63, 1.60, 1.63, 1.64, 1.63, 1.67, 1.66, 1.70, 1.68, 1.69, 1.68, 1.54, 1.74, 1.68, 1.69, 1.73, 1.67],
  tjk_303 = [1.62, 1.65, 1.65, 1.62, 1.71, 1.70, 1.63, 1.73, 1.66, 1.67, 1.65, 1.65, 1.74, 1.64, 1.66, 1.71, 1.64, 1.67, 1.58, 1.61],
  tjk_304 = [1.61, 1.66, 1.72, 1.66, 1.59, 1.66, 1.63, 1.62, 1.61, 1.68, 1.72, 1.65, 1.70, 1.62, 1.67, 1.76, 1.64, 1.69, 1.66, 1.63],
  tjk_305 = [1.65, 1.72, 1.63, 1.65, 1.71, 1.80, 1.65, 1.64, 1.68, 1.62, 1.69, 1.65, 1.65, 1.71, 1.72, 1.64, 1.64, 1.67, 1.64, 1.74],
  tjk_306 = [1.68, 1.71, 1.61, 1.65, 1.65, 1.69, 1.62, 1.60, 1.68, 1.63, 1.64, 1.68, 1.59, 1.59, 1.72, 1.66, 1.61, 1.65, 1.74, 1.66],
  tjk_307 = [1.71, 1.76, 1.63, 1.66, 1.62, 1.71, 1.65, 1.68, 1.62, 1.64, 1.68, 1.68, 1.67, 1.59, 1.71, 1.63, 1.60, 1.68, 1.69, 1.61],
  tjk_308 = [1.62, 1.68, 1.64, 1.60, 1.69, 1.73, 1.65, 1.69, 1.67, 1.69, 1.69, 1.63, 1.67, 1.71, 1.70, 1.72, 1.76, 1.70, 1.68, 1.62],
  tjk_309 = [1.68, 1.62, 1.62, 1.68, 1.70, 1.67, 1.67, 1.73, 1.60, 1.64, 1.67, 1.66, 1.66, 1.65, 1.65, 1.68, 1.73, 1.71, 1.66, 1.76],
  tjk_3010 = [1.66, 1.70, 1.63, 1.64, 1.77, 1.66, 1.68, 1.69, 1.67, 1.64, 1.73, 1.65, 1.64, 1.69, 1.68, 1.65, 1.69, 1.65, 1.70, 1.64],
  tjk_311 = [3.33, 2.80, 2.87, 3.26, 3.18, 3.09, 3.11, 3.15, 3.01, 3.03, 2.97, 3.06, 2.87, 3.00, 3.07, 2.93, 2.83, 2.93, 3.09, 2.93],
  tjk_312 = [2.97, 3.28, 3.09, 3.25, 2.95, 3.29, 3.07, 2.85, 2.73, 3.07, 3.04, 2.99, 3.01, 3.23, 2.96, 3.27, 3.06, 2.99, 3.23, 3.04],
  tjk_313 = [2.79, 3.27, 2.99, 3.11, 2.93, 2.65, 3.14, 2.81, 3.02, 3.11, 2.90, 3.06, 3.10, 2.97, 2.86, 3.20, 3.12, 2.93, 3.08, 2.76],
  tjk_314 = [2.61, 2.87, 3.05, 3.32, 2.74, 3.03, 3.09, 2.87, 3.05, 2.79, 2.89, 2.85, 2.80, 2.85, 2.98, 2.90, 2.70, 3.00, 2.96, 2.89],
  tjk_315 = [3.37, 2.97, 2.96, 2.80, 3.04, 3.02, 2.95, 3.17, 2.92, 3.23, 3.16, 3.17, 2.88, 3.44, 2.95, 2.90, 3.19, 3.11, 3.24, 2.71],
  tjk_316 = [2.87, 2.87, 2.81, 3.06, 3.18, 2.94, 3.05, 3.03, 2.92, 2.75, 3.18, 2.84, 2.76, 2.81, 2.85, 3.18, 3.22, 3.07, 2.98, 2.89],
  tjk_317 = [3.00, 3.10, 3.14, 2.77, 2.79, 3.02, 3.04, 2.81, 3.36, 3.00, 3.10, 3.08, 2.96, 2.90, 2.97, 3.02, 2.83, 2.89, 3.03, 3.07],
  tjk_318 = [3.49, 3.12, 3.01, 3.23, 3.08, 2.99, 3.14, 2.93, 2.80, 3.16, 2.98, 3.21, 2.86, 3.00, 2.74, 3.03, 3.03, 3.50, 2.80, 3.22],
  tjk_319 = [2.68, 3.20, 2.98, 3.47, 2.85, 3.11, 2.93, 3.11, 3.19, 3.13, 3.21, 2.74, 2.86, 2.97, 2.80, 2.75, 3.08, 2.89, 3.03, 3.09],
  tjk_3110 = [2.97, 3.12, 2.85, 3.09, 3.01, 3.27, 3.10, 2.87, 2.92, 2.94, 2.86, 3.06, 3.12, 3.06, 2.94, 3.03, 2.71, 3.47, 2.98, 3.19],
  tjk_321 = [2.95, 2.84, 3.18, 2.80, 3.17, 3.03, 2.90, 3.03, 3.03, 3.05, 3.19, 2.90, 3.27, 2.82, 2.82, 3.22, 3.12, 2.93, 3.26, 2.92],
  tjk_322 = [2.94, 2.91, 3.00, 2.81, 2.88, 2.93, 2.68, 2.88, 2.93, 3.48, 2.92, 2.75, 2.73, 3.05, 2.97, 2.78, 2.93, 2.91, 3.15, 3.27],
  tjk_323 = [3.18, 2.94, 2.64, 2.87, 2.68, 3.02, 2.72, 2.92, 2.98, 2.91, 3.11, 2.95, 2.76, 2.91, 3.14, 3.17, 2.98, 2.86, 3.28, 3.05],
  tjk_324 = [3.06, 2.77, 3.00, 3.23, 2.63, 2.99, 3.01, 2.81, 3.07, 3.08, 3.10, 2.98, 2.80, 2.85, 3.10, 2.97, 3.04, 3.14, 3.00, 3.10],
  tjk_325 = [2.91, 2.92, 2.90, 3.06, 3.17, 3.07, 3.27, 3.31, 3.03, 2.84, 2.92, 3.04, 2.82, 3.08, 3.17, 2.97, 3.07, 3.11, 3.12, 3.11],
  tjk_326 = [3.12, 3.20, 2.80, 2.82, 3.05, 3.05, 3.01, 3.29, 2.93, 2.92, 3.08, 2.91, 3.15, 2.97, 3.10, 3.02, 3.59, 2.77, 2.77, 3.06],
  tjk_327 = [3.11, 2.78, 2.69, 2.78, 2.99, 3.11, 3.10, 3.01, 2.82, 2.94, 2.92, 2.83, 2.78, 3.23, 3.36, 2.85, 3.13, 3.13, 2.90, 3.20],
  tjk_328 = [3.11, 3.03, 2.96, 3.06, 3.04, 2.82, 3.12, 3.07, 3.01, 2.92, 3.22, 3.16, 3.29, 3.17, 3.28, 2.86, 2.95, 3.06, 2.96, 2.91],
  tjk_329 = [3.21, 2.91, 2.93, 2.91, 3.02, 2.80, 3.15, 2.82, 3.01, 2.98, 2.90, 2.60, 2.80, 3.44, 3.13, 2.99, 2.84, 2.93, 2.86, 3.00],
  tjk_3210 = [2.93, 2.84, 3.07, 2.94, 3.18, 3.07, 3.28, 3.25, 3.13, 2.84, 3.00, 3.01, 2.90, 3.10, 3.14, 2.83, 3.02, 2.76, 2.91, 3.02],
  tjk_331 = [1.69, 1.66, 1.74, 1.61, 1.66, 1.64, 1.67, 1.79, 1.64, 1.66, 1.68, 1.56, 1.64, 1.67, 1.64, 1.59, 1.72, 1.73, 1.63, 1.65],
  tjk_332 = [1.65, 1.67, 1.72, 1.74, 1.68, 1.67, 1.68, 1.72, 1.61, 1.67, 1.70, 1.67, 1.71, 1.60, 1.65, 1.61, 1.67, 1.74, 1.67, 1.60],
  tjk_333 = [1.71, 1.63, 1.70, 1.57, 1.67, 1.68, 1.68, 1.62, 1.72, 1.66, 1.65, 1.64, 1.68, 1.70, 1.64, 1.66, 1.72, 1.66, 1.64, 1.67],
  tjk_334 = [1.69, 1.72, 1.70, 1.68, 1.67, 1.74, 1.70, 1.63, 1.65, 1.71, 1.65, 1.60, 1.66, 1.64, 1.66, 1.65, 1.64, 1.68, 1.67, 1.63],
  tjk_335 = [1.67, 1.68, 1.76, 1.67, 1.57, 1.69, 1.67, 1.72, 1.62, 1.70, 1.65, 1.70, 1.61, 1.65, 1.66, 1.69, 1.63, 1.76, 1.71, 1.62],
  tjk_336 = [1.68, 1.59, 1.64, 1.75, 1.67, 1.71, 1.65, 1.64, 1.73, 1.63, 1.65, 1.59, 1.71, 1.72, 1.66, 1.72, 1.71, 1.64, 1.61, 1.63],
  tjk_337 = [1.61, 1.72, 1.65, 1.70, 1.68, 1.65, 1.67, 1.65, 1.70, 1.61, 1.72, 1.63, 1.68, 1.68, 1.65, 1.69, 1.67, 1.55, 1.65, 1.64],
  tjk_338 = [1.70, 1.65, 1.68, 1.64, 1.71, 1.69, 1.59, 1.67, 1.65, 1.63, 1.69, 1.66, 1.62, 1.66, 1.73, 1.66, 1.72, 1.67, 1.67, 1.64],
  tjk_339 = [1.62, 1.69, 1.65, 1.64, 1.67, 1.60, 1.60, 1.64, 1.63, 1.64, 1.65, 1.62, 1.65, 1.63, 1.66, 1.71, 1.68, 1.62, 1.64, 1.72],
  tjk_3310 = [1.66, 1.69, 1.67, 1.74, 1.64, 1.66, 1.68, 1.66, 1.62, 1.67, 1.67, 1.65, 1.62, 1.68, 1.67, 1.70, 1.68, 1.71, 1.66, 1.65],
  tjk_341 = [2.96, 3.03, 2.93, 3.04, 3.09, 3.17, 3.05, 2.93, 2.95, 2.93, 3.00, 3.07, 3.01, 3.03, 3.04, 3.07, 3.27, 3.24, 2.90, 3.18],
  tjk_342 = [3.07, 3.10, 3.02, 2.92, 2.83, 2.74, 2.94, 2.75, 3.17, 3.20, 3.07, 3.03, 3.04, 3.00, 2.99, 3.00, 3.15, 2.95, 2.87, 3.17],
  tjk_343 = [3.06, 3.35, 2.96, 2.80, 2.82, 3.04, 3.05, 2.90, 3.06, 3.09, 2.79, 2.77, 2.91, 2.85, 3.09, 3.24, 3.20, 3.04, 3.03, 2.96],
  tjk_344 = [3.06, 2.86, 2.84, 2.90, 3.12, 2.72, 2.97, 3.22, 2.83, 2.78, 3.06, 2.85, 3.01, 2.98, 2.89, 2.97, 3.06, 3.14, 2.76, 3.04],
  tjk_345 = [3.16, 3.15, 3.19, 2.94, 3.14, 3.01, 2.74, 2.93, 2.88, 2.94, 3.04, 3.19, 3.08, 3.03, 2.96, 3.07, 3.12, 2.86, 2.74, 3.05],
  tjk_346 = [2.88, 3.02, 2.86, 3.26, 2.87, 3.16, 2.90, 2.99, 3.27, 2.86, 2.92, 2.72, 2.99, 3.22, 2.84, 2.95, 3.15, 3.09, 3.39, 3.12],
  tjk_347 = [3.02, 3.02, 3.00, 2.85, 2.85, 2.84, 3.28, 2.97, 2.86, 2.83, 3.16, 3.16, 3.09, 2.96, 3.02, 2.99, 3.19, 2.99, 2.99, 2.82],
  tjk_348 = [3.04, 2.76, 2.86, 2.97, 2.83, 2.92, 2.97, 2.91, 3.20, 3.47, 2.62, 2.90, 2.95, 3.01, 2.94, 2.92, 3.27, 2.69, 3.03, 3.08],
  tjk_349 = [2.96, 3.00, 3.09, 3.09, 3.26, 3.26, 3.10, 2.98, 3.24, 3.10, 3.00, 2.99, 2.96, 3.09, 3.14, 2.94, 3.05, 3.11, 2.73, 2.92],
  tjk_3410 = [3.06, 3.13, 3.17, 2.90, 2.85, 2.91, 3.11, 3.00, 2.91, 3.20, 2.88, 3.18, 3.18, 2.69, 3.08, 2.82, 3.09, 2.80, 3.28, 2.86],
  tjk_351 = [3.83, 3.71, 4.27, 4.19, 4.50, 4.93, 4.58, 4.46, 4.67, 4.24, 4.20, 4.22, 4.58, 4.12, 3.85, 4.59, 4.27, 5.00, 3.99, 4.26],
  tjk_352 = [4.84, 3.86, 4.45, 3.67, 4.51, 3.88, 4.14, 4.82, 4.59, 4.59, 3.77, 4.48, 4.18, 4.53, 4.22, 4.04, 4.54, 4.45, 4.73, 4.10],
  tjk_353 = [4.00, 4.09, 4.29, 4.27, 4.33, 4.39, 4.22, 3.92, 4.03, 4.37, 4.14, 4.50, 4.24, 4.39, 3.84, 4.32, 4.60, 4.17, 4.61, 4.03],
  tjk_354 = [4.38, 4.12, 4.43, 4.49, 4.53, 4.15, 4.14, 4.33, 4.12, 3.92, 4.24, 4.16, 5.00, 4.08, 3.92, 4.67, 3.83, 4.46, 4.47, 3.92],
  tjk_355 = [3.99, 4.43, 3.94, 4.42, 4.14, 4.17, 4.46, 4.16, 3.77, 4.64, 4.05, 4.97, 3.84, 3.72, 4.87, 4.00, 4.71, 4.38, 4.07, 4.50],
  tjk_356 = [4.59, 3.62, 4.75, 4.01, 3.97, 4.49, 4.06, 4.14, 4.59, 4.58, 4.45, 3.89, 3.78, 4.10, 4.43, 4.24, 4.45, 4.19, 4.27, 4.30],
  tjk_357 = [4.51, 4.31, 3.96, 4.22, 4.18, 4.87, 4.56, 4.17, 4.43, 4.38, 4.21, 3.79, 4.62, 4.32, 4.66, 4.35, 3.76, 4.29, 4.29, 4.43],
  tjk_358 = [4.13, 4.33, 4.54, 4.74, 4.16, 4.35, 4.93, 4.59, 4.09, 4.62, 4.01, 3.96, 3.90, 3.96, 4.70, 3.91, 4.60, 4.47, 4.21, 4.51],
  tjk_359 = [4.18, 4.99, 4.55, 4.67, 4.57, 4.02, 3.81, 4.13, 4.32, 4.12, 4.18, 4.50, 4.45, 4.68, 4.37, 4.14, 4.20, 4.42, 4.36, 4.64],
  tjk_3510 = [4.16, 4.08, 4.51, 4.01, 4.06, 4.80, 4.41, 4.14, 4.99, 4.43, 4.13, 4.65, 5.00, 4.65, 4.11, 4.58, 4.47, 4.48, 4.07, 3.87],
  tjk_361 = [4.19, 4.68, 4.51, 4.19, 4.42, 4.23, 4.60, 4.20, 3.76, 4.76, 4.31, 4.28, 4.47, 4.36, 4.18, 5.00, 4.82, 4.58, 4.38, 4.74],
  tjk_362 = [4.35, 4.51, 4.59, 4.32, 3.89, 4.14, 5.00, 4.53, 4.33, 4.35, 4.36, 4.51, 4.47, 3.84, 4.93, 4.17, 4.28, 4.37, 4.30, 4.30],
  tjk_363 = [4.77, 4.29, 4.32, 4.47, 4.30, 5.00, 4.78, 4.18, 4.01, 4.30, 4.09, 3.99, 4.28, 4.24, 4.80, 4.18, 4.66, 3.73, 4.43, 4.29],
  tjk_364 = [4.84, 4.07, 4.93, 4.17, 4.13, 4.56, 4.40, 4.74, 4.03, 4.08, 4.34, 4.17, 4.12, 4.57, 4.16, 4.09, 4.40, 5.00, 4.75, 4.55],
  tjk_365 = [4.26, 4.36, 4.24, 4.71, 4.19, 3.85, 4.69, 4.12, 4.53, 3.66, 4.08, 4.52, 4.42, 4.22, 3.91, 3.88, 4.11, 4.48, 4.24, 4.60],
  tjk_366 = [3.90, 3.64, 4.39, 4.30, 4.38, 3.82, 3.98, 4.41, 4.02, 4.23, 4.27, 4.44, 4.47, 5.00, 4.29, 3.88, 4.44, 4.68, 4.46, 3.74],
  tjk_367 = [4.63, 3.92, 4.39, 3.90, 4.31, 3.95, 3.95, 3.79, 4.30, 4.37, 4.37, 3.93, 4.22, 4.47, 4.05, 4.04, 4.30, 4.21, 4.63, 4.73],
  tjk_368 = [4.19, 4.08, 4.34, 4.10, 4.09, 4.95, 4.05, 4.38, 4.48, 3.72, 4.81, 5.00, 4.37, 4.73, 4.11, 3.82, 4.28, 4.73, 4.31, 4.28],
  tjk_369 = [3.95, 4.39, 4.12, 4.21, 4.03, 4.30, 4.08, 4.36, 4.54, 4.52, 3.97, 4.40, 4.10, 4.22, 4.16, 4.86, 4.41, 4.01, 4.05, 4.23],
  tjk_3610 = [3.87, 3.97, 4.76, 4.37, 4.63, 4.28, 4.81, 4.26, 3.83, 4.24, 4.38, 4.29, 4.30, 4.20, 4.40, 4.71, 3.87, 4.27, 4.86, 4.47],
  tjk_371 = [3.08, 3.25, 3.25, 3.03, 2.78, 3.41, 2.87, 2.94, 2.87, 2.67, 2.96, 2.87, 3.24, 3.04, 2.93, 3.01, 3.21, 2.90, 3.22, 3.23],
  tjk_372 = [2.98, 2.96, 2.97, 2.98, 3.21, 3.38, 3.29, 3.08, 2.99, 3.28, 2.88, 2.86, 3.16, 3.35, 3.05, 3.19, 3.20, 2.82, 3.03, 3.24],
  tjk_373 = [2.87, 2.93, 2.85, 2.87, 2.77, 3.09, 3.07, 2.72, 2.96, 3.21, 2.84, 2.82, 3.08, 3.02, 2.93, 2.89, 2.86, 3.11, 2.85, 2.87],
  tjk_374 = [2.97, 2.97, 3.48, 2.99, 2.82, 2.95, 2.84, 3.15, 2.99, 3.01, 2.97, 2.88, 3.02, 2.89, 3.19, 3.02, 3.03, 2.97, 2.98, 2.84],
  tjk_375 = [2.92, 2.91, 2.85, 3.27, 2.92, 3.35, 3.19, 2.81, 3.00, 2.96, 2.72, 2.90, 3.03, 3.03, 2.97, 2.88, 2.99, 2.93, 3.02, 2.93],
  tjk_376 = [2.87, 3.11, 2.71, 2.91, 2.89, 3.12, 3.21, 3.35, 3.00, 2.81, 3.04, 2.92, 3.13, 2.90, 3.08, 3.22, 2.91, 2.97, 2.98, 2.85],
  tjk_377 = [3.21, 2.86, 3.20, 2.77, 3.09, 2.97, 3.27, 2.86, 2.94, 2.71, 2.99, 2.82, 2.98, 2.98, 3.05, 2.92, 3.09, 3.07, 2.94, 2.86],
  tjk_378 = [2.82, 3.06, 2.60, 2.97, 2.88, 3.28, 2.77, 3.13, 3.01, 2.99, 2.79, 3.16, 2.86, 2.93, 2.59, 2.96, 3.11, 2.74, 2.89, 3.03],
  tjk_379 = [2.73, 2.86, 3.11, 3.01, 3.12, 2.80, 2.80, 3.19, 2.91, 2.81, 3.04, 3.35, 3.06, 2.83, 2.99, 2.99, 3.03, 2.95, 2.89, 3.27],
  tjk_3710 = [2.93, 2.95, 2.87, 3.05, 2.91, 2.87, 3.02, 3.07, 3.08, 2.98, 2.78, 2.81, 3.10, 3.21, 3.00, 2.97, 3.00, 2.94, 3.19, 3.28],
  tjk_381 = [2.64, 2.99, 3.09, 3.01, 3.08, 3.13, 3.35, 3.13, 3.10, 3.01, 3.00, 3.08, 3.17, 2.91, 3.06, 2.83, 2.88, 2.89, 2.98, 3.21],
  tjk_382 = [3.15, 2.68, 3.07, 2.76, 3.20, 3.09, 3.01, 3.22, 2.84, 2.98, 2.96, 3.37, 3.00, 2.60, 2.58, 3.00, 2.93, 3.21, 2.95, 3.20],
  tjk_383 = [3.15, 2.93, 2.89, 3.00, 3.05, 2.82, 3.05, 2.92, 3.32, 2.99, 3.27, 2.89, 3.21, 2.80, 3.31, 3.11, 2.96, 3.05, 3.02, 2.97],
  tjk_384 = [3.02, 2.94, 2.98, 3.31, 2.90, 2.81, 2.98, 2.90, 3.17, 3.34, 3.41, 2.87, 3.02, 2.78, 2.85, 3.26, 3.08, 2.94, 3.22, 2.72],
  tjk_385 = [3.06, 3.07, 2.96, 2.96, 2.73, 2.91, 2.95, 3.12, 2.98, 3.04, 3.18, 3.02, 3.25, 2.88, 2.88, 2.93, 3.05, 3.07, 2.88, 2.81],
  tjk_386 = [2.81, 2.89, 3.15, 3.33, 2.94, 3.18, 3.07, 3.21, 2.94, 3.21, 3.03, 3.29, 2.92, 3.13, 2.76, 3.06, 3.30, 2.96, 3.14, 2.94],
  tjk_387 = [3.01, 2.82, 2.76, 2.91, 3.02, 3.05, 3.22, 2.75, 3.07, 3.09, 3.20, 3.07, 3.15, 3.02, 3.01, 3.09, 3.24, 2.82, 3.17, 2.72],
  tjk_388 = [3.08, 3.16, 3.15, 3.09, 3.13, 2.78, 3.12, 2.81, 2.99, 2.88, 2.92, 2.77, 3.10, 2.67, 2.91, 3.12, 3.23, 3.16, 3.13, 2.98],
  tjk_389 = [3.23, 3.26, 2.89, 3.07, 3.12, 3.00, 2.92, 2.93, 3.14, 3.06, 3.21, 2.89, 2.97, 3.29, 3.32, 3.11, 2.46, 2.97, 2.94, 2.76],
  tjk_3810 = [2.83, 3.12, 2.90, 2.95, 2.91, 3.09, 3.24, 2.86, 3.10, 3.16, 2.69, 3.28, 3.01, 2.99, 2.93, 3.07, 2.93, 3.08, 3.14, 2.86],
  tjk_391 = [2.54, 3.04, 3.13, 2.84, 2.77, 3.22, 2.77, 3.15, 3.07, 2.84, 2.74, 3.39, 2.80, 3.14, 2.81, 3.07, 2.87, 2.94, 2.83, 3.00],
  tjk_392 = [2.74, 3.07, 2.99, 2.90, 2.91, 2.81, 3.04, 3.01, 3.33, 3.24, 2.89, 3.20, 3.02, 3.09, 3.03, 2.82, 3.34, 2.84, 3.26, 3.34],
  tjk_393 = [2.96, 3.22, 2.98, 3.01, 2.90, 3.10, 2.94, 3.11, 3.11, 3.22, 2.92, 2.91, 2.73, 2.81, 3.01, 3.07, 3.09, 3.05, 3.17, 3.08],
  tjk_394 = [3.16, 2.70, 3.00, 2.99, 2.85, 2.94, 3.13, 2.74, 3.12, 2.98, 3.04, 3.31, 2.91, 2.86, 3.04, 3.06, 3.17, 3.07, 3.12, 3.20],
  tjk_395 = [2.91, 3.04, 3.11, 2.96, 2.80, 2.80, 2.93, 3.47, 2.95, 2.87, 3.14, 3.09, 3.14, 2.84, 2.71, 3.34, 2.77, 3.00, 2.90, 2.93],
  tjk_396 = [2.94, 2.95, 2.76, 3.08, 3.04, 3.07, 3.10, 2.93, 3.04, 2.97, 3.06, 2.86, 2.76, 3.00, 2.93, 2.96, 3.45, 3.01, 3.09, 3.15],
  tjk_397 = [3.20, 3.06, 2.99, 3.35, 2.72, 3.19, 2.99, 2.78, 3.08, 2.96, 3.06, 2.81, 3.02, 3.20, 3.04, 2.81, 2.91, 3.11, 3.25, 2.90],
  tjk_398 = [3.04, 3.26, 2.95, 2.78, 2.82, 3.24, 2.84, 2.76, 2.81, 3.30, 3.24, 3.19, 2.89, 3.15, 3.19, 3.26, 3.12, 2.88, 3.02, 2.90],
  tjk_399 = [3.14, 2.86, 3.11, 2.66, 3.18, 3.09, 3.02, 3.05, 2.95, 2.93, 2.98, 2.91, 2.95, 2.95, 2.76, 2.79, 3.11, 3.04, 3.02, 2.76],
  tjk_3910 = [3.05, 2.94, 3.03, 2.90, 2.94, 3.02, 3.17, 2.91, 3.30, 3.14, 3.13, 2.95, 2.93, 3.41, 3.25, 3.14, 2.89, 2.85, 2.93, 2.82],
  tjk_401 = [1.69, 1.66, 1.63, 1.60, 1.64, 1.69, 1.67, 1.64, 1.66, 1.74, 1.67, 1.63, 1.66, 1.70, 1.73, 1.65, 1.68, 1.72, 1.67, 1.75],
  tjk_402 = [1.74, 1.64, 1.64, 1.62, 1.72, 1.63, 1.71, 1.66, 1.59, 1.62, 1.64, 1.62, 1.67, 1.67, 1.62, 1.70, 1.63, 1.67, 1.70, 1.67],
  tjk_403 = [1.63, 1.65, 1.63, 1.69, 1.69, 1.74, 1.74, 1.61, 1.61, 1.73, 1.58, 1.66, 1.70, 1.69, 1.70, 1.70, 1.66, 1.62, 1.67, 1.70],
  tjk_404 = [1.64, 1.70, 1.67, 1.64, 1.69, 1.67, 1.65, 1.66, 1.65, 1.66, 1.68, 1.69, 1.69, 1.64, 1.65, 1.69, 1.66, 1.72, 1.63, 1.69],
  tjk_405 = [1.67, 1.64, 1.66, 1.73, 1.66, 1.64, 1.72, 1.66, 1.63, 1.69, 1.63, 1.66, 1.63, 1.75, 1.69, 1.68, 1.67, 1.63, 1.69, 1.71],
  tjk_406 = [1.78, 1.64, 1.68, 1.66, 1.65, 1.67, 1.65, 1.63, 1.66, 1.67, 1.66, 1.69, 1.62, 1.68, 1.59, 1.68, 1.62, 1.65, 1.65, 1.70],
  tjk_407 = [1.67, 1.61, 1.68, 1.68, 1.66, 1.63, 1.62, 1.73, 1.64, 1.51, 1.65, 1.68, 1.60, 1.60, 1.72, 1.60, 1.65, 1.70, 1.61, 1.67],
  tjk_408 = [1.71, 1.67, 1.70, 1.60, 1.67, 1.76, 1.57, 1.67, 1.67, 1.65, 1.66, 1.70, 1.70, 1.61, 1.69, 1.58, 1.69, 1.68, 1.68, 1.60],
  tjk_409 = [1.63, 1.66, 1.66, 1.70, 1.72, 1.66, 1.66, 1.75, 1.73, 1.70, 1.68, 1.67, 1.70, 1.59, 1.66, 1.66, 1.60, 1.72, 1.70, 1.70],
  tjk_4010 = [1.65, 1.58, 1.66, 1.76, 1.67, 1.69, 1.68, 1.57, 1.63, 1.65, 1.64, 1.72, 1.72, 1.61, 1.70, 1.64, 1.74, 1.67, 1.68, 1.67],
  tjk_411 = [4.64, 5.00, 4.34, 4.67, 4.07, 4.30, 4.83, 4.28, 4.66, 4.14, 4.41, 4.07, 3.95, 4.16, 4.30, 4.55, 4.42, 4.49, 3.96, 4.33],
  tjk_412 = [4.60, 4.77, 3.96, 3.99, 3.90, 3.67, 4.33, 4.61, 4.62, 3.88, 4.40, 4.40, 4.01, 4.66, 4.29, 4.35, 4.38, 4.76, 4.24, 4.26],
  tjk_413 = [4.27, 4.28, 4.32, 4.07, 4.73, 4.63, 4.04, 4.19, 5.00, 4.41, 4.35, 3.97, 4.75, 4.90, 4.10, 4.43, 4.15, 4.68, 4.17, 3.69],
  tjk_414 = [3.49, 4.07, 3.62, 4.38, 4.37, 4.26, 3.78, 4.13, 4.38, 4.24, 4.42, 4.87, 4.39, 4.65, 4.42, 4.60, 4.36, 4.25, 4.20, 4.38],
  tjk_415 = [4.13, 4.13, 4.98, 4.52, 4.51, 4.76, 4.30, 4.43, 3.82, 4.80, 4.29, 4.68, 4.62, 4.07, 4.85, 4.41, 4.45, 4.00, 4.45, 5.00],
  tjk_416 = [4.45, 4.55, 3.83, 4.00, 4.47, 4.31, 4.00, 4.29, 4.63, 4.37, 4.74, 4.28, 4.73, 4.55, 4.38, 4.11, 4.12, 4.27, 4.49, 4.72],
  tjk_417 = [4.09, 4.57, 4.08, 4.49, 4.14, 3.95, 4.28, 3.90, 4.54, 4.49, 3.76, 4.11, 4.88, 4.02, 4.34, 4.39, 4.53, 4.26, 3.60, 4.22],
  tjk_418 = [4.15, 4.42, 4.89, 4.32, 4.59, 4.71, 4.43, 4.08, 3.88, 4.20, 4.34, 3.85, 4.46, 4.25, 4.47, 4.53, 4.31, 4.31, 4.92, 4.91],
  tjk_419 = [4.40, 4.21, 4.65, 4.11, 4.24, 4.17, 4.51, 4.80, 4.09, 4.59, 3.86, 4.66, 4.18, 4.39, 4.79, 4.28, 3.95, 4.49, 4.91, 3.83],
  tjk_4110 = [4.25, 4.10, 4.62, 5.00, 4.63, 4.76, 4.13, 4.65, 4.60, 4.09, 4.10, 4.64, 4.43, 4.49, 4.13, 4.29, 4.67, 3.84, 4.20, 4.87],
  tjk_421 = [1.60, 1.63, 1.69, 1.67, 1.62, 1.63, 1.67, 1.70, 1.68, 1.63, 1.70, 1.70, 1.66, 1.66, 1.60, 1.63, 1.66, 1.69, 1.70, 1.58],
  tjk_422 = [1.69, 1.62, 1.69, 1.75, 1.68, 1.65, 1.67, 1.63, 1.60, 1.66, 1.68, 1.64, 1.72, 1.72, 1.69, 1.61, 1.62, 1.72, 1.69, 1.64],
  tjk_423 = [1.67, 1.69, 1.72, 1.62, 1.67, 1.74, 1.63, 1.61, 1.72, 1.75, 1.70, 1.66, 1.74, 1.69, 1.65, 1.63, 1.68, 1.67, 1.62, 1.61],
  tjk_424 = [1.71, 1.67, 1.63, 1.62, 1.66, 1.65, 1.68, 1.72, 1.69, 1.70, 1.62, 1.64, 1.67, 1.78, 1.73, 1.66, 1.63, 1.65, 1.69, 1.54],
  tjk_425 = [1.60, 1.62, 1.70, 1.68, 1.56, 1.69, 1.70, 1.69, 1.65, 1.69, 1.67, 1.61, 1.66, 1.63, 1.63, 1.71, 1.68, 1.71, 1.60, 1.70],
  tjk_426 = [1.65, 1.61, 1.63, 1.66, 1.71, 1.67, 1.63, 1.66, 1.72, 1.60, 1.64, 1.63, 1.68, 1.71, 1.66, 1.70, 1.69, 1.62, 1.73, 1.64],
  tjk_427 = [1.68, 1.67, 1.65, 1.73, 1.66, 1.71, 1.70, 1.70, 1.63, 1.65, 1.67, 1.74, 1.57, 1.63, 1.58, 1.72, 1.71, 1.66, 1.61, 1.66],
  tjk_428 = [1.64, 1.71, 1.67, 1.73, 1.68, 1.63, 1.65, 1.66, 1.70, 1.65, 1.76, 1.66, 1.74, 1.65, 1.70, 1.72, 1.68, 1.74, 1.68, 1.68],
  tjk_429 = [1.65, 1.65, 1.65, 1.66, 1.58, 1.65, 1.71, 1.71, 1.60, 1.60, 1.66, 1.72, 1.68, 1.61, 1.66, 1.65, 1.73, 1.71, 1.65, 1.63],
  tjk_4210 = [1.71, 1.67, 1.73, 1.61, 1.65, 1.74, 1.67, 1.62, 1.67, 1.66, 1.71, 1.65, 1.65, 1.58, 1.58, 1.61, 1.69, 1.68, 1.74, 1.64],
  tjk_431 = [4.42, 4.41, 4.32, 4.03, 4.51, 4.13, 4.05, 3.85, 4.09, 4.39, 4.10, 4.49, 4.48, 3.81, 5.00, 4.40, 3.74, 4.79, 4.26, 3.75],
  tjk_432 = [4.21, 4.19, 4.09, 4.67, 4.31, 4.54, 4.56, 4.01, 4.53, 4.43, 4.33, 4.23, 4.30, 3.54, 4.26, 4.83, 4.40, 4.46, 4.57, 4.35],
  tjk_433 = [4.62, 4.14, 3.98, 4.80, 4.37, 4.48, 4.28, 4.06, 4.25, 3.76, 4.61, 3.71, 4.16, 3.98, 4.54, 4.15, 4.36, 4.59, 4.35, 4.26],
  tjk_434 = [4.63, 4.71, 4.25, 4.64, 4.16, 3.99, 4.13, 4.52, 4.70, 4.00, 4.31, 4.45, 3.95, 4.00, 4.13, 4.12, 4.79, 4.37, 4.47, 4.61],
  tjk_435 = [4.56, 4.61, 3.91, 4.96, 4.20, 4.83, 4.67, 4.01, 4.54, 3.93, 3.73, 4.30, 4.34, 4.34, 4.54, 4.03, 4.20, 4.74, 4.50, 4.60],
  tjk_436 = [4.84, 3.94, 4.05, 4.31, 4.56, 4.21, 3.89, 4.53, 3.91, 3.79, 4.77, 4.59, 4.30, 5.00, 4.39, 4.48, 4.58, 4.16, 4.74, 4.22],
  tjk_437 = [4.14, 4.28, 4.57, 4.53, 4.59, 3.83, 4.51, 4.44, 4.25, 4.12, 4.75, 4.50, 3.94, 4.42, 5.00, 4.50, 4.09, 4.68, 4.46, 4.02],
  tjk_438 = [4.06, 3.85, 3.79, 4.82, 4.11, 4.59, 4.28, 3.65, 4.49, 4.22, 4.55, 4.55, 4.26, 4.78, 5.00, 4.53, 4.32, 3.68, 4.28, 4.23],
  tjk_439 = [4.24, 4.43, 4.66, 3.76, 4.18, 4.79, 3.93, 5.00, 4.71, 3.97, 4.41, 4.27, 4.63, 4.49, 4.50, 4.56, 4.05, 4.33, 4.79, 4.36],
  tjk_4310 = [4.70, 3.97, 4.45, 4.35, 4.22, 4.16, 4.63, 4.18, 4.41, 4.04, 4.33, 4.18, 3.99, 4.54, 4.64, 3.96, 3.93, 4.46, 3.94, 4.53],
  tjk_441 = [1.62, 1.62, 1.67, 1.66, 1.69, 1.70, 1.68, 1.68, 1.72, 1.62, 1.67, 1.72, 1.63, 1.68, 1.66, 1.71, 1.72, 1.69, 1.65, 1.67],
  tjk_442 = [1.59, 1.67, 1.61, 1.72, 1.59, 1.61, 1.69, 1.60, 1.64, 1.75, 1.70, 1.73, 1.62, 1.67, 1.64, 1.61, 1.72, 1.62, 1.63, 1.76],
  tjk_443 = [1.61, 1.65, 1.72, 1.70, 1.65, 1.69, 1.68, 1.64, 1.64, 1.66, 1.70, 1.64, 1.63, 1.67, 1.73, 1.61, 1.65, 1.71, 1.70, 1.72],
  tjk_444 = [1.64, 1.67, 1.66, 1.65, 1.58, 1.67, 1.65, 1.69, 1.68, 1.67, 1.75, 1.62, 1.61, 1.77, 1.72, 1.66, 1.67, 1.66, 1.71, 1.67],
  tjk_445 = [1.66, 1.61, 1.65, 1.67, 1.77, 1.69, 1.66, 1.67, 1.64, 1.62, 1.58, 1.65, 1.69, 1.66, 1.65, 1.73, 1.66, 1.70, 1.69, 1.73],
  tjk_446 = [1.67, 1.66, 1.72, 1.65, 1.67, 1.69, 1.66, 1.68, 1.69, 1.63, 1.61, 1.63, 1.68, 1.61, 1.69, 1.72, 1.65, 1.61, 1.68, 1.72],
  tjk_447 = [1.67, 1.62, 1.65, 1.68, 1.63, 1.69, 1.67, 1.58, 1.61, 1.66, 1.75, 1.66, 1.64, 1.70, 1.70, 1.69, 1.71, 1.64, 1.65, 1.71],
  tjk_448 = [1.69, 1.62, 1.63, 1.71, 1.70, 1.74, 1.67, 1.69, 1.64, 1.67, 1.65, 1.69, 1.67, 1.72, 1.66, 1.67, 1.68, 1.66, 1.67, 1.65],
  tjk_449 = [1.60, 1.67, 1.75, 1.71, 1.68, 1.65, 1.64, 1.64, 1.67, 1.71, 1.76, 1.69, 1.72, 1.63, 1.62, 1.68, 1.67, 1.66, 1.73, 1.61],
  tjk_4410 = [1.72, 1.70, 1.54, 1.75, 1.67, 1.71, 1.64, 1.74, 1.60, 1.65, 1.65, 1.64, 1.67, 1.76, 1.64, 1.65, 1.67, 1.69, 1.72, 1.71],
  tjk_451 = [3.11, 3.06, 3.26, 2.81, 3.17, 2.78, 2.98, 2.80, 2.86, 2.97, 2.90, 3.21, 2.98, 3.34, 2.97, 3.03, 3.09, 2.90, 3.01, 3.33],
  tjk_452 = [3.08, 3.16, 3.08, 3.12, 3.04, 3.02, 2.78, 2.89, 3.28, 3.05, 3.01, 3.20, 2.69, 3.00, 2.84, 2.85, 3.01, 2.97, 2.94, 2.85],
  tjk_453 = [2.93, 2.77, 2.89, 2.94, 3.21, 2.96, 2.82, 2.86, 2.99, 3.25, 3.07, 3.03, 3.13, 2.94, 3.03, 3.19, 3.06, 2.96, 2.85, 2.97],
  tjk_454 = [3.47, 3.21, 3.30, 3.10, 3.14, 2.97, 2.76, 3.33, 2.78, 2.81, 2.88, 3.10, 3.00, 2.76, 2.90, 2.90, 2.94, 3.24, 3.01, 2.99],
  tjk_455 = [3.03, 2.81, 3.09, 3.09, 2.53, 2.76, 2.66, 2.75, 3.12, 2.83, 2.90, 2.81, 3.00, 2.83, 3.57, 3.08, 3.22, 2.95, 3.06, 2.88],
  tjk_456 = [2.62, 2.78, 3.24, 3.07, 3.02, 2.90, 3.25, 3.02, 2.84, 3.02, 3.12, 3.05, 3.07, 2.77, 3.26, 3.03, 2.84, 2.97, 3.10, 2.88],
  tjk_457 = [2.81, 2.84, 3.09, 2.75, 3.05, 2.95, 2.85, 3.51, 3.13, 2.96, 2.83, 3.13, 3.07, 3.04, 3.02, 2.96, 2.92, 2.91, 3.34, 3.10],
  tjk_458 = [3.13, 3.28, 2.83, 2.50, 2.91, 3.15, 3.09, 2.90, 2.97, 3.02, 2.85, 3.18, 2.84, 2.97, 3.00, 2.93, 2.76, 3.16, 2.80, 2.91],
  tjk_459 = [2.97, 2.69, 2.99, 3.06, 2.93, 2.96, 3.28, 2.89, 2.96, 3.13, 2.89, 2.94, 2.89, 3.04, 2.68, 3.01, 3.01, 2.66, 2.96, 2.64],
  tjk_4510 = [3.28, 3.20, 3.02, 2.76, 2.97, 3.13, 3.02, 3.20, 2.88, 2.97, 3.38, 2.99, 3.21, 2.88, 3.13, 2.86, 2.92, 2.78, 3.03, 3.04],
  tjk_461 = [1.66, 1.58, 1.58, 1.57, 1.71, 1.62, 1.63, 1.64, 1.62, 1.73, 1.69, 1.57, 1.65, 1.62, 1.69, 1.64, 1.70, 1.67, 1.71, 1.72],
  tjk_462 = [1.62, 1.59, 1.70, 1.73, 1.60, 1.69, 1.71, 1.64, 1.70, 1.70, 1.62, 1.68, 1.59, 1.63, 1.66, 1.66, 1.62, 1.70, 1.70, 1.71],
  tjk_463 = [1.66, 1.56, 1.63, 1.68, 1.67, 1.70, 1.71, 1.68, 1.64, 1.62, 1.72, 1.68, 1.63, 1.69, 1.68, 1.73, 1.71, 1.65, 1.70, 1.67],
  tjk_464 = [1.72, 1.58, 1.71, 1.70, 1.63, 1.63, 1.70, 1.61, 1.60, 1.67, 1.77, 1.69, 1.74, 1.79, 1.68, 1.65, 1.67, 1.73, 1.72, 1.68],
  tjk_465 = [1.72, 1.63, 1.71, 1.65, 1.66, 1.65, 1.62, 1.67, 1.65, 1.69, 1.65, 1.73, 1.71, 1.71, 1.72, 1.66, 1.71, 1.70, 1.64, 1.69],
  tjk_466 = [1.64, 1.74, 1.56, 1.69, 1.64, 1.65, 1.62, 1.69, 1.72, 1.65, 1.71, 1.66, 1.65, 1.77, 1.65, 1.64, 1.68, 1.65, 1.65, 1.64],
  tjk_467 = [1.69, 1.67, 1.64, 1.65, 1.67, 1.65, 1.62, 1.66, 1.65, 1.70, 1.71, 1.67, 1.66, 1.69, 1.61, 1.66, 1.68, 1.71, 1.69, 1.67],
  tjk_468 = [1.68, 1.67, 1.62, 1.65, 1.74, 1.67, 1.63, 1.67, 1.68, 1.66, 1.70, 1.70, 1.75, 1.62, 1.62, 1.61, 1.65, 1.76, 1.64, 1.66],
  tjk_469 = [1.67, 1.67, 1.65, 1.68, 1.69, 1.57, 1.69, 1.70, 1.66, 1.66, 1.62, 1.68, 1.69, 1.61, 1.66, 1.64, 1.65, 1.67, 1.64, 1.62],
  tjk_4610 = [1.60, 1.65, 1.65, 1.63, 1.65, 1.64, 1.67, 1.65, 1.69, 1.70, 1.68, 1.59, 1.63, 1.68, 1.62, 1.58, 1.61, 1.58, 1.61, 1.64],
  tjk_471 = [4.18, 3.66, 3.99, 3.96, 4.03, 4.21, 4.62, 4.52, 4.19, 4.37, 4.54, 4.52, 4.72, 4.30, 4.43, 4.63, 3.75, 4.66, 4.35, 3.96],
  tjk_472 = [4.00, 4.27, 4.17, 4.07, 4.20, 4.75, 4.34, 4.54, 3.71, 4.05, 4.75, 4.14, 4.07, 4.28, 4.76, 4.10, 4.27, 4.12, 5.00, 4.19],
  tjk_473 = [4.28, 4.34, 4.42, 4.23, 4.17, 4.79, 4.25, 4.55, 4.22, 4.24, 4.31, 4.37, 4.54, 4.74, 4.84, 4.28, 4.68, 4.94, 4.16, 4.32],
  tjk_474 = [4.65, 4.17, 4.21, 4.19, 4.07, 4.40, 4.42, 4.12, 4.61, 4.55, 3.89, 4.26, 4.17, 4.64, 4.18, 4.33, 4.04, 4.44, 4.06, 3.92],
  tjk_475 = [4.40, 4.44, 3.90, 4.03, 4.38, 4.68, 4.88, 4.34, 4.02, 4.21, 4.52, 4.45, 4.09, 4.55, 4.24, 4.84, 5.00, 4.37, 3.95, 4.90],
  tjk_476 = [4.02, 4.39, 4.56, 4.52, 3.78, 4.74, 3.73, 4.30, 4.51, 4.08, 4.38, 4.32, 4.00, 4.61, 4.63, 4.60, 3.97, 4.86, 4.05, 4.43],
  tjk_477 = [4.32, 4.48, 4.63, 4.00, 4.11, 4.18, 4.34, 4.44, 4.08, 4.26, 4.65, 4.25, 4.40, 4.96, 3.93, 4.45, 4.20, 5.00, 3.93, 3.79],
  tjk_478 = [4.37, 4.97, 3.89, 4.72, 4.80, 3.77, 4.16, 4.17, 4.40, 4.22, 4.49, 4.28, 4.75, 4.69, 4.41, 4.55, 4.13, 3.78, 4.69, 4.43],
  tjk_479 = [3.94, 4.03, 4.83, 4.04, 4.34, 4.46, 4.27, 4.40, 4.15, 5.00, 4.50, 4.48, 3.98, 4.33, 4.33, 4.25, 4.23, 4.38, 4.28, 4.54],
  tjk_4710 = [4.30, 4.21, 4.14, 3.87, 3.80, 3.89, 4.37, 4.37, 4.51, 4.51, 4.63, 4.02, 4.17, 4.06, 4.13, 4.26, 3.88, 4.68, 4.54, 4.21],
  tjk_481 = [4.30, 4.15, 4.12, 4.29, 4.40, 4.07, 4.76, 4.17, 4.86, 4.16, 4.39, 4.33, 3.78, 4.26, 4.27, 4.19, 4.44, 4.61, 4.45, 4.38],
  tjk_482 = [4.44, 4.06, 4.72, 4.38, 4.71, 4.35, 4.58, 4.19, 3.84, 3.97, 4.03, 4.07, 4.41, 4.73, 4.51, 3.97, 4.33, 4.16, 4.52, 4.18],
  tjk_483 = [3.72, 4.61, 4.14, 4.44, 4.43, 4.52, 4.39, 4.30, 4.46, 4.03, 4.18, 4.25, 4.70, 3.67, 4.71, 4.52, 4.55, 4.44, 4.14, 4.13],
  tjk_484 = [4.92, 4.05, 4.47, 5.00, 4.90, 3.71, 3.97, 4.03, 4.49, 3.84, 4.43, 4.57, 4.48, 4.37, 4.24, 3.84, 4.43, 4.25, 4.91, 4.25],
  tjk_485 = [4.02, 4.99, 4.98, 4.21, 4.49, 4.55, 4.12, 4.30, 3.96, 4.40, 3.69, 4.32, 4.13, 4.50, 3.87, 4.54, 4.08, 4.36, 4.55, 4.11],
  tjk_486 = [4.68, 4.84, 4.63, 4.30, 4.43, 4.65, 4.67, 4.27, 4.27, 4.29, 4.00, 4.63, 4.43, 4.53, 3.79, 4.55, 4.28, 4.27, 4.08, 4.07],
  tjk_487 = [4.25, 3.55, 4.16, 4.73, 4.79, 4.34, 4.28, 4.50, 4.52, 4.21, 4.40, 4.61, 4.60, 4.06, 4.86, 4.17, 4.73, 3.88, 4.38, 4.67],
  tjk_488 = [4.61, 4.36, 4.22, 4.34, 4.26, 4.40, 4.42, 3.91, 4.85, 4.18, 4.40, 3.95, 4.14, 3.85, 4.69, 4.41, 4.33, 4.44, 5.00, 4.21],
  tjk_489 = [4.27, 4.40, 3.86, 3.81, 4.13, 4.08, 4.38, 4.93, 4.40, 4.03, 4.38, 4.08, 3.94, 4.45, 4.21, 3.88, 4.29, 4.35, 4.56, 4.20],
  tjk_4810 = [3.99, 3.95, 4.21, 4.72, 4.75, 4.61, 4.36, 4.39, 3.81, 4.60, 4.56, 4.31, 4.59, 4.53, 4.23, 3.98, 4.54, 4.21, 4.22, 4.06],
  tjk_491 = [1.65, 1.70, 1.67, 1.66, 1.67, 1.68, 1.63, 1.65, 1.68, 1.72, 1.70, 1.71, 1.75, 1.72, 1.63, 1.70, 1.66, 1.65, 1.64, 1.74],
  tjk_492 = [1.70, 1.69, 1.77, 1.71, 1.68, 1.65, 1.61, 1.76, 1.69, 1.73, 1.65, 1.53, 1.69, 1.66, 1.74, 1.67, 1.67, 1.63, 1.67, 1.70],
  tjk_493 = [1.66, 1.64, 1.69, 1.61, 1.69, 1.62, 1.65, 1.63, 1.71, 1.69, 1.64, 1.61, 1.66, 1.64, 1.55, 1.69, 1.67, 1.69, 1.63, 1.64],
  tjk_494 = [1.64, 1.65, 1.63, 1.65, 1.70, 1.65, 1.62, 1.66, 1.71, 1.63, 1.71, 1.63, 1.58, 1.73, 1.68, 1.62, 1.66, 1.62, 1.78, 1.67],
  tjk_495 = [1.70, 1.66, 1.62, 1.69, 1.61, 1.63, 1.64, 1.69, 1.66, 1.59, 1.68, 1.67, 1.72, 1.65, 1.64, 1.67, 1.66, 1.65, 1.69, 1.66],
  tjk_496 = [1.69, 1.71, 1.65, 1.67, 1.67, 1.67, 1.65, 1.62, 1.67, 1.66, 1.71, 1.63, 1.64, 1.62, 1.64, 1.67, 1.66, 1.72, 1.63, 1.71],
  tjk_497 = [1.62, 1.66, 1.69, 1.70, 1.67, 1.67, 1.70, 1.70, 1.67, 1.65, 1.67, 1.72, 1.69, 1.73, 1.66, 1.60, 1.66, 1.59, 1.64, 1.66],
  tjk_498 = [1.67, 1.67, 1.65, 1.65, 1.60, 1.68, 1.68, 1.61, 1.66, 1.69, 1.68, 1.67, 1.68, 1.61, 1.71, 1.60, 1.71, 1.64, 1.63, 1.67],
  tjk_499 = [1.69, 1.63, 1.67, 1.62, 1.58, 1.69, 1.64, 1.77, 1.71, 1.63, 1.68, 1.69, 1.71, 1.68, 1.68, 1.64, 1.64, 1.70, 1.63, 1.63],
  tjk_4910 = [1.73, 1.64, 1.69, 1.63, 1.64, 1.75, 1.66, 1.68, 1.73, 1.69, 1.67, 1.65, 1.72, 1.70, 1.65, 1.71, 1.71, 1.65, 1.67, 1.68],
  tjk_501 = [3.13, 3.05, 3.05, 3.02, 2.79, 2.86, 3.08, 3.01, 2.97, 3.04, 3.16, 2.96, 2.92, 3.17, 2.91, 2.77, 2.78, 2.76, 3.08, 2.86],
  tjk_502 = [3.00, 2.94, 3.04, 3.14, 3.00, 2.94, 3.13, 2.98, 3.09, 3.20, 3.18, 3.50, 3.18, 3.20, 3.23, 2.84, 2.70, 3.10, 2.84, 3.04],
  tjk_503 = [3.42, 2.74, 3.06, 3.17, 2.89, 3.03, 3.04, 3.04, 2.78, 3.30, 2.99, 2.91, 2.89, 2.72, 2.96, 3.34, 3.25, 3.05, 2.99, 2.79],
  tjk_504 = [2.87, 3.01, 2.89, 2.99, 2.86, 3.16, 3.01, 2.84, 3.15, 3.31, 2.95, 2.79, 2.97, 2.72, 2.64, 3.04, 2.84, 2.93, 2.84, 2.73],
  tjk_505 = [2.87, 3.13, 3.28, 3.15, 2.90, 2.94, 2.88, 2.94, 3.19, 3.05, 2.82, 2.85, 2.84, 3.10, 3.15, 3.24, 3.08, 3.14, 2.97, 3.02],
  tjk_506 = [2.83, 3.00, 3.11, 2.63, 3.11, 2.91, 3.12, 2.95, 2.79, 2.83, 2.98, 3.13, 3.04, 2.93, 3.13, 2.93, 2.75, 2.97, 2.91, 2.93],
  tjk_507 = [2.74, 2.82, 3.07, 2.81, 3.12, 2.94, 2.92, 2.64, 2.93, 2.95, 3.08, 2.86, 2.88, 3.05, 2.99, 2.95, 3.22, 2.81, 3.28, 3.02],
  tjk_508 = [3.03, 3.26, 3.19, 2.83, 3.09, 2.71, 3.00, 2.86, 3.08, 2.87, 2.82, 2.82, 3.06, 2.94, 3.00, 3.03, 3.19, 3.27, 2.81, 2.77],
  tjk_509 = [3.07, 3.25, 3.18, 3.03, 2.75, 3.03, 2.88, 3.02, 2.87, 3.01, 2.91, 2.88, 2.96, 2.65, 2.84, 3.03, 3.01, 2.99, 2.82, 3.23],
  tjk_5010 = [3.14, 2.78, 3.17, 3.23, 2.73, 3.26, 3.04, 2.91, 2.94, 3.03, 2.82, 2.98, 2.86, 3.12, 2.88, 3.06, 3.05, 2.88, 2.80, 2.88],
  tjk_511 = [1.64, 1.66, 1.66, 1.63, 1.71, 1.65, 1.64, 1.63, 1.69, 1.64, 1.68, 1.68, 1.60, 1.65, 1.71, 1.68, 1.66, 1.68, 1.73, 1.62],
  tjk_512 = [1.61, 1.68, 1.69, 1.69, 1.70, 1.69, 1.66, 1.64, 1.65, 1.67, 1.69, 1.69, 1.65, 1.63, 1.64, 1.68, 1.62, 1.63, 1.69, 1.62],
  tjk_513 = [1.68, 1.74, 1.63, 1.65, 1.66, 1.59, 1.66, 1.60, 1.62, 1.69, 1.69, 1.64, 1.64, 1.72, 1.63, 1.68, 1.72, 1.62, 1.64, 1.66],
  tjk_514 = [1.72, 1.61, 1.65, 1.68, 1.72, 1.64, 1.66, 1.65, 1.68, 1.72, 1.61, 1.68, 1.65, 1.65, 1.66, 1.61, 1.64, 1.68, 1.70, 1.60],
  tjk_515 = [1.64, 1.66, 1.72, 1.64, 1.59, 1.69, 1.59, 1.70, 1.63, 1.67, 1.64, 1.66, 1.71, 1.68, 1.63, 1.65, 1.64, 1.59, 1.64, 1.71],
  tjk_516 = [1.62, 1.61, 1.75, 1.65, 1.71, 1.68, 1.69, 1.74, 1.63, 1.64, 1.56, 1.61, 1.70, 1.63, 1.64, 1.71, 1.67, 1.60, 1.68, 1.68],
  tjk_517 = [1.69, 1.68, 1.68, 1.63, 1.60, 1.65, 1.78, 1.67, 1.68, 1.63, 1.64, 1.67, 1.74, 1.61, 1.65, 1.72, 1.67, 1.68, 1.74, 1.66],
  tjk_518 = [1.63, 1.65, 1.74, 1.69, 1.62, 1.72, 1.71, 1.71, 1.72, 1.64, 1.66, 1.75, 1.68, 1.64, 1.66, 1.64, 1.66, 1.69, 1.62, 1.68],
  tjk_519 = [1.71, 1.71, 1.69, 1.65, 1.72, 1.62, 1.69, 1.59, 1.65, 1.64, 1.65, 1.72, 1.76, 1.69, 1.67, 1.62, 1.66, 1.63, 1.72, 1.63],
  tjk_5110 = [1.56, 1.68, 1.56, 1.66, 1.64, 1.71, 1.59, 1.68, 1.64, 1.67, 1.63, 1.76, 1.61, 1.57, 1.65, 1.65, 1.71, 1.71, 1.68, 1.69],
  tjk_521 = [1.62, 1.70, 1.60, 1.67, 1.63, 1.69, 1.69, 1.65, 1.66, 1.74, 1.62, 1.68, 1.67, 1.68, 1.71, 1.71, 1.71, 1.69, 1.70, 1.68],
  tjk_522 = [1.66, 1.68, 1.65, 1.64, 1.59, 1.74, 1.68, 1.63, 1.67, 1.61, 1.68, 1.70, 1.61, 1.71, 1.64, 1.60, 1.64, 1.68, 1.59, 1.57],
  tjk_523 = [1.66, 1.74, 1.63, 1.64, 1.66, 1.65, 1.67, 1.63, 1.67, 1.64, 1.67, 1.68, 1.70, 1.54, 1.66, 1.64, 1.69, 1.64, 1.67, 1.71],
  tjk_524 = [1.74, 1.65, 1.66, 1.66, 1.68, 1.69, 1.70, 1.72, 1.74, 1.70, 1.64, 1.68, 1.67, 1.65, 1.69, 1.61, 1.72, 1.66, 1.63, 1.70],
  tjk_525 = [1.65, 1.62, 1.61, 1.67, 1.69, 1.72, 1.64, 1.61, 1.69, 1.64, 1.66, 1.62, 1.62, 1.66, 1.64, 1.70, 1.62, 1.69, 1.58, 1.67],
  tjk_526 = [1.69, 1.71, 1.60, 1.59, 1.64, 1.63, 1.64, 1.62, 1.67, 1.65, 1.67, 1.67, 1.68, 1.58, 1.62, 1.70, 1.65, 1.69, 1.64, 1.67],
  tjk_527 = [1.69, 1.68, 1.68, 1.67, 1.71, 1.62, 1.66, 1.65, 1.64, 1.65, 1.70, 1.65, 1.65, 1.67, 1.75, 1.71, 1.70, 1.69, 1.64, 1.68],
  tjk_528 = [1.55, 1.74, 1.69, 1.66, 1.68, 1.69, 1.63, 1.69, 1.72, 1.71, 1.71, 1.65, 1.62, 1.69, 1.64, 1.68, 1.76, 1.72, 1.67, 1.68],
  tjk_529 = [1.67, 1.65, 1.68, 1.68, 1.60, 1.61, 1.67, 1.71, 1.68, 1.63, 1.66, 1.61, 1.67, 1.66, 1.68, 1.60, 1.60, 1.62, 1.68, 1.67],
  tjk_5210 = [1.72, 1.63, 1.77, 1.69, 1.68, 1.63, 1.63, 1.69, 1.65, 1.64, 1.59, 1.66, 1.65, 1.65, 1.66, 1.69, 1.67, 1.71, 1.63, 1.69],
  tjk_531 = [2.84, 3.14, 2.62, 3.21, 3.17, 3.00, 2.90, 2.90, 3.29, 2.81, 2.84, 2.71, 2.92, 3.07, 2.96, 2.96, 2.97, 3.02, 2.92, 3.30],
  tjk_532 = [3.05, 2.93, 2.97, 3.07, 2.94, 3.30, 3.33, 3.02, 3.21, 3.02, 3.23, 2.96, 2.97, 2.95, 3.06, 3.50, 2.99, 2.89, 3.04, 3.18],
  tjk_533 = [2.81, 2.84, 3.16, 2.89, 2.82, 2.91, 2.77, 2.95, 2.69, 3.05, 2.92, 3.10, 3.41, 2.96, 3.25, 2.88, 3.16, 2.75, 3.13, 2.93],
  tjk_534 = [3.18, 3.16, 3.01, 3.10, 3.04, 3.00, 3.23, 2.81, 2.95, 2.75, 2.93, 2.98, 3.16, 3.20, 3.01, 2.90, 2.78, 2.74, 3.18, 3.10],
  tjk_535 = [3.15, 3.16, 3.04, 3.05, 2.79, 3.15, 3.06, 2.78, 2.90, 3.20, 2.70, 2.93, 3.27, 2.80, 2.89, 2.77, 3.03, 3.00, 2.96, 2.87],
  tjk_536 = [2.98, 2.93, 2.86, 3.02, 2.87, 2.89, 3.03, 3.05, 3.09, 3.02, 3.26, 2.86, 2.93, 3.13, 3.16, 2.97, 3.10, 2.80, 3.16, 3.10],
  tjk_537 = [3.26, 3.04, 3.08, 2.87, 2.88, 2.98, 3.05, 3.01, 2.67, 3.16, 3.27, 2.84, 2.78, 3.07, 2.94, 3.08, 3.17, 3.12, 2.89, 2.88],
  tjk_538 = [3.22, 3.02, 2.95, 2.92, 2.98, 3.17, 2.93, 2.81, 2.98, 3.13, 3.26, 3.03, 2.88, 3.00, 2.95, 3.15, 3.00, 3.21, 3.06, 3.19],
  tjk_539 = [3.13, 2.84, 2.96, 3.08, 3.12, 2.89, 2.79, 3.04, 2.90, 2.96, 2.92, 2.96, 3.16, 2.93, 2.90, 2.84, 3.07, 2.87, 3.07, 3.10],
  tjk_5310 = [2.89, 2.80, 3.02, 3.19, 3.16, 2.82, 2.93, 2.92, 2.91, 2.84, 3.03, 2.75, 3.31, 3.17, 2.93, 2.96, 2.89, 3.11, 3.06, 3.14],
  tjk_541 = [2.93, 3.13, 3.09, 2.88, 3.08, 3.00, 3.21, 3.01, 2.91, 2.96, 3.13, 3.03, 3.04, 2.88, 2.93, 2.93, 3.07, 2.87, 2.87, 3.18],
  tjk_542 = [2.74, 3.11, 2.96, 2.85, 3.05, 2.99, 2.68, 2.70, 3.06, 2.91, 3.18, 3.03, 3.21, 3.21, 3.09, 2.85, 3.05, 3.15, 2.96, 3.04],
  tjk_543 = [2.91, 2.99, 3.01, 2.93, 2.71, 2.86, 3.13, 3.04, 2.88, 2.99, 3.07, 3.09, 2.78, 2.75, 3.02, 3.06, 3.21, 2.93, 2.91, 2.79],
  tjk_544 = [3.09, 3.02, 2.93, 2.94, 3.31, 3.15, 3.18, 2.84, 3.22, 2.88, 2.86, 2.82, 3.03, 2.84, 3.14, 3.36, 2.94, 3.05, 3.12, 2.90],
  tjk_545 = [3.24, 2.88, 2.93, 3.17, 2.81, 3.16, 3.11, 3.28, 2.78, 2.73, 3.17, 2.94, 3.12, 2.83, 2.97, 3.23, 2.93, 3.17, 2.99, 2.86],
  tjk_546 = [2.79, 2.88, 2.96, 3.03, 2.81, 3.12, 3.07, 2.95, 2.90, 3.08, 2.96, 2.95, 3.24, 3.05, 3.08, 2.52, 2.88, 3.26, 3.22, 3.12],
  tjk_547 = [2.98, 3.05, 2.97, 3.05, 2.79, 2.84, 3.14, 3.37, 3.13, 3.33, 2.75, 3.11, 3.09, 2.62, 3.29, 2.90, 3.15, 2.91, 3.00, 2.63],
  tjk_548 = [2.74, 2.90, 2.86, 2.91, 3.29, 2.74, 2.85, 3.00, 3.01, 3.21, 2.86, 3.06, 2.78, 2.86, 2.79, 3.30, 3.12, 2.84, 2.92, 2.96],
  tjk_549 = [2.97, 2.87, 3.09, 2.93, 3.18, 2.90, 2.83, 2.84, 2.98, 2.88, 2.90, 3.40, 3.26, 3.12, 2.81, 3.38, 3.03, 3.00, 2.78, 2.82],
  tjk_5410 = [2.72, 3.01, 2.66, 3.14, 3.14, 2.86, 3.26, 2.99, 2.82, 3.18, 2.96, 3.25, 2.75, 3.15, 3.06, 2.98, 3.01, 3.04, 3.07, 3.22],
  tjk_551 = [4.24, 4.41, 4.52, 4.33, 4.74, 4.35, 4.26, 4.49, 3.94, 4.98, 4.28, 4.85, 4.28, 4.65, 4.55, 4.97, 4.56, 4.09, 4.05, 3.92],
  tjk_552 = [4.45, 3.84, 4.47, 4.73, 4.17, 4.65, 4.45, 4.85, 4.09, 4.37, 4.36, 4.49, 4.26, 4.18, 4.45, 4.68, 4.49, 4.33, 4.18, 5.00],
  tjk_553 = [4.30, 4.34, 4.45, 4.18, 4.76, 4.40, 3.71, 4.72, 4.69, 5.00, 4.26, 4.20, 4.62, 4.61, 4.23, 4.56, 3.76, 4.40, 4.61, 4.15],
  tjk_554 = [4.31, 4.23, 4.91, 4.30, 4.46, 4.94, 3.54, 4.17, 4.19, 4.32, 4.67, 4.57, 4.67, 4.89, 4.01, 3.92, 3.75, 4.36, 3.81, 4.49],
  tjk_555 = [4.51, 4.30, 4.14, 4.65, 4.63, 4.33, 5.00, 4.25, 4.83, 3.67, 4.42, 4.42, 4.27, 4.34, 4.15, 4.17, 4.55, 4.37, 4.57, 5.00],
  tjk_556 = [3.77, 4.21, 3.94, 4.11, 4.43, 4.25, 4.33, 4.43, 4.19, 4.15, 4.23, 4.27, 4.14, 4.75, 4.46, 4.64, 4.17, 4.42, 4.26, 4.03],
  tjk_557 = [4.16, 4.49, 3.88, 4.36, 4.29, 4.53, 4.26, 4.55, 4.38, 4.09, 4.67, 3.98, 4.66, 4.90, 4.11, 4.43, 4.58, 4.10, 4.65, 4.22],
  tjk_558 = [4.27, 4.67, 4.47, 3.77, 4.21, 4.24, 5.00, 4.34, 4.50, 4.03, 4.15, 4.46, 4.93, 4.47, 4.03, 4.42, 3.99, 4.05, 4.39, 4.23],
  tjk_559 = [4.40, 4.27, 4.38, 4.21, 4.20, 4.11, 4.68, 3.90, 4.16, 5.00, 3.91, 4.40, 4.19, 4.60, 4.57, 4.19, 4.07, 4.32, 4.35, 4.64],
  tjk_5510 = [4.64, 4.53, 4.81, 3.81, 4.70, 4.66, 4.52, 3.99, 4.49, 4.47, 4.57, 4.24, 3.81, 4.49, 4.39, 4.36, 4.59, 4.50, 4.41, 4.95],
  tjk_561 = [1.66, 1.69, 1.65, 1.64, 1.69, 1.61, 1.66, 1.61, 1.58, 1.62, 1.70, 1.65, 1.63, 1.67, 1.67, 1.72, 1.67, 1.64, 1.68, 1.72],
  tjk_562 = [1.67, 1.61, 1.62, 1.67, 1.59, 1.74, 1.70, 1.59, 1.74, 1.73, 1.68, 1.61, 1.71, 1.74, 1.62, 1.67, 1.64, 1.71, 1.68, 1.57],
  tjk_563 = [1.68, 1.62, 1.68, 1.70, 1.67, 1.67, 1.70, 1.72, 1.63, 1.71, 1.62, 1.75, 1.59, 1.76, 1.70, 1.67, 1.65, 1.72, 1.66, 1.65],
  tjk_564 = [1.66, 1.61, 1.76, 1.62, 1.63, 1.74, 1.70, 1.70, 1.67, 1.67, 1.62, 1.65, 1.61, 1.69, 1.62, 1.71, 1.65, 1.66, 1.64, 1.67],
  tjk_565 = [1.67, 1.64, 1.69, 1.66, 1.69, 1.66, 1.61, 1.59, 1.64, 1.61, 1.69, 1.65, 1.63, 1.60, 1.64, 1.63, 1.70, 1.61, 1.71, 1.65],
  tjk_566 = [1.74, 1.70, 1.61, 1.68, 1.64, 1.72, 1.63, 1.63, 1.64, 1.74, 1.68, 1.69, 1.64, 1.73, 1.66, 1.62, 1.65, 1.70, 1.64, 1.66],
  tjk_567 = [1.69, 1.61, 1.63, 1.63, 1.65, 1.59, 1.66, 1.75, 1.67, 1.60, 1.64, 1.69, 1.61, 1.72, 1.70, 1.66, 1.63, 1.68, 1.64, 1.68],
  tjk_568 = [1.63, 1.71, 1.61, 1.64, 1.70, 1.69, 1.66, 1.76, 1.71, 1.66, 1.68, 1.70, 1.71, 1.70, 1.70, 1.61, 1.65, 1.60, 1.70, 1.67],
  tjk_569 = [1.65, 1.67, 1.61, 1.67, 1.75, 1.68, 1.57, 1.72, 1.62, 1.71, 1.62, 1.66, 1.69, 1.71, 1.62, 1.73, 1.66, 1.69, 1.63, 1.65],
  tjk_5610 = [1.69, 1.71, 1.58, 1.68, 1.63, 1.65, 1.65, 1.67, 1.66, 1.66, 1.65, 1.61, 1.66, 1.70, 1.62, 1.65, 1.69, 1.70, 1.64, 1.66],
  tjk_571 = [3.35, 3.07, 3.25, 2.76, 3.07, 2.70, 3.20, 3.15, 3.01, 2.92, 3.06, 2.90, 3.11, 2.93, 2.70, 2.85, 3.09, 3.06, 3.10, 2.93],
  tjk_572 = [3.27, 2.96, 3.29, 2.86, 2.98, 3.06, 3.10, 2.83, 3.08, 3.26, 2.89, 2.87, 3.00, 2.97, 3.04, 3.04, 3.18, 3.10, 2.86, 3.15],
  tjk_573 = [2.92, 2.96, 3.19, 3.09, 3.04, 2.97, 3.16, 2.83, 3.37, 2.94, 3.10, 3.16, 2.88, 2.74, 3.04, 3.11, 3.02, 2.95, 3.07, 2.98],
  tjk_574 = [2.91, 3.22, 2.85, 2.82, 2.89, 2.84, 2.84, 2.95, 2.85, 2.99, 3.05, 3.02, 3.37, 2.80, 2.95, 2.90, 2.95, 3.38, 3.25, 3.11],
  tjk_575 = [2.76, 3.05, 2.94, 3.20, 3.19, 3.03, 3.13, 3.07, 3.07, 3.06, 2.98, 2.97, 3.11, 3.20, 2.89, 3.03, 3.10, 3.31, 2.90, 2.92],
  tjk_576 = [2.91, 2.93, 3.19, 3.14, 2.92, 3.01, 2.87, 3.01, 3.06, 3.21, 3.04, 2.76, 2.90, 3.21, 3.05, 3.19, 3.11, 3.01, 3.17, 2.81],
  tjk_577 = [3.35, 2.78, 2.77, 3.19, 2.95, 2.93, 2.97, 3.19, 2.88, 2.89, 3.25, 3.03, 2.81, 2.84, 2.72, 2.86, 3.21, 2.92, 2.74, 3.09],
  tjk_578 = [2.81, 2.97, 3.01, 3.05, 3.04, 3.03, 3.40, 3.05, 2.78, 3.24, 3.00, 2.93, 3.18, 3.14, 2.90, 2.69, 2.93, 2.92, 2.98, 3.05],
  tjk_579 = [2.90, 3.34, 2.67, 2.86, 2.97, 2.93, 2.78, 3.21, 3.03, 3.07, 3.04, 3.19, 3.10, 3.08, 2.92, 2.89, 2.81, 3.20, 2.90, 2.80],
  tjk_5710 = [2.65, 3.40, 2.82, 3.04, 3.09, 2.95, 2.95, 2.91, 2.95, 3.28, 2.92, 3.07, 3.15, 2.72, 3.25, 2.98, 2.87, 2.73, 2.88, 3.24],
  tjk_581 = [4.93, 4.12, 4.55, 3.99, 4.40, 4.53, 4.30, 4.70, 3.85, 4.35, 4.06, 4.30, 4.09, 4.35, 4.17, 4.37, 4.01, 4.47, 4.24, 4.86],
  tjk_582 = [4.64, 4.03, 4.41, 4.77, 4.47, 4.62, 4.30, 4.33, 4.53, 5.00, 4.07, 4.08, 4.31, 3.95, 3.72, 4.43, 4.22, 3.49, 4.10, 4.32],
  tjk_583 = [4.25, 4.39, 4.13, 3.97, 4.36, 4.84, 4.01, 4.14, 4.45, 4.52, 4.27, 4.68, 4.11, 4.26, 4.48, 4.24, 4.79, 3.91, 4.31, 4.07],
  tjk_584 = [4.34, 3.79, 4.31, 4.11, 4.03, 4.71, 4.14, 4.65, 4.49, 4.01, 4.57, 4.38, 3.87, 4.23, 5.00, 4.53, 4.42, 4.31, 4.71, 4.09],
  tjk_585 = [4.43, 4.60, 4.37, 4.22, 4.32, 4.43, 4.46, 4.15, 4.33, 5.00, 4.63, 4.17, 4.75, 4.74, 4.04, 3.85, 4.64, 5.00, 4.10, 4.53],
  tjk_586 = [4.48, 4.16, 4.30, 3.90, 4.08, 4.06, 4.49, 4.40, 4.09, 4.48, 4.82, 4.50, 4.19, 4.51, 4.56, 4.85, 3.77, 4.47, 4.69, 4.09],
  tjk_587 = [4.22, 3.91, 4.45, 4.15, 4.67, 4.54, 4.71, 4.50, 4.42, 4.60, 4.13, 4.74, 3.98, 4.61, 5.00, 4.04, 4.26, 4.17, 4.39, 4.81],
  tjk_588 = [4.41, 4.04, 4.53, 4.16, 4.66, 3.88, 4.50, 4.63, 4.50, 4.29, 4.05, 4.45, 3.90, 4.44, 4.11, 4.19, 4.72, 4.88, 4.75, 4.68],
  tjk_589 = [4.48, 3.97, 4.59, 4.71, 4.64, 4.20, 4.42, 4.41, 4.78, 4.30, 4.61, 4.06, 4.08, 4.23, 4.19, 4.17, 4.46, 5.00, 4.66, 4.16],
  tjk_5810 = [4.35, 4.20, 4.70, 3.74, 4.54, 4.23, 4.19, 4.08, 4.14, 4.55, 4.35, 4.40, 3.96, 4.42, 4.82, 3.78, 4.19, 4.98, 4.08, 4.99],
  tjk_591 = [1.71, 1.69, 1.66, 1.71, 1.63, 1.70, 1.67, 1.70, 1.71, 1.65, 1.65, 1.72, 1.69, 1.67, 1.67, 1.59, 1.69, 1.61, 1.65, 1.65],
  tjk_592 = [1.67, 1.81, 1.73, 1.67, 1.68, 1.64, 1.61, 1.66, 1.69, 1.72, 1.74, 1.67, 1.64, 1.64, 1.60, 1.56, 1.70, 1.74, 1.59, 1.70],
  tjk_593 = [1.70, 1.73, 1.70, 1.62, 1.66, 1.66, 1.67, 1.68, 1.65, 1.57, 1.71, 1.71, 1.65, 1.68, 1.69, 1.70, 1.68, 1.68, 1.67, 1.71],
  tjk_594 = [1.64, 1.71, 1.69, 1.73, 1.67, 1.77, 1.64, 1.64, 1.63, 1.64, 1.72, 1.66, 1.59, 1.59, 1.71, 1.64, 1.62, 1.66, 1.65, 1.64],
  tjk_595 = [1.63, 1.72, 1.64, 1.69, 1.66, 1.72, 1.73, 1.55, 1.63, 1.59, 1.63, 1.77, 1.77, 1.62, 1.72, 1.61, 1.70, 1.68, 1.75, 1.64],
  tjk_596 = [1.79, 1.70, 1.72, 1.68, 1.70, 1.68, 1.66, 1.65, 1.68, 1.70, 1.60, 1.67, 1.70, 1.64, 1.65, 1.65, 1.66, 1.69, 1.80, 1.66],
  tjk_597 = [1.72, 1.65, 1.67, 1.69, 1.63, 1.68, 1.71, 1.66, 1.64, 1.69, 1.66, 1.67, 1.74, 1.72, 1.67, 1.73, 1.68, 1.74, 1.68, 1.66],
  tjk_598 = [1.72, 1.62, 1.64, 1.59, 1.65, 1.67, 1.72, 1.71, 1.66, 1.66, 1.74, 1.64, 1.63, 1.62, 1.55, 1.68, 1.67, 1.60, 1.68, 1.67],
  tjk_599 = [1.64, 1.58, 1.62, 1.63, 1.73, 1.73, 1.64, 1.66, 1.62, 1.64, 1.63, 1.72, 1.68, 1.66, 1.62, 1.63, 1.69, 1.74, 1.68, 1.65],
  tjk_5910 = [1.62, 1.71, 1.73, 1.68, 1.68, 1.64, 1.65, 1.67, 1.70, 1.64, 1.63, 1.76, 1.60, 1.72, 1.65, 1.66, 1.62, 1.70, 1.57, 1.64],
  tjk_601 = [3.07, 2.82, 3.52, 2.86, 3.22, 2.92, 3.12, 2.83, 3.26, 3.15, 2.96, 2.88, 3.03, 3.06, 2.92, 3.09, 2.96, 2.91, 2.78, 3.15],
  tjk_602 = [2.94, 3.04, 3.24, 3.18, 3.15, 2.88, 2.80, 2.77, 2.84, 2.79, 2.92, 3.36, 2.82, 3.12, 2.91, 3.25, 3.04, 2.88, 2.81, 3.00],
  tjk_603 = [2.94, 3.08, 2.59, 2.97, 2.80, 2.94, 3.16, 2.58, 2.92, 3.14, 3.13, 2.88, 2.74, 3.16, 3.15, 3.24, 2.99, 2.93, 2.98, 3.21],
  tjk_604 = [2.97, 2.99, 2.78, 3.16, 3.32, 2.94, 3.14, 3.01, 2.65, 2.91, 3.23, 3.01, 2.70, 2.95, 3.31, 2.71, 3.12, 3.09, 3.17, 2.95],
  tjk_605 = [3.11, 3.23, 2.85, 2.92, 2.93, 2.97, 2.73, 3.16, 2.86, 3.28, 3.03, 3.05, 2.96, 3.32, 2.76, 2.96, 2.80, 2.95, 2.96, 3.05],
  tjk_606 = [2.81, 3.10, 3.22, 3.01, 3.51, 2.84, 3.05, 2.88, 2.88, 2.78, 2.91, 3.21, 3.19, 2.99, 2.98, 3.18, 2.99, 2.90, 2.78, 2.89],
  tjk_607 = [3.11, 2.80, 2.96, 3.02, 3.40, 2.85, 3.20, 3.30, 3.02, 3.14, 3.09, 3.06, 2.89, 3.39, 2.81, 3.01, 3.00, 2.92, 3.02, 3.03],
  tjk_608 = [2.98, 2.80, 3.11, 3.26, 3.22, 2.81, 3.10, 2.92, 2.90, 3.28, 3.02, 3.12, 3.06, 3.02, 3.05, 3.03, 3.09, 3.16, 2.76, 2.91],
  tjk_609 = [3.17, 2.77, 3.16, 3.04, 3.00, 3.14, 3.09, 3.03, 3.18, 2.82, 2.95, 2.92, 2.84, 2.70, 3.03, 2.94, 2.94, 2.99, 2.94, 3.03],
  tjk_6010 = [3.08, 2.60, 2.99, 2.89, 3.06, 2.88, 3.14, 2.94, 2.97, 2.86, 3.02, 2.83, 2.94, 3.06, 3.29, 3.03, 2.95, 3.01, 2.97, 2.90],
]

Service Times (¦Î_{jk}^s) = [
  xi_11 = [2.55, 2.32, 2.64, 2.43, 2.48, 2.56, 2.49, 2.37, 2.50, 2.43, 2.71, 2.44, 2.48, 2.47, 2.61, 2.51, 2.46, 2.66, 2.34, 2.43],
  xi_12 = [2.36, 2.54, 2.58, 2.51, 2.49, 2.46, 2.72, 2.64, 2.63, 2.39, 2.67, 2.62, 2.35, 2.65, 2.72, 2.53, 2.70, 2.77, 2.61, 2.40],
  xi_13 = [2.50, 2.42, 2.53, 2.65, 2.54, 2.43, 2.63, 2.48, 2.50, 2.45, 2.60, 2.63, 2.44, 2.46, 2.51, 2.35, 2.56, 2.37, 2.52, 2.58],
  xi_14 = [2.35, 2.44, 2.60, 2.51, 2.25, 2.65, 2.69, 2.54, 2.42, 2.52, 2.69, 2.54, 2.33, 2.50, 2.47, 2.41, 2.46, 2.46, 2.69, 2.62],
  xi_15 = [2.57, 2.64, 2.61, 2.64, 2.65, 2.25, 2.39, 2.42, 2.44, 2.30, 2.43, 2.66, 2.54, 2.49, 2.62, 2.64, 2.47, 2.51, 2.43, 2.66],
  xi_16 = [2.44, 2.49, 2.48, 2.40, 2.54, 2.32, 2.45, 2.48, 2.56, 2.47, 2.46, 2.50, 2.50, 2.47, 2.53, 2.46, 2.78, 2.57, 2.40, 2.34],
  xi_17 = [2.57, 2.49, 2.53, 2.45, 2.47, 2.55, 2.27, 2.42, 2.43, 2.50, 2.38, 2.44, 2.60, 2.62, 2.49, 2.47, 2.50, 2.46, 2.40, 2.58],
  xi_18 = [2.85, 2.44, 2.41, 2.53, 2.56, 2.71, 2.54, 2.55, 2.65, 2.64, 2.33, 2.55, 2.52, 2.40, 2.40, 2.37, 2.50, 2.53, 2.36, 2.57],
  xi_19 = [2.50, 2.64, 2.39, 2.51, 2.33, 2.37, 2.62, 2.48, 2.56, 2.55, 2.44, 2.43, 2.50, 2.67, 2.40, 2.55, 2.64, 2.50, 2.52, 2.40],
  xi_110 = [2.63, 2.27, 2.52, 2.49, 2.33, 2.43, 2.24, 2.54, 2.34, 2.44, 2.69, 2.76, 2.61, 2.37, 2.55, 2.29, 2.52, 2.47, 2.49, 2.32],
  xi_21 = [5.48, 5.56, 5.84, 5.72, 5.40, 6.40, 5.31, 4.87, 6.97, 5.91, 5.37, 5.36, 5.72, 5.21, 5.53, 4.91, 4.53, 5.51, 5.47, 5.41],
  xi_22 = [5.01, 5.20, 6.12, 5.78, 6.03, 5.08, 5.71, 5.72, 6.07, 5.92, 5.46, 5.75, 5.21, 5.72, 6.01, 5.89, 5.71, 5.38, 4.70, 5.29],
  xi_23 = [6.10, 5.25, 5.16, 5.44, 6.00, 5.56, 6.16, 5.83, 6.46, 5.64, 5.53, 4.99, 5.97, 6.04, 5.81, 5.36, 5.27, 4.94, 5.10, 5.55],
  xi_24 = [5.62, 5.54, 5.29, 5.29, 4.57, 5.10, 6.31, 5.07, 5.67, 5.65, 5.30, 5.46, 5.27, 5.69, 5.54, 7.03, 4.81, 5.90, 4.67, 5.41],
  xi_25 = [4.72, 5.95, 5.64, 5.40, 5.38, 6.13, 5.59, 5.34, 5.57, 5.66, 5.37, 5.39, 5.60, 4.88, 5.74, 5.42, 5.42, 5.76, 6.00, 4.67],
  xi_26 = [5.40, 5.07, 5.42, 5.95, 6.18, 5.20, 6.08, 6.41, 5.63, 5.54, 5.30, 4.32, 5.58, 4.61, 5.13, 5.50, 5.39, 6.09, 5.33, 6.18],
  xi_27 = [6.03, 5.18, 5.19, 5.08, 5.56, 4.63, 5.39, 6.88, 5.78, 5.53, 5.64, 6.08, 4.98, 6.49, 5.46, 6.35, 5.12, 5.18, 4.54, 5.76],
  xi_28 = [5.16, 6.00, 5.82, 5.64, 5.23, 6.14, 5.60, 5.17, 5.94, 5.45, 5.46, 5.17, 5.36, 5.90, 5.83, 4.85, 5.18, 4.96, 6.11, 5.16],
  xi_29 = [5.22, 5.48, 7.49, 4.77, 5.55, 5.32, 4.83, 4.58, 5.57, 6.15, 5.58, 5.53, 5.44, 5.71, 4.84, 5.92, 5.97, 5.90, 5.31, 6.09],
  xi_210 = [5.50, 5.62, 5.09, 6.42, 5.70, 5.74, 6.16, 5.71, 5.76, 5.65, 5.43, 5.75, 5.61, 4.56, 6.15, 5.87, 4.71, 5.04, 4.89, 5.83],
  xi_31 = [2.46, 2.47, 2.64, 2.35, 2.50, 2.64, 2.48, 2.51, 2.54, 2.59, 2.62, 2.56, 2.55, 2.42, 2.66, 2.40, 2.38, 2.37, 2.71, 2.60],
  xi_32 = [2.27, 2.54, 2.46, 2.59, 2.43, 2.55, 2.44, 2.32, 2.66, 2.58, 2.48, 2.44, 2.38, 2.39, 2.42, 2.52, 2.46, 2.40, 2.47, 2.63],
  xi_33 = [2.46, 2.74, 2.40, 2.48, 2.39, 2.52, 2.61, 2.36, 2.52, 2.41, 2.44, 2.54, 2.52, 2.32, 2.37, 2.50, 2.85, 2.41, 2.33, 2.53],
  xi_34 = [2.42, 2.58, 2.55, 2.63, 2.68, 2.56, 2.49, 2.41, 2.46, 2.49, 2.50, 2.35, 2.41, 2.40, 2.52, 2.16, 2.53, 2.37, 2.42, 2.66],
  xi_35 = [2.53, 2.79, 2.58, 2.51, 2.39, 2.35, 2.58, 2.62, 2.40, 2.49, 2.36, 2.38, 2.45, 2.52, 2.45, 2.48, 2.40, 2.60, 2.35, 2.60],
  xi_36 = [2.46, 2.39, 2.42, 2.64, 2.67, 2.55, 2.60, 2.42, 2.54, 2.50, 2.74, 2.67, 2.51, 2.46, 2.24, 2.39, 2.43, 2.46, 2.44, 2.50],
  xi_37 = [2.45, 2.28, 2.74, 2.49, 2.44, 2.62, 2.55, 2.40, 2.39, 2.62, 2.30, 2.44, 2.44, 2.50, 2.41, 2.62, 2.55, 2.67, 2.38, 2.57],
  xi_38 = [2.40, 2.50, 2.79, 2.71, 2.64, 2.50, 2.53, 2.59, 2.47, 2.57, 2.38, 2.51, 2.43, 2.51, 2.44, 2.68, 2.61, 2.54, 2.42, 2.30],
  xi_39 = [2.41, 2.59, 2.81, 2.51, 2.52, 2.48, 2.48, 2.37, 2.35, 2.39, 2.54, 2.69, 2.58, 2.58, 2.53, 2.51, 2.51, 2.39, 2.58, 2.74],
  xi_310 = [2.59, 2.51, 2.78, 2.55, 2.54, 2.69, 2.56, 2.45, 2.57, 2.54, 2.64, 2.43, 2.47, 2.65, 2.54, 2.52, 2.57, 2.41, 2.59, 2.50],
  xi_41 = [8.28, 8.03, 9.15, 9.41, 6.97, 8.64, 9.12, 7.38, 8.41, 7.73, 8.64, 7.95, 8.14, 8.24, 8.47, 9.11, 7.31, 9.67, 9.06, 8.84],
  xi_42 = [8.12, 8.80, 9.12, 9.15, 7.96, 7.42, 9.05, 7.98, 7.61, 8.05, 9.99, 7.73, 9.80, 8.02, 7.44, 9.66, 8.80, 6.86, 8.06, 8.71],
  xi_43 = [8.33, 8.07, 8.10, 7.33, 7.48, 7.41, 10.00, 8.52, 8.22, 8.80, 7.86, 7.79, 7.31, 9.29, 8.83, 7.90, 8.92, 7.24, 8.74, 7.03],
  xi_44 = [7.22, 8.93, 9.99, 7.40, 9.42, 10.00, 8.58, 7.82, 10.00, 8.00, 8.63, 7.94, 10.00, 8.27, 9.86, 9.88, 8.42, 8.42, 8.37, 6.94],
  xi_45 = [6.76, 8.90, 7.83, 7.83, 8.54, 7.93, 9.25, 10.00, 9.53, 8.60, 7.60, 7.98, 7.56, 8.51, 8.73, 9.54, 8.90, 9.34, 7.49, 8.61],
  xi_46 = [8.72, 8.91, 9.09, 8.64, 10.00, 8.12, 8.22, 8.91, 9.21, 7.27, 10.00, 9.26, 8.38, 8.46, 10.00, 9.31, 8.71, 7.99, 9.27, 7.52],
  xi_47 = [9.60, 7.45, 6.76, 9.67, 8.00, 8.79, 8.88, 7.20, 8.13, 8.46, 9.78, 8.25, 8.38, 9.66, 8.38, 8.53, 7.16, 8.73, 9.29, 8.75],
  xi_48 = [9.04, 7.60, 8.92, 9.03, 7.79, 7.89, 8.29, 9.85, 9.34, 8.01, 7.84, 9.75, 8.42, 7.88, 8.15, 8.53, 7.70, 9.10, 9.87, 9.76],
  xi_49 = [9.26, 8.85, 8.06, 8.69, 7.79, 9.84, 7.66, 9.72, 9.82, 9.59, 8.69, 9.34, 8.92, 8.88, 8.84, 8.97, 8.52, 7.69, 8.26, 9.34],
  xi_410 = [9.13, 8.84, 8.90, 8.36, 9.40, 7.13, 8.45, 8.88, 9.36, 8.28, 7.04, 8.07, 7.66, 7.89, 9.40, 9.28, 9.20, 8.74, 8.30, 10.00],
  xi_51 = [5.20, 5.82, 6.04, 5.60, 5.80, 5.64, 4.51, 5.43, 5.68, 5.48, 5.54, 5.29, 6.14, 4.99, 5.26, 6.04, 5.09, 5.96, 5.24, 5.64],
  xi_52 = [5.75, 4.77, 5.64, 5.65, 5.40, 5.31, 5.34, 4.94, 6.40, 6.08, 5.95, 5.82, 5.78, 5.19, 5.65, 5.95, 5.55, 5.58, 6.35, 4.41],
  xi_53 = [5.41, 5.60, 5.54, 5.79, 5.78, 5.37, 5.05, 6.64, 5.75, 5.05, 5.58, 6.17, 4.81, 5.27, 5.76, 5.82, 6.05, 5.34, 5.57, 6.75],
  xi_54 = [5.21, 5.27, 6.36, 6.03, 5.28, 5.19, 5.78, 5.09, 5.66, 4.98, 6.15, 5.06, 5.90, 4.68, 4.65, 5.27, 6.04, 5.22, 5.32, 5.83],
  xi_55 = [6.04, 4.95, 5.49, 4.43, 5.85, 6.26, 5.50, 5.14, 5.34, 5.21, 6.22, 5.52, 5.47, 4.96, 6.70, 5.05, 5.47, 4.81, 5.86, 5.56],
  xi_56 = [5.09, 4.85, 5.60, 5.50, 5.14, 5.79, 5.10, 5.12, 5.45, 5.84, 5.53, 5.34, 5.74, 5.60, 5.79, 5.79, 4.95, 6.56, 5.70, 6.15],
  xi_57 = [5.76, 4.57, 5.16, 5.23, 4.97, 5.89, 5.29, 6.03, 5.31, 5.44, 5.49, 4.87, 6.30, 4.52, 5.07, 5.43, 5.98, 5.54, 5.34, 6.35],
  xi_58 = [4.84, 6.37, 6.49, 5.11, 5.74, 5.57, 5.71, 5.83, 5.69, 5.67, 5.52, 4.87, 5.56, 4.94, 4.90, 4.99, 5.78, 5.52, 4.81, 5.03],
  xi_59 = [4.75, 5.93, 5.43, 4.89, 5.12, 5.24, 5.04, 6.07, 5.08, 5.51, 5.31, 4.78, 6.05, 5.05, 5.98, 5.43, 6.46, 5.81, 5.38, 5.60],
  xi_510 = [5.40, 5.37, 5.02, 4.96, 6.10, 4.75, 5.51, 5.98, 5.95, 6.03, 5.90, 4.99, 5.83, 4.94, 5.49, 4.72, 5.39, 4.76, 5.23, 6.15],
  xi_61 = [2.55, 2.36, 2.60, 2.45, 2.55, 2.31, 2.88, 2.50, 2.51, 2.59, 2.59, 2.77, 2.63, 2.48, 2.53, 2.74, 2.42, 2.65, 2.55, 2.62],
  xi_62 = [2.42, 2.54, 2.48, 2.54, 2.53, 2.52, 2.37, 2.54, 2.49, 2.52, 2.67, 2.43, 2.64, 2.54, 2.51, 2.58, 2.28, 2.39, 2.47, 2.29],
  xi_63 = [2.61, 2.74, 2.57, 2.37, 2.52, 2.45, 2.40, 2.32, 2.63, 2.32, 2.50, 2.61, 2.66, 2.52, 2.46, 2.54, 2.44, 2.53, 2.40, 2.52],
  xi_64 = [2.69, 2.47, 2.57, 2.46, 2.48, 2.62, 2.50, 2.44, 2.47, 2.49, 2.41, 2.50, 2.66, 2.46, 2.66, 2.66, 2.66, 2.36, 2.64, 2.67],
  xi_65 = [2.35, 2.44, 2.34, 2.48, 2.43, 2.45, 2.45, 2.53, 2.43, 2.45, 2.37, 2.58, 2.49, 2.72, 2.36, 2.71, 2.47, 2.53, 2.50, 2.42],
  xi_66 = [2.53, 2.54, 2.34, 2.40, 2.53, 2.40, 2.56, 2.35, 2.44, 2.60, 2.20, 2.52, 2.50, 2.52, 2.51, 2.67, 2.72, 2.33, 2.42, 2.51],
  xi_67 = [2.60, 2.49, 2.55, 2.54, 2.52, 2.45, 2.57, 2.61, 2.52, 2.48, 2.43, 2.43, 2.51, 2.48, 2.31, 2.37, 2.36, 2.50, 2.53, 2.44],
  xi_68 = [2.51, 2.40, 2.42, 2.48, 2.69, 2.41, 2.51, 2.46, 2.47, 2.68, 2.50, 2.46, 2.48, 2.75, 2.34, 2.46, 2.43, 2.47, 2.41, 2.45],
  xi_69 = [2.39, 2.52, 2.56, 2.47, 2.47, 2.44, 2.46, 2.57, 2.30, 2.54, 2.51, 2.66, 2.72, 2.55, 2.57, 2.47, 2.58, 2.60, 2.45, 2.63],
  xi_610 = [2.54, 2.57, 2.35, 2.56, 2.36, 2.25, 2.39, 2.84, 2.54, 2.77, 2.50, 2.57, 2.50, 2.35, 2.73, 2.52, 2.49, 2.64, 2.55, 2.29],
  xi_71 = [2.56, 2.65, 2.55, 2.65, 2.63, 2.49, 2.72, 2.50, 2.60, 2.49, 2.48, 2.51, 2.42, 2.31, 2.51, 2.41, 2.35, 2.46, 2.69, 2.60],
  xi_72 = [2.58, 2.44, 2.35, 2.60, 2.58, 2.61, 2.40, 2.21, 2.58, 2.62, 2.52, 2.49, 2.66, 2.39, 2.47, 2.51, 2.47, 2.76, 2.38, 2.72],
  xi_73 = [2.52, 2.51, 2.37, 2.65, 2.48, 2.31, 2.60, 2.77, 2.54, 2.48, 2.35, 2.60, 2.52, 2.53, 2.54, 2.42, 2.36, 2.54, 2.44, 2.53],
  xi_74 = [2.52, 2.65, 2.55, 2.53, 2.62, 2.70, 2.51, 2.46, 2.36, 2.39, 2.38, 2.59, 2.51, 2.58, 2.59, 2.67, 2.58, 2.49, 2.52, 2.57],
  xi_75 = [2.37, 2.69, 2.47, 2.37, 2.53, 2.51, 2.33, 2.44, 2.51, 2.64, 2.47, 2.39, 2.63, 2.48, 2.55, 2.52, 2.45, 2.49, 2.36, 2.43],
  xi_76 = [2.74, 2.62, 2.46, 2.50, 2.62, 2.56, 2.74, 2.43, 2.43, 2.42, 2.39, 2.48, 2.63, 2.56, 2.57, 2.60, 2.64, 2.49, 2.41, 2.58],
  xi_77 = [2.42, 2.67, 2.44, 2.47, 2.54, 2.48, 2.51, 2.48, 2.55, 2.31, 2.36, 2.33, 2.63, 2.61, 2.31, 2.64, 2.71, 2.52, 2.35, 2.43],
  xi_78 = [2.43, 2.55, 2.46, 2.54, 2.48, 2.51, 2.53, 2.36, 2.56, 2.49, 2.57, 2.50, 2.37, 2.25, 2.64, 2.53, 2.49, 2.37, 2.68, 2.61],
  xi_79 = [2.57, 2.55, 2.56, 2.36, 2.52, 2.70, 2.62, 2.38, 2.42, 2.70, 2.42, 2.54, 2.25, 2.48, 2.53, 2.46, 2.74, 2.59, 2.50, 2.35],
  xi_710 = [2.77, 2.50, 2.52, 2.34, 2.52, 2.38, 2.51, 2.32, 2.52, 2.47, 2.54, 2.48, 2.65, 2.68, 2.56, 2.61, 2.48, 2.47, 2.64, 2.45],
  xi_81 = [5.69, 5.69, 5.83, 5.67, 6.09, 6.37, 6.43, 5.00, 5.99, 6.03, 5.34, 5.41, 5.55, 5.30, 5.20, 5.31, 5.15, 5.34, 5.56, 5.76],
  xi_82 = [6.01, 5.26, 5.84, 5.20, 5.06, 5.53, 5.32, 5.08, 5.12, 5.94, 4.63, 6.09, 5.24, 5.37, 5.40, 5.37, 5.15, 4.61, 6.20, 5.39],
  xi_83 = [5.32, 5.16, 5.65, 4.49, 5.35, 5.51, 5.24, 5.92, 5.24, 6.15, 5.93, 5.81, 5.34, 5.94, 5.44, 5.22, 5.87, 5.02, 5.51, 6.37],
  xi_84 = [5.40, 4.63, 5.38, 5.02, 5.08, 5.44, 5.03, 5.67, 5.28, 5.86, 5.68, 5.39, 4.87, 4.65, 5.25, 5.72, 5.46, 5.08, 6.26, 5.70],
  xi_85 = [4.85, 4.55, 5.23, 5.41, 5.91, 5.76, 5.54, 4.63, 5.34, 5.84, 4.17, 5.94, 5.82, 5.63, 5.07, 5.82, 5.68, 5.68, 5.67, 4.64],
  xi_86 = [5.79, 5.69, 5.47, 5.08, 5.83, 5.49, 5.02, 6.27, 6.52, 4.82, 6.48, 4.77, 5.52, 5.50, 5.62, 5.56, 5.44, 5.09, 5.28, 5.41],
  xi_87 = [5.66, 5.09, 4.96, 6.42, 6.07, 5.24, 5.92, 6.55, 6.06, 5.32, 5.93, 6.30, 5.02, 5.33, 6.58, 5.75, 5.27, 5.65, 5.79, 5.57],
  xi_88 = [5.76, 5.06, 5.50, 4.87, 5.23, 4.62, 5.35, 6.52, 4.92, 5.20, 5.47, 5.13, 5.27, 5.08, 5.76, 5.78, 5.44, 5.00, 5.23, 4.91],
  xi_89 = [5.10, 5.41, 5.41, 6.51, 6.20, 6.32, 5.24, 5.42, 5.50, 5.02, 5.22, 6.09, 6.19, 5.29, 5.15, 5.54, 5.15, 5.98, 5.54, 5.98],
  xi_810 = [6.21, 6.59, 5.43, 5.17, 5.44, 4.96, 6.45, 5.93, 6.92, 5.60, 5.40, 4.85, 5.49, 5.45, 5.96, 5.46, 6.08, 5.76, 5.22, 5.15],
  xi_91 = [2.38, 2.47, 2.57, 2.38, 2.55, 2.59, 2.35, 2.42, 2.62, 2.48, 2.69, 2.52, 2.60, 2.46, 2.38, 2.55, 2.51, 2.55, 2.67, 2.49],
  xi_92 = [2.77, 2.51, 2.44, 2.30, 2.51, 2.51, 2.51, 2.39, 2.50, 2.46, 2.50, 2.56, 2.55, 2.57, 2.42, 2.42, 2.51, 2.54, 2.41, 2.58],
  xi_93 = [2.42, 2.23, 2.38, 2.56, 2.67, 2.44, 2.59, 2.49, 2.46, 2.73, 2.60, 2.55, 2.46, 2.50, 2.41, 2.53, 2.39, 2.51, 2.37, 2.48],
  xi_94 = [2.29, 2.33, 2.48, 2.29, 2.58, 2.33, 2.50, 2.48, 2.38, 2.48, 2.35, 2.60, 2.60, 2.36, 2.54, 2.46, 2.63, 2.55, 2.58, 2.59],
  xi_95 = [2.42, 2.63, 2.37, 2.37, 2.43, 2.61, 2.47, 2.45, 2.66, 2.59, 2.58, 2.36, 2.57, 2.59, 2.64, 2.50, 2.56, 2.41, 2.73, 2.80],
  xi_96 = [2.46, 2.45, 2.51, 2.39, 2.60, 2.48, 2.60, 2.55, 2.50, 2.54, 2.42, 2.44, 2.52, 2.50, 2.50, 2.56, 2.52, 2.55, 2.49, 2.53],
  xi_97 = [2.45, 2.28, 2.64, 2.36, 2.46, 2.70, 2.55, 2.37, 2.72, 2.51, 2.48, 2.57, 2.31, 2.66, 2.62, 2.28, 2.78, 2.56, 2.44, 2.40],
  xi_98 = [2.46, 2.62, 2.57, 2.41, 2.60, 2.43, 2.59, 2.58, 2.60, 2.54, 2.66, 2.59, 2.57, 2.55, 2.61, 2.58, 2.60, 2.57, 2.39, 2.72],
  xi_99 = [2.35, 2.43, 2.47, 2.55, 2.57, 2.56, 2.52, 2.53, 2.56, 2.48, 2.48, 2.58, 2.44, 2.54, 2.57, 2.38, 2.66, 2.49, 2.26, 2.47],
  xi_910 = [2.38, 2.38, 2.45, 2.76, 2.47, 2.53, 2.64, 2.48, 2.57, 2.60, 2.60, 2.64, 2.56, 2.29, 2.39, 2.56, 2.35, 2.53, 2.55, 2.37],
  xi_101 = [2.40, 2.58, 2.43, 2.31, 2.49, 2.51, 2.55, 2.46, 2.45, 2.59, 2.67, 2.60, 2.69, 2.57, 2.35, 2.33, 2.68, 2.34, 2.51, 2.46],
  xi_102 = [2.47, 2.41, 2.63, 2.46, 2.40, 2.56, 2.36, 2.62, 2.47, 2.59, 2.39, 2.61, 2.71, 2.49, 2.35, 2.55, 2.53, 2.48, 2.50, 2.44],
  xi_103 = [2.41, 2.34, 2.47, 2.56, 2.51, 2.38, 2.51, 2.44, 2.65, 2.43, 2.44, 2.53, 2.56, 2.45, 2.43, 2.32, 2.54, 2.58, 2.45, 2.43],
  xi_104 = [2.26, 2.50, 2.44, 2.36, 2.51, 2.49, 2.43, 2.32, 2.62, 2.45, 2.42, 2.58, 2.53, 2.43, 2.39, 2.28, 2.56, 2.47, 2.39, 2.44],
  xi_105 = [2.60, 2.52, 2.52, 2.74, 2.54, 2.64, 2.43, 2.46, 2.51, 2.29, 2.38, 2.64, 2.50, 2.55, 2.46, 2.64, 2.33, 2.62, 2.27, 2.41],
  xi_106 = [2.54, 2.43, 2.48, 2.56, 2.38, 2.38, 2.49, 2.62, 2.43, 2.41, 2.59, 2.80, 2.34, 2.42, 2.30, 2.50, 2.44, 2.42, 2.56, 2.57],
  xi_107 = [2.57, 2.38, 2.41, 2.37, 2.33, 2.48, 2.55, 2.53, 2.39, 2.65, 2.43, 2.51, 2.58, 2.42, 2.68, 2.62, 2.50, 2.66, 2.32, 2.58],
  xi_108 = [2.55, 2.60, 2.47, 2.52, 2.58, 2.35, 2.57, 2.52, 2.52, 2.35, 2.49, 2.59, 2.51, 2.58, 2.65, 2.36, 2.70, 2.45, 2.49, 2.46],
  xi_109 = [2.59, 2.67, 2.48, 2.44, 2.51, 2.47, 2.68, 2.56, 2.47, 2.41, 2.69, 2.55, 2.32, 2.53, 2.53, 2.60, 2.51, 2.57, 2.40, 2.64],
  xi_1010 = [2.53, 2.65, 2.61, 2.46, 2.33, 2.48, 2.60, 2.72, 2.64, 2.66, 2.39, 2.68, 2.59, 2.61, 2.59, 2.32, 2.27, 2.30, 2.49, 2.44],
  xi_111 = [8.72, 8.41, 9.93, 7.82, 7.54, 9.10, 8.72, 10.00, 8.08, 9.99, 9.52, 8.36, 8.63, 6.84, 10.00, 6.97, 8.06, 8.73, 8.10, 8.71],
  xi_112 = [8.53, 9.61, 9.28, 8.56, 7.89, 9.47, 9.59, 6.74, 8.94, 9.91, 8.04, 7.40, 9.69, 9.69, 8.63, 7.65, 9.76, 9.30, 8.54, 8.60],
  xi_113 = [7.05, 7.39, 9.01, 8.61, 7.10, 9.56, 7.75, 6.89, 9.11, 10.00, 8.20, 8.96, 7.51, 8.15, 8.56, 7.27, 8.89, 8.79, 9.72, 10.00],
  xi_114 = [8.88, 6.70, 7.83, 7.82, 8.03, 9.22, 7.41, 7.79, 6.57, 8.05, 9.46, 7.91, 8.63, 9.14, 8.45, 7.30, 6.23, 8.12, 9.89, 9.85],
  xi_115 = [8.40, 7.39, 6.13, 9.15, 8.75, 9.11, 7.80, 7.19, 7.93, 10.00, 9.18, 10.00, 8.56, 9.32, 7.25, 9.27, 7.98, 9.16, 8.91, 9.92],
  xi_116 = [8.13, 8.43, 7.02, 8.37, 9.20, 8.45, 7.63, 7.27, 8.58, 7.97, 8.79, 7.87, 8.76, 8.33, 9.11, 7.63, 8.03, 7.92, 7.37, 9.46],
  xi_117 = [8.02, 7.66, 8.00, 8.96, 9.73, 7.40, 7.68, 9.88, 10.00, 8.81, 8.25, 9.31, 7.88, 7.57, 7.60, 9.42, 8.38, 8.52, 8.35, 7.42],
  xi_118 = [7.97, 7.90, 8.40, 8.09, 8.30, 9.19, 7.32, 7.79, 10.00, 8.41, 8.14, 8.74, 7.70, 7.46, 7.44, 9.47, 9.30, 8.87, 7.07, 7.94],
  xi_119 = [7.76, 8.64, 7.89, 8.81, 9.35, 10.00, 8.45, 7.62, 10.00, 10.00, 8.45, 7.92, 8.44, 9.33, 10.00, 8.16, 8.15, 10.00, 7.96, 8.32],
  xi_1110 = [7.66, 10.00, 7.95, 7.94, 9.36, 8.22, 8.80, 9.29, 9.21, 9.04, 8.07, 10.00, 7.77, 6.96, 8.08, 9.76, 8.49, 7.77, 8.18, 9.56],
  xi_121 = [7.30, 8.36, 9.58, 8.68, 10.00, 7.89, 8.26, 9.45, 8.77, 8.42, 8.24, 9.93, 8.47, 9.62, 7.96, 8.06, 7.46, 8.77, 9.04, 9.42],
  xi_122 = [7.41, 7.99, 8.65, 7.90, 9.27, 6.96, 8.15, 9.71, 8.87, 7.91, 7.43, 7.26, 7.65, 8.81, 6.63, 9.03, 9.66, 7.25, 7.62, 8.99],
  xi_123 = [9.66, 9.28, 8.46, 7.80, 8.65, 7.57, 9.11, 9.43, 8.31, 9.13, 8.44, 9.50, 8.54, 7.79, 10.00, 8.83, 7.38, 8.43, 8.49, 8.70],
  xi_124 = [9.70, 7.43, 7.48, 10.00, 8.14, 8.72, 9.54, 9.06, 9.86, 7.31, 10.00, 7.93, 7.32, 7.82, 8.15, 8.67, 8.45, 7.36, 8.23, 8.40],
  xi_125 = [8.49, 7.29, 8.26, 9.40, 8.45, 7.73, 8.38, 6.95, 8.58, 7.90, 7.49, 8.52, 8.33, 9.39, 7.87, 8.07, 6.99, 9.16, 8.66, 8.86],
  xi_126 = [10.00, 8.82, 8.38, 8.67, 10.00, 7.01, 9.96, 9.80, 8.48, 8.34, 8.20, 7.73, 7.93, 9.40, 8.73, 8.90, 7.89, 8.25, 9.52, 7.53],
  xi_127 = [8.27, 8.89, 9.27, 9.70, 7.81, 9.33, 7.19, 6.82, 7.42, 7.93, 7.43, 7.95, 8.06, 8.12, 8.54, 7.24, 8.17, 8.51, 8.36, 8.04],
  xi_128 = [10.00, 9.31, 9.21, 8.23, 10.00, 8.68, 7.34, 7.46, 6.46, 9.14, 8.05, 8.88, 8.80, 8.88, 7.58, 8.71, 8.04, 8.13, 9.69, 8.47],
  xi_129 = [8.62, 6.80, 8.80, 7.38, 8.56, 7.74, 8.64, 8.76, 8.84, 8.00, 7.92, 7.42, 9.68, 7.51, 8.22, 8.99, 8.10, 7.31, 7.56, 8.82],
  xi_1210 = [9.29, 8.16, 9.78, 9.06, 9.56, 6.59, 7.64, 9.04, 9.28, 8.06, 8.02, 9.58, 8.71, 8.94, 8.48, 8.23, 8.31, 8.28, 10.00, 8.32],
  xi_131 = [5.63, 5.05, 5.23, 5.75, 5.84, 5.85, 5.13, 5.04, 5.23, 5.95, 5.72, 5.37, 5.86, 5.34, 5.29, 5.40, 6.01, 5.35, 5.57, 5.15],
  xi_132 = [5.32, 5.34, 6.16, 6.08, 5.04, 5.79, 5.67, 6.29, 6.25, 4.96, 5.58, 5.24, 5.78, 5.34, 5.43, 5.33, 6.09, 6.86, 5.42, 5.88],
  xi_133 = [5.82, 6.23, 5.07, 5.40, 5.22, 6.29, 5.38, 4.54, 6.03, 5.80, 5.15, 5.00, 5.39, 5.06, 5.63, 4.93, 5.73, 6.04, 5.47, 5.48],
  xi_134 = [6.12, 5.95, 5.32, 5.06, 5.41, 5.80, 5.03, 5.51, 5.91, 5.56, 5.55, 6.10, 4.59, 5.61, 5.60, 5.32, 5.16, 6.27, 4.99, 5.05],
  xi_135 = [5.42, 5.37, 5.60, 5.39, 5.13, 6.16, 5.26, 5.94, 6.17, 5.59, 5.50, 5.71, 5.56, 4.78, 5.10, 6.27, 5.14, 5.90, 6.33, 5.54],
  xi_136 = [5.46, 6.41, 5.10, 5.54, 5.88, 5.47, 5.58, 5.37, 4.96, 5.15, 4.79, 5.92, 5.69, 5.45, 4.75, 5.76, 6.08, 5.47, 6.69, 5.25],
  xi_137 = [5.72, 5.33, 6.01, 5.21, 5.75, 5.94, 6.30, 5.22, 4.93, 6.01, 5.43, 5.68, 4.95, 5.84, 5.17, 5.14, 5.02, 5.65, 5.62, 6.17],
  xi_138 = [5.63, 5.62, 5.57, 5.37, 5.73, 4.69, 6.23, 5.64, 5.52, 4.78, 4.76, 4.99, 4.95, 5.73, 5.45, 5.01, 5.61, 5.35, 5.41, 5.40],
  xi_139 = [5.51, 6.02, 5.50, 5.74, 5.41, 5.19, 5.27, 5.75, 5.13, 5.73, 5.09, 6.09, 5.63, 5.44, 5.15, 6.04, 6.30, 4.80, 6.19, 6.03],
  xi_1310 = [6.11, 5.57, 5.10, 5.18, 6.38, 5.73, 5.54, 5.72, 6.14, 5.25, 7.05, 5.42, 4.86, 5.15, 5.64, 6.27, 6.04, 5.45, 6.46, 4.75],
  xi_141 = [8.34, 9.21, 8.17, 8.36, 8.96, 8.99, 7.80, 7.21, 8.74, 9.72, 9.39, 8.30, 7.36, 7.72, 8.11, 7.98, 8.53, 8.86, 8.82, 8.14],
  xi_142 = [7.29, 7.77, 8.12, 10.00, 8.06, 8.41, 8.02, 8.80, 8.89, 8.27, 8.09, 8.09, 8.31, 8.29, 6.59, 8.04, 8.04, 9.90, 7.30, 9.69],
  xi_143 = [9.56, 8.29, 9.04, 8.49, 9.50, 9.23, 8.03, 10.00, 7.06, 7.35, 8.13, 8.93, 8.52, 8.55, 6.70, 10.00, 6.59, 10.00, 8.67, 9.50],
  xi_144 = [9.23, 8.80, 8.75, 9.27, 7.69, 9.24, 9.09, 7.49, 9.13, 8.61, 9.53, 8.22, 8.64, 7.32, 7.66, 9.53, 9.60, 8.58, 9.61, 10.00],
  xi_145 = [8.18, 8.67, 9.25, 9.07, 7.99, 7.96, 8.26, 8.86, 8.71, 8.39, 9.36, 7.72, 10.00, 9.72, 8.09, 9.14, 8.76, 8.12, 8.16, 9.39],
  xi_146 = [8.98, 8.89, 9.40, 8.58, 8.36, 8.08, 10.00, 10.00, 10.00, 10.00, 9.07, 7.86, 9.61, 8.16, 8.53, 8.61, 9.21, 8.67, 9.73, 8.36],
  xi_147 = [9.20, 7.13, 7.58, 8.13, 7.32, 10.00, 9.19, 9.53, 9.86, 8.36, 10.00, 10.00, 9.76, 9.19, 9.38, 9.08, 8.81, 7.83, 10.00, 9.77],
  xi_148 = [8.18, 9.25, 8.55, 9.95, 7.82, 8.57, 9.06, 7.47, 7.08, 10.00, 8.48, 9.61, 10.00, 7.98, 8.05, 8.35, 7.74, 7.50, 8.43, 10.00],
  xi_149 = [7.11, 7.47, 8.14, 9.67, 8.75, 10.00, 9.32, 8.79, 7.70, 7.04, 8.81, 8.03, 9.36, 9.39, 7.61, 8.64, 8.16, 6.63, 7.64, 9.19],
  xi_1410 = [8.52, 8.79, 8.73, 8.95, 9.50, 10.00, 8.75, 9.06, 8.60, 6.95, 8.82, 9.53, 8.27, 8.81, 9.12, 8.80, 9.04, 9.60, 7.33, 10.00],
  xi_151 = [5.95, 6.27, 5.86, 4.98, 6.02, 5.35, 5.51, 4.99, 4.90, 7.04, 5.88, 5.19, 4.97, 5.45, 5.87, 5.58, 5.72, 6.08, 5.10, 5.47],
  xi_152 = [5.76, 5.07, 5.28, 5.46, 4.83, 5.49, 5.40, 6.48, 5.44, 5.42, 5.65, 5.57, 4.96, 4.55, 6.68, 5.47, 6.16, 5.26, 5.69, 5.50],
  xi_153 = [4.94, 5.94, 4.72, 5.58, 6.04, 5.46, 5.63, 5.25, 5.37, 5.79, 6.31, 5.92, 5.84, 5.70, 5.61, 6.38, 4.43, 6.01, 5.32, 4.53],
  xi_154 = [5.42, 4.79, 4.61, 4.98, 5.60, 6.12, 5.52, 5.40, 5.49, 5.67, 6.43, 5.28, 4.98, 5.83, 5.29, 5.03, 5.78, 5.41, 5.52, 5.01],
  xi_155 = [5.73, 5.68, 5.71, 5.18, 5.95, 5.63, 5.28, 6.20, 5.95, 5.49, 5.40, 5.56, 4.98, 5.62, 5.05, 5.47, 5.24, 5.21, 6.48, 5.65],
  xi_156 = [5.12, 5.80, 4.83, 5.78, 5.30, 5.90, 5.16, 5.69, 5.29, 5.40, 6.02, 4.92, 5.09, 5.36, 5.92, 5.22, 5.26, 5.66, 6.67, 5.39],
  xi_157 = [5.56, 5.30, 5.34, 6.15, 5.29, 5.94, 5.49, 6.39, 5.42, 5.41, 5.40, 4.84, 5.43, 5.96, 5.59, 6.04, 5.19, 5.63, 4.90, 5.23],
  xi_158 = [5.24, 6.37, 5.42, 5.13, 5.16, 5.56, 5.34, 5.57, 5.53, 6.10, 5.21, 6.28, 5.52, 5.97, 5.54, 5.42, 5.19, 5.38, 6.22, 4.32],
  xi_159 = [5.50, 5.78, 5.02, 5.97, 6.44, 5.37, 4.85, 5.60, 5.18, 5.86, 5.63, 5.01, 5.30, 5.59, 5.44, 5.26, 5.69, 5.23, 5.09, 5.73],
  xi_1510 = [5.36, 5.09, 6.52, 5.46, 5.73, 6.11, 6.01, 5.37, 5.52, 5.00, 4.46, 6.29, 4.88, 5.97, 5.90, 5.70, 5.25, 5.97, 5.17, 5.36],
  xi_161 = [2.52, 2.55, 2.47, 2.49, 2.36, 2.55, 2.48, 2.50, 2.67, 2.48, 2.25, 2.47, 2.46, 2.59, 2.52, 2.33, 2.31, 2.61, 2.54, 2.42],
  xi_162 = [2.38, 2.45, 2.47, 2.49, 2.63, 2.58, 2.29, 2.25, 2.42, 2.44, 2.56, 2.68, 2.60, 2.39, 2.41, 2.51, 2.46, 2.60, 2.52, 2.52],
  xi_163 = [2.48, 2.69, 2.44, 2.60, 2.59, 2.68, 2.52, 2.65, 2.48, 2.43, 2.33, 2.61, 2.73, 2.50, 2.67, 2.45, 2.50, 2.59, 2.54, 2.50],
  xi_164 = [2.58, 2.43, 2.56, 2.27, 2.45, 2.57, 2.53, 2.48, 2.92, 2.40, 2.50, 2.53, 2.42, 2.47, 2.49, 2.60, 2.41, 2.59, 2.51, 2.58],
  xi_165 = [2.50, 2.59, 2.41, 2.62, 2.61, 2.50, 2.65, 2.30, 2.49, 2.70, 2.43, 2.17, 2.40, 2.44, 2.49, 2.41, 2.37, 2.49, 2.46, 2.38],
  xi_166 = [2.52, 2.35, 2.46, 2.44, 2.52, 2.55, 2.77, 2.76, 2.49, 2.48, 2.33, 2.57, 2.33, 2.41, 2.37, 2.33, 2.47, 2.42, 2.50, 2.69],
  xi_167 = [2.49, 2.56, 2.32, 2.63, 2.37, 2.30, 2.47, 2.53, 2.45, 2.64, 2.39, 2.60, 2.37, 2.44, 2.45, 2.52, 2.67, 2.41, 2.67, 2.50],
  xi_168 = [2.52, 2.59, 2.64, 2.44, 2.43, 2.39, 2.59, 2.47, 2.67, 2.55, 2.48, 2.63, 2.24, 2.49, 2.48, 2.38, 2.51, 2.58, 2.71, 2.70],
  xi_169 = [2.47, 2.45, 2.48, 2.59, 2.63, 2.46, 2.66, 2.76, 2.44, 2.47, 2.40, 2.51, 2.53, 2.36, 2.34, 2.56, 2.43, 2.56, 2.68, 2.39],
  xi_1610 = [2.53, 2.67, 2.48, 2.59, 2.50, 2.60, 2.60, 2.45, 2.60, 2.49, 2.56, 2.45, 2.43, 2.77, 2.27, 2.65, 2.62, 2.55, 2.48, 2.25],
  xi_171 = [8.93, 9.51, 7.92, 9.04, 8.10, 8.56, 8.91, 9.54, 9.41, 10.00, 6.79, 8.12, 7.20, 7.19, 7.03, 9.59, 10.00, 9.11, 7.88, 6.81],
  xi_172 = [7.99, 8.34, 8.35, 10.00, 10.00, 9.58, 9.66, 8.81, 7.76, 8.27, 7.50, 8.04, 8.33, 7.82, 8.75, 8.21, 8.34, 8.14, 8.94, 7.14],
  xi_173 = [9.53, 9.09, 8.84, 8.89, 8.81, 8.25, 10.00, 8.49, 6.95, 7.76, 7.80, 8.92, 7.84, 8.92, 7.90, 8.76, 8.18, 9.40, 7.31, 7.64],
  xi_174 = [7.49, 9.28, 9.74, 10.00, 8.50, 10.00, 8.09, 8.87, 8.12, 8.08, 10.00, 9.84, 10.00, 7.29, 7.64, 8.40, 9.40, 8.84, 9.09, 7.67],
  xi_175 = [9.82, 10.00, 7.67, 9.50, 6.73, 9.82, 9.37, 7.48, 9.51, 9.26, 7.46, 7.84, 8.07, 9.43, 8.51, 8.10, 8.33, 7.22, 8.35, 8.11],
  xi_176 = [9.22, 7.99, 9.46, 7.78, 8.75, 8.30, 7.73, 9.18, 7.84, 8.08, 8.75, 7.11, 8.87, 10.00, 8.90, 7.41, 7.76, 9.49, 8.42, 9.85],
  xi_177 = [7.63, 8.83, 8.71, 7.42, 7.43, 9.16, 8.45, 8.72, 9.17, 8.54, 8.28, 7.82, 8.62, 8.48, 7.80, 8.84, 7.53, 8.46, 8.51, 8.00],
  xi_178 = [8.27, 9.45, 10.00, 8.26, 7.31, 9.04, 8.03, 9.20, 8.64, 10.00, 8.22, 8.26, 7.29, 8.59, 7.45, 7.55, 8.34, 7.20, 8.05, 8.34],
  xi_179 = [9.66, 9.55, 8.24, 7.81, 8.39, 9.60, 9.66, 7.93, 9.48, 9.46, 10.00, 9.37, 9.62, 8.27, 8.66, 8.50, 10.00, 9.56, 8.15, 7.81],
  xi_1710 = [8.54, 8.26, 8.75, 8.79, 8.85, 8.98, 8.53, 7.97, 7.29, 7.90, 7.76, 8.52, 8.63, 7.80, 8.10, 8.89, 7.63, 8.48, 8.17, 9.86],
  xi_181 = [5.50, 5.44, 6.43, 5.04, 5.82, 6.50, 5.91, 5.32, 5.87, 4.99, 4.81, 6.03, 5.51, 5.54, 5.20, 5.38, 5.20, 4.93, 6.39, 5.38],
  xi_182 = [5.53, 5.86, 5.43, 5.06, 5.08, 5.74, 5.09, 5.68, 4.97, 5.92, 5.02, 5.89, 5.94, 5.40, 5.10, 5.20, 5.20, 5.21, 5.25, 5.03],
  xi_183 = [5.43, 6.64, 5.70, 6.05, 5.13, 5.72, 5.36, 5.22, 5.53, 6.08, 4.96, 5.86, 4.96, 5.60, 4.96, 5.40, 5.79, 4.73, 6.17, 4.49],
  xi_184 = [5.77, 5.06, 5.02, 5.48, 5.64, 5.06, 5.86, 6.39, 5.35, 5.73, 5.63, 4.99, 5.43, 4.95, 5.49, 5.85, 5.50, 5.29, 5.83, 5.79],
  xi_185 = [5.15, 5.11, 5.15, 5.40, 4.54, 5.63, 5.69, 5.78, 5.16, 5.06, 5.21, 6.03, 4.86, 6.20, 5.68, 6.47, 6.02, 5.61, 5.07, 5.56],
  xi_186 = [6.12, 6.36, 5.57, 5.38, 5.13, 6.31, 5.35, 5.33, 5.00, 5.20, 6.18, 5.61, 4.91, 5.52, 5.27, 6.65, 4.82, 5.56, 5.43, 5.08],
  xi_187 = [5.22, 5.45, 4.91, 5.31, 5.61, 5.76, 5.81, 4.83, 5.06, 5.82, 5.73, 6.30, 5.22, 5.97, 5.57, 5.90, 5.36, 5.04, 5.79, 5.74],
  xi_188 = [6.18, 4.94, 5.07, 5.49, 4.93, 5.10, 5.97, 4.79, 5.01, 5.57, 5.94, 4.97, 6.33, 5.01, 5.90, 5.97, 5.22, 5.88, 5.83, 5.47],
  xi_189 = [5.58, 6.10, 5.35, 6.22, 5.99, 5.10, 5.11, 5.50, 5.86, 5.57, 5.52, 4.96, 5.83, 5.43, 5.42, 4.59, 5.02, 5.44, 6.15, 6.12],
  xi_1810 = [5.32, 6.71, 4.87, 5.80, 5.67, 5.61, 5.61, 5.81, 4.78, 5.10, 5.42, 5.50, 5.38, 5.59, 5.96, 5.87, 5.59, 5.92, 4.85, 4.93],
  xi_191 = [8.95, 8.08, 10.00, 8.90, 8.27, 8.94, 7.66, 7.14, 8.50, 8.29, 8.00, 7.08, 7.70, 8.98, 7.05, 7.55, 8.56, 8.92, 7.94, 8.22],
  xi_192 = [7.85, 8.12, 8.92, 6.85, 9.05, 7.05, 8.00, 6.81, 7.99, 8.98, 8.51, 8.20, 6.48, 9.05, 8.10, 8.39, 10.00, 8.91, 7.94, 9.10],
  xi_193 = [9.30, 8.15, 8.57, 9.79, 8.19, 7.47, 8.10, 9.22, 8.59, 9.60, 10.00, 7.57, 7.31, 8.68, 10.00, 9.03, 10.00, 9.14, 8.18, 8.06],
  xi_194 = [8.73, 8.16, 8.89, 7.63, 9.01, 8.56, 8.57, 8.69, 8.74, 9.50, 8.01, 7.54, 8.61, 8.17, 7.74, 10.00, 8.07, 7.80, 7.51, 9.06],
  xi_195 = [8.70, 8.11, 7.87, 8.24, 7.76, 8.18, 9.96, 8.80, 7.91, 8.87, 6.97, 7.48, 9.51, 8.12, 8.32, 9.07, 8.67, 7.82, 9.77, 8.17],
  xi_196 = [8.79, 8.97, 8.10, 7.59, 8.97, 9.16, 9.18, 10.00, 7.84, 8.00, 10.00, 8.29, 9.56, 9.23, 8.07, 7.09, 8.24, 8.90, 7.18, 8.78],
  xi_197 = [10.00, 8.22, 9.10, 8.53, 8.89, 9.21, 8.04, 7.43, 9.14, 8.27, 8.07, 10.00, 9.82, 8.95, 6.94, 8.80, 8.15, 7.35, 8.11, 8.50],
  xi_198 = [9.22, 9.45, 8.96, 8.92, 8.24, 7.18, 8.76, 7.69, 9.34, 9.66, 9.29, 10.00, 9.09, 7.62, 9.87, 8.78, 7.83, 9.86, 10.00, 8.40],
  xi_199 = [10.00, 9.80, 8.75, 9.04, 9.02, 9.06, 9.55, 7.92, 8.10, 7.87, 8.13, 7.76, 9.34, 7.08, 9.17, 9.14, 8.77, 8.12, 10.00, 8.69],
  xi_1910 = [7.14, 10.00, 8.48, 8.55, 6.74, 8.50, 8.25, 8.45, 9.01, 7.03, 7.33, 8.85, 6.74, 7.10, 7.26, 8.00, 8.80, 8.71, 8.49, 8.97],
  xi_201 = [5.94, 5.70, 5.70, 5.08, 5.57, 5.53, 5.59, 5.31, 5.04, 5.86, 6.08, 6.07, 4.75, 5.45, 6.11, 5.52, 5.15, 6.21, 4.79, 5.65],
  xi_202 = [5.31, 6.04, 6.53, 5.39, 5.59, 5.60, 5.53, 5.23, 5.94, 5.45, 5.49, 5.32, 5.37, 5.26, 4.97, 6.43, 4.98, 5.10, 5.53, 4.87],
  xi_203 = [5.22, 5.30, 5.48, 5.34, 5.59, 5.38, 4.17, 5.43, 5.04, 5.27, 4.96, 5.97, 6.04, 5.46, 5.32, 5.40, 6.51, 5.35, 6.18, 5.56],
  xi_204 = [6.03, 5.59, 5.74, 5.65, 5.14, 5.72, 4.54, 5.51, 5.82, 5.22, 5.30, 5.69, 4.74, 5.27, 5.97, 5.26, 5.84, 4.63, 6.19, 4.66],
  xi_205 = [4.65, 6.56, 5.96, 5.31, 5.54, 5.72, 5.77, 5.29, 5.62, 5.56, 6.39, 5.36, 5.13, 6.14, 4.95, 5.36, 5.34, 5.22, 5.22, 5.86],
  xi_206 = [5.17, 5.44, 4.76, 5.79, 5.22, 5.91, 5.66, 5.55, 5.47, 5.35, 5.30, 6.23, 5.72, 5.10, 5.32, 5.71, 5.13, 4.84, 5.59, 5.86],
  xi_207 = [5.68, 5.41, 5.41, 4.89, 4.94, 5.37, 5.01, 5.15, 5.89, 5.52, 5.18, 5.93, 4.75, 5.41, 5.46, 5.34, 6.34, 5.31, 6.01, 5.98],
  xi_208 = [5.26, 5.93, 5.37, 6.03, 6.33, 5.27, 5.54, 4.97, 5.53, 4.21, 5.62, 5.43, 5.04, 5.63, 6.95, 6.03, 5.67, 6.24, 5.23, 6.50],
  xi_209 = [5.60, 5.02, 5.70, 5.84, 6.31, 5.20, 4.78, 5.31, 5.68, 5.40, 5.46, 4.60, 4.93, 5.53, 5.06, 5.18, 5.83, 4.92, 5.28, 5.32],
  xi_2010 = [6.40, 5.49, 5.01, 5.66, 5.04, 5.00, 5.67, 5.46, 5.79, 5.32, 5.57, 5.62, 5.25, 5.42, 5.79, 6.41, 5.88, 5.90, 5.28, 5.81],
  xi_211 = [8.53, 8.60, 8.05, 7.61, 7.93, 10.00, 10.00, 9.21, 10.00, 7.53, 7.58, 9.13, 6.67, 9.64, 10.00, 8.69, 9.29, 9.69, 9.50, 10.00],
  xi_212 = [7.91, 8.48, 9.35, 7.71, 10.00, 8.94, 8.51, 8.63, 7.80, 8.48, 9.86, 9.64, 8.32, 8.47, 8.93, 7.92, 7.02, 8.42, 7.77, 10.00],
  xi_213 = [8.80, 7.40, 8.66, 9.42, 9.40, 8.85, 8.12, 7.94, 8.72, 8.80, 8.50, 7.95, 8.88, 7.84, 7.85, 8.20, 9.51, 10.00, 8.26, 7.27],
  xi_214 = [7.00, 9.46, 8.27, 8.81, 8.14, 9.86, 7.93, 9.96, 7.38, 9.43, 8.79, 8.60, 9.06, 8.42, 9.54, 8.71, 8.32, 7.95, 8.56, 10.00],
  xi_215 = [8.74, 9.02, 9.11, 8.27, 8.89, 9.69, 8.24, 9.55, 7.77, 7.89, 8.28, 7.05, 7.60, 8.96, 7.64, 8.20, 9.14, 8.52, 8.84, 9.25],
  xi_216 = [8.01, 8.09, 9.10, 8.51, 9.20, 9.66, 7.64, 8.86, 8.88, 9.07, 9.91, 8.28, 8.86, 8.85, 8.26, 7.87, 9.80, 10.00, 7.48, 8.42],
  xi_217 = [7.22, 7.37, 7.84, 7.89, 8.20, 7.48, 9.05, 7.61, 8.00, 7.55, 8.69, 8.29, 9.14, 8.11, 7.78, 7.78, 7.87, 8.61, 9.98, 7.34],
  xi_218 = [9.54, 8.39, 7.84, 8.22, 8.03, 9.49, 8.21, 7.97, 9.16, 9.61, 8.35, 8.12, 9.58, 10.00, 9.82, 10.00, 8.46, 6.54, 7.71, 6.39],
  xi_219 = [9.91, 8.17, 8.49, 9.36, 9.41, 7.12, 7.12, 8.02, 10.00, 8.70, 7.09, 8.70, 7.35, 7.57, 9.55, 7.93, 9.66, 8.23, 9.18, 9.09],
  xi_2110 = [8.92, 8.78, 8.77, 8.39, 7.71, 8.89, 9.58, 9.28, 8.58, 10.00, 7.30, 8.26, 9.15, 8.96, 9.01, 10.00, 7.61, 8.83, 8.88, 8.23],
  xi_221 = [8.05, 8.35, 10.00, 9.61, 7.42, 8.02, 7.64, 7.80, 8.04, 9.82, 7.96, 7.93, 8.41, 8.84, 8.37, 10.00, 8.35, 8.10, 10.00, 8.03],
  xi_222 = [8.99, 7.16, 9.16, 8.74, 9.23, 10.00, 9.01, 7.43, 7.28, 9.15, 9.18, 8.15, 8.45, 7.80, 8.98, 9.01, 10.00, 9.33, 8.27, 8.33],
  xi_223 = [7.94, 8.32, 7.81, 7.40, 8.22, 8.66, 7.91, 9.43, 8.87, 7.81, 9.17, 8.28, 9.23, 9.00, 7.83, 9.80, 7.93, 8.23, 8.25, 8.01],
  xi_224 = [7.72, 7.70, 8.76, 8.29, 8.84, 7.67, 8.55, 7.67, 8.97, 8.41, 6.79, 8.49, 9.99, 8.94, 10.00, 8.19, 7.72, 9.10, 9.71, 8.43],
  xi_225 = [8.20, 7.30, 7.22, 8.46, 7.97, 9.27, 8.02, 7.97, 8.51, 6.85, 8.76, 9.58, 8.39, 6.88, 8.22, 8.01, 8.57, 7.79, 8.16, 9.34],
  xi_226 = [7.72, 8.31, 9.29, 8.96, 6.84, 8.83, 7.43, 9.57, 7.86, 8.47, 9.06, 8.46, 8.17, 8.33, 7.85, 7.68, 10.00, 8.18, 7.32, 8.91],
  xi_227 = [8.29, 7.63, 8.37, 7.05, 8.45, 9.52, 8.46, 8.30, 7.42, 7.95, 8.25, 8.56, 8.35, 7.45, 9.35, 10.00, 8.01, 8.01, 8.80, 9.60],
  xi_228 = [7.64, 8.40, 6.67, 8.25, 8.70, 8.84, 8.62, 8.60, 7.54, 8.49, 7.13, 8.89, 9.33, 8.44, 7.75, 8.31, 9.12, 8.79, 10.00, 8.88],
  xi_229 = [9.02, 8.78, 10.00, 9.69, 8.49, 8.18, 7.69, 10.00, 9.86, 8.48, 7.77, 10.00, 8.04, 7.88, 8.33, 8.14, 10.00, 8.00, 9.51, 9.11],
  xi_2210 = [8.44, 7.73, 9.26, 7.88, 7.29, 8.94, 8.49, 6.98, 8.98, 9.53, 7.40, 8.76, 8.17, 8.62, 8.23, 9.61, 7.38, 8.58, 8.31, 8.80],
  xi_231 = [5.22, 5.56, 6.03, 5.10, 6.62, 5.22, 6.15, 5.86, 5.19, 5.45, 5.82, 5.56, 5.40, 5.54, 5.66, 5.70, 5.81, 6.10, 5.92, 4.79],
  xi_232 = [5.69, 5.32, 6.07, 5.62, 4.77, 4.50, 5.20, 5.12, 5.50, 6.22, 5.80, 4.93, 5.70, 5.71, 5.81, 5.98, 6.22, 5.57, 5.63, 5.45],
  xi_233 = [5.05, 4.85, 5.12, 5.68, 6.07, 5.25, 4.95, 5.89, 5.03, 5.55, 5.54, 6.05, 5.41, 5.23, 5.02, 5.94, 5.56, 5.39, 5.83, 5.25],
  xi_234 = [5.19, 4.66, 5.61, 5.17, 5.83, 5.11, 5.78, 5.80, 5.97, 5.68, 5.42, 5.27, 6.04, 5.69, 5.66, 6.09, 5.89, 5.33, 4.74, 5.11],
  xi_235 = [5.20, 5.24, 5.35, 5.24, 6.14, 5.88, 5.29, 6.42, 5.38, 6.00, 5.83, 5.39, 5.57, 6.26, 5.19, 5.78, 6.57, 5.78, 5.26, 4.69],
  xi_236 = [5.70, 5.43, 5.30, 5.24, 5.55, 5.78, 6.08, 5.38, 6.27, 5.62, 5.27, 5.23, 6.03, 5.38, 5.68, 5.96, 5.87, 4.86, 4.33, 5.15],
  xi_237 = [5.94, 4.88, 5.40, 5.48, 5.66, 6.60, 4.97, 5.89, 6.19, 4.94, 5.58, 5.50, 5.58, 5.06, 5.83, 5.66, 4.69, 5.91, 6.63, 5.36],
  xi_238 = [5.86, 5.15, 6.54, 5.28, 6.46, 5.25, 4.67, 6.95, 5.13, 5.05, 5.60, 5.16, 5.36, 6.82, 5.18, 5.21, 5.95, 5.70, 5.86, 5.19],
  xi_239 = [5.00, 5.76, 6.20, 5.43, 4.76, 5.27, 5.59, 5.49, 4.97, 5.34, 5.45, 6.28, 5.84, 5.90, 5.30, 5.94, 5.68, 5.85, 5.14, 5.57],
  xi_2310 = [4.99, 4.87, 6.29, 5.72, 5.76, 4.87, 5.75, 5.18, 4.97, 5.19, 6.25, 6.23, 5.13, 5.23, 5.84, 4.98, 5.52, 5.11, 5.39, 5.87],
  xi_241 = [7.92, 8.74, 10.00, 9.13, 9.12, 7.49, 8.97, 8.05, 8.07, 8.64, 9.00, 8.22, 10.00, 9.74, 8.66, 9.13, 8.25, 9.90, 9.38, 10.00],
  xi_242 = [9.21, 8.65, 8.78, 8.52, 9.46, 8.18, 8.51, 9.14, 9.29, 9.22, 8.96, 8.58, 9.22, 8.87, 8.35, 8.19, 8.49, 8.66, 7.84, 9.62],
  xi_243 = [8.45, 9.43, 7.95, 8.25, 9.77, 7.76, 7.97, 7.84, 7.97, 8.40, 8.52, 9.19, 8.67, 7.65, 8.33, 7.88, 7.43, 7.77, 8.74, 6.96],
  xi_244 = [9.77, 9.59, 10.00, 9.14, 9.97, 9.02, 9.45, 7.33, 9.58, 9.71, 6.94, 8.47, 8.92, 8.33, 10.00, 7.99, 8.29, 7.58, 9.02, 8.51],
  xi_245 = [7.65, 6.94, 7.30, 8.15, 8.20, 9.13, 7.85, 8.89, 7.39, 7.68, 8.15, 10.00, 8.61, 7.43, 8.77, 7.66, 7.81, 8.68, 7.23, 8.74],
  xi_246 = [7.16, 8.16, 8.43, 8.77, 9.21, 8.59, 10.00, 8.82, 7.85, 7.40, 10.00, 7.24, 9.29, 8.25, 7.69, 10.00, 8.42, 8.12, 8.26, 7.92],
  xi_247 = [8.49, 9.60, 8.33, 9.76, 9.55, 7.81, 8.40, 10.00, 7.87, 7.59, 7.58, 9.05, 8.74, 8.13, 6.84, 7.33, 6.87, 8.73, 7.93, 7.92],
  xi_248 = [7.57, 7.38, 8.79, 7.69, 7.95, 9.01, 8.89, 8.04, 8.29, 8.44, 8.06, 8.69, 10.00, 8.95, 8.53, 9.71, 9.79, 8.48, 9.72, 9.85],
  xi_249 = [9.70, 7.93, 8.06, 7.19, 8.38, 7.84, 9.19, 9.33, 8.43, 9.88, 7.79, 8.97, 8.20, 8.25, 8.81, 8.46, 8.61, 10.00, 7.54, 8.83],
  xi_2410 = [8.13, 8.26, 8.34, 9.34, 8.27, 7.18, 7.94, 8.98, 9.22, 9.19, 8.51, 9.31, 6.71, 8.05, 8.45, 9.56, 8.23, 7.68, 9.18, 8.30],
  xi_251 = [5.78, 4.99, 5.99, 4.80, 5.94, 6.30, 5.92, 6.25, 5.13, 4.45, 5.32, 5.87, 5.65, 5.82, 5.81, 4.76, 5.41, 5.36, 4.87, 5.49],
  xi_252 = [5.23, 5.18, 5.54, 5.26, 5.64, 5.18, 5.07, 5.41, 4.55, 5.30, 6.06, 5.12, 5.83, 5.35, 4.90, 6.04, 4.61, 5.15, 5.25, 5.28],
  xi_253 = [5.42, 5.41, 5.57, 5.35, 5.63, 5.57, 5.10, 5.91, 5.22, 5.19, 5.56, 5.86, 5.76, 5.99, 4.65, 4.67, 4.84, 5.06, 5.52, 5.29],
  xi_254 = [5.50, 5.35, 5.87, 5.62, 5.44, 4.72, 5.91, 6.75, 6.19, 5.36, 4.93, 5.27, 5.97, 5.55, 4.93, 4.90, 6.09, 6.40, 5.01, 5.84],
  xi_255 = [4.81, 5.18, 5.07, 5.39, 5.61, 5.17, 5.79, 5.83, 5.90, 5.92, 5.82, 5.69, 5.41, 6.40, 5.25, 5.35, 5.59, 5.79, 5.45, 5.28],
  xi_256 = [5.45, 5.28, 5.27, 5.33, 5.82, 6.40, 5.76, 5.89, 5.81, 4.96, 6.38, 4.89, 5.28, 4.97, 5.26, 5.98, 4.80, 4.71, 5.68, 5.36],
  xi_257 = [5.44, 6.15, 5.95, 5.56, 5.51, 5.24, 5.33, 5.17, 5.58, 5.22, 4.61, 4.33, 4.93, 5.68, 5.65, 5.83, 5.12, 5.06, 5.51, 5.55],
  xi_258 = [6.27, 5.52, 5.83, 4.90, 5.31, 6.83, 5.10, 5.22, 6.01, 5.60, 4.79, 6.72, 5.89, 5.60, 5.37, 5.38, 5.30, 5.38, 5.55, 5.30],
  xi_259 = [5.83, 5.71, 5.18, 4.69, 4.88, 5.25, 6.27, 4.59, 4.86, 5.26, 5.10, 5.96, 5.42, 6.04, 5.09, 4.94, 6.03, 5.37, 5.19, 5.44],
  xi_2510 = [5.22, 5.83, 5.34, 5.23, 5.71, 5.31, 6.28, 5.64, 5.18, 5.94, 5.37, 5.67, 5.08, 5.55, 5.19, 5.56, 5.20, 4.90, 5.22, 5.65],
  xi_261 = [6.59, 9.47, 7.36, 9.13, 8.62, 7.19, 6.67, 7.82, 8.81, 8.40, 8.90, 8.58, 8.82, 9.68, 8.06, 8.14, 8.48, 8.12, 7.91, 9.56],
  xi_262 = [8.51, 8.96, 7.37, 9.03, 8.92, 7.27, 8.16, 6.56, 8.08, 10.00, 8.50, 8.88, 8.66, 8.73, 7.20, 7.54, 7.04, 8.62, 8.76, 7.71],
  xi_263 = [8.09, 8.81, 8.27, 8.87, 8.57, 9.27, 8.33, 7.81, 7.49, 8.03, 7.56, 8.92, 8.20, 8.21, 10.00, 7.47, 7.35, 8.82, 7.18, 9.06],
  xi_264 = [6.52, 7.13, 7.65, 10.00, 9.13, 8.75, 7.32, 9.91, 8.36, 7.56, 8.52, 7.65, 6.87, 8.24, 9.13, 8.59, 8.38, 7.33, 7.72, 8.27],
  xi_265 = [8.54, 9.24, 8.47, 7.54, 8.15, 9.43, 8.26, 9.62, 7.05, 7.19, 7.66, 9.55, 8.57, 7.78, 9.07, 8.43, 9.39, 10.00, 9.82, 9.08],
  xi_266 = [9.59, 8.19, 8.86, 7.89, 6.48, 8.55, 7.06, 8.92, 7.90, 8.11, 7.83, 8.40, 9.14, 8.86, 8.68, 8.29, 8.30, 10.00, 7.87, 9.18],
  xi_267 = [8.44, 7.50, 8.09, 7.97, 10.00, 8.11, 8.71, 7.79, 8.77, 10.00, 9.51, 8.85, 9.61, 7.90, 8.39, 7.87, 8.15, 8.21, 9.13, 8.78],
  xi_268 = [8.59, 7.33, 7.00, 8.28, 8.49, 7.53, 8.20, 8.09, 8.05, 9.24, 7.41, 8.71, 7.59, 7.75, 9.08, 9.39, 7.33, 8.05, 7.63, 9.35],
  xi_269 = [8.94, 9.45, 6.97, 6.65, 9.51, 10.00, 8.54, 8.06, 9.36, 7.82, 9.59, 8.87, 9.10, 7.95, 8.40, 10.00, 8.11, 9.35, 9.66, 7.27],
  xi_2610 = [10.00, 7.87, 9.10, 8.67, 9.09, 8.24, 7.90, 9.07, 8.28, 9.57, 8.34, 7.84, 8.43, 8.01, 8.34, 7.10, 8.20, 7.81, 8.70, 8.19],
  xi_271 = [8.10, 8.74, 9.08, 7.58, 8.96, 8.10, 7.89, 9.13, 7.79, 8.02, 8.92, 7.44, 8.00, 9.25, 9.33, 8.43, 8.38, 8.17, 7.71, 8.53],
  xi_272 = [8.51, 10.00, 7.73, 7.06, 7.59, 8.33, 9.29, 9.51, 9.58, 8.76, 8.53, 7.62, 7.10, 8.91, 6.30, 7.10, 9.36, 7.82, 9.90, 9.10],
  xi_273 = [7.26, 8.21, 9.24, 8.56, 8.18, 8.48, 8.47, 8.84, 9.43, 7.90, 8.04, 8.19, 8.36, 8.01, 6.90, 7.52, 9.62, 8.07, 9.18, 8.58],
  xi_274 = [8.99, 8.15, 7.23, 8.20, 7.69, 9.41, 8.49, 9.02, 8.45, 7.39, 9.04, 10.00, 8.22, 7.98, 8.36, 7.78, 9.95, 7.67, 8.42, 8.69],
  xi_275 = [7.77, 7.95, 7.33, 9.10, 7.90, 9.15, 6.83, 8.59, 8.27, 8.39, 6.30, 8.80, 7.56, 6.89, 9.92, 8.59, 9.04, 8.13, 8.21, 10.00],
  xi_276 = [9.64, 9.61, 10.00, 7.94, 7.04, 7.62, 7.23, 8.21, 8.16, 9.11, 9.30, 8.56, 8.67, 8.34, 8.32, 9.32, 8.49, 8.29, 8.39, 7.74],
  xi_277 = [7.21, 7.73, 6.75, 7.84, 8.50, 8.43, 9.47, 6.46, 9.19, 8.81, 6.95, 7.97, 8.99, 8.66, 7.81, 8.59, 10.00, 7.63, 7.77, 9.18],
  xi_278 = [8.01, 8.25, 9.68, 7.55, 8.61, 8.98, 8.19, 8.39, 7.35, 7.74, 9.99, 8.21, 8.25, 8.73, 8.88, 8.29, 8.62, 10.00, 8.92, 9.29],
  xi_279 = [7.97, 7.08, 8.29, 6.79, 9.28, 7.90, 8.86, 7.53, 7.78, 7.69, 6.97, 7.71, 8.87, 9.05, 7.53, 7.68, 10.00, 6.48, 7.17, 7.80],
  xi_2710 = [7.29, 7.33, 8.00, 9.99, 7.76, 7.76, 7.70, 8.16, 9.71, 9.84, 8.95, 7.98, 7.60, 8.23, 8.61, 9.56, 7.79, 7.43, 7.93, 10.00],
  xi_281 = [2.55, 2.75, 2.66, 2.61, 2.67, 2.43, 2.70, 2.59, 2.47, 2.49, 2.50, 2.58, 2.61, 2.52, 2.45, 2.59, 2.37, 2.47, 2.47, 2.48],
  xi_282 = [2.54, 2.35, 2.52, 2.64, 2.31, 2.65, 2.29, 2.29, 2.46, 2.36, 2.56, 2.51, 2.49, 2.57, 2.48, 2.45, 2.42, 2.56, 2.42, 2.59],
  xi_283 = [2.28, 2.46, 2.46, 2.43, 2.49, 2.44, 2.42, 2.54, 2.55, 2.52, 2.55, 2.56, 2.48, 2.23, 2.78, 2.63, 2.48, 2.53, 2.52, 2.41],
  xi_284 = [2.50, 2.31, 2.55, 2.51, 2.51, 2.37, 2.66, 2.55, 2.46, 2.54, 2.61, 2.36, 2.42, 2.56, 2.35, 2.58, 2.61, 2.49, 2.61, 2.67],
  xi_285 = [2.62, 2.53, 2.52, 2.48, 2.55, 2.50, 2.61, 2.47, 2.37, 2.56, 2.41, 2.54, 2.69, 2.56, 2.57, 2.53, 2.51, 2.37, 2.69, 2.59],
  xi_286 = [2.26, 2.34, 2.43, 2.60, 2.56, 2.50, 2.37, 2.58, 2.37, 2.32, 2.61, 2.62, 2.54, 2.43, 2.54, 2.37, 2.35, 2.43, 2.61, 2.71],
  xi_287 = [2.36, 2.69, 2.56, 2.71, 2.75, 2.43, 2.46, 2.53, 2.55, 2.53, 2.52, 2.49, 2.57, 2.51, 2.92, 2.49, 2.63, 2.51, 2.56, 2.52],
  xi_288 = [2.51, 2.43, 2.71, 2.51, 2.56, 2.51, 2.43, 2.47, 2.52, 2.60, 2.43, 2.42, 2.38, 2.39, 2.57, 2.53, 2.77, 2.55, 2.36, 2.36],
  xi_289 = [2.46, 2.61, 2.62, 2.42, 2.30, 2.48, 2.54, 2.43, 2.54, 2.68, 2.63, 2.56, 2.78, 2.54, 2.38, 2.23, 2.54, 2.52, 2.69, 2.53],
  xi_2810 = [2.54, 2.45, 2.52, 2.49, 2.62, 2.56, 2.64, 2.48, 2.71, 2.43, 2.43, 2.58, 2.63, 2.57, 2.84, 2.45, 2.58, 2.38, 2.49, 2.47],
  xi_291 = [8.44, 8.33, 8.34, 8.28, 7.45, 9.09, 7.99, 8.85, 8.59, 8.67, 7.92, 7.92, 8.91, 7.39, 8.59, 9.17, 7.58, 9.03, 9.14, 9.76],
  xi_292 = [7.84, 7.19, 8.45, 8.35, 8.38, 7.72, 8.73, 8.06, 8.23, 8.95, 8.17, 7.07, 10.00, 7.42, 10.00, 7.38, 9.21, 10.00, 8.67, 7.49],
  xi_293 = [7.99, 8.31, 8.28, 7.61, 8.13, 8.22, 7.95, 9.44, 7.20, 8.95, 10.00, 7.38, 8.09, 7.65, 8.51, 8.54, 8.19, 7.59, 7.84, 8.12],
  xi_294 = [10.00, 8.30, 8.90, 8.67, 9.08, 6.95, 7.81, 8.30, 8.36, 8.73, 9.55, 8.45, 9.16, 10.00, 7.59, 8.25, 9.28, 7.91, 10.00, 10.00],
  xi_295 = [7.68, 9.88, 9.15, 7.63, 9.69, 8.12, 6.74, 10.00, 8.39, 9.98, 8.29, 7.84, 7.28, 8.76, 8.42, 7.50, 7.58, 9.53, 9.31, 8.06],
  xi_296 = [7.85, 8.61, 8.91, 8.41, 8.11, 6.71, 9.57, 8.30, 8.75, 7.88, 10.00, 8.34, 8.37, 8.13, 7.34, 7.59, 8.80, 8.66, 8.73, 8.71],
  xi_297 = [8.74, 7.58, 7.90, 8.54, 9.52, 9.05, 8.19, 7.18, 8.54, 9.41, 9.44, 7.96, 8.48, 8.64, 9.15, 7.69, 7.37, 8.80, 7.84, 7.85],
  xi_298 = [8.86, 8.60, 9.31, 7.40, 8.15, 8.34, 8.19, 9.36, 9.25, 9.70, 9.30, 10.00, 8.78, 7.66, 6.94, 10.00, 9.07, 9.94, 8.38, 6.37],
  xi_299 = [8.21, 9.64, 8.63, 7.29, 7.94, 8.80, 8.66, 7.47, 8.95, 8.18, 9.82, 7.29, 9.33, 8.84, 8.75, 8.22, 10.00, 9.54, 10.00, 9.51],
  xi_2910 = [9.97, 8.85, 6.22, 8.75, 7.67, 7.97, 8.66, 9.38, 8.06, 9.22, 7.19, 9.67, 8.98, 9.51, 8.39, 9.47, 9.21, 8.08, 8.32, 9.28],
  xi_301 = [7.25, 8.87, 9.11, 8.94, 9.25, 8.57, 8.32, 8.33, 7.90, 10.00, 7.06, 8.70, 7.90, 9.24, 6.32, 9.49, 7.67, 7.11, 7.64, 7.78],
  xi_302 = [9.79, 8.62, 8.62, 7.67, 9.59, 10.00, 7.79, 7.70, 8.17, 7.78, 7.77, 8.09, 9.80, 8.04, 8.93, 9.47, 8.93, 10.00, 8.81, 9.40],
  xi_303 = [8.53, 8.48, 8.11, 8.25, 9.41, 8.35, 8.71, 8.89, 8.50, 8.22, 9.98, 8.95, 8.23, 7.30, 8.90, 9.08, 8.42, 7.54, 8.70, 9.14],
  xi_304 = [8.57, 9.03, 8.68, 9.00, 7.66, 8.38, 7.82, 9.77, 7.75, 8.72, 9.05, 7.95, 8.77, 8.93, 8.37, 7.45, 7.52, 9.62, 8.78, 10.00],
  xi_305 = [8.33, 8.15, 8.94, 9.50, 8.11, 9.64, 8.62, 9.09, 8.68, 9.19, 7.38, 7.22, 8.42, 9.43, 8.35, 8.12, 7.63, 8.07, 8.20, 8.24],
  xi_306 = [6.82, 7.67, 8.22, 8.57, 9.42, 8.16, 9.39, 8.51, 8.61, 9.84, 8.39, 8.48, 8.16, 8.97, 7.39, 8.74, 7.91, 9.63, 8.96, 8.07],
  xi_307 = [8.34, 7.93, 9.72, 9.72, 9.40, 7.75, 9.21, 9.82, 9.56, 7.93, 8.99, 9.99, 10.00, 9.44, 8.80, 7.47, 9.93, 9.33, 8.83, 7.74],
  xi_308 = [8.93, 9.05, 8.93, 8.37, 9.01, 7.66, 8.12, 8.54, 7.75, 8.62, 7.87, 9.01, 8.14, 8.38, 8.68, 9.01, 9.16, 7.78, 9.36, 8.06],
  xi_309 = [10.00, 10.00, 8.75, 9.13, 7.62, 8.11, 8.17, 8.50, 9.33, 8.30, 8.10, 9.06, 8.25, 8.27, 7.70, 8.37, 9.59, 7.43, 8.44, 7.32],
  xi_3010 = [9.59, 9.11, 8.04, 8.99, 10.00, 7.44, 6.84, 7.66, 8.88, 9.84, 9.92, 8.21, 9.76, 8.91, 9.02, 8.15, 7.24, 7.78, 9.74, 7.74],
  xi_311 = [9.44, 7.90, 7.37, 8.48, 8.01, 9.65, 8.40, 7.51, 7.84, 7.39, 8.45, 8.98, 7.90, 8.14, 9.13, 7.76, 9.57, 7.70, 7.79, 7.67],
  xi_312 = [8.71, 9.74, 9.78, 8.08, 7.96, 8.67, 8.82, 7.51, 9.48, 9.20, 8.40, 6.80, 8.68, 8.75, 9.43, 8.53, 6.08, 7.10, 8.85, 8.83],
  xi_313 = [8.21, 8.18, 7.39, 9.86, 8.62, 7.94, 7.43, 9.70, 8.68, 7.35, 9.15, 7.39, 8.86, 10.00, 9.02, 7.17, 8.15, 8.65, 9.96, 8.57],
  xi_314 = [7.34, 8.18, 9.00, 8.64, 8.81, 8.84, 8.29, 7.52, 10.00, 8.40, 7.28, 8.64, 8.08, 7.95, 9.81, 7.89, 7.62, 9.39, 8.82, 9.74],
  xi_315 = [8.14, 9.85, 9.64, 7.67, 7.82, 7.96, 7.65, 8.08, 7.89, 7.39, 9.50, 6.66, 7.96, 8.39, 7.13, 8.45, 10.00, 8.09, 7.55, 8.42],
  xi_316 = [9.39, 7.71, 8.50, 7.21, 8.26, 8.70, 7.79, 8.74, 7.77, 8.37, 7.35, 8.52, 9.32, 7.90, 8.27, 8.39, 8.46, 9.19, 9.40, 7.82],
  xi_317 = [7.11, 8.37, 8.95, 8.09, 8.86, 8.23, 8.48, 8.72, 7.83, 7.60, 7.80, 9.01, 9.82, 9.97, 9.03, 8.72, 8.83, 8.68, 8.75, 9.08],
  xi_318 = [8.54, 7.86, 7.55, 8.50, 7.65, 8.81, 9.76, 9.32, 9.68, 10.00, 9.35, 9.20, 9.02, 10.00, 9.90, 8.31, 9.25, 8.25, 7.59, 8.02],
  xi_319 = [8.00, 8.85, 9.24, 8.55, 8.99, 8.32, 8.74, 7.15, 8.45, 9.45, 9.69, 8.52, 8.87, 9.36, 7.63, 8.58, 8.62, 8.35, 7.93, 9.37],
  xi_3110 = [7.87, 7.70, 9.06, 8.81, 10.00, 7.84, 7.97, 10.00, 9.14, 8.08, 7.66, 7.36, 8.14, 8.89, 8.30, 9.51, 8.68, 7.73, 8.59, 8.93],
  xi_321 = [4.93, 6.22, 4.96, 6.40, 4.81, 6.11, 5.18, 6.35, 5.29, 5.42, 5.57, 4.88, 6.34, 5.45, 4.99, 5.32, 5.45, 5.58, 5.85, 5.82],
  xi_322 = [5.20, 5.36, 4.73, 5.01, 5.53, 6.28, 5.38, 5.80, 5.30, 5.27, 5.35, 5.56, 5.65, 5.03, 6.01, 5.60, 5.96, 5.20, 5.92, 5.33],
  xi_323 = [6.00, 5.95, 5.76, 5.73, 4.34, 5.15, 5.72, 5.23, 5.61, 5.24, 5.64, 5.33, 5.23, 6.23, 4.90, 6.13, 5.29, 5.59, 5.37, 5.53],
  xi_324 = [4.95, 5.63, 6.93, 5.78, 5.53, 5.49, 5.29, 5.60, 5.18, 5.74, 5.42, 5.06, 5.64, 4.88, 5.37, 6.11, 5.57, 5.65, 5.30, 4.83],
  xi_325 = [5.55, 5.09, 4.79, 5.59, 5.77, 5.72, 5.41, 6.04, 5.25, 5.51, 5.70, 6.28, 5.97, 5.48, 6.42, 6.52, 5.64, 5.57, 5.48, 5.67],
  xi_326 = [5.37, 5.29, 5.14, 5.05, 5.11, 5.45, 4.90, 4.78, 5.18, 5.71, 6.09, 4.10, 4.66, 5.45, 5.31, 5.95, 5.01, 5.31, 5.96, 5.30],
  xi_327 = [5.76, 4.84, 6.05, 6.03, 5.38, 5.23, 5.82, 5.05, 5.21, 5.16, 5.23, 5.37, 5.29, 4.89, 5.61, 5.68, 5.68, 5.27, 5.38, 5.46],
  xi_328 = [5.61, 5.87, 4.94, 5.00, 5.37, 5.79, 5.98, 5.21, 5.24, 5.40, 5.82, 6.32, 5.98, 5.52, 5.94, 5.18, 7.00, 5.64, 5.21, 5.71],
  xi_329 = [5.30, 5.97, 5.88, 5.74, 5.09, 5.32, 5.60, 5.55, 5.37, 5.93, 6.25, 4.81, 4.72, 5.12, 5.27, 6.22, 5.30, 5.36, 5.41, 4.87],
  xi_3210 = [5.82, 5.11, 4.99, 5.86, 5.81, 6.54, 5.20, 5.28, 5.57, 5.06, 6.00, 5.29, 5.72, 5.28, 5.39, 4.96, 5.22, 6.00, 6.02, 6.41],
  xi_331 = [5.98, 5.43, 4.74, 6.13, 5.16, 5.11, 5.08, 5.44, 5.30, 4.85, 5.41, 4.75, 6.09, 5.93, 5.35, 6.33, 4.72, 5.52, 5.27, 5.62],
  xi_332 = [6.16, 5.21, 4.92, 6.16, 5.05, 5.64, 5.30, 5.38, 5.95, 6.08, 5.10, 5.75, 5.71, 6.09, 5.63, 5.27, 5.93, 5.63, 5.60, 5.58],
  xi_333 = [5.92, 5.63, 6.25, 5.67, 6.10, 5.48, 5.65, 5.40, 6.11, 5.95, 5.63, 5.96, 6.41, 4.77, 5.60, 6.34, 5.39, 4.94, 5.20, 4.90],
  xi_334 = [6.09, 6.40, 4.66, 5.27, 5.74, 5.47, 5.27, 5.12, 5.53, 5.08, 5.35, 6.31, 5.20, 6.07, 4.94, 5.62, 6.01, 5.32, 5.08, 5.83],
  xi_335 = [5.70, 5.81, 5.36, 5.93, 5.39, 6.01, 4.77, 5.53, 5.53, 6.03, 5.26, 5.42, 5.21, 5.94, 6.36, 5.28, 5.92, 5.21, 5.71, 5.42],
  xi_336 = [4.90, 6.24, 5.53, 5.26, 5.23, 5.27, 5.13, 5.94, 6.12, 5.36, 4.83, 5.55, 5.21, 5.62, 5.94, 5.72, 5.61, 5.39, 5.43, 5.29],
  xi_337 = [5.30, 5.38, 5.29, 5.78, 4.77, 5.64, 4.99, 5.85, 5.83, 5.23, 5.00, 5.23, 5.30, 5.42, 4.98, 5.26, 5.92, 5.56, 5.40, 5.13],
  xi_338 = [5.86, 5.87, 5.76, 5.18, 5.23, 5.42, 5.16, 5.52, 5.22, 4.71, 5.14, 4.91, 5.55, 5.75, 4.84, 5.05, 5.47, 5.41, 5.69, 5.39],
  xi_339 = [4.89, 6.03, 5.94, 5.27, 5.55, 5.17, 5.93, 5.09, 5.68, 5.90, 5.09, 6.14, 5.68, 5.18, 5.18, 5.22, 4.98, 5.76, 6.09, 6.74],
  xi_3310 = [5.27, 5.64, 4.30, 5.98, 5.93, 6.02, 5.59, 5.05, 5.50, 5.94, 5.25, 5.60, 5.21, 5.03, 5.65, 5.77, 5.39, 5.00, 6.35, 6.10],
  xi_341 = [10.00, 7.59, 8.65, 8.64, 7.53, 7.03, 8.24, 8.15, 7.99, 9.59, 7.16, 9.72, 7.50, 9.33, 10.00, 6.69, 9.36, 8.70, 8.34, 7.30],
  xi_342 = [8.47, 8.10, 7.69, 9.37, 7.95, 8.50, 8.34, 8.32, 8.52, 9.23, 8.16, 8.69, 9.09, 7.93, 8.83, 7.98, 9.60, 8.20, 7.24, 8.73],
  xi_343 = [6.47, 7.92, 9.24, 8.28, 8.88, 7.57, 6.50, 8.04, 10.00, 8.16, 9.39, 8.36, 8.10, 9.26, 9.07, 7.93, 8.02, 8.17, 9.88, 9.71],
  xi_344 = [8.26, 8.98, 7.79, 7.95, 9.34, 8.41, 8.31, 9.90, 8.26, 9.49, 8.14, 9.22, 8.56, 9.00, 8.39, 7.52, 10.00, 7.97, 7.61, 7.60],
  xi_345 = [9.46, 9.02, 9.27, 7.32, 9.10, 9.38, 6.76, 8.69, 8.05, 8.02, 8.92, 9.38, 9.19, 8.66, 8.10, 9.12, 7.07, 7.52, 8.69, 8.21],
  xi_346 = [8.65, 8.65, 10.00, 7.95, 8.73, 9.21, 8.85, 8.29, 7.99, 8.56, 8.80, 9.85, 10.00, 10.00, 8.01, 9.22, 8.68, 8.40, 7.27, 8.66],
  xi_347 = [8.15, 8.29, 8.44, 8.26, 10.00, 8.55, 8.51, 8.29, 8.25, 8.72, 10.00, 8.80, 9.46, 8.88, 8.58, 8.28, 8.43, 7.50, 8.79, 8.97],
  xi_348 = [8.40, 8.48, 7.71, 8.81, 8.57, 8.15, 7.72, 6.63, 9.47, 9.68, 9.32, 8.83, 8.72, 7.26, 7.06, 8.29, 6.72, 10.00, 8.53, 7.37],
  xi_349 = [9.26, 7.37, 9.64, 9.97, 9.62, 7.08, 8.09, 8.95, 9.02, 8.67, 10.00, 10.00, 9.35, 8.13, 9.64, 8.48, 7.63, 7.89, 8.82, 9.32],
  xi_3410 = [6.49, 7.81, 9.92, 8.22, 9.91, 8.08, 6.83, 8.31, 8.64, 9.55, 8.38, 9.37, 8.59, 8.50, 8.30, 9.41, 9.07, 8.86, 10.00, 7.12],
  xi_351 = [2.42, 2.52, 2.64, 2.50, 2.76, 2.47, 2.57, 2.52, 2.50, 2.67, 2.58, 2.45, 2.49, 2.41, 2.46, 2.50, 2.56, 2.62, 2.40, 2.39],
  xi_352 = [2.63, 2.42, 2.27, 2.67, 2.57, 2.58, 2.39, 2.41, 2.58, 2.56, 2.68, 2.67, 2.34, 2.42, 2.32, 2.55, 2.57, 2.61, 2.36, 2.54],
  xi_353 = [2.46, 2.58, 2.35, 2.33, 2.24, 2.46, 2.41, 2.26, 2.62, 2.40, 2.39, 2.57, 2.52, 2.59, 2.50, 2.62, 2.42, 2.47, 2.53, 2.46],
  xi_354 = [2.64, 2.63, 2.56, 2.29, 2.55, 2.50, 2.35, 2.58, 2.48, 2.61, 2.47, 2.31, 2.54, 2.61, 2.36, 2.47, 2.40, 2.45, 2.56, 2.36],
  xi_355 = [2.57, 2.52, 2.43, 2.58, 2.63, 2.46, 2.47, 2.25, 2.66, 2.45, 2.58, 2.68, 2.48, 2.48, 2.44, 2.33, 2.29, 2.57, 2.41, 2.72],
  xi_356 = [2.54, 2.46, 2.33, 2.38, 2.51, 2.47, 2.49, 2.53, 2.59, 2.74, 2.50, 2.51, 2.51, 2.32, 2.54, 2.45, 2.65, 2.49, 2.55, 2.47],
  xi_357 = [2.45, 2.50, 2.33, 2.65, 2.57, 2.44, 2.67, 2.63, 2.62, 2.46, 2.58, 2.74, 2.42, 2.79, 2.30, 2.55, 2.69, 2.67, 2.82, 2.58],
  xi_358 = [2.34, 2.58, 2.58, 2.60, 2.47, 2.59, 2.70, 2.26, 2.43, 2.47, 2.47, 2.57, 2.42, 2.54, 2.52, 2.49, 2.58, 2.46, 2.59, 2.60],
  xi_359 = [2.72, 2.48, 2.48, 2.54, 2.49, 2.51, 2.31, 2.44, 2.35, 2.32, 2.47, 2.44, 2.49, 2.38, 2.58, 2.72, 2.35, 2.47, 2.53, 2.45],
  xi_3510 = [2.52, 2.47, 2.56, 2.53, 2.48, 2.43, 2.66, 2.72, 2.46, 2.38, 2.53, 2.56, 2.67, 2.70, 2.43, 2.36, 2.50, 2.34, 2.44, 2.58],
  xi_361 = [6.25, 5.12, 4.96, 6.05, 6.02, 5.75, 5.03, 6.02, 5.46, 5.29, 6.07, 5.90, 5.38, 5.18, 5.22, 6.23, 5.55, 4.79, 5.88, 5.35],
  xi_362 = [5.27, 6.24, 5.73, 5.75, 5.41, 6.23, 5.98, 5.59, 5.72, 6.12, 5.26, 4.89, 5.27, 5.36, 5.29, 5.85, 5.34, 4.84, 5.01, 4.88],
  xi_363 = [5.44, 4.98, 5.17, 4.70, 5.71, 5.44, 4.91, 5.65, 5.91, 5.24, 5.01, 6.12, 5.98, 5.57, 5.42, 5.68, 4.57, 4.25, 5.18, 5.78],
  xi_364 = [6.22, 5.11, 5.74, 6.42, 4.91, 6.01, 5.95, 5.96, 5.90, 5.28, 5.51, 5.65, 5.28, 5.29, 5.16, 5.82, 4.34, 5.23, 5.23, 4.37],
  xi_365 = [5.71, 5.37, 5.42, 5.47, 4.99, 6.15, 5.91, 6.32, 4.69, 5.44, 5.70, 4.81, 6.23, 5.77, 5.99, 5.42, 6.10, 5.46, 5.53, 5.34],
  xi_366 = [5.64, 4.95, 4.46, 5.29, 5.91, 5.52, 5.69, 5.74, 5.70, 4.95, 6.06, 6.08, 6.64, 5.67, 5.98, 5.86, 5.09, 5.29, 5.58, 5.12],
  xi_367 = [5.02, 5.70, 5.53, 5.77, 5.55, 5.84, 5.42, 5.37, 6.73, 5.55, 5.27, 4.67, 6.12, 5.52, 5.57, 5.57, 4.94, 5.45, 5.89, 5.16],
  xi_368 = [5.34, 4.80, 5.29, 5.55, 5.41, 6.24, 5.64, 4.72, 5.41, 5.50, 5.54, 6.08, 5.29, 5.47, 5.66, 4.46, 5.45, 5.69, 6.18, 5.29],
  xi_369 = [5.12, 4.98, 5.04, 5.89, 5.02, 6.32, 5.92, 5.64, 5.40, 5.28, 5.09, 5.34, 5.52, 6.73, 5.57, 5.64, 5.68, 5.85, 5.51, 6.22],
  xi_3610 = [5.65, 4.78, 5.28, 5.65, 5.94, 5.74, 5.13, 5.92, 5.83, 5.90, 4.74, 5.04, 5.10, 5.13, 6.02, 5.49, 6.49, 5.57, 5.46, 5.67],
  xi_371 = [5.09, 5.43, 5.96, 5.87, 5.14, 5.38, 5.40, 5.08, 5.06, 5.67, 5.75, 5.27, 5.31, 5.75, 6.34, 5.60, 4.64, 5.45, 6.08, 5.23],
  xi_372 = [5.00, 5.52, 5.67, 5.60, 6.13, 4.78, 5.47, 5.43, 5.61, 5.65, 5.51, 5.08, 6.28, 5.55, 5.34, 5.65, 5.32, 5.10, 5.74, 4.98],
  xi_373 = [5.37, 5.17, 5.43, 5.84, 5.38, 5.66, 5.82, 4.96, 5.07, 5.62, 5.97, 5.16, 4.83, 5.26, 4.78, 5.63, 4.65, 5.89, 6.38, 5.62],
  xi_374 = [5.85, 5.17, 5.74, 5.49, 5.18, 5.92, 5.45, 6.52, 5.30, 5.32, 4.94, 5.39, 5.15, 5.50, 6.05, 5.89, 6.00, 5.89, 5.33, 5.77],
  xi_375 = [5.49, 6.10, 5.23, 5.90, 5.30, 4.61, 5.58, 5.47, 4.90, 5.45, 6.01, 6.15, 5.94, 5.14, 5.34, 5.51, 5.53, 5.01, 5.34, 5.75],
  xi_376 = [5.72, 5.36, 5.64, 5.34, 6.01, 5.34, 5.77, 5.71, 6.34, 5.31, 5.64, 6.93, 6.72, 5.88, 6.04, 5.47, 4.85, 5.54, 5.31, 5.65],
  xi_377 = [6.63, 5.27, 4.87, 5.36, 6.38, 4.74, 5.44, 5.53, 4.79, 5.41, 5.07, 5.99, 5.45, 5.18, 6.38, 6.06, 5.68, 5.60, 5.20, 6.23],
  xi_378 = [5.43, 4.92, 5.28, 5.35, 5.62, 5.86, 5.12, 5.68, 5.47, 5.71, 5.47, 5.45, 5.34, 6.02, 5.69, 5.70, 5.89, 5.12, 5.19, 6.21],
  xi_379 = [5.72, 5.47, 5.30, 5.66, 5.63, 5.89, 6.98, 5.37, 5.28, 5.42, 5.33, 5.66, 5.47, 5.35, 5.67, 4.90, 5.26, 5.74, 4.89, 4.42],
  xi_3710 = [5.50, 4.62, 5.62, 5.54, 5.18, 5.37, 4.93, 5.73, 5.09, 5.44, 5.33, 4.94, 5.54, 5.27, 6.05, 5.39, 5.76, 5.70, 5.44, 6.04],
  xi_381 = [7.95, 7.11, 7.55, 7.36, 9.66, 8.97, 10.00, 9.69, 10.00, 7.60, 7.84, 8.25, 7.89, 8.99, 9.47, 9.45, 8.58, 7.62, 8.51, 7.99],
  xi_382 = [7.76, 8.18, 7.57, 9.12, 9.95, 8.95, 8.31, 6.76, 8.55, 8.41, 7.85, 7.97, 8.78, 9.84, 7.45, 10.00, 9.74, 6.63, 7.78, 8.40],
  xi_383 = [10.00, 8.83, 7.77, 8.34, 8.48, 8.72, 7.87, 8.53, 9.56, 8.46, 9.35, 9.08, 7.74, 8.02, 8.66, 7.64, 9.45, 7.42, 10.00, 9.15],
  xi_384 = [7.67, 8.58, 8.36, 8.91, 8.67, 9.23, 7.92, 9.86, 8.33, 8.28, 10.00, 9.25, 8.40, 7.74, 7.88, 7.49, 8.57, 9.38, 7.56, 8.76],
  xi_385 = [8.12, 7.22, 7.00, 9.13, 8.21, 7.91, 9.17, 8.15, 7.00, 9.35, 7.79, 8.12, 7.77, 7.74, 6.82, 9.89, 9.30, 8.61, 9.04, 8.64],
  xi_386 = [8.80, 7.18, 6.20, 7.87, 8.61, 8.16, 8.46, 7.68, 10.00, 7.67, 7.69, 8.32, 7.30, 8.07, 9.69, 9.55, 7.73, 8.76, 10.00, 8.04],
  xi_387 = [7.90, 10.00, 8.34, 7.56, 7.97, 8.70, 9.54, 7.91, 7.51, 7.70, 8.59, 9.46, 8.24, 9.53, 7.65, 8.35, 9.08, 8.21, 8.63, 7.65],
  xi_388 = [8.10, 8.52, 8.34, 8.51, 8.66, 9.00, 9.47, 8.91, 8.55, 10.00, 8.69, 8.85, 8.26, 8.61, 8.74, 7.60, 8.90, 8.69, 8.00, 9.38],
  xi_389 = [8.57, 6.81, 9.72, 8.97, 8.20, 8.70, 7.53, 7.28, 7.91, 8.27, 8.89, 8.32, 9.09, 9.28, 8.13, 10.00, 8.88, 8.50, 9.11, 8.03],
  xi_3810 = [9.25, 8.58, 9.76, 8.01, 8.77, 7.27, 7.71, 8.92, 10.00, 8.91, 7.54, 9.95, 8.62, 8.58, 8.38, 7.70, 9.07, 9.42, 7.88, 10.00],
  xi_391 = [8.37, 8.04, 9.88, 6.81, 9.00, 7.57, 8.24, 9.80, 8.37, 9.61, 9.50, 7.63, 9.90, 8.36, 9.28, 8.60, 8.45, 7.46, 8.02, 7.95],
  xi_392 = [7.23, 8.69, 8.01, 8.41, 7.79, 8.44, 10.00, 7.24, 9.38, 8.19, 8.05, 7.94, 8.74, 7.33, 9.91, 7.61, 8.42, 7.93, 10.00, 9.36],
  xi_393 = [7.98, 8.20, 9.09, 9.92, 9.06, 8.82, 8.50, 9.15, 8.47, 8.61, 7.62, 8.90, 9.58, 7.70, 9.05, 7.74, 9.30, 6.73, 8.89, 7.82],
  xi_394 = [9.16, 8.53, 8.53, 7.68, 10.00, 8.77, 8.56, 7.99, 9.21, 7.59, 9.47, 8.67, 9.55, 8.01, 8.38, 8.47, 8.84, 9.87, 8.41, 8.45],
  xi_395 = [9.90, 8.67, 6.50, 9.29, 10.00, 8.53, 8.43, 7.97, 8.66, 7.53, 8.38, 8.46, 7.93, 6.89, 8.32, 8.34, 8.46, 8.77, 6.39, 6.04],
  xi_396 = [7.64, 8.74, 9.15, 9.84, 6.82, 9.95, 8.87, 9.00, 6.99, 7.64, 8.00, 8.95, 7.97, 8.70, 8.28, 8.90, 8.53, 8.25, 8.25, 7.36],
  xi_397 = [8.61, 9.47, 8.67, 8.09, 10.00, 8.52, 9.74, 8.27, 7.45, 8.22, 7.39, 9.34, 9.63, 7.48, 9.70, 7.96, 7.29, 8.04, 8.95, 10.00],
  xi_398 = [7.34, 9.63, 8.58, 8.51, 8.04, 9.50, 8.42, 8.42, 6.87, 7.44, 7.12, 10.00, 8.72, 9.27, 8.84, 9.87, 9.28, 7.56, 8.91, 8.14],
  xi_399 = [9.48, 8.28, 7.52, 10.00, 8.11, 8.02, 8.24, 8.31, 7.78, 9.11, 7.80, 8.56, 8.68, 8.22, 8.51, 8.45, 7.93, 9.43, 8.11, 10.00],
  xi_3910 = [7.99, 6.82, 8.66, 9.19, 9.26, 8.13, 8.53, 7.98, 9.26, 7.42, 7.39, 9.88, 7.12, 8.37, 8.36, 9.28, 9.41, 10.00, 7.93, 8.09],
  xi_401 = [5.23, 5.84, 4.92, 5.69, 6.69, 6.14, 5.26, 5.99, 6.09, 5.40, 5.18, 5.64, 4.72, 5.24, 5.28, 5.59, 4.92, 5.68, 5.30, 4.84],
  xi_402 = [5.46, 5.80, 6.24, 6.03, 5.07, 6.02, 6.00, 4.98, 5.58, 6.10, 5.81, 5.50, 5.76, 5.99, 5.39, 5.57, 5.44, 5.85, 5.91, 5.00],
  xi_403 = [6.52, 4.97, 4.81, 5.68, 5.78, 4.76, 5.50, 5.83, 5.82, 5.47, 6.78, 5.74, 5.73, 5.43, 4.91, 5.19, 5.94, 5.49, 5.60, 5.52],
  xi_404 = [5.78, 5.64, 5.03, 4.73, 4.58, 6.25, 4.90, 6.16, 5.85, 5.92, 5.05, 5.82, 5.60, 5.27, 5.35, 5.53, 5.68, 4.97, 5.27, 5.97],
  xi_405 = [5.66, 5.88, 5.16, 5.44, 5.38, 5.14, 5.60, 4.93, 5.61, 5.21, 5.26, 5.52, 5.35, 5.42, 5.07, 5.47, 6.10, 5.31, 5.60, 5.47],
  xi_406 = [5.09, 5.74, 5.85, 5.99, 6.34, 6.48, 6.04, 5.52, 5.79, 6.18, 5.85, 5.85, 4.97, 5.60, 5.10, 6.00, 4.95, 5.90, 6.00, 5.39],
  xi_407 = [6.08, 5.51, 5.47, 4.88, 5.38, 5.39, 5.82, 5.55, 5.48, 4.91, 5.72, 5.37, 5.56, 5.08, 5.39, 4.98, 5.85, 5.84, 6.15, 5.79],
  xi_408 = [5.19, 5.83, 5.64, 5.45, 4.85, 4.87, 6.02, 5.35, 5.59, 5.09, 5.34, 5.53, 5.02, 5.14, 6.17, 5.61, 5.47, 5.91, 5.58, 5.64],
  xi_409 = [5.35, 5.37, 5.82, 5.57, 5.19, 5.38, 5.28, 5.14, 5.28, 6.00, 5.91, 5.95, 5.02, 6.39, 5.69, 5.33, 5.00, 6.06, 5.82, 5.84],
  xi_4010 = [6.36, 5.00, 6.63, 4.65, 6.45, 6.18, 5.81, 5.88, 5.51, 5.72, 4.65, 5.85, 6.09, 6.23, 5.19, 4.32, 5.97, 5.09, 6.06, 5.33],
  xi_411 = [5.14, 5.68, 4.92, 5.72, 5.40, 5.87, 5.39, 5.76, 5.08, 6.31, 5.93, 6.18, 5.99, 5.34, 4.96, 5.95, 5.52, 5.76, 5.07, 5.03],
  xi_412 = [5.40, 6.09, 5.69, 5.28, 5.79, 6.14, 5.52, 4.66, 4.94, 5.53, 5.30, 5.76, 5.41, 5.75, 5.45, 6.00, 6.31, 6.13, 5.09, 4.85],
  xi_413 = [5.42, 5.93, 6.39, 5.30, 5.32, 5.51, 5.56, 5.85, 5.63, 5.33, 5.11, 6.66, 5.30, 5.70, 5.36, 6.56, 5.65, 5.46, 5.50, 5.31],
  xi_414 = [5.46, 5.39, 5.75, 5.61, 6.23, 5.60, 5.64, 5.16, 6.65, 5.26, 5.13, 5.73, 5.61, 5.08, 4.99, 5.42, 5.22, 5.59, 5.52, 5.51],
  xi_415 = [5.97, 5.48, 4.83, 6.15, 5.45, 5.81, 5.21, 5.85, 4.88, 5.11, 5.46, 7.14, 5.05, 5.08, 5.00, 5.44, 5.83, 5.65, 5.09, 4.66],
  xi_416 = [5.34, 5.81, 4.95, 5.52, 5.50, 5.33, 6.79, 5.30, 5.12, 6.11, 5.63, 4.99, 5.12, 5.34, 5.45, 5.46, 4.62, 5.15, 5.86, 5.76],
  xi_417 = [5.72, 5.26, 5.22, 5.41, 5.36, 5.79, 6.13, 4.94, 5.98, 5.38, 5.62, 4.69, 5.81, 4.77, 5.93, 5.78, 5.39, 5.03, 5.13, 5.73],
  xi_418 = [5.89, 5.09, 5.04, 5.84, 5.78, 5.37, 5.59, 5.20, 5.65, 6.50, 5.13, 5.49, 5.79, 6.25, 5.51, 5.11, 5.47, 5.57, 6.51, 5.50],
  xi_419 = [5.13, 4.67, 5.34, 6.35, 5.25, 6.21, 5.51, 5.60, 6.61, 5.92, 5.37, 4.97, 5.89, 4.60, 5.94, 5.33, 5.07, 6.12, 4.89, 5.63],
  xi_4110 = [5.81, 5.29, 5.84, 5.21, 4.74, 5.75, 5.72, 6.00, 5.84, 5.52, 5.27, 5.24, 4.91, 5.92, 4.95, 5.58, 5.43, 5.58, 5.41, 5.77],
  xi_421 = [8.26, 9.12, 8.55, 8.11, 7.40, 9.62, 8.07, 7.88, 7.84, 8.72, 8.29, 7.59, 7.99, 8.27, 6.35, 6.73, 8.72, 9.06, 8.12, 9.75],
  xi_422 = [8.55, 8.01, 10.00, 8.41, 10.00, 9.23, 7.53, 8.60, 7.90, 8.00, 8.51, 7.82, 7.60, 8.83, 10.00, 7.23, 8.77, 9.24, 9.87, 8.72],
  xi_423 = [7.68, 8.06, 7.57, 8.26, 7.49, 8.70, 7.21, 7.82, 7.94, 8.23, 8.12, 8.32, 8.77, 8.58, 9.40, 8.55, 8.93, 9.14, 7.87, 9.06],
  xi_424 = [8.38, 9.11, 9.59, 6.58, 10.00, 8.44, 8.47, 10.00, 8.09, 7.85, 8.51, 8.17, 8.75, 7.13, 9.12, 9.72, 6.41, 7.12, 7.38, 8.22],
  xi_425 = [7.75, 7.80, 8.25, 8.58, 8.68, 8.45, 7.64, 8.06, 9.17, 9.92, 7.25, 8.16, 7.26, 6.87, 9.03, 7.60, 7.08, 7.73, 7.13, 7.27],
  xi_426 = [8.38, 8.10, 9.60, 8.60, 9.15, 10.00, 9.19, 7.93, 7.59, 8.08, 9.62, 7.62, 8.73, 8.37, 8.81, 7.86, 8.83, 8.60, 9.35, 8.44],
  xi_427 = [7.92, 8.37, 8.54, 9.57, 7.95, 7.82, 8.03, 8.37, 9.46, 8.67, 7.81, 8.99, 9.33, 8.30, 8.85, 10.00, 7.35, 8.87, 8.73, 8.82],
  xi_428 = [7.15, 7.92, 7.82, 9.24, 7.86, 10.00, 8.23, 9.21, 7.44, 7.14, 7.13, 7.76, 8.77, 8.45, 9.04, 7.66, 9.50, 7.11, 8.33, 10.00],
  xi_429 = [8.86, 8.61, 7.88, 8.13, 9.47, 7.20, 8.29, 7.39, 7.49, 7.97, 10.00, 8.82, 8.10, 9.57, 6.52, 7.78, 8.08, 7.48, 10.00, 8.92],
  xi_4210 = [7.76, 7.38, 8.74, 7.99, 10.00, 7.64, 7.50, 7.98, 5.96, 8.73, 7.59, 8.24, 8.93, 8.25, 7.48, 9.47, 7.75, 8.71, 8.67, 9.83],
  xi_431 = [2.60, 2.19, 2.55, 2.51, 2.50, 2.68, 2.72, 2.35, 2.41, 2.67, 2.54, 2.51, 2.54, 2.51, 2.40, 2.50, 2.71, 2.51, 2.68, 2.50],
  xi_432 = [2.52, 2.44, 2.42, 2.51, 2.38, 2.63, 2.49, 2.36, 2.64, 2.31, 2.52, 2.34, 2.20, 2.75, 2.46, 2.45, 2.51, 2.61, 2.54, 2.56],
  xi_433 = [2.40, 2.57, 2.50, 2.34, 2.50, 2.37, 2.43, 2.57, 2.26, 2.41, 2.74, 2.71, 2.53, 2.58, 2.80, 2.56, 2.63, 2.40, 2.73, 2.70],
  xi_434 = [2.60, 2.57, 2.66, 2.62, 2.50, 2.51, 2.46, 2.42, 2.60, 2.41, 2.59, 2.53, 2.62, 2.52, 2.49, 2.53, 2.44, 2.45, 2.35, 2.39],
  xi_435 = [2.68, 2.46, 2.52, 2.50, 2.57, 2.33, 2.51, 2.37, 2.65, 2.53, 2.59, 2.46, 2.56, 2.65, 2.72, 2.34, 2.59, 2.55, 2.62, 2.49],
  xi_436 = [2.49, 2.50, 2.57, 2.61, 2.59, 2.70, 2.46, 2.44, 2.24, 2.46, 2.44, 2.77, 2.71, 2.39, 2.54, 2.64, 2.49, 2.56, 2.44, 2.40],
  xi_437 = [2.62, 2.52, 2.64, 2.59, 2.40, 2.39, 2.46, 2.71, 2.43, 2.77, 2.62, 2.48, 2.48, 2.63, 2.57, 2.37, 2.36, 2.66, 2.49, 2.80],
  xi_438 = [2.60, 2.49, 2.42, 2.46, 2.69, 2.25, 2.67, 2.47, 2.69, 2.39, 2.37, 2.31, 2.38, 2.57, 2.40, 2.60, 2.36, 2.39, 2.45, 2.53],
  xi_439 = [2.48, 2.58, 2.43, 2.78, 2.37, 2.58, 2.46, 2.36, 2.62, 2.65, 2.40, 2.54, 2.68, 2.39, 2.62, 2.33, 2.52, 2.46, 2.38, 2.40],
  xi_4310 = [2.57, 2.71, 2.43, 2.30, 2.27, 2.43, 2.34, 2.56, 2.61, 2.51, 2.74, 2.67, 2.65, 2.41, 2.53, 2.68, 2.45, 2.30, 2.35, 2.28],
  xi_441 = [2.55, 2.62, 2.57, 2.56, 2.39, 2.35, 2.33, 2.53, 2.54, 2.45, 2.46, 2.46, 2.49, 2.43, 2.51, 2.54, 2.53, 2.57, 2.71, 2.34],
  xi_442 = [2.55, 2.48, 2.76, 2.35, 2.67, 2.58, 2.42, 2.59, 2.66, 2.53, 2.60, 2.82, 2.50, 2.37, 2.58, 2.45, 2.51, 2.36, 2.59, 2.45],
  xi_443 = [2.41, 2.48, 2.51, 2.38, 2.60, 2.45, 2.54, 2.52, 2.70, 2.44, 2.45, 2.50, 2.51, 2.69, 2.56, 2.44, 2.50, 2.45, 2.64, 2.51],
  xi_444 = [2.51, 2.83, 2.37, 2.63, 2.63, 2.66, 2.49, 2.52, 2.40, 2.63, 2.52, 2.58, 2.54, 2.32, 2.12, 2.41, 2.53, 2.65, 2.66, 2.40],
  xi_445 = [2.74, 2.53, 2.32, 2.63, 2.71, 2.46, 2.45, 2.49, 2.60, 2.26, 2.54, 2.65, 2.63, 2.53, 2.68, 2.44, 2.37, 2.52, 2.50, 2.54],
  xi_446 = [2.67, 2.46, 2.62, 2.39, 2.63, 2.54, 2.66, 2.52, 2.51, 2.32, 2.41, 2.30, 2.55, 2.52, 2.34, 2.39, 2.46, 2.50, 2.43, 2.63],
  xi_447 = [2.41, 2.38, 2.76, 2.61, 2.39, 2.49, 2.29, 2.51, 2.49, 2.55, 2.50, 2.12, 2.49, 2.52, 2.30, 2.45, 2.59, 2.53, 2.65, 2.61],
  xi_448 = [2.51, 2.49, 2.34, 2.47, 2.62, 2.44, 2.35, 2.50, 2.63, 2.45, 2.39, 2.53, 2.45, 2.37, 2.31, 2.50, 2.56, 2.47, 2.37, 2.75],
  xi_449 = [2.65, 2.38, 2.50, 2.52, 2.50, 2.49, 2.44, 2.74, 2.37, 2.33, 2.39, 2.54, 2.37, 2.64, 2.53, 2.39, 2.70, 2.44, 2.49, 2.55],
  xi_4410 = [2.39, 2.44, 2.29, 2.37, 2.58, 2.36, 2.63, 2.49, 2.57, 2.55, 2.76, 2.40, 2.50, 2.47, 2.41, 2.39, 2.55, 2.55, 2.36, 2.35],
  xi_451 = [7.15, 8.88, 7.44, 8.52, 7.61, 8.30, 9.13, 8.37, 8.73, 10.00, 9.59, 10.00, 8.75, 7.87, 7.92, 8.50, 8.75, 7.95, 7.08, 9.18],
  xi_452 = [9.04, 9.95, 8.66, 8.43, 9.73, 9.11, 7.23, 10.00, 7.91, 7.65, 8.90, 8.29, 8.74, 8.07, 7.57, 7.75, 9.07, 8.02, 10.00, 7.97],
  xi_453 = [10.00, 7.79, 8.48, 7.40, 8.22, 8.18, 9.50, 8.62, 7.24, 9.42, 8.08, 9.31, 9.09, 9.86, 8.66, 8.07, 7.96, 7.33, 8.28, 7.07],
  xi_454 = [7.98, 8.58, 8.94, 9.46, 7.44, 8.24, 7.96, 8.13, 9.27, 6.87, 9.13, 6.71, 9.13, 7.45, 9.07, 9.10, 7.56, 8.53, 10.00, 7.16],
  xi_455 = [7.30, 8.33, 8.42, 7.53, 8.13, 9.37, 9.75, 7.44, 9.61, 10.00, 8.88, 10.00, 8.93, 9.43, 8.16, 10.00, 7.97, 9.58, 7.71, 8.15],
  xi_456 = [7.79, 7.95, 7.06, 8.12, 7.63, 9.80, 8.26, 9.64, 6.95, 8.26, 9.55, 8.76, 8.03, 8.78, 9.39, 7.91, 10.00, 8.41, 6.88, 7.21],
  xi_457 = [8.11, 9.86, 7.09, 9.36, 6.96, 9.80, 9.52, 7.89, 8.06, 7.75, 6.55, 9.61, 9.43, 9.29, 7.13, 7.87, 10.00, 9.25, 7.05, 7.41],
  xi_458 = [8.23, 9.74, 7.14, 8.14, 8.70, 10.00, 7.33, 6.98, 6.49, 7.27, 9.03, 8.16, 8.54, 7.52, 8.91, 8.78, 8.60, 8.69, 7.34, 9.78],
  xi_459 = [7.64, 9.17, 7.57, 10.00, 7.67, 9.49, 9.90, 9.60, 8.93, 8.22, 7.30, 8.78, 8.93, 7.56, 7.77, 9.11, 8.75, 6.17, 8.09, 7.65],
  xi_4510 = [10.00, 9.56, 7.72, 7.30, 8.23, 8.77, 8.78, 7.57, 9.02, 10.00, 6.95, 7.80, 8.99, 9.03, 8.31, 9.11, 8.98, 8.77, 10.00, 7.97],
  xi_461 = [2.52, 2.73, 2.47, 2.60, 2.66, 2.36, 2.48, 2.64, 2.45, 2.38, 2.54, 2.35, 2.59, 2.41, 2.34, 2.69, 2.55, 2.47, 2.42, 2.55],
  xi_462 = [2.47, 2.39, 2.56, 2.73, 2.51, 2.41, 2.48, 2.44, 2.60, 2.49, 2.59, 2.56, 2.70, 2.50, 2.45, 2.64, 2.61, 2.27, 2.39, 2.57],
  xi_463 = [2.51, 2.49, 2.40, 2.45, 2.52, 2.44, 2.68, 2.47, 2.52, 2.30, 2.28, 2.67, 2.56, 2.61, 2.65, 2.54, 2.46, 2.50, 2.43, 2.55],
  xi_464 = [2.43, 2.62, 2.54, 2.69, 2.62, 2.49, 2.45, 2.55, 2.53, 2.46, 2.80, 2.74, 2.34, 2.52, 2.55, 2.68, 2.46, 2.71, 2.50, 2.39],
  xi_465 = [2.43, 2.66, 2.47, 2.49, 2.59, 2.43, 2.60, 2.48, 2.36, 2.45, 2.42, 2.71, 2.38, 2.45, 2.50, 2.60, 2.44, 2.63, 2.58, 2.68],
  xi_466 = [2.39, 2.38, 2.48, 2.20, 2.75, 2.53, 2.40, 2.42, 2.42, 2.42, 2.72, 2.41, 2.41, 2.71, 2.66, 2.60, 2.67, 2.57, 2.50, 2.63],
  xi_467 = [2.46, 2.62, 2.76, 2.45, 2.45, 2.48, 2.50, 2.55, 2.73, 2.56, 2.44, 2.43, 2.70, 2.62, 2.69, 2.55, 2.50, 2.56, 2.66, 2.55],
  xi_468 = [2.41, 2.67, 2.33, 2.47, 2.64, 2.56, 2.39, 2.59, 2.41, 2.30, 2.68, 2.54, 2.54, 2.67, 2.42, 2.46, 2.41, 2.39, 2.53, 2.56],
  xi_469 = [2.58, 2.72, 2.42, 2.69, 2.42, 2.50, 2.39, 2.28, 2.56, 2.35, 2.67, 2.48, 2.39, 2.56, 2.61, 2.52, 2.41, 2.49, 2.52, 2.54],
  xi_4610 = [2.49, 2.62, 2.70, 2.32, 2.38, 2.48, 2.58, 2.66, 2.59, 2.76, 2.46, 2.39, 2.69, 2.43, 2.31, 2.52, 2.62, 2.51, 2.43, 2.55],
  xi_471 = [6.34, 5.24, 5.49, 5.53, 5.62, 5.85, 6.00, 6.01, 5.46, 5.35, 5.32, 5.16, 5.63, 4.74, 6.24, 5.85, 5.52, 5.33, 4.57, 5.18],
  xi_472 = [4.70, 6.15, 5.97, 5.12, 4.98, 5.02, 6.14, 5.60, 5.68, 5.86, 5.16, 6.35, 5.16, 5.76, 6.16, 5.45, 5.23, 5.58, 5.48, 5.37],
  xi_473 = [5.61, 5.29, 5.09, 5.90, 4.74, 5.46, 6.17, 5.18, 5.67, 6.81, 6.28, 6.08, 5.13, 4.88, 5.32, 5.38, 5.85, 6.10, 5.86, 5.14],
  xi_474 = [4.96, 5.46, 4.93, 5.35, 6.10, 5.58, 5.18, 5.24, 6.17, 4.98, 5.24, 5.29, 4.83, 6.06, 6.34, 6.80, 5.08, 5.04, 6.29, 6.26],
  xi_475 = [4.93, 5.94, 5.82, 5.31, 5.12, 5.18, 5.89, 4.80, 5.80, 6.45, 5.56, 5.54, 6.67, 5.25, 5.67, 5.66, 5.71, 5.36, 5.70, 6.14],
  xi_476 = [4.63, 5.72, 5.12, 5.27, 4.94, 5.02, 5.36, 5.28, 6.12, 6.56, 4.79, 6.26, 5.37, 5.24, 5.57, 5.48, 5.25, 5.63, 5.88, 6.15],
  xi_477 = [5.34, 5.60, 6.12, 5.82, 5.77, 6.22, 5.76, 5.44, 5.89, 4.96, 4.37, 6.40, 6.09, 4.91, 5.31, 5.83, 5.46, 5.57, 5.49, 5.51],
  xi_478 = [5.61, 5.50, 5.36, 5.24, 5.03, 4.95, 5.44, 4.78, 5.43, 5.59, 5.52, 5.53, 5.15, 5.66, 6.42, 5.50, 6.41, 6.33, 5.40, 6.04],
  xi_479 = [5.01, 5.53, 6.61, 5.12, 6.45, 5.42, 6.12, 5.35, 5.24, 5.71, 5.03, 5.94, 5.16, 5.29, 5.16, 5.10, 5.19, 5.33, 5.86, 5.43],
  xi_4710 = [6.32, 5.91, 5.62, 6.65, 5.98, 5.61, 5.79, 5.37, 5.90, 6.27, 6.02, 5.46, 5.89, 6.94, 5.00, 4.73, 5.44, 5.34, 5.14, 4.71],
  xi_481 = [2.58, 2.37, 2.56, 2.66, 2.55, 2.51, 2.50, 2.51, 2.43, 2.44, 2.50, 2.48, 2.45, 2.53, 2.61, 2.32, 2.62, 2.61, 2.50, 2.34],
  xi_482 = [2.45, 2.39, 2.40, 2.42, 2.58, 2.47, 2.32, 2.55, 2.61, 2.72, 2.61, 2.51, 2.45, 2.61, 2.49, 2.61, 2.39, 2.64, 2.41, 2.40],
  xi_483 = [2.58, 2.54, 2.60, 2.63, 2.21, 2.78, 2.51, 2.56, 2.41, 2.45, 2.54, 2.41, 2.19, 2.66, 2.57, 2.58, 2.42, 2.43, 2.50, 2.56],
  xi_484 = [2.45, 2.69, 2.57, 2.38, 2.38, 2.49, 2.13, 2.56, 2.64, 2.60, 2.60, 2.31, 2.46, 2.43, 2.77, 2.43, 2.53, 2.61, 2.60, 2.55],
  xi_485 = [2.63, 2.43, 2.38, 2.50, 2.73, 2.19, 2.73, 2.34, 2.48, 2.43, 2.48, 2.58, 2.75, 2.47, 2.63, 2.45, 2.50, 2.45, 2.43, 2.57],
  xi_486 = [2.62, 2.35, 2.43, 2.48, 2.49, 2.54, 2.56, 2.47, 2.61, 2.47, 2.41, 2.66, 2.48, 2.59, 2.37, 2.42, 2.55, 2.41, 2.33, 2.28],
  xi_487 = [2.47, 2.52, 2.24, 2.53, 2.55, 2.45, 2.43, 2.52, 2.51, 2.38, 2.48, 2.60, 2.45, 2.40, 2.44, 2.37, 2.43, 2.40, 2.49, 2.32],
  xi_488 = [2.59, 2.45, 2.58, 2.68, 2.43, 2.66, 2.47, 2.45, 2.50, 2.29, 2.60, 2.34, 2.72, 2.62, 2.56, 2.38, 2.36, 2.62, 2.63, 2.39],
  xi_489 = [2.51, 2.41, 2.50, 2.25, 2.63, 2.32, 2.50, 2.71, 2.46, 2.62, 2.28, 2.34, 2.49, 2.42, 2.66, 2.44, 2.35, 2.65, 2.34, 2.24],
  xi_4810 = [2.54, 2.60, 2.47, 2.54, 2.53, 2.44, 2.53, 2.54, 2.46, 2.45, 2.45, 2.40, 2.56, 2.56, 2.59, 2.60, 2.41, 2.26, 2.39, 2.40],
  xi_491 = [9.07, 8.59, 8.76, 8.67, 7.97, 8.44, 7.19, 8.50, 8.38, 8.04, 7.49, 8.71, 8.74, 7.22, 7.14, 9.08, 8.86, 8.05, 8.29, 8.80],
  xi_492 = [7.32, 7.84, 8.87, 9.68, 8.68, 8.61, 7.97, 9.19, 9.75, 8.56, 8.89, 8.77, 7.42, 7.69, 8.50, 7.58, 7.97, 7.03, 8.94, 8.01],
  xi_493 = [7.57, 7.68, 7.83, 9.52, 8.98, 7.66, 8.52, 9.67, 10.00, 8.71, 7.98, 8.49, 7.32, 7.70, 9.28, 9.68, 8.38, 7.58, 9.30, 7.62],
  xi_494 = [9.24, 8.23, 7.55, 10.00, 9.33, 7.25, 7.80, 8.01, 8.64, 8.64, 7.58, 6.55, 9.79, 8.18, 10.00, 9.63, 9.53, 9.22, 8.33, 10.00],
  xi_495 = [7.56, 8.17, 7.39, 7.62, 9.85, 9.73, 7.96, 7.53, 7.36, 10.00, 8.65, 8.64, 8.74, 8.49, 9.61, 9.29, 9.21, 9.23, 8.54, 7.11],
  xi_496 = [8.32, 7.60, 6.96, 8.27, 8.78, 7.78, 8.53, 8.48, 8.85, 6.70, 8.32, 8.17, 8.49, 8.46, 8.83, 9.37, 8.16, 8.31, 7.77, 8.45],
  xi_497 = [8.97, 9.14, 8.15, 8.00, 7.96, 8.48, 7.50, 8.04, 7.31, 9.32, 7.80, 9.41, 7.59, 7.66, 8.78, 8.38, 8.60, 10.00, 8.43, 8.81],
  xi_498 = [8.86, 7.89, 7.67, 9.36, 7.90, 8.01, 8.33, 7.42, 8.27, 7.49, 9.19, 8.28, 6.82, 7.60, 7.12, 8.78, 9.21, 9.24, 9.01, 8.34],
  xi_499 = [9.91, 7.73, 8.01, 10.00, 9.53, 7.60, 8.36, 7.02, 8.73, 8.45, 7.70, 8.50, 8.06, 9.21, 10.00, 8.14, 8.68, 10.00, 8.14, 7.88],
  xi_4910 = [8.11, 8.16, 8.64, 7.66, 8.34, 9.64, 8.52, 7.65, 9.84, 9.53, 8.78, 8.96, 9.99, 9.84, 7.54, 8.50, 7.99, 8.19, 8.32, 8.86],
  xi_501 = [5.22, 5.56, 6.11, 5.39, 4.97, 5.21, 5.20, 5.76, 5.58, 6.10, 5.35, 5.23, 5.38, 6.00, 5.94, 5.02, 5.94, 6.02, 4.97, 5.04],
  xi_502 = [5.26, 6.55, 6.29, 5.54, 6.07, 6.02, 5.60, 5.38, 4.93, 6.36, 5.44, 5.92, 5.52, 6.39, 5.40, 5.18, 5.49, 5.94, 5.90, 5.21],
  xi_503 = [5.12, 5.40, 5.70, 6.17, 5.30, 5.26, 5.80, 4.92, 5.61, 5.20, 4.57, 5.36, 5.16, 5.93, 5.35, 5.50, 5.02, 5.57, 5.59, 4.64],
  xi_504 = [6.00, 5.55, 6.10, 4.79, 5.85, 5.58, 5.44, 4.92, 5.00, 5.60, 6.08, 5.83, 6.17, 4.81, 5.81, 5.39, 4.71, 5.86, 5.64, 5.95],
  xi_505 = [4.47, 5.40, 5.64, 5.45, 5.99, 5.27, 5.89, 6.14, 6.06, 6.14, 6.07, 5.62, 5.99, 5.33, 5.31, 5.04, 5.80, 5.14, 5.05, 5.28],
  xi_506 = [6.04, 6.40, 5.46, 5.46, 6.28, 5.25, 6.45, 5.99, 4.92, 4.42, 5.69, 5.30, 5.74, 4.86, 5.21, 5.14, 4.70, 6.19, 5.96, 4.84],
  xi_507 = [5.35, 5.40, 5.21, 5.53, 5.79, 5.02, 6.00, 4.89, 5.68, 5.26, 5.93, 5.68, 5.46, 5.53, 5.00, 6.16, 4.49, 4.72, 5.70, 4.63],
  xi_508 = [6.79, 5.74, 5.08, 5.25, 5.63, 6.05, 4.76, 5.85, 5.64, 4.77, 6.30, 5.48, 5.37, 5.51, 6.08, 6.74, 6.71, 5.28, 5.58, 5.38],
  xi_509 = [4.98, 4.50, 5.21, 4.99, 6.97, 5.63, 6.53, 5.92, 5.98, 5.28, 4.87, 5.70, 5.19, 5.72, 6.16, 5.52, 5.92, 5.24, 4.80, 6.42],
  xi_5010 = [5.56, 4.80, 5.37, 5.97, 4.77, 5.88, 6.94, 6.12, 5.88, 5.64, 5.50, 5.60, 6.27, 5.34, 4.91, 5.61, 5.11, 5.96, 5.89, 5.42],
  xi_511 = [2.54, 2.43, 2.45, 2.59, 2.49, 2.52, 2.55, 2.29, 2.48, 2.81, 2.42, 2.41, 2.48, 2.54, 2.55, 2.32, 2.77, 2.65, 2.56, 2.51],
  xi_512 = [2.67, 2.50, 2.60, 2.24, 2.57, 2.51, 2.57, 2.45, 2.39, 2.43, 2.67, 2.40, 2.43, 2.37, 2.34, 2.34, 2.45, 2.65, 2.37, 2.51],
  xi_513 = [2.55, 2.91, 2.57, 2.51, 2.46, 2.68, 2.67, 2.49, 2.77, 2.56, 2.41, 2.67, 2.53, 2.63, 2.29, 2.50, 2.81, 2.28, 2.41, 2.37],
  xi_514 = [2.62, 2.53, 2.37, 2.32, 2.45, 2.47, 2.54, 2.40, 2.59, 2.32, 2.69, 2.51, 2.48, 2.38, 2.43, 2.66, 2.60, 2.53, 2.49, 2.44],
  xi_515 = [2.43, 2.34, 2.51, 2.71, 2.43, 2.55, 2.30, 2.60, 2.49, 2.61, 2.48, 2.54, 2.59, 2.29, 2.42, 2.42, 2.53, 2.47, 2.60, 2.42],
  xi_516 = [2.66, 2.32, 2.67, 2.61, 2.45, 2.55, 2.56, 2.30, 2.50, 2.34, 2.68, 2.68, 2.43, 2.56, 2.65, 2.10, 2.49, 2.71, 2.59, 2.58],
  xi_517 = [2.34, 2.47, 2.48, 2.57, 2.49, 2.43, 2.66, 2.59, 2.39, 2.50, 2.39, 2.53, 2.52, 2.64, 2.61, 2.30, 2.31, 2.41, 2.56, 2.49],
  xi_518 = [2.44, 2.50, 2.21, 2.72, 2.62, 2.64, 2.55, 2.45, 2.59, 2.61, 2.65, 2.48, 2.69, 2.53, 2.28, 2.54, 2.42, 2.57, 2.54, 2.29],
  xi_519 = [2.48, 2.67, 2.53, 2.66, 2.53, 2.39, 2.30, 2.62, 2.52, 2.41, 2.75, 2.47, 2.57, 2.34, 2.70, 2.57, 2.54, 2.46, 2.57, 2.40],
  xi_5110 = [2.30, 2.50, 2.69, 2.57, 2.32, 2.31, 2.32, 2.50, 2.50, 2.57, 2.56, 2.46, 2.53, 2.55, 2.42, 2.62, 2.42, 2.51, 2.66, 2.52],
  xi_521 = [2.72, 2.47, 2.63, 2.49, 2.38, 2.46, 2.66, 2.58, 2.72, 2.41, 2.44, 2.47, 2.78, 2.59, 2.60, 2.51, 2.40, 2.38, 2.32, 2.60],
  xi_522 = [2.63, 2.44, 2.40, 2.56, 2.35, 2.53, 2.49, 2.42, 2.76, 2.52, 2.51, 2.54, 2.44, 2.45, 2.57, 2.37, 2.52, 2.51, 2.60, 2.54],
  xi_523 = [2.77, 2.54, 2.58, 2.61, 2.58, 2.39, 2.51, 2.56, 2.47, 2.63, 2.46, 2.51, 2.51, 2.53, 2.48, 2.66, 2.54, 2.48, 2.73, 2.49],
  xi_524 = [2.37, 2.42, 2.52, 2.49, 2.67, 2.38, 2.50, 2.54, 2.71, 2.36, 2.42, 2.45, 2.37, 2.49, 2.47, 2.44, 2.68, 2.69, 2.62, 2.40],
  xi_525 = [2.69, 2.49, 2.45, 2.54, 2.44, 2.41, 2.49, 2.45, 2.41, 2.40, 2.47, 2.52, 2.56, 2.38, 2.51, 2.53, 2.38, 2.44, 2.72, 2.36],
  xi_526 = [2.53, 2.48, 2.51, 2.39, 2.57, 2.54, 2.28, 2.27, 2.64, 2.38, 2.47, 2.56, 2.48, 2.60, 2.42, 2.26, 2.43, 2.69, 2.45, 2.51],
  xi_527 = [2.52, 2.59, 2.41, 2.42, 2.44, 2.35, 2.59, 2.58, 2.50, 2.66, 2.45, 2.55, 2.59, 2.47, 2.40, 2.35, 2.52, 2.40, 2.46, 2.40],
  xi_528 = [2.59, 2.42, 2.60, 2.47, 2.56, 2.64, 2.48, 2.40, 2.50, 2.35, 2.38, 2.69, 2.62, 2.31, 2.60, 2.49, 2.41, 2.50, 2.60, 2.61],
  xi_529 = [2.43, 2.45, 2.55, 2.33, 2.58, 2.35, 2.45, 2.63, 2.57, 2.52, 2.66, 2.53, 2.62, 2.55, 2.59, 2.37, 2.38, 2.46, 2.66, 2.51],
  xi_5210 = [2.61, 2.43, 2.63, 2.55, 2.52, 2.39, 2.47, 2.76, 2.32, 2.41, 2.60, 2.36, 2.51, 2.39, 2.37, 2.43, 2.48, 2.39, 2.52, 2.60],
  xi_531 = [7.61, 9.83, 7.76, 8.02, 8.21, 10.00, 7.82, 9.07, 9.59, 6.47, 7.17, 9.62, 7.44, 8.77, 9.03, 7.78, 10.00, 8.59, 8.26, 8.72],
  xi_532 = [7.91, 8.18, 9.26, 8.62, 8.07, 9.10, 8.27, 9.94, 8.75, 8.43, 9.50, 9.57, 8.36, 7.64, 8.87, 8.98, 8.86, 8.90, 8.60, 8.27],
  xi_533 = [6.98, 8.31, 8.43, 8.14, 9.33, 9.03, 8.56, 9.50, 7.70, 8.78, 8.61, 10.00, 7.90, 8.16, 10.00, 9.74, 8.22, 8.35, 7.18, 7.96],
  xi_534 = [7.41, 8.92, 7.31, 8.17, 8.51, 8.10, 8.18, 8.23, 9.17, 7.70, 8.17, 7.05, 8.68, 7.96, 9.30, 8.66, 8.76, 9.07, 9.53, 6.96],
  xi_535 = [9.29, 9.48, 8.02, 7.82, 8.91, 8.62, 8.45, 7.01, 8.21, 8.95, 8.62, 9.05, 6.32, 7.62, 8.51, 7.81, 8.84, 9.72, 9.29, 9.27],
  xi_536 = [8.62, 9.21, 9.11, 9.07, 8.37, 8.01, 8.34, 7.71, 7.81, 8.27, 8.19, 8.02, 7.86, 7.90, 8.41, 8.77, 8.14, 8.90, 10.00, 7.77],
  xi_537 = [8.26, 8.74, 8.40, 9.01, 8.73, 8.61, 6.88, 7.65, 8.23, 9.20, 10.00, 8.83, 8.86, 9.87, 7.28, 8.32, 10.00, 8.39, 8.03, 7.81],
  xi_538 = [9.18, 8.16, 7.60, 8.78, 8.21, 8.58, 8.11, 9.90, 8.00, 9.46, 8.56, 8.80, 8.74, 9.09, 8.30, 7.01, 8.12, 9.06, 7.70, 9.63],
  xi_539 = [8.17, 9.03, 9.00, 7.56, 8.99, 7.64, 7.90, 9.08, 8.51, 7.07, 7.41, 7.30, 8.42, 9.42, 8.33, 9.22, 8.60, 7.47, 10.00, 9.59],
  xi_5310 = [7.62, 8.02, 7.92, 9.28, 8.14, 9.57, 8.58, 9.46, 7.45, 7.27, 8.73, 7.78, 7.26, 9.97, 8.44, 9.27, 9.42, 8.01, 7.30, 8.78],
  xi_541 = [4.68, 4.86, 5.77, 5.65, 6.27, 5.18, 6.14, 4.91, 6.03, 5.74, 5.30, 5.76, 5.66, 6.26, 5.26, 4.81, 4.66, 5.64, 5.66, 5.55],
  xi_542 = [5.84, 5.35, 5.24, 6.26, 5.33, 5.14, 6.13, 4.78, 5.20, 4.91, 5.91, 5.49, 5.20, 5.32, 5.77, 6.22, 5.40, 5.21, 6.20, 5.71],
  xi_543 = [5.65, 5.08, 6.47, 5.70, 6.17, 6.12, 5.32, 5.14, 5.20, 5.62, 6.22, 5.33, 5.77, 4.58, 5.93, 5.61, 5.99, 4.97, 5.58, 4.91],
  xi_544 = [5.56, 6.18, 5.72, 4.79, 5.73, 4.95, 5.16, 5.53, 5.07, 5.36, 5.32, 5.34, 5.28, 5.11, 5.14, 6.01, 6.00, 5.25, 5.50, 6.26],
  xi_545 = [5.83, 5.18, 4.95, 5.65, 5.76, 5.27, 5.05, 5.86, 5.12, 5.23, 5.55, 6.59, 6.13, 6.37, 6.16, 5.29, 5.02, 5.57, 5.19, 5.26],
  xi_546 = [5.35, 5.67, 5.53, 5.76, 5.99, 5.88, 6.85, 5.60, 4.81, 5.50, 6.00, 5.87, 5.65, 5.58, 5.38, 5.30, 5.41, 6.19, 5.50, 5.59],
  xi_547 = [4.79, 5.27, 5.61, 5.51, 5.85, 6.08, 5.83, 5.46, 5.72, 5.37, 5.48, 5.25, 5.40, 4.84, 5.75, 4.44, 4.94, 6.12, 5.17, 4.90],
  xi_548 = [5.22, 4.71, 5.35, 5.61, 5.25, 5.19, 5.55, 5.74, 5.65, 5.70, 5.32, 4.71, 4.61, 6.03, 5.16, 6.44, 5.58, 5.34, 5.09, 5.58],
  xi_549 = [5.61, 5.30, 5.90, 5.75, 5.35, 5.14, 4.66, 5.44, 5.18, 5.22, 5.88, 5.50, 4.94, 6.08, 5.82, 5.11, 5.51, 6.13, 6.43, 5.64],
  xi_5410 = [5.51, 5.60, 5.84, 5.08, 5.20, 4.98, 5.79, 6.39, 6.39, 5.67, 5.50, 4.99, 5.74, 5.05, 6.03, 5.33, 5.38, 6.83, 5.33, 4.97],
  xi_551 = [6.00, 5.41, 5.44, 5.62, 6.11, 6.22, 5.60, 5.54, 5.50, 5.95, 5.45, 5.09, 5.18, 5.64, 7.03, 6.22, 5.37, 5.07, 6.13, 4.82],
  xi_552 = [5.84, 5.25, 5.76, 5.17, 5.15, 5.18, 6.09, 5.34, 5.29, 5.61, 5.45, 6.00, 5.80, 6.44, 4.70, 5.43, 5.83, 6.08, 6.31, 5.44],
  xi_553 = [4.86, 5.46, 5.15, 5.26, 6.05, 5.10, 5.92, 5.59, 6.66, 5.57, 5.14, 5.20, 5.96, 6.54, 5.77, 4.75, 5.54, 4.90, 5.58, 6.00],
  xi_554 = [5.38, 5.30, 5.42, 5.86, 6.50, 5.86, 5.37, 5.64, 5.55, 5.26, 5.61, 5.04, 5.65, 5.58, 5.27, 5.51, 6.29, 4.67, 5.28, 4.86],
  xi_555 = [5.89, 5.76, 5.94, 5.59, 5.60, 4.99, 5.91, 5.40, 5.02, 6.35, 5.45, 5.24, 5.98, 5.34, 5.63, 6.80, 5.21, 5.03, 5.23, 5.89],
  xi_556 = [5.61, 5.33, 5.27, 5.31, 5.92, 4.59, 4.60, 5.07, 5.76, 5.77, 4.89, 5.71, 5.32, 5.90, 5.79, 5.60, 6.28, 5.90, 5.29, 6.49],
  xi_557 = [5.51, 5.90, 5.33, 5.30, 5.84, 5.62, 6.06, 5.67, 6.03, 6.66, 5.57, 5.14, 5.34, 5.21, 6.08, 5.27, 5.18, 5.85, 5.87, 5.19],
  xi_558 = [5.46, 5.12, 4.83, 6.37, 5.52, 5.80, 5.70, 4.93, 5.48, 5.34, 4.91, 5.54, 5.85, 4.89, 6.35, 5.46, 5.26, 5.88, 6.08, 5.27],
  xi_559 = [5.22, 5.58, 5.68, 5.69, 5.75, 5.56, 5.86, 6.22, 5.22, 5.82, 5.65, 5.62, 5.37, 5.18, 5.39, 4.70, 5.30, 6.25, 6.21, 5.03],
  xi_5510 = [5.84, 5.01, 5.35, 5.09, 6.11, 5.59, 5.63, 5.85, 5.73, 5.40, 5.55, 5.77, 5.10, 5.31, 5.81, 5.22, 5.81, 5.43, 5.77, 5.76],
  xi_561 = [2.49, 2.70, 2.48, 2.63, 2.80, 2.39, 2.40, 2.57, 2.45, 2.46, 2.34, 2.50, 2.32, 2.46, 2.46, 2.69, 2.48, 2.67, 2.51, 2.44],
  xi_562 = [2.30, 2.37, 2.60, 2.69, 2.42, 2.52, 2.38, 2.51, 2.63, 2.77, 2.46, 2.45, 2.34, 2.51, 2.81, 2.60, 2.38, 2.41, 2.55, 2.54],
  xi_563 = [2.50, 2.44, 2.42, 2.53, 2.49, 2.32, 2.53, 2.53, 2.37, 2.42, 2.56, 2.64, 2.50, 2.38, 2.68, 2.46, 2.58, 2.66, 2.42, 2.36],
  xi_564 = [2.60, 2.41, 2.48, 2.58, 2.60, 2.64, 2.52, 2.67, 2.52, 2.46, 2.50, 2.37, 2.57, 2.62, 2.54, 2.63, 2.49, 2.63, 2.63, 2.52],
  xi_565 = [2.48, 2.65, 2.28, 2.49, 2.59, 2.45, 2.67, 2.49, 2.39, 2.29, 2.32, 2.62, 2.39, 2.75, 2.54, 2.51, 2.42, 2.62, 2.53, 2.57],
  xi_566 = [2.51, 2.64, 2.50, 2.20, 2.57, 2.35, 2.69, 2.54, 2.34, 2.48, 2.36, 2.44, 2.60, 2.65, 2.49, 2.73, 2.45, 2.53, 2.55, 2.64],
  xi_567 = [2.26, 2.58, 2.47, 2.47, 2.58, 2.38, 2.52, 2.43, 2.51, 2.44, 2.36, 2.54, 2.30, 2.34, 2.52, 2.49, 2.33, 2.52, 2.38, 2.41],
  xi_568 = [2.52, 2.50, 2.52, 2.27, 2.35, 2.71, 2.62, 2.49, 2.68, 2.48, 2.36, 2.46, 2.49, 2.61, 2.62, 2.41, 2.67, 2.56, 2.60, 2.41],
  xi_569 = [2.59, 2.45, 2.70, 2.28, 2.51, 2.36, 2.70, 2.72, 2.47, 2.41, 2.79, 2.77, 2.60, 2.56, 2.52, 2.69, 2.64, 2.54, 2.41, 2.59],
  xi_5610 = [2.61, 2.56, 2.65, 2.46, 2.45, 2.68, 2.57, 2.33, 2.50, 2.55, 2.44, 2.42, 2.38, 2.45, 2.53, 2.61, 2.43, 2.51, 2.53, 2.44],
  xi_571 = [5.20, 5.50, 4.71, 5.58, 6.03, 6.05, 5.45, 5.67, 5.90, 5.42, 5.59, 5.18, 4.98, 5.59, 5.77, 5.88, 5.58, 4.99, 5.56, 5.55],
  xi_572 = [4.74, 6.58, 4.87, 7.07, 4.53, 5.53, 5.46, 4.65, 5.57, 5.62, 6.48, 5.31, 5.97, 5.62, 5.88, 6.43, 6.12, 5.34, 5.49, 5.14],
  xi_573 = [6.08, 5.37, 5.99, 5.73, 5.47, 5.46, 4.89, 5.71, 6.04, 5.36, 5.27, 5.56, 5.29, 4.93, 6.11, 5.78, 4.29, 5.67, 5.35, 4.98],
  xi_574 = [5.97, 5.41, 5.33, 5.80, 5.37, 5.44, 5.39, 5.46, 5.46, 5.18, 4.72, 5.89, 5.31, 6.22, 6.25, 4.95, 5.56, 5.36, 5.14, 5.74],
  xi_575 = [5.96, 5.59, 5.16, 5.59, 5.82, 6.50, 4.97, 5.47, 5.80, 5.15, 6.10, 5.91, 4.96, 5.82, 5.69, 4.82, 5.60, 4.69, 5.41, 5.66],
  xi_576 = [5.32, 5.62, 5.62, 5.24, 5.23, 5.30, 4.55, 5.81, 5.13, 5.04, 4.93, 5.54, 5.42, 5.86, 4.74, 5.75, 4.82, 4.40, 5.37, 5.37],
  xi_577 = [5.79, 5.72, 5.56, 6.57, 5.57, 5.93, 5.61, 6.03, 5.25, 4.86, 4.88, 5.82, 5.09, 4.64, 5.01, 5.79, 5.11, 5.76, 5.83, 5.48],
  xi_578 = [5.94, 5.75, 5.31, 4.93, 5.25, 4.76, 5.36, 5.19, 4.95, 5.93, 5.60, 5.55, 5.21, 4.30, 5.17, 5.52, 5.08, 5.67, 6.06, 5.48],
  xi_579 = [5.42, 7.18, 5.62, 5.43, 4.74, 5.57, 5.69, 5.21, 5.30, 5.03, 6.28, 5.45, 4.83, 4.80, 5.33, 4.76, 5.63, 5.23, 5.80, 6.05],
  xi_5710 = [5.24, 5.34, 5.53, 5.87, 5.80, 5.66, 4.48, 5.90, 4.93, 5.29, 5.79, 5.01, 5.01, 5.97, 5.34, 5.58, 5.07, 4.98, 5.48, 5.35],
  xi_581 = [8.71, 8.76, 8.10, 7.38, 9.35, 7.07, 7.66, 8.08, 8.56, 7.83, 7.88, 9.37, 7.43, 7.20, 9.31, 8.52, 10.00, 8.51, 7.41, 8.72],
  xi_582 = [9.26, 9.44, 7.20, 8.53, 7.56, 8.77, 10.00, 8.28, 9.46, 9.02, 8.42, 8.19, 9.21, 8.47, 8.85, 7.85, 8.04, 8.37, 7.83, 8.26],
  xi_583 = [9.29, 8.01, 8.93, 9.25, 8.47, 8.21, 7.61, 9.29, 8.88, 8.30, 7.39, 7.82, 8.63, 9.04, 8.29, 9.10, 8.75, 8.66, 7.26, 7.99],
  xi_584 = [9.04, 7.09, 9.79, 8.22, 9.72, 7.99, 7.04, 10.00, 10.00, 8.46, 9.89, 7.44, 10.00, 7.99, 8.72, 9.20, 7.12, 8.76, 8.67, 7.36],
  xi_585 = [7.32, 8.06, 10.00, 8.41, 8.06, 7.72, 8.37, 7.22, 6.97, 8.93, 9.11, 8.98, 8.49, 9.35, 8.01, 9.21, 8.96, 6.95, 8.33, 7.04],
  xi_586 = [8.76, 9.57, 9.98, 7.45, 7.79, 9.36, 8.25, 7.90, 7.53, 9.00, 8.62, 9.01, 8.03, 8.09, 9.18, 8.36, 9.68, 8.58, 7.59, 8.03],
  xi_587 = [8.29, 7.45, 9.07, 8.77, 7.71, 8.64, 8.55, 7.55, 8.05, 8.12, 9.09, 10.00, 9.97, 8.90, 8.03, 9.94, 8.89, 9.51, 10.00, 7.95],
  xi_588 = [9.12, 7.79, 6.92, 9.60, 8.88, 7.73, 8.57, 9.38, 8.07, 7.62, 9.61, 8.81, 8.98, 8.76, 8.60, 8.85, 7.67, 8.81, 8.07, 8.20],
  xi_589 = [10.00, 8.49, 10.00, 8.88, 8.14, 7.44, 9.10, 8.63, 8.71, 10.00, 8.15, 10.00, 7.82, 9.51, 9.57, 7.25, 8.70, 9.32, 8.50, 8.89],
  xi_5810 = [7.64, 8.74, 9.44, 9.64, 8.10, 7.07, 9.12, 9.13, 8.24, 8.51, 9.86, 7.43, 10.00, 9.38, 7.42, 8.23, 10.00, 7.85, 9.57, 9.13],
  xi_591 = [5.27, 5.92, 5.59, 5.58, 5.77, 5.46, 5.66, 5.59, 5.16, 6.29, 4.92, 6.36, 5.28, 5.99, 5.49, 6.05, 5.72, 6.09, 5.75, 5.00],
  xi_592 = [5.35, 5.69, 5.29, 5.66, 6.33, 6.44, 5.34, 5.52, 5.78, 5.54, 6.06, 5.31, 5.21, 5.74, 4.86, 5.39, 5.41, 5.45, 6.05, 6.17],
  xi_593 = [5.47, 5.29, 5.67, 6.18, 4.97, 5.36, 6.27, 5.66, 5.47, 4.67, 5.43, 5.26, 5.74, 5.36, 5.54, 5.24, 5.99, 5.74, 5.68, 5.03],
  xi_594 = [5.17, 5.37, 5.92, 6.46, 5.15, 5.89, 5.06, 5.62, 4.94, 5.60, 5.68, 5.80, 4.91, 5.07, 5.01, 5.06, 6.33, 5.66, 5.24, 5.45],
  xi_595 = [5.40, 4.93, 5.18, 5.22, 5.40, 5.96, 5.57, 5.54, 6.40, 5.69, 5.36, 5.33, 6.00, 5.95, 6.08, 5.79, 5.55, 5.23, 5.76, 4.93],
  xi_596 = [5.27, 5.02, 6.15, 5.70, 5.60, 5.22, 5.53, 5.74, 5.52, 5.06, 6.44, 4.93, 5.19, 5.51, 4.98, 5.59, 5.52, 4.76, 5.53, 5.91],
  xi_597 = [5.54, 5.08, 4.69, 5.09, 5.75, 5.75, 4.77, 5.69, 4.87, 5.33, 5.49, 5.74, 5.63, 5.90, 5.00, 6.07, 4.73, 5.90, 6.67, 4.55],
  xi_598 = [6.05, 5.38, 4.70, 5.66, 5.73, 5.28, 6.52, 5.73, 6.36, 6.10, 5.74, 5.66, 5.67, 5.64, 5.92, 5.23, 6.90, 5.56, 5.83, 5.16],
  xi_599 = [5.50, 5.25, 5.88, 6.18, 6.19, 5.81, 5.48, 5.01, 5.49, 5.20, 6.24, 6.69, 5.92, 6.13, 5.38, 5.65, 5.69, 5.80, 5.14, 5.59],
  xi_5910 = [5.78, 5.36, 5.90, 5.13, 6.02, 5.58, 5.16, 5.09, 5.27, 5.17, 6.03, 5.12, 4.83, 5.88, 6.31, 5.99, 5.85, 6.17, 4.68, 5.29],
  xi_601 = [10.00, 7.32, 9.18, 6.81, 7.97, 8.99, 8.09, 8.86, 8.31, 8.25, 7.31, 8.17, 7.61, 7.24, 7.39, 8.79, 8.93, 8.86, 10.00, 7.81],
  xi_602 = [8.60, 9.79, 7.70, 8.42, 10.00, 8.45, 10.00, 10.00, 10.00, 9.94, 9.51, 9.14, 8.69, 9.16, 8.92, 9.02, 9.28, 7.28, 8.90, 7.69],
  xi_603 = [8.80, 8.48, 9.57, 8.72, 8.31, 8.82, 7.47, 8.44, 7.61, 9.37, 8.28, 8.30, 8.06, 9.33, 7.38, 9.54, 8.58, 8.19, 10.00, 6.96],
  xi_604 = [8.78, 8.57, 9.92, 8.34, 9.18, 7.68, 9.27, 9.86, 8.47, 9.03, 7.94, 9.20, 8.69, 9.19, 7.83, 7.83, 9.32, 8.77, 7.05, 7.11],
  xi_605 = [9.79, 9.21, 8.61, 9.67, 8.11, 8.26, 8.61, 9.46, 7.75, 8.11, 7.35, 7.88, 7.87, 8.15, 8.11, 7.70, 7.76, 10.00, 9.08, 8.58],
  xi_606 = [7.94, 9.34, 8.88, 8.24, 8.27, 9.44, 9.03, 10.00, 8.51, 8.37, 7.86, 8.69, 10.00, 7.79, 9.44, 9.11, 7.50, 9.03, 8.34, 8.61],
  xi_607 = [7.22, 7.75, 8.61, 8.63, 8.20, 8.71, 6.81, 8.92, 7.93, 7.60, 7.64, 9.14, 10.00, 9.60, 10.00, 10.00, 8.60, 8.85, 9.16, 7.93],
  xi_608 = [9.98, 8.51, 7.27, 9.84, 8.80, 7.40, 6.83, 7.28, 7.38, 8.75, 7.93, 10.00, 7.01, 8.05, 8.37, 7.91, 9.39, 8.36, 8.97, 9.50],
  xi_609 = [8.33, 8.37, 7.63, 7.96, 9.33, 9.02, 9.07, 8.69, 8.69, 8.14, 10.00, 8.62, 8.28, 8.11, 8.32, 8.28, 8.29, 8.58, 9.31, 9.27],
  xi_6010 = [7.07, 9.56, 9.05, 9.92, 9.71, 10.00, 10.00, 7.94, 7.89, 7.18, 8.15, 8.36, 9.96, 10.00, 10.00, 10.00, 9.19, 8.38, 9.69, 8.13],
]

Transportation Costs (cjk) = [
  [4.95, 3.42, 5.61, 7.37, 5.86, 8.37, 3.62, 1.13, 0.97, 8.68],
  [3.90, 0.88, 7.32, 1.09, 5.05, 7.36, 3.67, 3.10, 3.67, 0.89],
  [2.06, 8.88, 2.06, 7.35, 8.85, 3.89, 2.15, 5.71, 3.43, 1.02],
  [4.26, 5.51, 5.81, 6.80, 8.84, 8.09, 5.30, 5.59, 5.43, 6.87],
  [3.39, 4.62, 4.09, 2.08, 4.37, 10.03, 1.02, 0.75, 10.09, 4.04],
  [0.98, 2.64, 6.06, 4.66, 7.72, 3.00, 3.09, 5.55, 3.89, 0.88],
  [4.43, 7.48, 4.12, 4.85, 2.18, 8.41, 1.62, 8.32, 9.09, 4.58],
  [5.44, 3.97, 0.99, 0.82, 4.71, 5.25, 2.49, 3.15, 1.02, 1.78],
  [1.96, 2.78, 1.06, 8.04, 4.15, 9.14, 5.26, 4.64, 1.85, 8.47],
  [2.66, 7.75, 4.28, 2.11, 2.71, 8.27, 8.39, 3.22, 3.05, 6.32],
  [9.84, 7.70, 7.72, 3.05, 1.67, 10.77, 1.86, 6.71, 4.03, 7.86],
  [2.24, 6.78, 6.41, 2.01, 3.48, 6.40, 1.06, 1.00, 9.00, 8.84],
  [7.82, 8.96, 1.88, 10.07, 6.16, 1.96, 7.24, 4.49, 2.78, 8.94],
  [1.97, 4.17, 2.96, 9.61, 3.22, 8.31, 3.40, 0.82, 7.87, 6.46],
  [5.64, 0.89, 9.30, 6.32, 1.06, 9.24, 5.30, 5.04, 1.91, 8.83],
  [7.49, 1.06, 7.72, 5.63, 2.82, 1.13, 4.51, 4.19, 3.29, 6.84],
  [6.31, 5.85, 9.53, 0.85, 3.96, 6.15, 2.12, 2.12, 5.22, 5.41],
  [4.69, 2.91, 6.14, 7.00, 4.95, 7.80, 6.99, 5.16, 7.98, 5.30],
  [3.19, 8.70, 1.12, 2.43, 4.09, 7.83, 8.98, 9.14, 4.24, 4.57],
  [6.81, 5.81, 0.88, 8.00, 3.16, 1.06, 6.81, 1.95, 6.99, 8.21],
  [2.84, 6.61, 8.33, 3.81, 0.97, 6.30, 6.84, 7.37, 9.73, 3.48],
  [10.66, 5.16, 5.11, 3.92, 8.18, 8.02, 7.25, 8.93, 4.53, 4.95],
  [6.04, 8.13, 9.31, 4.88, 5.48, 3.27, 1.06, 8.97, 2.96, 1.25],
  [3.93, 4.99, 2.03, 9.68, 6.35, 2.96, 3.25, 2.88, 5.47, 8.89],
  [2.96, 4.82, 2.14, 3.97, 3.36, 3.80, 2.88, 5.99, 0.78, 4.17],
  [2.04, 4.19, 5.77, 8.58, 5.00, 10.25, 6.15, 6.04, 3.15, 9.46],
  [0.86, 4.26, 7.02, 7.52, 1.94, 6.94, 8.53, 0.98, 1.09, 4.07],
  [8.97, 8.19, 1.85, 8.73, 2.82, 2.63, 7.27, 3.22, 1.91, 1.99],
  [7.74, 5.55, 2.18, 7.36, 4.97, 2.71, 3.50, 4.04, 3.43, 3.16],
  [1.97, 5.47, 1.00, 2.74, 2.17, 5.04, 7.63, 6.78, 7.24, 2.07],
  [3.38, 3.75, 3.35, 8.65, 5.23, 5.51, 4.95, 2.73, 7.22, 4.73],
  [8.80, 3.91, 2.97, 2.96, 3.05, 5.04, 7.51, 7.33, 4.74, 7.51],
  [8.24, 3.49, 3.75, 6.45, 7.55, 7.40, 1.11, 7.51, 3.06, 3.06],
  [3.07, 5.19, 7.37, 1.08, 1.08, 4.78, 2.62, 2.46, 6.08, 7.03],
  [4.20, 4.78, 4.78, 6.03, 3.48, 1.10, 7.29, 4.87, 5.01, 4.04],
  [8.09, 7.86, 3.32, 5.22, 8.38, 3.89, 8.80, 6.59, 4.43, 9.54],
  [6.36, 3.66, 8.75, 3.77, 1.97, 0.92, 4.01, 6.23, 9.20, 5.93],
  [6.19, 2.87, 8.34, 3.00, 2.58, 6.46, 9.00, 5.12, 4.01, 1.03],
  [8.61, 2.69, 3.89, 4.50, 6.87, 1.58, 6.67, 3.38, 6.43, 5.45],
  [5.29, 6.82, 6.54, 4.23, 5.10, 6.74, 7.88, 3.80, 5.35, 3.30],
  [3.64, 6.41, 6.29, 2.93, 8.81, 6.49, 1.08, 7.46, 7.93, 5.34],
  [9.14, 7.64, 4.42, 6.70, 4.69, 2.98, 5.51, 9.18, 1.16, 4.83],
  [9.41, 2.91, 10.80, 9.07, 3.16, 4.86, 8.67, 6.78, 6.72, 7.27],
  [0.89, 0.94, 2.18, 5.38, 1.73, 4.23, 2.63, 5.63, 2.21, 4.43],
  [8.05, 6.51, 1.69, 5.72, 2.27, 1.07, 6.88, 3.85, 1.07, 1.03],
  [3.77, 3.14, 2.03, 0.72, 7.52, 7.20, 2.10, 6.50, 8.53, 3.37],
  [7.42, 3.43, 7.22, 2.98, 8.57, 3.77, 8.42, 4.13, 4.83, 2.00],
  [3.30, 3.76, 7.47, 8.53, 6.54, 7.06, 6.77, 9.13, 3.02, 7.89],
  [8.38, 4.23, 2.50, 0.99, 2.14, 5.85, 4.12, 7.30, 3.77, 5.51],
  [2.60, 4.83, 5.71, 8.44, 7.83, 3.03, 4.12, 4.38, 3.47, 3.40],
  [4.80, 5.70, 2.06, 7.20, 2.49, 4.97, 1.07, 5.79, 2.78, 7.30],
  [1.77, 10.24, 6.72, 4.64, 1.03, 6.96, 8.91, 6.70, 4.40, 6.76],
  [4.38, 3.79, 2.97, 1.91, 4.51, 2.80, 7.55, 0.97, 5.72, 7.52],
  [4.69, 8.39, 9.55, 9.52, 2.16, 3.83, 7.63, 2.10, 5.75, 9.19],
  [3.30, 5.58, 3.62, 4.64, 1.08, 7.95, 7.50, 8.98, 9.79, 4.77],
  [9.41, 7.17, 0.95, 1.03, 5.98, 3.05, 7.55, 5.98, 2.44, 5.36],
  [6.35, 5.97, 6.14, 1.01, 4.44, 7.47, 3.99, 0.88, 1.25, 0.98],
  [3.81, 7.29, 6.43, 5.39, 4.53, 5.29, 8.15, 0.88, 1.04, 0.94],
  [4.62, 1.14, 0.85, 3.67, 9.83, 5.73, 6.47, 4.61, 0.97, 5.73],
  [7.17, 2.24, 1.85, 9.70, 3.77, 0.89, 8.69, 9.66, 5.73, 6.99],
]

Mean Service Times (¦Ì_{jk}) = [
  mu_11 = [2.49],
  mu_12 = [2.57],
  mu_13 = [2.51],
  mu_14 = [2.51],
  mu_15 = [2.52],
  mu_16 = [2.48],
  mu_17 = [2.48],
  mu_18 = [2.52],
  mu_19 = [2.50],
  mu_110 = [2.46],
  mu_21 = [5.52],
  mu_22 = [5.59],
  mu_23 = [5.61],
  mu_24 = [5.46],
  mu_25 = [5.48],
  mu_26 = [5.52],
  mu_27 = [5.54],
  mu_28 = [5.51],
  mu_29 = [5.56],
  mu_210 = [5.56],
  mu_31 = [2.52],
  mu_32 = [2.47],
  mu_33 = [2.49],
  mu_34 = [2.48],
  mu_35 = [2.49],
  mu_36 = [2.50],
  mu_37 = [2.49],
  mu_38 = [2.53],
  mu_39 = [2.53],
  mu_310 = [2.55],
  mu_41 = [8.43],
  mu_42 = [8.42],
  mu_43 = [8.17],
  mu_44 = [8.84],
  mu_45 = [8.54],
  mu_46 = [8.84],
  mu_47 = [8.49],
  mu_48 = [8.64],
  mu_49 = [8.84],
  mu_410 = [8.73],
  mu_51 = [5.52],
  mu_52 = [5.58],
  mu_53 = [5.66],
  mu_54 = [5.45],
  mu_55 = [5.49],
  mu_56 = [5.53],
  mu_57 = [5.43],
  mu_58 = [5.45],
  mu_59 = [5.44],
  mu_510 = [5.42],
  mu_61 = [2.56],
  mu_62 = [2.49],
  mu_63 = [2.51],
  mu_64 = [2.54],
  mu_65 = [2.48],
  mu_66 = [2.48],
  mu_67 = [2.48],
  mu_68 = [2.49],
  mu_69 = [2.52],
  mu_610 = [2.52],
  mu_71 = [2.53],
  mu_72 = [2.52],
  mu_73 = [2.51],
  mu_74 = [2.54],
  mu_75 = [2.48],
  mu_76 = [2.54],
  mu_77 = [2.49],
  mu_78 = [2.50],
  mu_79 = [2.51],
  mu_710 = [2.52],
  mu_81 = [5.64],
  mu_82 = [5.39],
  mu_83 = [5.52],
  mu_84 = [5.34],
  mu_85 = [5.36],
  mu_86 = [5.53],
  mu_87 = [5.72],
  mu_88 = [5.30],
  mu_89 = [5.61],
  mu_810 = [5.68],
  mu_91 = [2.51],
  mu_92 = [2.50],
  mu_93 = [2.49],
  mu_94 = [2.47],
  mu_95 = [2.54],
  mu_96 = [2.50],
  mu_97 = [2.51],
  mu_98 = [2.56],
  mu_99 = [2.49],
  mu_910 = [2.50],
  mu_101 = [2.50],
  mu_102 = [2.50],
  mu_103 = [2.47],
  mu_104 = [2.44],
  mu_105 = [2.50],
  mu_106 = [2.48],
  mu_107 = [2.50],
  mu_108 = [2.52],
  mu_109 = [2.53],
  mu_1010 = [2.52],
  mu_111 = [8.64],
  mu_112 = [8.79],
  mu_113 = [8.44],
  mu_114 = [8.16],
  mu_115 = [8.60],
  mu_116 = [8.22],
  mu_117 = [8.51],
  mu_118 = [8.28],
  mu_119 = [8.80],
  mu_1110 = [8.69],
  mu_121 = [8.69],
  mu_122 = [8.16],
  mu_123 = [8.75],
  mu_124 = [8.58],
  mu_125 = [8.24],
  mu_126 = [8.74],
  mu_127 = [8.15],
  mu_128 = [8.57],
  mu_129 = [8.18],
  mu_1210 = [8.69],
  mu_131 = [5.49],
  mu_132 = [5.69],
  mu_133 = [5.48],
  mu_134 = [5.50],
  mu_135 = [5.59],
  mu_136 = [5.54],
  mu_137 = [5.56],
  mu_138 = [5.37],
  mu_139 = [5.60],
  mu_1310 = [5.69],
  mu_141 = [8.44],
  mu_142 = [8.30],
  mu_143 = [8.67],
  mu_144 = [8.83],
  mu_145 = [8.70],
  mu_146 = [9.04],
  mu_147 = [9.07],
  mu_148 = [8.69],
  mu_149 = [8.41],
  mu_1410 = [8.88],
  mu_151 = [5.61],
  mu_152 = [5.51],
  mu_153 = [5.54],
  mu_154 = [5.41],
  mu_155 = [5.57],
  mu_156 = [5.49],
  mu_157 = [5.53],
  mu_158 = [5.52],
  mu_159 = [5.48],
  mu_1510 = [5.56],
  mu_161 = [2.48],
  mu_162 = [2.48],
  mu_163 = [2.55],
  mu_164 = [2.51],
  mu_165 = [2.47],
  mu_166 = [2.49],
  mu_167 = [2.49],
  mu_168 = [2.52],
  mu_169 = [2.51],
  mu_1610 = [2.53],
  mu_171 = [8.49],
  mu_172 = [8.52],
  mu_173 = [8.49],
  mu_174 = [8.95],
  mu_175 = [8.55],
  mu_176 = [8.56],
  mu_177 = [8.32],
  mu_178 = [8.39],
  mu_179 = [9.03],
  mu_1710 = [8.39],
  mu_181 = [5.56],
  mu_182 = [5.38],
  mu_183 = [5.49],
  mu_184 = [5.51],
  mu_185 = [5.47],
  mu_186 = [5.54],
  mu_187 = [5.52],
  mu_188 = [5.48],
  mu_189 = [5.54],
  mu_1810 = [5.51],
  mu_191 = [8.24],
  mu_192 = [8.30],
  mu_193 = [8.85],
  mu_194 = [8.50],
  mu_195 = [8.42],
  mu_196 = [8.74],
  mu_197 = [8.60],
  mu_198 = [8.95],
  mu_199 = [8.81],
  mu_1910 = [8.14],
  mu_201 = [5.56],
  mu_202 = [5.50],
  mu_203 = [5.45],
  mu_204 = [5.43],
  mu_205 = [5.55],
  mu_206 = [5.46],
  mu_207 = [5.45],
  mu_208 = [5.64],
  mu_209 = [5.35],
  mu_2010 = [5.59],
  mu_211 = [9.01],
  mu_212 = [8.65],
  mu_213 = [8.52],
  mu_214 = [8.75],
  mu_215 = [8.53],
  mu_216 = [8.76],
  mu_217 = [8.09],
  mu_218 = [8.70],
  mu_219 = [8.55],
  mu_2110 = [8.82],
  mu_221 = [8.61],
  mu_222 = [8.73],
  mu_223 = [8.41],
  mu_224 = [8.50],
  mu_225 = [8.17],
  mu_226 = [8.38],
  mu_227 = [8.41],
  mu_228 = [8.43],
  mu_229 = [8.97],
  mu_2210 = [8.37],
  mu_231 = [5.63],
  mu_232 = [5.54],
  mu_233 = [5.43],
  mu_234 = [5.50],
  mu_235 = [5.62],
  mu_236 = [5.50],
  mu_237 = [5.59],
  mu_238 = [5.62],
  mu_239 = [5.54],
  mu_2310 = [5.46],
  mu_241 = [9.06],
  mu_242 = [8.79],
  mu_243 = [8.25],
  mu_244 = [8.92],
  mu_245 = [8.11],
  mu_246 = [8.53],
  mu_247 = [8.37],
  mu_248 = [8.72],
  mu_249 = [8.62],
  mu_2410 = [8.44],
  mu_251 = [5.50],
  mu_252 = [5.30],
  mu_253 = [5.38],
  mu_254 = [5.58],
  mu_255 = [5.53],
  mu_256 = [5.46],
  mu_257 = [5.37],
  mu_258 = [5.59],
  mu_259 = [5.36],
  mu_2510 = [5.45],
  mu_261 = [8.32],
  mu_262 = [8.24],
  mu_263 = [8.36],
  mu_264 = [8.19],
  mu_265 = [8.64],
  mu_266 = [8.41],
  mu_267 = [8.64],
  mu_268 = [8.16],
  mu_269 = [8.75],
  mu_2610 = [8.44],
  mu_271 = [8.38],
  mu_272 = [8.45],
  mu_273 = [8.35],
  mu_274 = [8.46],
  mu_275 = [8.25],
  mu_276 = [8.51],
  mu_277 = [8.23],
  mu_278 = [8.62],
  mu_279 = [7.93],
  mu_2710 = [8.48],
  mu_281 = [2.55],
  mu_282 = [2.47],
  mu_283 = [2.49],
  mu_284 = [2.51],
  mu_285 = [2.53],
  mu_286 = [2.48],
  mu_287 = [2.56],
  mu_288 = [2.50],
  mu_289 = [2.52],
  mu_2810 = [2.54],
  mu_291 = [8.47],
  mu_292 = [8.46],
  mu_293 = [8.23],
  mu_294 = [8.86],
  mu_295 = [8.51],
  mu_296 = [8.39],
  mu_297 = [8.39],
  mu_298 = [8.71],
  mu_299 = [8.78],
  mu_2910 = [8.64],
  mu_301 = [8.28],
  mu_302 = [8.83],
  mu_303 = [8.58],
  mu_304 = [8.72],
  mu_305 = [8.47],
  mu_306 = [8.50],
  mu_307 = [9.03],
  mu_308 = [8.52],
  mu_309 = [8.58],
  mu_3010 = [8.66],
  mu_311 = [8.25],
  mu_312 = [8.47],
  mu_313 = [8.53],
  mu_314 = [8.53],
  mu_315 = [8.25],
  mu_316 = [8.35],
  mu_317 = [8.60],
  mu_318 = [8.83],
  mu_319 = [8.63],
  mu_3110 = [8.58],
  mu_321 = [5.55],
  mu_322 = [5.47],
  mu_323 = [5.50],
  mu_324 = [5.50],
  mu_325 = [5.67],
  mu_326 = [5.26],
  mu_327 = [5.42],
  mu_328 = [5.64],
  mu_329 = [5.45],
  mu_3210 = [5.58],
  mu_331 = [5.41],
  mu_332 = [5.61],
  mu_333 = [5.67],
  mu_334 = [5.52],
  mu_335 = [5.59],
  mu_336 = [5.48],
  mu_337 = [5.36],
  mu_338 = [5.36],
  mu_339 = [5.58],
  mu_3310 = [5.53],
  mu_341 = [8.43],
  mu_342 = [8.45],
  mu_343 = [8.49],
  mu_344 = [8.54],
  mu_345 = [8.50],
  mu_346 = [8.84],
  mu_347 = [8.72],
  mu_348 = [8.35],
  mu_349 = [9.01],
  mu_3410 = [8.57],
  mu_351 = [2.52],
  mu_352 = [2.51],
  mu_353 = [2.46],
  mu_354 = [2.49],
  mu_355 = [2.50],
  mu_356 = [2.50],
  mu_357 = [2.57],
  mu_358 = [2.51],
  mu_359 = [2.48],
  mu_3510 = [2.52],
  mu_361 = [5.58],
  mu_362 = [5.50],
  mu_363 = [5.34],
  mu_364 = [5.47],
  mu_365 = [5.59],
  mu_366 = [5.56],
  mu_367 = [5.53],
  mu_368 = [5.45],
  mu_369 = [5.59],
  mu_3610 = [5.53],
  mu_371 = [5.47],
  mu_372 = [5.47],
  mu_373 = [5.42],
  mu_374 = [5.59],
  mu_375 = [5.49],
  mu_376 = [5.73],
  mu_377 = [5.56],
  mu_378 = [5.53],
  mu_379 = [5.47],
  mu_3710 = [5.42],
  mu_381 = [8.59],
  mu_382 = [8.41],
  mu_383 = [8.73],
  mu_384 = [8.56],
  mu_385 = [8.25],
  mu_386 = [8.32],
  mu_387 = [8.47],
  mu_388 = [8.70],
  mu_389 = [8.53],
  mu_3810 = [8.73],
  mu_391 = [8.54],
  mu_392 = [8.56],
  mu_393 = [8.56],
  mu_394 = [8.72],
  mu_395 = [8.25],
  mu_396 = [8.39],
  mu_397 = [8.70],
  mu_398 = [8.52],
  mu_399 = [8.64],
  mu_3910 = [8.49],
  mu_401 = [5.48],
  mu_402 = [5.68],
  mu_403 = [5.57],
  mu_404 = [5.47],
  mu_405 = [5.43],
  mu_406 = [5.73],
  mu_407 = [5.51],
  mu_408 = [5.46],
  mu_409 = [5.57],
  mu_4010 = [5.65],
  mu_411 = [5.55],
  mu_412 = [5.55],
  mu_413 = [5.64],
  mu_414 = [5.53],
  mu_415 = [5.46],
  mu_416 = [5.46],
  mu_417 = [5.45],
  mu_418 = [5.61],
  mu_419 = [5.52],
  mu_4110 = [5.49],
  mu_421 = [8.22],
  mu_422 = [8.70],
  mu_423 = [8.28],
  mu_424 = [8.40],
  mu_425 = [7.99],
  mu_426 = [8.66],
  mu_427 = [8.59],
  mu_428 = [8.35],
  mu_429 = [8.38],
  mu_4210 = [8.25],
  mu_431 = [2.53],
  mu_432 = [2.48],
  mu_433 = [2.54],
  mu_434 = [2.51],
  mu_435 = [2.53],
  mu_436 = [2.52],
  mu_437 = [2.55],
  mu_438 = [2.47],
  mu_439 = [2.50],
  mu_4310 = [2.49],
  mu_441 = [2.50],
  mu_442 = [2.54],
  mu_443 = [2.51],
  mu_444 = [2.52],
  mu_445 = [2.53],
  mu_446 = [2.49],
  mu_447 = [2.48],
  mu_448 = [2.48],
  mu_449 = [2.50],
  mu_4410 = [2.47],
  mu_451 = [8.49],
  mu_452 = [8.63],
  mu_453 = [8.45],
  mu_454 = [8.35],
  mu_455 = [8.82],
  mu_456 = [8.33],
  mu_457 = [8.41],
  mu_458 = [8.27],
  mu_459 = [8.48],
  mu_4510 = [8.74],
  mu_461 = [2.51],
  mu_462 = [2.52],
  mu_463 = [2.50],
  mu_464 = [2.55],
  mu_465 = [2.52],
  mu_466 = [2.51],
  mu_467 = [2.56],
  mu_468 = [2.50],
  mu_469 = [2.50],
  mu_4610 = [2.53],
  mu_471 = [5.52],
  mu_472 = [5.55],
  mu_473 = [5.60],
  mu_474 = [5.56],
  mu_475 = [5.62],
  mu_476 = [5.48],
  mu_477 = [5.59],
  mu_478 = [5.54],
  mu_479 = [5.50],
  mu_4710 = [5.70],
  mu_481 = [2.50],
  mu_482 = [2.50],
  mu_483 = [2.51],
  mu_484 = [2.51],
  mu_485 = [2.51],
  mu_486 = [2.48],
  mu_487 = [2.45],
  mu_488 = [2.52],
  mu_489 = [2.46],
  mu_4810 = [2.49],
  mu_491 = [8.30],
  mu_492 = [8.36],
  mu_493 = [8.52],
  mu_494 = [8.73],
  mu_495 = [8.54],
  mu_496 = [8.23],
  mu_497 = [8.47],
  mu_498 = [8.24],
  mu_499 = [8.65],
  mu_4910 = [8.65],
  mu_501 = [5.50],
  mu_502 = [5.72],
  mu_503 = [5.36],
  mu_504 = [5.55],
  mu_505 = [5.55],
  mu_506 = [5.51],
  mu_507 = [5.37],
  mu_508 = [5.70],
  mu_509 = [5.58],
  mu_5010 = [5.63],
  mu_511 = [2.52],
  mu_512 = [2.47],
  mu_513 = [2.56],
  mu_514 = [2.49],
  mu_515 = [2.49],
  mu_516 = [2.52],
  mu_517 = [2.48],
  mu_518 = [2.52],
  mu_519 = [2.52],
  mu_5110 = [2.49],
  mu_521 = [2.53],
  mu_522 = [2.51],
  mu_523 = [2.55],
  mu_524 = [2.50],
  mu_525 = [2.48],
  mu_526 = [2.47],
  mu_527 = [2.48],
  mu_528 = [2.51],
  mu_529 = [2.51],
  mu_5210 = [2.49],
  mu_531 = [8.55],
  mu_532 = [8.70],
  mu_533 = [8.57],
  mu_534 = [8.29],
  mu_535 = [8.49],
  mu_536 = [8.48],
  mu_537 = [8.58],
  mu_538 = [8.55],
  mu_539 = [8.45],
  mu_5310 = [8.41],
  mu_541 = [5.49],
  mu_542 = [5.53],
  mu_543 = [5.57],
  mu_544 = [5.46],
  mu_545 = [5.55],
  mu_546 = [5.67],
  mu_547 = [5.39],
  mu_548 = [5.39],
  mu_549 = [5.53],
  mu_5410 = [5.58],
  mu_551 = [5.67],
  mu_552 = [5.61],
  mu_553 = [5.55],
  mu_554 = [5.50],
  mu_555 = [5.61],
  mu_556 = [5.52],
  mu_557 = [5.63],
  mu_558 = [5.50],
  mu_559 = [5.57],
  mu_5510 = [5.56],
  mu_561 = [2.51],
  mu_562 = [2.51],
  mu_563 = [2.49],
  mu_564 = [2.55],
  mu_565 = [2.50],
  mu_566 = [2.51],
  mu_567 = [2.44],
  mu_568 = [2.52],
  mu_569 = [2.57],
  mu_5610 = [2.50],
  mu_571 = [5.51],
  mu_572 = [5.62],
  mu_573 = [5.47],
  mu_574 = [5.50],
  mu_575 = [5.53],
  mu_576 = [5.25],
  mu_577 = [5.52],
  mu_578 = [5.35],
  mu_579 = [5.47],
  mu_5710 = [5.38],
  mu_581 = [8.34],
  mu_582 = [8.62],
  mu_583 = [8.46],
  mu_584 = [8.74],
  mu_585 = [8.28],
  mu_586 = [8.54],
  mu_587 = [8.75],
  mu_588 = [8.50],
  mu_589 = [8.94],
  mu_5810 = [8.74],
  mu_591 = [5.65],
  mu_592 = [5.63],
  mu_593 = [5.50],
  mu_594 = [5.47],
  mu_595 = [5.56],
  mu_596 = [5.46],
  mu_597 = [5.41],
  mu_598 = [5.74],
  mu_599 = [5.71],
  mu_5910 = [5.53],
  mu_601 = [8.45],
  mu_602 = [9.10],
  mu_603 = [8.54],
  mu_604 = [8.60],
  mu_605 = [8.52],
  mu_606 = [8.76],
  mu_607 = [8.64],
  mu_608 = [8.39],
  mu_609 = [8.62],
  mu_6010 = [9.14],
]

Mean Transportation Times (¦Ó_{jk}) = [
  tau_11 = [1.66],
  tau_12 = [1.65],
  tau_13 = [1.66],
  tau_14 = [1.66],
  tau_15 = [1.67],
  tau_16 = [1.67],
  tau_17 = [1.67],
  tau_18 = [1.69],
  tau_19 = [1.66],
  tau_110 = [1.67],
  tau_21 = [3.02],
  tau_22 = [2.99],
  tau_23 = [3.07],
  tau_24 = [3.01],
  tau_25 = [2.97],
  tau_26 = [3.01],
  tau_27 = [2.90],
  tau_28 = [3.07],
  tau_29 = [2.98],
  tau_210 = [3.03],
  tau_31 = [4.27],
  tau_32 = [4.33],
  tau_33 = [4.45],
  tau_34 = [4.24],
  tau_35 = [4.32],
  tau_36 = [4.38],
  tau_37 = [4.38],
  tau_38 = [4.36],
  tau_39 = [4.36],
  tau_310 = [4.36],
  tau_41 = [1.66],
  tau_42 = [1.68],
  tau_43 = [1.67],
  tau_44 = [1.67],
  tau_45 = [1.67],
  tau_46 = [1.66],
  tau_47 = [1.66],
  tau_48 = [1.69],
  tau_49 = [1.66],
  tau_410 = [1.65],
  tau_51 = [3.05],
  tau_52 = [3.07],
  tau_53 = [3.02],
  tau_54 = [2.98],
  tau_55 = [2.99],
  tau_56 = [3.05],
  tau_57 = [2.95],
  tau_58 = [3.01],
  tau_59 = [2.99],
  tau_510 = [3.10],
  tau_61 = [3.07],
  tau_62 = [3.01],
  tau_63 = [2.94],
  tau_64 = [3.00],
  tau_65 = [3.01],
  tau_66 = [3.01],
  tau_67 = [3.03],
  tau_68 = [3.01],
  tau_69 = [2.96],
  tau_610 = [3.00],
  tau_71 = [4.31],
  tau_72 = [4.45],
  tau_73 = [4.33],
  tau_74 = [4.33],
  tau_75 = [4.27],
  tau_76 = [4.39],
  tau_77 = [4.35],
  tau_78 = [4.35],
  tau_79 = [4.43],
  tau_710 = [4.26],
  tau_81 = [1.66],
  tau_82 = [1.66],
  tau_83 = [1.67],
  tau_84 = [1.66],
  tau_85 = [1.66],
  tau_86 = [1.69],
  tau_87 = [1.68],
  tau_88 = [1.68],
  tau_89 = [1.67],
  tau_810 = [1.67],
  tau_91 = [1.67],
  tau_92 = [1.65],
  tau_93 = [1.66],
  tau_94 = [1.68],
  tau_95 = [1.68],
  tau_96 = [1.68],
  tau_97 = [1.67],
  tau_98 = [1.68],
  tau_99 = [1.67],
  tau_910 = [1.66],
  tau_101 = [2.94],
  tau_102 = [3.02],
  tau_103 = [3.01],
  tau_104 = [3.00],
  tau_105 = [3.02],
  tau_106 = [3.02],
  tau_107 = [3.06],
  tau_108 = [3.05],
  tau_109 = [2.94],
  tau_1010 = [2.98],
  tau_111 = [1.67],
  tau_112 = [1.68],
  tau_113 = [1.66],
  tau_114 = [1.66],
  tau_115 = [1.67],
  tau_116 = [1.67],
  tau_117 = [1.67],
  tau_118 = [1.67],
  tau_119 = [1.67],
  tau_1110 = [1.68],
  tau_121 = [1.66],
  tau_122 = [1.64],
  tau_123 = [1.68],
  tau_124 = [1.67],
  tau_125 = [1.66],
  tau_126 = [1.68],
  tau_127 = [1.67],
  tau_128 = [1.67],
  tau_129 = [1.68],
  tau_1210 = [1.67],
  tau_131 = [4.32],
  tau_132 = [4.23],
  tau_133 = [4.35],
  tau_134 = [4.40],
  tau_135 = [4.32],
  tau_136 = [4.44],
  tau_137 = [4.38],
  tau_138 = [4.40],
  tau_139 = [4.31],
  tau_1310 = [4.31],
  tau_141 = [3.03],
  tau_142 = [2.97],
  tau_143 = [3.03],
  tau_144 = [3.05],
  tau_145 = [3.03],
  tau_146 = [2.95],
  tau_147 = [3.04],
  tau_148 = [3.03],
  tau_149 = [3.01],
  tau_1410 = [2.94],
  tau_151 = [1.66],
  tau_152 = [1.65],
  tau_153 = [1.67],
  tau_154 = [1.67],
  tau_155 = [1.65],
  tau_156 = [1.66],
  tau_157 = [1.66],
  tau_158 = [1.66],
  tau_159 = [1.67],
  tau_1510 = [1.67],
  tau_161 = [1.65],
  tau_162 = [1.68],
  tau_163 = [1.67],
  tau_164 = [1.66],
  tau_165 = [1.67],
  tau_166 = [1.66],
  tau_167 = [1.66],
  tau_168 = [1.68],
  tau_169 = [1.67],
  tau_1610 = [1.66],
  tau_171 = [3.04],
  tau_172 = [3.04],
  tau_173 = [3.01],
  tau_174 = [3.01],
  tau_175 = [2.97],
  tau_176 = [3.05],
  tau_177 = [3.01],
  tau_178 = [2.99],
  tau_179 = [2.94],
  tau_1710 = [3.02],
  tau_181 = [1.67],
  tau_182 = [1.67],
  tau_183 = [1.66],
  tau_184 = [1.66],
  tau_185 = [1.65],
  tau_186 = [1.65],
  tau_187 = [1.66],
  tau_188 = [1.65],
  tau_189 = [1.65],
  tau_1810 = [1.65],
  tau_191 = [1.65],
  tau_192 = [1.68],
  tau_193 = [1.67],
  tau_194 = [1.66],
  tau_195 = [1.66],
  tau_196 = [1.66],
  tau_197 = [1.66],
  tau_198 = [1.68],
  tau_199 = [1.68],
  tau_1910 = [1.67],
  tau_201 = [2.99],
  tau_202 = [3.01],
  tau_203 = [3.04],
  tau_204 = [2.97],
  tau_205 = [2.95],
  tau_206 = [2.96],
  tau_207 = [3.01],
  tau_208 = [3.00],
  tau_209 = [3.01],
  tau_2010 = [3.00],
  tau_211 = [2.97],
  tau_212 = [3.00],
  tau_213 = [3.01],
  tau_214 = [2.97],
  tau_215 = [3.04],
  tau_216 = [2.98],
  tau_217 = [2.98],
  tau_218 = [3.01],
  tau_219 = [3.01],
  tau_2110 = [2.97],
  tau_221 = [2.99],
  tau_222 = [3.02],
  tau_223 = [3.05],
  tau_224 = [2.94],
  tau_225 = [3.02],
  tau_226 = [3.01],
  tau_227 = [3.08],
  tau_228 = [2.97],
  tau_229 = [3.02],
  tau_2210 = [3.05],
  tau_231 = [2.97],
  tau_232 = [3.00],
  tau_233 = [2.97],
  tau_234 = [3.04],
  tau_235 = [2.98],
  tau_236 = [3.00],
  tau_237 = [3.03],
  tau_238 = [2.96],
  tau_239 = [3.03],
  tau_2310 = [3.00],
  tau_241 = [2.93],
  tau_242 = [3.03],
  tau_243 = [2.93],
  tau_244 = [2.98],
  tau_245 = [2.99],
  tau_246 = [3.02],
  tau_247 = [2.99],
  tau_248 = [2.92],
  tau_249 = [2.96],
  tau_2410 = [3.01],
  tau_251 = [4.37],
  tau_252 = [4.43],
  tau_253 = [4.27],
  tau_254 = [4.32],
  tau_255 = [4.33],
  tau_256 = [4.37],
  tau_257 = [4.26],
  tau_258 = [4.29],
  tau_259 = [4.29],
  tau_2510 = [4.47],
  tau_261 = [4.26],
  tau_262 = [4.29],
  tau_263 = [4.30],
  tau_264 = [4.39],
  tau_265 = [4.29],
  tau_266 = [4.29],
  tau_267 = [4.32],
  tau_268 = [4.41],
  tau_269 = [4.34],
  tau_2610 = [4.33],
  tau_271 = [2.99],
  tau_272 = [3.03],
  tau_273 = [2.96],
  tau_274 = [3.00],
  tau_275 = [3.01],
  tau_276 = [2.99],
  tau_277 = [3.06],
  tau_278 = [3.07],
  tau_279 = [2.98],
  tau_2710 = [3.02],
  tau_281 = [1.67],
  tau_282 = [1.65],
  tau_283 = [1.66],
  tau_284 = [1.66],
  tau_285 = [1.67],
  tau_286 = [1.67],
  tau_287 = [1.66],
  tau_288 = [1.67],
  tau_289 = [1.66],
  tau_2810 = [1.67],
  tau_291 = [4.37],
  tau_292 = [4.35],
  tau_293 = [4.39],
  tau_294 = [4.33],
  tau_295 = [4.29],
  tau_296 = [4.22],
  tau_297 = [4.24],
  tau_298 = [4.34],
  tau_299 = [4.28],
  tau_2910 = [4.35],
  tau_301 = [1.66],
  tau_302 = [1.66],
  tau_303 = [1.66],
  tau_304 = [1.66],
  tau_305 = [1.67],
  tau_306 = [1.65],
  tau_307 = [1.66],
  tau_308 = [1.68],
  tau_309 = [1.67],
  tau_3010 = [1.67],
  tau_311 = [3.03],
  tau_312 = [3.07],
  tau_313 = [2.99],
  tau_314 = [2.91],
  tau_315 = [3.06],
  tau_316 = [2.96],
  tau_317 = [2.99],
  tau_318 = [3.07],
  tau_319 = [3.00],
  tau_3110 = [3.03],
  tau_321 = [3.02],
  tau_322 = [2.94],
  tau_323 = [2.95],
  tau_324 = [2.99],
  tau_325 = [3.05],
  tau_326 = [3.03],
  tau_327 = [2.98],
  tau_328 = [3.05],
  tau_329 = [2.96],
  tau_3210 = [3.01],
  tau_331 = [1.66],
  tau_332 = [1.67],
  tau_333 = [1.66],
  tau_334 = [1.67],
  tau_335 = [1.67],
  tau_336 = [1.67],
  tau_337 = [1.66],
  tau_338 = [1.67],
  tau_339 = [1.65],
  tau_3310 = [1.67],
  tau_341 = [3.04],
  tau_342 = [3.00],
  tau_343 = [3.00],
  tau_344 = [2.95],
  tau_345 = [3.01],
  tau_346 = [3.02],
  tau_347 = [2.99],
  tau_348 = [2.97],
  tau_349 = [3.05],
  tau_3410 = [3.00],
  tau_351 = [4.32],
  tau_352 = [4.32],
  tau_353 = [4.24],
  tau_354 = [4.27],
  tau_355 = [4.26],
  tau_356 = [4.25],
  tau_357 = [4.32],
  tau_358 = [4.34],
  tau_359 = [4.36],
  tau_3510 = [4.38],
  tau_361 = [4.43],
  tau_362 = [4.38],
  tau_363 = [4.35],
  tau_364 = [4.41],
  tau_365 = [4.25],
  tau_366 = [4.24],
  tau_367 = [4.22],
  tau_368 = [4.34],
  tau_369 = [4.25],
  tau_3610 = [4.34],
  tau_371 = [3.04],
  tau_372 = [3.10],
  tau_373 = [2.93],
  tau_374 = [3.00],
  tau_375 = [2.98],
  tau_376 = [3.00],
  tau_377 = [2.98],
  tau_378 = [2.93],
  tau_379 = [2.99],
  tau_3710 = [3.00],
  tau_381 = [3.03],
  tau_382 = [2.99],
  tau_383 = [3.03],
  tau_384 = [3.02],
  tau_385 = [2.99],
  tau_386 = [3.06],
  tau_387 = [3.01],
  tau_388 = [3.01],
  tau_389 = [3.03],
  tau_3810 = [3.01],
  tau_391 = [2.95],
  tau_392 = [3.04],
  tau_393 = [3.02],
  tau_394 = [3.02],
  tau_395 = [2.98],
  tau_396 = [3.01],
  tau_397 = [3.02],
  tau_398 = [3.03],
  tau_399 = [2.96],
  tau_3910 = [3.04],
  tau_401 = [1.67],
  tau_402 = [1.66],
  tau_403 = [1.67],
  tau_404 = [1.67],
  tau_405 = [1.67],
  tau_406 = [1.66],
  tau_407 = [1.65],
  tau_408 = [1.66],
  tau_409 = [1.68],
  tau_4010 = [1.67],
  tau_411 = [4.38],
  tau_412 = [4.30],
  tau_413 = [4.36],
  tau_414 = [4.26],
  tau_415 = [4.46],
  tau_416 = [4.36],
  tau_417 = [4.23],
  tau_418 = [4.40],
  tau_419 = [4.36],
  tau_4110 = [4.42],
  tau_421 = [1.65],
  tau_422 = [1.67],
  tau_423 = [1.67],
  tau_424 = [1.67],
  tau_425 = [1.66],
  tau_426 = [1.66],
  tau_427 = [1.67],
  tau_428 = [1.69],
  tau_429 = [1.66],
  tau_4210 = [1.66],
  tau_431 = [4.25],
  tau_432 = [4.34],
  tau_433 = [4.27],
  tau_434 = [4.35],
  tau_435 = [4.38],
  tau_436 = [4.36],
  tau_437 = [4.38],
  tau_438 = [4.30],
  tau_439 = [4.40],
  tau_4310 = [4.28],
  tau_441 = [1.67],
  tau_442 = [1.66],
  tau_443 = [1.67],
  tau_444 = [1.67],
  tau_445 = [1.67],
  tau_446 = [1.67],
  tau_447 = [1.67],
  tau_448 = [1.67],
  tau_449 = [1.67],
  tau_4410 = [1.68],
  tau_451 = [3.03],
  tau_452 = [2.99],
  tau_453 = [2.99],
  tau_454 = [3.03],
  tau_455 = [2.95],
  tau_456 = [2.99],
  tau_457 = [3.01],
  tau_458 = [2.96],
  tau_459 = [2.93],
  tau_4510 = [3.03],
  tau_461 = [1.65],
  tau_462 = [1.66],
  tau_463 = [1.67],
  tau_464 = [1.68],
  tau_465 = [1.68],
  tau_466 = [1.66],
  tau_467 = [1.67],
  tau_468 = [1.67],
  tau_469 = [1.66],
  tau_4610 = [1.64],
  tau_471 = [4.28],
  tau_472 = [4.29],
  tau_473 = [4.43],
  tau_474 = [4.27],
  tau_475 = [4.41],
  tau_476 = [4.32],
  tau_477 = [4.32],
  tau_478 = [4.38],
  tau_479 = [4.34],
  tau_4710 = [4.23],
  tau_481 = [4.32],
  tau_482 = [4.31],
  tau_483 = [4.32],
  tau_484 = [4.36],
  tau_485 = [4.31],
  tau_486 = [4.38],
  tau_487 = [4.38],
  tau_488 = [4.35],
  tau_489 = [4.23],
  tau_4810 = [4.33],
  tau_491 = [1.68],
  tau_492 = [1.68],
  tau_493 = [1.65],
  tau_494 = [1.66],
  tau_495 = [1.66],
  tau_496 = [1.66],
  tau_497 = [1.67],
  tau_498 = [1.66],
  tau_499 = [1.66],
  tau_4910 = [1.68],
  tau_501 = [2.97],
  tau_502 = [3.06],
  tau_503 = [3.02],
  tau_504 = [2.93],
  tau_505 = [3.03],
  tau_506 = [2.95],
  tau_507 = [2.95],
  tau_508 = [2.98],
  tau_509 = [2.97],
  tau_5010 = [2.98],
  tau_511 = [1.66],
  tau_512 = [1.66],
  tau_513 = [1.66],
  tau_514 = [1.66],
  tau_515 = [1.65],
  tau_516 = [1.66],
  tau_517 = [1.67],
  tau_518 = [1.67],
  tau_519 = [1.67],
  tau_5110 = [1.65],
  tau_521 = [1.68],
  tau_522 = [1.65],
  tau_523 = [1.66],
  tau_524 = [1.68],
  tau_525 = [1.65],
  tau_526 = [1.65],
  tau_527 = [1.67],
  tau_528 = [1.68],
  tau_529 = [1.65],
  tau_5210 = [1.67],
  tau_531 = [2.98],
  tau_532 = [3.08],
  tau_533 = [2.97],
  tau_534 = [3.01],
  tau_535 = [2.97],
  tau_536 = [3.01],
  tau_537 = [3.00],
  tau_538 = [3.04],
  tau_539 = [2.98],
  tau_5310 = [2.99],
  tau_541 = [3.01],
  tau_542 = [2.99],
  tau_543 = [2.95],
  tau_544 = [3.03],
  tau_545 = [3.02],
  tau_546 = [2.99],
  tau_547 = [3.00],
  tau_548 = [2.95],
  tau_549 = [3.00],
  tau_5410 = [3.01],
  tau_551 = [4.42],
  tau_552 = [4.42],
  tau_553 = [4.40],
  tau_554 = [4.33],
  tau_555 = [4.43],
  tau_556 = [4.26],
  tau_557 = [4.36],
  tau_558 = [4.33],
  tau_559 = [4.33],
  tau_5510 = [4.45],
  tau_561 = [1.66],
  tau_562 = [1.66],
  tau_563 = [1.68],
  tau_564 = [1.66],
  tau_565 = [1.65],
  tau_566 = [1.67],
  tau_567 = [1.66],
  tau_568 = [1.67],
  tau_569 = [1.67],
  tau_5610 = [1.66],
  tau_571 = [3.01],
  tau_572 = [3.04],
  tau_573 = [3.03],
  tau_574 = [3.00],
  tau_575 = [3.05],
  tau_576 = [3.02],
  tau_577 = [2.97],
  tau_578 = [3.00],
  tau_579 = [2.98],
  tau_5710 = [2.99],
  tau_581 = [4.33],
  tau_582 = [4.29],
  tau_583 = [4.31],
  tau_584 = [4.34],
  tau_585 = [4.44],
  tau_586 = [4.34],
  tau_587 = [4.42],
  tau_588 = [4.39],
  tau_589 = [4.41],
  tau_5810 = [4.34],
  tau_591 = [1.67],
  tau_592 = [1.67],
  tau_593 = [1.68],
  tau_594 = [1.66],
  tau_595 = [1.67],
  tau_596 = [1.68],
  tau_597 = [1.68],
  tau_598 = [1.66],
  tau_599 = [1.66],
  tau_5910 = [1.66],
  tau_601 = [3.03],
  tau_602 = [2.99],
  tau_603 = [2.98],
  tau_604 = [3.00],
  tau_605 = [2.99],
  tau_606 = [3.01],
  tau_607 = [3.05],
  tau_608 = [3.03],
  tau_609 = [2.98],
  tau_6010 = [2.97],
]

Epsilon + ¦Ì_{jk} = [
  epsilon_plus_mu_11 = [3.74],
  epsilon_plus_mu_12 = [3.85],
  epsilon_plus_mu_13 = [3.76],
  epsilon_plus_mu_14 = [3.76],
  epsilon_plus_mu_15 = [3.78],
  epsilon_plus_mu_16 = [3.72],
  epsilon_plus_mu_17 = [3.72],
  epsilon_plus_mu_18 = [3.78],
  epsilon_plus_mu_19 = [3.75],
  epsilon_plus_mu_110 = [3.70],
  epsilon_plus_mu_21 = [8.29],
  epsilon_plus_mu_22 = [8.38],
  epsilon_plus_mu_23 = [8.41],
  epsilon_plus_mu_24 = [8.19],
  epsilon_plus_mu_25 = [8.22],
  epsilon_plus_mu_26 = [8.27],
  epsilon_plus_mu_27 = [8.31],
  epsilon_plus_mu_28 = [8.26],
  epsilon_plus_mu_29 = [8.34],
  epsilon_plus_mu_210 = [8.34],
  epsilon_plus_mu_31 = [3.79],
  epsilon_plus_mu_32 = [3.71],
  epsilon_plus_mu_33 = [3.73],
  epsilon_plus_mu_34 = [3.72],
  epsilon_plus_mu_35 = [3.74],
  epsilon_plus_mu_36 = [3.75],
  epsilon_plus_mu_37 = [3.74],
  epsilon_plus_mu_38 = [3.79],
  epsilon_plus_mu_39 = [3.79],
  epsilon_plus_mu_310 = [3.83],
  epsilon_plus_mu_41 = [12.64],
  epsilon_plus_mu_42 = [12.63],
  epsilon_plus_mu_43 = [12.26],
  epsilon_plus_mu_44 = [13.26],
  epsilon_plus_mu_45 = [12.81],
  epsilon_plus_mu_46 = [13.26],
  epsilon_plus_mu_47 = [12.74],
  epsilon_plus_mu_48 = [12.96],
  epsilon_plus_mu_49 = [13.25],
  epsilon_plus_mu_410 = [13.09],
  epsilon_plus_mu_51 = [8.28],
  epsilon_plus_mu_52 = [8.36],
  epsilon_plus_mu_53 = [8.48],
  epsilon_plus_mu_54 = [8.17],
  epsilon_plus_mu_55 = [8.24],
  epsilon_plus_mu_56 = [8.30],
  epsilon_plus_mu_57 = [8.14],
  epsilon_plus_mu_58 = [8.17],
  epsilon_plus_mu_59 = [8.17],
  epsilon_plus_mu_510 = [8.13],
  epsilon_plus_mu_61 = [3.85],
  epsilon_plus_mu_62 = [3.73],
  epsilon_plus_mu_63 = [3.76],
  epsilon_plus_mu_64 = [3.81],
  epsilon_plus_mu_65 = [3.71],
  epsilon_plus_mu_66 = [3.72],
  epsilon_plus_mu_67 = [3.73],
  epsilon_plus_mu_68 = [3.73],
  epsilon_plus_mu_69 = [3.78],
  epsilon_plus_mu_610 = [3.77],
  epsilon_plus_mu_71 = [3.79],
  epsilon_plus_mu_72 = [3.77],
  epsilon_plus_mu_73 = [3.76],
  epsilon_plus_mu_74 = [3.81],
  epsilon_plus_mu_75 = [3.72],
  epsilon_plus_mu_76 = [3.82],
  epsilon_plus_mu_77 = [3.73],
  epsilon_plus_mu_78 = [3.74],
  epsilon_plus_mu_79 = [3.77],
  epsilon_plus_mu_710 = [3.78],
  epsilon_plus_mu_81 = [8.45],
  epsilon_plus_mu_82 = [8.09],
  epsilon_plus_mu_83 = [8.29],
  epsilon_plus_mu_84 = [8.02],
  epsilon_plus_mu_85 = [8.04],
  epsilon_plus_mu_86 = [8.30],
  epsilon_plus_mu_87 = [8.58],
  epsilon_plus_mu_88 = [7.96],
  epsilon_plus_mu_89 = [8.42],
  epsilon_plus_mu_810 = [8.51],
  epsilon_plus_mu_91 = [3.77],
  epsilon_plus_mu_92 = [3.75],
  epsilon_plus_mu_93 = [3.73],
  epsilon_plus_mu_94 = [3.71],
  epsilon_plus_mu_95 = [3.81],
  epsilon_plus_mu_96 = [3.76],
  epsilon_plus_mu_97 = [3.76],
  epsilon_plus_mu_98 = [3.84],
  epsilon_plus_mu_99 = [3.74],
  epsilon_plus_mu_910 = [3.76],
  epsilon_plus_mu_101 = [3.75],
  epsilon_plus_mu_102 = [3.75],
  epsilon_plus_mu_103 = [3.71],
  epsilon_plus_mu_104 = [3.66],
  epsilon_plus_mu_105 = [3.75],
  epsilon_plus_mu_106 = [3.72],
  epsilon_plus_mu_107 = [3.75],
  epsilon_plus_mu_108 = [3.77],
  epsilon_plus_mu_109 = [3.80],
  epsilon_plus_mu_1010 = [3.78],
  epsilon_plus_mu_111 = [12.96],
  epsilon_plus_mu_112 = [13.19],
  epsilon_plus_mu_113 = [12.66],
  epsilon_plus_mu_114 = [12.25],
  epsilon_plus_mu_115 = [12.90],
  epsilon_plus_mu_116 = [12.32],
  epsilon_plus_mu_117 = [12.77],
  epsilon_plus_mu_118 = [12.42],
  epsilon_plus_mu_119 = [13.20],
  epsilon_plus_mu_1110 = [13.04],
  epsilon_plus_mu_121 = [13.03],
  epsilon_plus_mu_122 = [12.24],
  epsilon_plus_mu_123 = [13.13],
  epsilon_plus_mu_124 = [12.87],
  epsilon_plus_mu_125 = [12.36],
  epsilon_plus_mu_126 = [13.10],
  epsilon_plus_mu_127 = [12.23],
  epsilon_plus_mu_128 = [12.86],
  epsilon_plus_mu_129 = [12.27],
  epsilon_plus_mu_1210 = [13.04],
  epsilon_plus_mu_131 = [8.23],
  epsilon_plus_mu_132 = [8.54],
  epsilon_plus_mu_133 = [8.22],
  epsilon_plus_mu_134 = [8.24],
  epsilon_plus_mu_135 = [8.39],
  epsilon_plus_mu_136 = [8.31],
  epsilon_plus_mu_137 = [8.33],
  epsilon_plus_mu_138 = [8.06],
  epsilon_plus_mu_139 = [8.40],
  epsilon_plus_mu_1310 = [8.54],
  epsilon_plus_mu_141 = [12.65],
  epsilon_plus_mu_142 = [12.46],
  epsilon_plus_mu_143 = [13.01],
  epsilon_plus_mu_144 = [13.24],
  epsilon_plus_mu_145 = [13.05],
  epsilon_plus_mu_146 = [13.56],
  epsilon_plus_mu_147 = [13.60],
  epsilon_plus_mu_148 = [13.04],
  epsilon_plus_mu_149 = [12.61],
  epsilon_plus_mu_1410 = [13.32],
  epsilon_plus_mu_151 = [8.41],
  epsilon_plus_mu_152 = [8.26],
  epsilon_plus_mu_153 = [8.31],
  epsilon_plus_mu_154 = [8.11],
  epsilon_plus_mu_155 = [8.36],
  epsilon_plus_mu_156 = [8.23],
  epsilon_plus_mu_157 = [8.29],
  epsilon_plus_mu_158 = [8.29],
  epsilon_plus_mu_159 = [8.22],
  epsilon_plus_mu_1510 = [8.33],
  epsilon_plus_mu_161 = [3.72],
  epsilon_plus_mu_162 = [3.72],
  epsilon_plus_mu_163 = [3.82],
  epsilon_plus_mu_164 = [3.77],
  epsilon_plus_mu_165 = [3.71],
  epsilon_plus_mu_166 = [3.73],
  epsilon_plus_mu_167 = [3.73],
  epsilon_plus_mu_168 = [3.79],
  epsilon_plus_mu_169 = [3.76],
  epsilon_plus_mu_1610 = [3.79],
  epsilon_plus_mu_171 = [12.74],
  epsilon_plus_mu_172 = [12.78],
  epsilon_plus_mu_173 = [12.73],
  epsilon_plus_mu_174 = [13.42],
  epsilon_plus_mu_175 = [12.82],
  epsilon_plus_mu_176 = [12.84],
  epsilon_plus_mu_177 = [12.48],
  epsilon_plus_mu_178 = [12.58],
  epsilon_plus_mu_179 = [13.55],
  epsilon_plus_mu_1710 = [12.58],
  epsilon_plus_mu_181 = [8.34],
  epsilon_plus_mu_182 = [8.07],
  epsilon_plus_mu_183 = [8.24],
  epsilon_plus_mu_184 = [8.26],
  epsilon_plus_mu_185 = [8.20],
  epsilon_plus_mu_186 = [8.31],
  epsilon_plus_mu_187 = [8.28],
  epsilon_plus_mu_188 = [8.22],
  epsilon_plus_mu_189 = [8.31],
  epsilon_plus_mu_1810 = [8.27],
  epsilon_plus_mu_191 = [12.36],
  epsilon_plus_mu_192 = [12.45],
  epsilon_plus_mu_193 = [13.27],
  epsilon_plus_mu_194 = [12.75],
  epsilon_plus_mu_195 = [12.62],
  epsilon_plus_mu_196 = [13.11],
  epsilon_plus_mu_197 = [12.90],
  epsilon_plus_mu_198 = [13.43],
  epsilon_plus_mu_199 = [13.22],
  epsilon_plus_mu_1910 = [12.21],
  epsilon_plus_mu_201 = [8.33],
  epsilon_plus_mu_202 = [8.24],
  epsilon_plus_mu_203 = [8.17],
  epsilon_plus_mu_204 = [8.14],
  epsilon_plus_mu_205 = [8.32],
  epsilon_plus_mu_206 = [8.18],
  epsilon_plus_mu_207 = [8.17],
  epsilon_plus_mu_208 = [8.46],
  epsilon_plus_mu_209 = [8.02],
  epsilon_plus_mu_2010 = [8.38],
  epsilon_plus_mu_211 = [13.51],
  epsilon_plus_mu_212 = [12.98],
  epsilon_plus_mu_213 = [12.78],
  epsilon_plus_mu_214 = [13.13],
  epsilon_plus_mu_215 = [12.80],
  epsilon_plus_mu_216 = [13.14],
  epsilon_plus_mu_217 = [12.14],
  epsilon_plus_mu_218 = [13.05],
  epsilon_plus_mu_219 = [12.82],
  epsilon_plus_mu_2110 = [13.23],
  epsilon_plus_mu_221 = [12.92],
  epsilon_plus_mu_222 = [13.10],
  epsilon_plus_mu_223 = [12.61],
  epsilon_plus_mu_224 = [12.76],
  epsilon_plus_mu_225 = [12.26],
  epsilon_plus_mu_226 = [12.57],
  epsilon_plus_mu_227 = [12.61],
  epsilon_plus_mu_228 = [12.65],
  epsilon_plus_mu_229 = [13.45],
  epsilon_plus_mu_2210 = [12.55],
  epsilon_plus_mu_231 = [8.45],
  epsilon_plus_mu_232 = [8.31],
  epsilon_plus_mu_233 = [8.15],
  epsilon_plus_mu_234 = [8.25],
  epsilon_plus_mu_235 = [8.43],
  epsilon_plus_mu_236 = [8.26],
  epsilon_plus_mu_237 = [8.38],
  epsilon_plus_mu_238 = [8.43],
  epsilon_plus_mu_239 = [8.31],
  epsilon_plus_mu_2310 = [8.19],
  epsilon_plus_mu_241 = [13.59],
  epsilon_plus_mu_242 = [13.18],
  epsilon_plus_mu_243 = [12.37],
  epsilon_plus_mu_244 = [13.39],
  epsilon_plus_mu_245 = [12.17],
  epsilon_plus_mu_246 = [12.79],
  epsilon_plus_mu_247 = [12.55],
  epsilon_plus_mu_248 = [13.08],
  epsilon_plus_mu_249 = [12.92],
  epsilon_plus_mu_2410 = [12.66],
  epsilon_plus_mu_251 = [8.24],
  epsilon_plus_mu_252 = [7.95],
  epsilon_plus_mu_253 = [8.07],
  epsilon_plus_mu_254 = [8.37],
  epsilon_plus_mu_255 = [8.30],
  epsilon_plus_mu_256 = [8.20],
  epsilon_plus_mu_257 = [8.06],
  epsilon_plus_mu_258 = [8.39],
  epsilon_plus_mu_259 = [8.03],
  epsilon_plus_mu_2510 = [8.18],
  epsilon_plus_mu_261 = [12.48],
  epsilon_plus_mu_262 = [12.36],
  epsilon_plus_mu_263 = [12.54],
  epsilon_plus_mu_264 = [12.28],
  epsilon_plus_mu_265 = [12.97],
  epsilon_plus_mu_266 = [12.62],
  epsilon_plus_mu_267 = [12.97],
  epsilon_plus_mu_268 = [12.23],
  epsilon_plus_mu_269 = [13.13],
  epsilon_plus_mu_2610 = [12.66],
  epsilon_plus_mu_271 = [12.57],
  epsilon_plus_mu_272 = [12.67],
  epsilon_plus_mu_273 = [12.53],
  epsilon_plus_mu_274 = [12.69],
  epsilon_plus_mu_275 = [12.38],
  epsilon_plus_mu_276 = [12.76],
  epsilon_plus_mu_277 = [12.35],
  epsilon_plus_mu_278 = [12.93],
  epsilon_plus_mu_279 = [11.89],
  epsilon_plus_mu_2710 = [12.72],
  epsilon_plus_mu_281 = [3.82],
  epsilon_plus_mu_282 = [3.71],
  epsilon_plus_mu_283 = [3.73],
  epsilon_plus_mu_284 = [3.77],
  epsilon_plus_mu_285 = [3.80],
  epsilon_plus_mu_286 = [3.72],
  epsilon_plus_mu_287 = [3.85],
  epsilon_plus_mu_288 = [3.75],
  epsilon_plus_mu_289 = [3.79],
  epsilon_plus_mu_2810 = [3.81],
  epsilon_plus_mu_291 = [12.71],
  epsilon_plus_mu_292 = [12.68],
  epsilon_plus_mu_293 = [12.34],
  epsilon_plus_mu_294 = [13.30],
  epsilon_plus_mu_295 = [12.77],
  epsilon_plus_mu_296 = [12.59],
  epsilon_plus_mu_297 = [12.59],
  epsilon_plus_mu_298 = [13.07],
  epsilon_plus_mu_299 = [13.18],
  epsilon_plus_mu_2910 = [12.96],
  epsilon_plus_mu_301 = [12.42],
  epsilon_plus_mu_302 = [13.25],
  epsilon_plus_mu_303 = [12.88],
  epsilon_plus_mu_304 = [13.08],
  epsilon_plus_mu_305 = [12.70],
  epsilon_plus_mu_306 = [12.74],
  epsilon_plus_mu_307 = [13.54],
  epsilon_plus_mu_308 = [12.78],
  epsilon_plus_mu_309 = [12.88],
  epsilon_plus_mu_3010 = [13.00],
  epsilon_plus_mu_311 = [12.38],
  epsilon_plus_mu_312 = [12.70],
  epsilon_plus_mu_313 = [12.80],
  epsilon_plus_mu_314 = [12.79],
  epsilon_plus_mu_315 = [12.38],
  epsilon_plus_mu_316 = [12.53],
  epsilon_plus_mu_317 = [12.89],
  epsilon_plus_mu_318 = [13.25],
  epsilon_plus_mu_319 = [12.95],
  epsilon_plus_mu_3110 = [12.87],
  epsilon_plus_mu_321 = [8.32],
  epsilon_plus_mu_322 = [8.21],
  epsilon_plus_mu_323 = [8.25],
  epsilon_plus_mu_324 = [8.25],
  epsilon_plus_mu_325 = [8.51],
  epsilon_plus_mu_326 = [7.88],
  epsilon_plus_mu_327 = [8.13],
  epsilon_plus_mu_328 = [8.46],
  epsilon_plus_mu_329 = [8.18],
  epsilon_plus_mu_3210 = [8.37],
  epsilon_plus_mu_331 = [8.12],
  epsilon_plus_mu_332 = [8.41],
  epsilon_plus_mu_333 = [8.50],
  epsilon_plus_mu_334 = [8.28],
  epsilon_plus_mu_335 = [8.38],
  epsilon_plus_mu_336 = [8.22],
  epsilon_plus_mu_337 = [8.04],
  epsilon_plus_mu_338 = [8.03],
  epsilon_plus_mu_339 = [8.36],
  epsilon_plus_mu_3310 = [8.29],
  epsilon_plus_mu_341 = [12.64],
  epsilon_plus_mu_342 = [12.67],
  epsilon_plus_mu_343 = [12.74],
  epsilon_plus_mu_344 = [12.81],
  epsilon_plus_mu_345 = [12.75],
  epsilon_plus_mu_346 = [13.26],
  epsilon_plus_mu_347 = [13.09],
  epsilon_plus_mu_348 = [12.52],
  epsilon_plus_mu_349 = [13.51],
  epsilon_plus_mu_3410 = [12.86],
  epsilon_plus_mu_351 = [3.78],
  epsilon_plus_mu_352 = [3.76],
  epsilon_plus_mu_353 = [3.69],
  epsilon_plus_mu_354 = [3.73],
  epsilon_plus_mu_355 = [3.75],
  epsilon_plus_mu_356 = [3.75],
  epsilon_plus_mu_357 = [3.86],
  epsilon_plus_mu_358 = [3.77],
  epsilon_plus_mu_359 = [3.71],
  epsilon_plus_mu_3510 = [3.77],
  epsilon_plus_mu_361 = [8.36],
  epsilon_plus_mu_362 = [8.25],
  epsilon_plus_mu_363 = [8.00],
  epsilon_plus_mu_364 = [8.20],
  epsilon_plus_mu_365 = [8.39],
  epsilon_plus_mu_366 = [8.34],
  epsilon_plus_mu_367 = [8.30],
  epsilon_plus_mu_368 = [8.18],
  epsilon_plus_mu_369 = [8.38],
  epsilon_plus_mu_3610 = [8.29],
  epsilon_plus_mu_371 = [8.21],
  epsilon_plus_mu_372 = [8.20],
  epsilon_plus_mu_373 = [8.14],
  epsilon_plus_mu_374 = [8.39],
  epsilon_plus_mu_375 = [8.23],
  epsilon_plus_mu_376 = [8.59],
  epsilon_plus_mu_377 = [8.34],
  epsilon_plus_mu_378 = [8.29],
  epsilon_plus_mu_379 = [8.21],
  epsilon_plus_mu_3710 = [8.14],
  epsilon_plus_mu_381 = [12.88],
  epsilon_plus_mu_382 = [12.61],
  epsilon_plus_mu_383 = [13.10],
  epsilon_plus_mu_384 = [12.85],
  epsilon_plus_mu_385 = [12.37],
  epsilon_plus_mu_386 = [12.49],
  epsilon_plus_mu_387 = [12.70],
  epsilon_plus_mu_388 = [13.05],
  epsilon_plus_mu_389 = [12.80],
  epsilon_plus_mu_3810 = [13.09],
  epsilon_plus_mu_391 = [12.81],
  epsilon_plus_mu_392 = [12.83],
  epsilon_plus_mu_393 = [12.83],
  epsilon_plus_mu_394 = [13.08],
  epsilon_plus_mu_395 = [12.38],
  epsilon_plus_mu_396 = [12.59],
  epsilon_plus_mu_397 = [13.06],
  epsilon_plus_mu_398 = [12.78],
  epsilon_plus_mu_399 = [12.95],
  epsilon_plus_mu_3910 = [12.73],
  epsilon_plus_mu_401 = [8.22],
  epsilon_plus_mu_402 = [8.51],
  epsilon_plus_mu_403 = [8.36],
  epsilon_plus_mu_404 = [8.20],
  epsilon_plus_mu_405 = [8.14],
  epsilon_plus_mu_406 = [8.60],
  epsilon_plus_mu_407 = [8.27],
  epsilon_plus_mu_408 = [8.20],
  epsilon_plus_mu_409 = [8.36],
  epsilon_plus_mu_4010 = [8.47],
  epsilon_plus_mu_411 = [8.32],
  epsilon_plus_mu_412 = [8.33],
  epsilon_plus_mu_413 = [8.46],
  epsilon_plus_mu_414 = [8.29],
  epsilon_plus_mu_415 = [8.18],
  epsilon_plus_mu_416 = [8.19],
  epsilon_plus_mu_417 = [8.18],
  epsilon_plus_mu_418 = [8.42],
  epsilon_plus_mu_419 = [8.28],
  epsilon_plus_mu_4110 = [8.23],
  epsilon_plus_mu_421 = [12.33],
  epsilon_plus_mu_422 = [13.05],
  epsilon_plus_mu_423 = [12.43],
  epsilon_plus_mu_424 = [12.60],
  epsilon_plus_mu_425 = [11.98],
  epsilon_plus_mu_426 = [12.99],
  epsilon_plus_mu_427 = [12.89],
  epsilon_plus_mu_428 = [12.52],
  epsilon_plus_mu_429 = [12.57],
  epsilon_plus_mu_4210 = [12.38],
  epsilon_plus_mu_431 = [3.79],
  epsilon_plus_mu_432 = [3.72],
  epsilon_plus_mu_433 = [3.80],
  epsilon_plus_mu_434 = [3.77],
  epsilon_plus_mu_435 = [3.80],
  epsilon_plus_mu_436 = [3.78],
  epsilon_plus_mu_437 = [3.83],
  epsilon_plus_mu_438 = [3.71],
  epsilon_plus_mu_439 = [3.75],
  epsilon_plus_mu_4310 = [3.73],
  epsilon_plus_mu_441 = [3.74],
  epsilon_plus_mu_442 = [3.81],
  epsilon_plus_mu_443 = [3.77],
  epsilon_plus_mu_444 = [3.78],
  epsilon_plus_mu_445 = [3.79],
  epsilon_plus_mu_446 = [3.74],
  epsilon_plus_mu_447 = [3.72],
  epsilon_plus_mu_448 = [3.71],
  epsilon_plus_mu_449 = [3.75],
  epsilon_plus_mu_4410 = [3.71],
  epsilon_plus_mu_451 = [12.74],
  epsilon_plus_mu_452 = [12.95],
  epsilon_plus_mu_453 = [12.67],
  epsilon_plus_mu_454 = [12.52],
  epsilon_plus_mu_455 = [13.23],
  epsilon_plus_mu_456 = [12.49],
  epsilon_plus_mu_457 = [12.61],
  epsilon_plus_mu_458 = [12.41],
  epsilon_plus_mu_459 = [12.71],
  epsilon_plus_mu_4510 = [13.10],
  epsilon_plus_mu_461 = [3.77],
  epsilon_plus_mu_462 = [3.78],
  epsilon_plus_mu_463 = [3.75],
  epsilon_plus_mu_464 = [3.83],
  epsilon_plus_mu_465 = [3.78],
  epsilon_plus_mu_466 = [3.77],
  epsilon_plus_mu_467 = [3.84],
  epsilon_plus_mu_468 = [3.75],
  epsilon_plus_mu_469 = [3.76],
  epsilon_plus_mu_4610 = [3.79],
  epsilon_plus_mu_471 = [8.28],
  epsilon_plus_mu_472 = [8.32],
  epsilon_plus_mu_473 = [8.40],
  epsilon_plus_mu_474 = [8.34],
  epsilon_plus_mu_475 = [8.44],
  epsilon_plus_mu_476 = [8.22],
  epsilon_plus_mu_477 = [8.39],
  epsilon_plus_mu_478 = [8.32],
  epsilon_plus_mu_479 = [8.25],
  epsilon_plus_mu_4710 = [8.56],
  epsilon_plus_mu_481 = [3.75],
  epsilon_plus_mu_482 = [3.75],
  epsilon_plus_mu_483 = [3.76],
  epsilon_plus_mu_484 = [3.76],
  epsilon_plus_mu_485 = [3.76],
  epsilon_plus_mu_486 = [3.71],
  epsilon_plus_mu_487 = [3.67],
  epsilon_plus_mu_488 = [3.77],
  epsilon_plus_mu_489 = [3.68],
  epsilon_plus_mu_4810 = [3.73],
  epsilon_plus_mu_491 = [12.45],
  epsilon_plus_mu_492 = [12.55],
  epsilon_plus_mu_493 = [12.77],
  epsilon_plus_mu_494 = [13.10],
  epsilon_plus_mu_495 = [12.81],
  epsilon_plus_mu_496 = [12.34],
  epsilon_plus_mu_497 = [12.70],
  epsilon_plus_mu_498 = [12.36],
  epsilon_plus_mu_499 = [12.98],
  epsilon_plus_mu_4910 = [12.98],
  epsilon_plus_mu_501 = [8.25],
  epsilon_plus_mu_502 = [8.58],
  epsilon_plus_mu_503 = [8.04],
  epsilon_plus_mu_504 = [8.33],
  epsilon_plus_mu_505 = [8.33],
  epsilon_plus_mu_506 = [8.27],
  epsilon_plus_mu_507 = [8.06],
  epsilon_plus_mu_508 = [8.55],
  epsilon_plus_mu_509 = [8.37],
  epsilon_plus_mu_5010 = [8.44],
  epsilon_plus_mu_511 = [3.78],
  epsilon_plus_mu_512 = [3.71],
  epsilon_plus_mu_513 = [3.83],
  epsilon_plus_mu_514 = [3.74],
  epsilon_plus_mu_515 = [3.73],
  epsilon_plus_mu_516 = [3.78],
  epsilon_plus_mu_517 = [3.72],
  epsilon_plus_mu_518 = [3.77],
  epsilon_plus_mu_519 = [3.79],
  epsilon_plus_mu_5110 = [3.74],
  epsilon_plus_mu_521 = [3.80],
  epsilon_plus_mu_522 = [3.76],
  epsilon_plus_mu_523 = [3.83],
  epsilon_plus_mu_524 = [3.75],
  epsilon_plus_mu_525 = [3.72],
  epsilon_plus_mu_526 = [3.71],
  epsilon_plus_mu_527 = [3.72],
  epsilon_plus_mu_528 = [3.77],
  epsilon_plus_mu_529 = [3.76],
  epsilon_plus_mu_5210 = [3.73],
  epsilon_plus_mu_531 = [12.82],
  epsilon_plus_mu_532 = [13.05],
  epsilon_plus_mu_533 = [12.85],
  epsilon_plus_mu_534 = [12.44],
  epsilon_plus_mu_535 = [12.74],
  epsilon_plus_mu_536 = [12.73],
  epsilon_plus_mu_537 = [12.87],
  epsilon_plus_mu_538 = [12.82],
  epsilon_plus_mu_539 = [12.67],
  epsilon_plus_mu_5310 = [12.62],
  epsilon_plus_mu_541 = [8.23],
  epsilon_plus_mu_542 = [8.30],
  epsilon_plus_mu_543 = [8.35],
  epsilon_plus_mu_544 = [8.20],
  epsilon_plus_mu_545 = [8.33],
  epsilon_plus_mu_546 = [8.51],
  epsilon_plus_mu_547 = [8.08],
  epsilon_plus_mu_548 = [8.09],
  epsilon_plus_mu_549 = [8.29],
  epsilon_plus_mu_5410 = [8.37],
  epsilon_plus_mu_551 = [8.50],
  epsilon_plus_mu_552 = [8.41],
  epsilon_plus_mu_553 = [8.33],
  epsilon_plus_mu_554 = [8.24],
  epsilon_plus_mu_555 = [8.42],
  epsilon_plus_mu_556 = [8.28],
  epsilon_plus_mu_557 = [8.45],
  epsilon_plus_mu_558 = [8.25],
  epsilon_plus_mu_559 = [8.35],
  epsilon_plus_mu_5510 = [8.34],
  epsilon_plus_mu_561 = [3.77],
  epsilon_plus_mu_562 = [3.77],
  epsilon_plus_mu_563 = [3.73],
  epsilon_plus_mu_564 = [3.82],
  epsilon_plus_mu_565 = [3.75],
  epsilon_plus_mu_566 = [3.77],
  epsilon_plus_mu_567 = [3.66],
  epsilon_plus_mu_568 = [3.77],
  epsilon_plus_mu_569 = [3.85],
  epsilon_plus_mu_5610 = [3.76],
  epsilon_plus_mu_571 = [8.27],
  epsilon_plus_mu_572 = [8.43],
  epsilon_plus_mu_573 = [8.20],
  epsilon_plus_mu_574 = [8.24],
  epsilon_plus_mu_575 = [8.30],
  epsilon_plus_mu_576 = [7.88],
  epsilon_plus_mu_577 = [8.27],
  epsilon_plus_mu_578 = [8.03],
  epsilon_plus_mu_579 = [8.20],
  epsilon_plus_mu_5710 = [8.07],
  epsilon_plus_mu_581 = [12.50],
  epsilon_plus_mu_582 = [12.93],
  epsilon_plus_mu_583 = [12.69],
  epsilon_plus_mu_584 = [13.11],
  epsilon_plus_mu_585 = [12.41],
  epsilon_plus_mu_586 = [12.81],
  epsilon_plus_mu_587 = [13.13],
  epsilon_plus_mu_588 = [12.75],
  epsilon_plus_mu_589 = [13.41],
  epsilon_plus_mu_5810 = [13.11],
  epsilon_plus_mu_591 = [8.47],
  epsilon_plus_mu_592 = [8.45],
  epsilon_plus_mu_593 = [8.25],
  epsilon_plus_mu_594 = [8.20],
  epsilon_plus_mu_595 = [8.34],
  epsilon_plus_mu_596 = [8.19],
  epsilon_plus_mu_597 = [8.12],
  epsilon_plus_mu_598 = [8.61],
  epsilon_plus_mu_599 = [8.57],
  epsilon_plus_mu_5910 = [8.29],
  epsilon_plus_mu_601 = [12.67],
  epsilon_plus_mu_602 = [13.64],
  epsilon_plus_mu_603 = [12.82],
  epsilon_plus_mu_604 = [12.90],
  epsilon_plus_mu_605 = [12.78],
  epsilon_plus_mu_606 = [13.14],
  epsilon_plus_mu_607 = [12.96],
  epsilon_plus_mu_608 = [12.59],
  epsilon_plus_mu_609 = [12.94],
  epsilon_plus_mu_6010 = [13.70],
]

Epsilon - ¦Ì_{jk} = [
  epsilon_minus_mu_11 = [-1.25],
  epsilon_minus_mu_12 = [-1.28],
  epsilon_minus_mu_13 = [-1.25],
  epsilon_minus_mu_14 = [-1.25],
  epsilon_minus_mu_15 = [-1.26],
  epsilon_minus_mu_16 = [-1.24],
  epsilon_minus_mu_17 = [-1.24],
  epsilon_minus_mu_18 = [-1.26],
  epsilon_minus_mu_19 = [-1.25],
  epsilon_minus_mu_110 = [-1.23],
  epsilon_minus_mu_21 = [-2.76],
  epsilon_minus_mu_22 = [-2.79],
  epsilon_minus_mu_23 = [-2.80],
  epsilon_minus_mu_24 = [-2.73],
  epsilon_minus_mu_25 = [-2.74],
  epsilon_minus_mu_26 = [-2.76],
  epsilon_minus_mu_27 = [-2.77],
  epsilon_minus_mu_28 = [-2.75],
  epsilon_minus_mu_29 = [-2.78],
  epsilon_minus_mu_210 = [-2.78],
  epsilon_minus_mu_31 = [-1.26],
  epsilon_minus_mu_32 = [-1.24],
  epsilon_minus_mu_33 = [-1.24],
  epsilon_minus_mu_34 = [-1.24],
  epsilon_minus_mu_35 = [-1.25],
  epsilon_minus_mu_36 = [-1.25],
  epsilon_minus_mu_37 = [-1.25],
  epsilon_minus_mu_38 = [-1.26],
  epsilon_minus_mu_39 = [-1.26],
  epsilon_minus_mu_310 = [-1.28],
  epsilon_minus_mu_41 = [-4.21],
  epsilon_minus_mu_42 = [-4.21],
  epsilon_minus_mu_43 = [-4.09],
  epsilon_minus_mu_44 = [-4.42],
  epsilon_minus_mu_45 = [-4.27],
  epsilon_minus_mu_46 = [-4.42],
  epsilon_minus_mu_47 = [-4.25],
  epsilon_minus_mu_48 = [-4.32],
  epsilon_minus_mu_49 = [-4.42],
  epsilon_minus_mu_410 = [-4.36],
  epsilon_minus_mu_51 = [-2.76],
  epsilon_minus_mu_52 = [-2.79],
  epsilon_minus_mu_53 = [-2.83],
  epsilon_minus_mu_54 = [-2.72],
  epsilon_minus_mu_55 = [-2.75],
  epsilon_minus_mu_56 = [-2.77],
  epsilon_minus_mu_57 = [-2.71],
  epsilon_minus_mu_58 = [-2.72],
  epsilon_minus_mu_59 = [-2.72],
  epsilon_minus_mu_510 = [-2.71],
  epsilon_minus_mu_61 = [-1.28],
  epsilon_minus_mu_62 = [-1.24],
  epsilon_minus_mu_63 = [-1.25],
  epsilon_minus_mu_64 = [-1.27],
  epsilon_minus_mu_65 = [-1.24],
  epsilon_minus_mu_66 = [-1.24],
  epsilon_minus_mu_67 = [-1.24],
  epsilon_minus_mu_68 = [-1.24],
  epsilon_minus_mu_69 = [-1.26],
  epsilon_minus_mu_610 = [-1.26],
  epsilon_minus_mu_71 = [-1.26],
  epsilon_minus_mu_72 = [-1.26],
  epsilon_minus_mu_73 = [-1.25],
  epsilon_minus_mu_74 = [-1.27],
  epsilon_minus_mu_75 = [-1.24],
  epsilon_minus_mu_76 = [-1.27],
  epsilon_minus_mu_77 = [-1.24],
  epsilon_minus_mu_78 = [-1.25],
  epsilon_minus_mu_79 = [-1.26],
  epsilon_minus_mu_710 = [-1.26],
  epsilon_minus_mu_81 = [-2.82],
  epsilon_minus_mu_82 = [-2.70],
  epsilon_minus_mu_83 = [-2.76],
  epsilon_minus_mu_84 = [-2.67],
  epsilon_minus_mu_85 = [-2.68],
  epsilon_minus_mu_86 = [-2.77],
  epsilon_minus_mu_87 = [-2.86],
  epsilon_minus_mu_88 = [-2.65],
  epsilon_minus_mu_89 = [-2.81],
  epsilon_minus_mu_810 = [-2.84],
  epsilon_minus_mu_91 = [-1.26],
  epsilon_minus_mu_92 = [-1.25],
  epsilon_minus_mu_93 = [-1.24],
  epsilon_minus_mu_94 = [-1.24],
  epsilon_minus_mu_95 = [-1.27],
  epsilon_minus_mu_96 = [-1.25],
  epsilon_minus_mu_97 = [-1.25],
  epsilon_minus_mu_98 = [-1.28],
  epsilon_minus_mu_99 = [-1.25],
  epsilon_minus_mu_910 = [-1.25],
  epsilon_minus_mu_101 = [-1.25],
  epsilon_minus_mu_102 = [-1.25],
  epsilon_minus_mu_103 = [-1.24],
  epsilon_minus_mu_104 = [-1.22],
  epsilon_minus_mu_105 = [-1.25],
  epsilon_minus_mu_106 = [-1.24],
  epsilon_minus_mu_107 = [-1.25],
  epsilon_minus_mu_108 = [-1.26],
  epsilon_minus_mu_109 = [-1.27],
  epsilon_minus_mu_1010 = [-1.26],
  epsilon_minus_mu_111 = [-4.32],
  epsilon_minus_mu_112 = [-4.40],
  epsilon_minus_mu_113 = [-4.22],
  epsilon_minus_mu_114 = [-4.08],
  epsilon_minus_mu_115 = [-4.30],
  epsilon_minus_mu_116 = [-4.11],
  epsilon_minus_mu_117 = [-4.26],
  epsilon_minus_mu_118 = [-4.14],
  epsilon_minus_mu_119 = [-4.40],
  epsilon_minus_mu_1110 = [-4.35],
  epsilon_minus_mu_121 = [-4.34],
  epsilon_minus_mu_122 = [-4.08],
  epsilon_minus_mu_123 = [-4.38],
  epsilon_minus_mu_124 = [-4.29],
  epsilon_minus_mu_125 = [-4.12],
  epsilon_minus_mu_126 = [-4.37],
  epsilon_minus_mu_127 = [-4.08],
  epsilon_minus_mu_128 = [-4.29],
  epsilon_minus_mu_129 = [-4.09],
  epsilon_minus_mu_1210 = [-4.35],
  epsilon_minus_mu_131 = [-2.74],
  epsilon_minus_mu_132 = [-2.85],
  epsilon_minus_mu_133 = [-2.74],
  epsilon_minus_mu_134 = [-2.75],
  epsilon_minus_mu_135 = [-2.80],
  epsilon_minus_mu_136 = [-2.77],
  epsilon_minus_mu_137 = [-2.78],
  epsilon_minus_mu_138 = [-2.69],
  epsilon_minus_mu_139 = [-2.80],
  epsilon_minus_mu_1310 = [-2.85],
  epsilon_minus_mu_141 = [-4.22],
  epsilon_minus_mu_142 = [-4.15],
  epsilon_minus_mu_143 = [-4.34],
  epsilon_minus_mu_144 = [-4.41],
  epsilon_minus_mu_145 = [-4.35],
  epsilon_minus_mu_146 = [-4.52],
  epsilon_minus_mu_147 = [-4.53],
  epsilon_minus_mu_148 = [-4.35],
  epsilon_minus_mu_149 = [-4.20],
  epsilon_minus_mu_1410 = [-4.44],
  epsilon_minus_mu_151 = [-2.80],
  epsilon_minus_mu_152 = [-2.75],
  epsilon_minus_mu_153 = [-2.77],
  epsilon_minus_mu_154 = [-2.70],
  epsilon_minus_mu_155 = [-2.79],
  epsilon_minus_mu_156 = [-2.74],
  epsilon_minus_mu_157 = [-2.76],
  epsilon_minus_mu_158 = [-2.76],
  epsilon_minus_mu_159 = [-2.74],
  epsilon_minus_mu_1510 = [-2.78],
  epsilon_minus_mu_161 = [-1.24],
  epsilon_minus_mu_162 = [-1.24],
  epsilon_minus_mu_163 = [-1.27],
  epsilon_minus_mu_164 = [-1.26],
  epsilon_minus_mu_165 = [-1.24],
  epsilon_minus_mu_166 = [-1.24],
  epsilon_minus_mu_167 = [-1.24],
  epsilon_minus_mu_168 = [-1.26],
  epsilon_minus_mu_169 = [-1.25],
  epsilon_minus_mu_1610 = [-1.26],
  epsilon_minus_mu_171 = [-4.25],
  epsilon_minus_mu_172 = [-4.26],
  epsilon_minus_mu_173 = [-4.24],
  epsilon_minus_mu_174 = [-4.47],
  epsilon_minus_mu_175 = [-4.27],
  epsilon_minus_mu_176 = [-4.28],
  epsilon_minus_mu_177 = [-4.16],
  epsilon_minus_mu_178 = [-4.19],
  epsilon_minus_mu_179 = [-4.52],
  epsilon_minus_mu_1710 = [-4.19],
  epsilon_minus_mu_181 = [-2.78],
  epsilon_minus_mu_182 = [-2.69],
  epsilon_minus_mu_183 = [-2.75],
  epsilon_minus_mu_184 = [-2.75],
  epsilon_minus_mu_185 = [-2.73],
  epsilon_minus_mu_186 = [-2.77],
  epsilon_minus_mu_187 = [-2.76],
  epsilon_minus_mu_188 = [-2.74],
  epsilon_minus_mu_189 = [-2.77],
  epsilon_minus_mu_1810 = [-2.76],
  epsilon_minus_mu_191 = [-4.12],
  epsilon_minus_mu_192 = [-4.15],
  epsilon_minus_mu_193 = [-4.42],
  epsilon_minus_mu_194 = [-4.25],
  epsilon_minus_mu_195 = [-4.21],
  epsilon_minus_mu_196 = [-4.37],
  epsilon_minus_mu_197 = [-4.30],
  epsilon_minus_mu_198 = [-4.48],
  epsilon_minus_mu_199 = [-4.41],
  epsilon_minus_mu_1910 = [-4.07],
  epsilon_minus_mu_201 = [-2.78],
  epsilon_minus_mu_202 = [-2.75],
  epsilon_minus_mu_203 = [-2.72],
  epsilon_minus_mu_204 = [-2.71],
  epsilon_minus_mu_205 = [-2.77],
  epsilon_minus_mu_206 = [-2.73],
  epsilon_minus_mu_207 = [-2.72],
  epsilon_minus_mu_208 = [-2.82],
  epsilon_minus_mu_209 = [-2.67],
  epsilon_minus_mu_2010 = [-2.79],
  epsilon_minus_mu_211 = [-4.50],
  epsilon_minus_mu_212 = [-4.33],
  epsilon_minus_mu_213 = [-4.26],
  epsilon_minus_mu_214 = [-4.38],
  epsilon_minus_mu_215 = [-4.27],
  epsilon_minus_mu_216 = [-4.38],
  epsilon_minus_mu_217 = [-4.05],
  epsilon_minus_mu_218 = [-4.35],
  epsilon_minus_mu_219 = [-4.27],
  epsilon_minus_mu_2110 = [-4.41],
  epsilon_minus_mu_221 = [-4.31],
  epsilon_minus_mu_222 = [-4.37],
  epsilon_minus_mu_223 = [-4.20],
  epsilon_minus_mu_224 = [-4.25],
  epsilon_minus_mu_225 = [-4.09],
  epsilon_minus_mu_226 = [-4.19],
  epsilon_minus_mu_227 = [-4.20],
  epsilon_minus_mu_228 = [-4.22],
  epsilon_minus_mu_229 = [-4.48],
  epsilon_minus_mu_2210 = [-4.18],
  epsilon_minus_mu_231 = [-2.82],
  epsilon_minus_mu_232 = [-2.77],
  epsilon_minus_mu_233 = [-2.72],
  epsilon_minus_mu_234 = [-2.75],
  epsilon_minus_mu_235 = [-2.81],
  epsilon_minus_mu_236 = [-2.75],
  epsilon_minus_mu_237 = [-2.79],
  epsilon_minus_mu_238 = [-2.81],
  epsilon_minus_mu_239 = [-2.77],
  epsilon_minus_mu_2310 = [-2.73],
  epsilon_minus_mu_241 = [-4.53],
  epsilon_minus_mu_242 = [-4.39],
  epsilon_minus_mu_243 = [-4.12],
  epsilon_minus_mu_244 = [-4.46],
  epsilon_minus_mu_245 = [-4.06],
  epsilon_minus_mu_246 = [-4.26],
  epsilon_minus_mu_247 = [-4.18],
  epsilon_minus_mu_248 = [-4.36],
  epsilon_minus_mu_249 = [-4.31],
  epsilon_minus_mu_2410 = [-4.22],
  epsilon_minus_mu_251 = [-2.75],
  epsilon_minus_mu_252 = [-2.65],
  epsilon_minus_mu_253 = [-2.69],
  epsilon_minus_mu_254 = [-2.79],
  epsilon_minus_mu_255 = [-2.77],
  epsilon_minus_mu_256 = [-2.73],
  epsilon_minus_mu_257 = [-2.69],
  epsilon_minus_mu_258 = [-2.80],
  epsilon_minus_mu_259 = [-2.68],
  epsilon_minus_mu_2510 = [-2.73],
  epsilon_minus_mu_261 = [-4.16],
  epsilon_minus_mu_262 = [-4.12],
  epsilon_minus_mu_263 = [-4.18],
  epsilon_minus_mu_264 = [-4.09],
  epsilon_minus_mu_265 = [-4.32],
  epsilon_minus_mu_266 = [-4.21],
  epsilon_minus_mu_267 = [-4.32],
  epsilon_minus_mu_268 = [-4.08],
  epsilon_minus_mu_269 = [-4.38],
  epsilon_minus_mu_2610 = [-4.22],
  epsilon_minus_mu_271 = [-4.19],
  epsilon_minus_mu_272 = [-4.22],
  epsilon_minus_mu_273 = [-4.18],
  epsilon_minus_mu_274 = [-4.23],
  epsilon_minus_mu_275 = [-4.13],
  epsilon_minus_mu_276 = [-4.25],
  epsilon_minus_mu_277 = [-4.12],
  epsilon_minus_mu_278 = [-4.31],
  epsilon_minus_mu_279 = [-3.96],
  epsilon_minus_mu_2710 = [-4.24],
  epsilon_minus_mu_281 = [-1.27],
  epsilon_minus_mu_282 = [-1.24],
  epsilon_minus_mu_283 = [-1.24],
  epsilon_minus_mu_284 = [-1.26],
  epsilon_minus_mu_285 = [-1.27],
  epsilon_minus_mu_286 = [-1.24],
  epsilon_minus_mu_287 = [-1.28],
  epsilon_minus_mu_288 = [-1.25],
  epsilon_minus_mu_289 = [-1.26],
  epsilon_minus_mu_2810 = [-1.27],
  epsilon_minus_mu_291 = [-4.24],
  epsilon_minus_mu_292 = [-4.23],
  epsilon_minus_mu_293 = [-4.11],
  epsilon_minus_mu_294 = [-4.43],
  epsilon_minus_mu_295 = [-4.26],
  epsilon_minus_mu_296 = [-4.20],
  epsilon_minus_mu_297 = [-4.20],
  epsilon_minus_mu_298 = [-4.36],
  epsilon_minus_mu_299 = [-4.39],
  epsilon_minus_mu_2910 = [-4.32],
  epsilon_minus_mu_301 = [-4.14],
  epsilon_minus_mu_302 = [-4.42],
  epsilon_minus_mu_303 = [-4.29],
  epsilon_minus_mu_304 = [-4.36],
  epsilon_minus_mu_305 = [-4.23],
  epsilon_minus_mu_306 = [-4.25],
  epsilon_minus_mu_307 = [-4.51],
  epsilon_minus_mu_308 = [-4.26],
  epsilon_minus_mu_309 = [-4.29],
  epsilon_minus_mu_3010 = [-4.33],
  epsilon_minus_mu_311 = [-4.13],
  epsilon_minus_mu_312 = [-4.23],
  epsilon_minus_mu_313 = [-4.27],
  epsilon_minus_mu_314 = [-4.26],
  epsilon_minus_mu_315 = [-4.13],
  epsilon_minus_mu_316 = [-4.18],
  epsilon_minus_mu_317 = [-4.30],
  epsilon_minus_mu_318 = [-4.42],
  epsilon_minus_mu_319 = [-4.32],
  epsilon_minus_mu_3110 = [-4.29],
  epsilon_minus_mu_321 = [-2.77],
  epsilon_minus_mu_322 = [-2.74],
  epsilon_minus_mu_323 = [-2.75],
  epsilon_minus_mu_324 = [-2.75],
  epsilon_minus_mu_325 = [-2.84],
  epsilon_minus_mu_326 = [-2.63],
  epsilon_minus_mu_327 = [-2.71],
  epsilon_minus_mu_328 = [-2.82],
  epsilon_minus_mu_329 = [-2.73],
  epsilon_minus_mu_3210 = [-2.79],
  epsilon_minus_mu_331 = [-2.71],
  epsilon_minus_mu_332 = [-2.80],
  epsilon_minus_mu_333 = [-2.83],
  epsilon_minus_mu_334 = [-2.76],
  epsilon_minus_mu_335 = [-2.79],
  epsilon_minus_mu_336 = [-2.74],
  epsilon_minus_mu_337 = [-2.68],
  epsilon_minus_mu_338 = [-2.68],
  epsilon_minus_mu_339 = [-2.79],
  epsilon_minus_mu_3310 = [-2.76],
  epsilon_minus_mu_341 = [-4.21],
  epsilon_minus_mu_342 = [-4.22],
  epsilon_minus_mu_343 = [-4.25],
  epsilon_minus_mu_344 = [-4.27],
  epsilon_minus_mu_345 = [-4.25],
  epsilon_minus_mu_346 = [-4.42],
  epsilon_minus_mu_347 = [-4.36],
  epsilon_minus_mu_348 = [-4.17],
  epsilon_minus_mu_349 = [-4.50],
  epsilon_minus_mu_3410 = [-4.29],
  epsilon_minus_mu_351 = [-1.26],
  epsilon_minus_mu_352 = [-1.25],
  epsilon_minus_mu_353 = [-1.23],
  epsilon_minus_mu_354 = [-1.24],
  epsilon_minus_mu_355 = [-1.25],
  epsilon_minus_mu_356 = [-1.25],
  epsilon_minus_mu_357 = [-1.29],
  epsilon_minus_mu_358 = [-1.26],
  epsilon_minus_mu_359 = [-1.24],
  epsilon_minus_mu_3510 = [-1.26],
  epsilon_minus_mu_361 = [-2.79],
  epsilon_minus_mu_362 = [-2.75],
  epsilon_minus_mu_363 = [-2.67],
  epsilon_minus_mu_364 = [-2.73],
  epsilon_minus_mu_365 = [-2.80],
  epsilon_minus_mu_366 = [-2.78],
  epsilon_minus_mu_367 = [-2.77],
  epsilon_minus_mu_368 = [-2.73],
  epsilon_minus_mu_369 = [-2.79],
  epsilon_minus_mu_3610 = [-2.76],
  epsilon_minus_mu_371 = [-2.74],
  epsilon_minus_mu_372 = [-2.73],
  epsilon_minus_mu_373 = [-2.71],
  epsilon_minus_mu_374 = [-2.80],
  epsilon_minus_mu_375 = [-2.74],
  epsilon_minus_mu_376 = [-2.86],
  epsilon_minus_mu_377 = [-2.78],
  epsilon_minus_mu_378 = [-2.76],
  epsilon_minus_mu_379 = [-2.74],
  epsilon_minus_mu_3710 = [-2.71],
  epsilon_minus_mu_381 = [-4.29],
  epsilon_minus_mu_382 = [-4.20],
  epsilon_minus_mu_383 = [-4.37],
  epsilon_minus_mu_384 = [-4.28],
  epsilon_minus_mu_385 = [-4.12],
  epsilon_minus_mu_386 = [-4.16],
  epsilon_minus_mu_387 = [-4.23],
  epsilon_minus_mu_388 = [-4.35],
  epsilon_minus_mu_389 = [-4.27],
  epsilon_minus_mu_3810 = [-4.36],
  epsilon_minus_mu_391 = [-4.27],
  epsilon_minus_mu_392 = [-4.28],
  epsilon_minus_mu_393 = [-4.28],
  epsilon_minus_mu_394 = [-4.36],
  epsilon_minus_mu_395 = [-4.13],
  epsilon_minus_mu_396 = [-4.20],
  epsilon_minus_mu_397 = [-4.35],
  epsilon_minus_mu_398 = [-4.26],
  epsilon_minus_mu_399 = [-4.32],
  epsilon_minus_mu_3910 = [-4.24],
  epsilon_minus_mu_401 = [-2.74],
  epsilon_minus_mu_402 = [-2.84],
  epsilon_minus_mu_403 = [-2.79],
  epsilon_minus_mu_404 = [-2.73],
  epsilon_minus_mu_405 = [-2.71],
  epsilon_minus_mu_406 = [-2.87],
  epsilon_minus_mu_407 = [-2.76],
  epsilon_minus_mu_408 = [-2.73],
  epsilon_minus_mu_409 = [-2.79],
  epsilon_minus_mu_4010 = [-2.82],
  epsilon_minus_mu_411 = [-2.77],
  epsilon_minus_mu_412 = [-2.78],
  epsilon_minus_mu_413 = [-2.82],
  epsilon_minus_mu_414 = [-2.76],
  epsilon_minus_mu_415 = [-2.73],
  epsilon_minus_mu_416 = [-2.73],
  epsilon_minus_mu_417 = [-2.73],
  epsilon_minus_mu_418 = [-2.81],
  epsilon_minus_mu_419 = [-2.76],
  epsilon_minus_mu_4110 = [-2.74],
  epsilon_minus_mu_421 = [-4.11],
  epsilon_minus_mu_422 = [-4.35],
  epsilon_minus_mu_423 = [-4.14],
  epsilon_minus_mu_424 = [-4.20],
  epsilon_minus_mu_425 = [-3.99],
  epsilon_minus_mu_426 = [-4.33],
  epsilon_minus_mu_427 = [-4.30],
  epsilon_minus_mu_428 = [-4.17],
  epsilon_minus_mu_429 = [-4.19],
  epsilon_minus_mu_4210 = [-4.13],
  epsilon_minus_mu_431 = [-1.26],
  epsilon_minus_mu_432 = [-1.24],
  epsilon_minus_mu_433 = [-1.27],
  epsilon_minus_mu_434 = [-1.26],
  epsilon_minus_mu_435 = [-1.27],
  epsilon_minus_mu_436 = [-1.26],
  epsilon_minus_mu_437 = [-1.28],
  epsilon_minus_mu_438 = [-1.24],
  epsilon_minus_mu_439 = [-1.25],
  epsilon_minus_mu_4310 = [-1.24],
  epsilon_minus_mu_441 = [-1.25],
  epsilon_minus_mu_442 = [-1.27],
  epsilon_minus_mu_443 = [-1.26],
  epsilon_minus_mu_444 = [-1.26],
  epsilon_minus_mu_445 = [-1.26],
  epsilon_minus_mu_446 = [-1.25],
  epsilon_minus_mu_447 = [-1.24],
  epsilon_minus_mu_448 = [-1.24],
  epsilon_minus_mu_449 = [-1.25],
  epsilon_minus_mu_4410 = [-1.24],
  epsilon_minus_mu_451 = [-4.25],
  epsilon_minus_mu_452 = [-4.32],
  epsilon_minus_mu_453 = [-4.22],
  epsilon_minus_mu_454 = [-4.17],
  epsilon_minus_mu_455 = [-4.41],
  epsilon_minus_mu_456 = [-4.16],
  epsilon_minus_mu_457 = [-4.20],
  epsilon_minus_mu_458 = [-4.14],
  epsilon_minus_mu_459 = [-4.24],
  epsilon_minus_mu_4510 = [-4.37],
  epsilon_minus_mu_461 = [-1.26],
  epsilon_minus_mu_462 = [-1.26],
  epsilon_minus_mu_463 = [-1.25],
  epsilon_minus_mu_464 = [-1.28],
  epsilon_minus_mu_465 = [-1.26],
  epsilon_minus_mu_466 = [-1.26],
  epsilon_minus_mu_467 = [-1.28],
  epsilon_minus_mu_468 = [-1.25],
  epsilon_minus_mu_469 = [-1.25],
  epsilon_minus_mu_4610 = [-1.26],
  epsilon_minus_mu_471 = [-2.76],
  epsilon_minus_mu_472 = [-2.77],
  epsilon_minus_mu_473 = [-2.80],
  epsilon_minus_mu_474 = [-2.78],
  epsilon_minus_mu_475 = [-2.81],
  epsilon_minus_mu_476 = [-2.74],
  epsilon_minus_mu_477 = [-2.80],
  epsilon_minus_mu_478 = [-2.77],
  epsilon_minus_mu_479 = [-2.75],
  epsilon_minus_mu_4710 = [-2.85],
  epsilon_minus_mu_481 = [-1.25],
  epsilon_minus_mu_482 = [-1.25],
  epsilon_minus_mu_483 = [-1.25],
  epsilon_minus_mu_484 = [-1.25],
  epsilon_minus_mu_485 = [-1.25],
  epsilon_minus_mu_486 = [-1.24],
  epsilon_minus_mu_487 = [-1.22],
  epsilon_minus_mu_488 = [-1.26],
  epsilon_minus_mu_489 = [-1.23],
  epsilon_minus_mu_4810 = [-1.24],
  epsilon_minus_mu_491 = [-4.15],
  epsilon_minus_mu_492 = [-4.18],
  epsilon_minus_mu_493 = [-4.26],
  epsilon_minus_mu_494 = [-4.37],
  epsilon_minus_mu_495 = [-4.27],
  epsilon_minus_mu_496 = [-4.11],
  epsilon_minus_mu_497 = [-4.23],
  epsilon_minus_mu_498 = [-4.12],
  epsilon_minus_mu_499 = [-4.33],
  epsilon_minus_mu_4910 = [-4.33],
  epsilon_minus_mu_501 = [-2.75],
  epsilon_minus_mu_502 = [-2.86],
  epsilon_minus_mu_503 = [-2.68],
  epsilon_minus_mu_504 = [-2.78],
  epsilon_minus_mu_505 = [-2.78],
  epsilon_minus_mu_506 = [-2.76],
  epsilon_minus_mu_507 = [-2.69],
  epsilon_minus_mu_508 = [-2.85],
  epsilon_minus_mu_509 = [-2.79],
  epsilon_minus_mu_5010 = [-2.81],
  epsilon_minus_mu_511 = [-1.26],
  epsilon_minus_mu_512 = [-1.24],
  epsilon_minus_mu_513 = [-1.28],
  epsilon_minus_mu_514 = [-1.25],
  epsilon_minus_mu_515 = [-1.24],
  epsilon_minus_mu_516 = [-1.26],
  epsilon_minus_mu_517 = [-1.24],
  epsilon_minus_mu_518 = [-1.26],
  epsilon_minus_mu_519 = [-1.26],
  epsilon_minus_mu_5110 = [-1.25],
  epsilon_minus_mu_521 = [-1.27],
  epsilon_minus_mu_522 = [-1.25],
  epsilon_minus_mu_523 = [-1.28],
  epsilon_minus_mu_524 = [-1.25],
  epsilon_minus_mu_525 = [-1.24],
  epsilon_minus_mu_526 = [-1.24],
  epsilon_minus_mu_527 = [-1.24],
  epsilon_minus_mu_528 = [-1.26],
  epsilon_minus_mu_529 = [-1.25],
  epsilon_minus_mu_5210 = [-1.24],
  epsilon_minus_mu_531 = [-4.27],
  epsilon_minus_mu_532 = [-4.35],
  epsilon_minus_mu_533 = [-4.28],
  epsilon_minus_mu_534 = [-4.15],
  epsilon_minus_mu_535 = [-4.25],
  epsilon_minus_mu_536 = [-4.24],
  epsilon_minus_mu_537 = [-4.29],
  epsilon_minus_mu_538 = [-4.27],
  epsilon_minus_mu_539 = [-4.22],
  epsilon_minus_mu_5310 = [-4.21],
  epsilon_minus_mu_541 = [-2.74],
  epsilon_minus_mu_542 = [-2.77],
  epsilon_minus_mu_543 = [-2.78],
  epsilon_minus_mu_544 = [-2.73],
  epsilon_minus_mu_545 = [-2.78],
  epsilon_minus_mu_546 = [-2.84],
  epsilon_minus_mu_547 = [-2.69],
  epsilon_minus_mu_548 = [-2.70],
  epsilon_minus_mu_549 = [-2.76],
  epsilon_minus_mu_5410 = [-2.79],
  epsilon_minus_mu_551 = [-2.83],
  epsilon_minus_mu_552 = [-2.80],
  epsilon_minus_mu_553 = [-2.78],
  epsilon_minus_mu_554 = [-2.75],
  epsilon_minus_mu_555 = [-2.81],
  epsilon_minus_mu_556 = [-2.76],
  epsilon_minus_mu_557 = [-2.82],
  epsilon_minus_mu_558 = [-2.75],
  epsilon_minus_mu_559 = [-2.78],
  epsilon_minus_mu_5510 = [-2.78],
  epsilon_minus_mu_561 = [-1.26],
  epsilon_minus_mu_562 = [-1.26],
  epsilon_minus_mu_563 = [-1.24],
  epsilon_minus_mu_564 = [-1.27],
  epsilon_minus_mu_565 = [-1.25],
  epsilon_minus_mu_566 = [-1.26],
  epsilon_minus_mu_567 = [-1.22],
  epsilon_minus_mu_568 = [-1.26],
  epsilon_minus_mu_569 = [-1.28],
  epsilon_minus_mu_5610 = [-1.25],
  epsilon_minus_mu_571 = [-2.76],
  epsilon_minus_mu_572 = [-2.81],
  epsilon_minus_mu_573 = [-2.73],
  epsilon_minus_mu_574 = [-2.75],
  epsilon_minus_mu_575 = [-2.77],
  epsilon_minus_mu_576 = [-2.63],
  epsilon_minus_mu_577 = [-2.76],
  epsilon_minus_mu_578 = [-2.68],
  epsilon_minus_mu_579 = [-2.73],
  epsilon_minus_mu_5710 = [-2.69],
  epsilon_minus_mu_581 = [-4.17],
  epsilon_minus_mu_582 = [-4.31],
  epsilon_minus_mu_583 = [-4.23],
  epsilon_minus_mu_584 = [-4.37],
  epsilon_minus_mu_585 = [-4.14],
  epsilon_minus_mu_586 = [-4.27],
  epsilon_minus_mu_587 = [-4.38],
  epsilon_minus_mu_588 = [-4.25],
  epsilon_minus_mu_589 = [-4.47],
  epsilon_minus_mu_5810 = [-4.37],
  epsilon_minus_mu_591 = [-2.82],
  epsilon_minus_mu_592 = [-2.82],
  epsilon_minus_mu_593 = [-2.75],
  epsilon_minus_mu_594 = [-2.73],
  epsilon_minus_mu_595 = [-2.78],
  epsilon_minus_mu_596 = [-2.73],
  epsilon_minus_mu_597 = [-2.71],
  epsilon_minus_mu_598 = [-2.87],
  epsilon_minus_mu_599 = [-2.86],
  epsilon_minus_mu_5910 = [-2.76],
  epsilon_minus_mu_601 = [-4.22],
  epsilon_minus_mu_602 = [-4.55],
  epsilon_minus_mu_603 = [-4.27],
  epsilon_minus_mu_604 = [-4.30],
  epsilon_minus_mu_605 = [-4.26],
  epsilon_minus_mu_606 = [-4.38],
  epsilon_minus_mu_607 = [-4.32],
  epsilon_minus_mu_608 = [-4.20],
  epsilon_minus_mu_609 = [-4.31],
  epsilon_minus_mu_6010 = [-4.57],
]

Sigma + ¦Ó_{jk} = [
  sigma_plus_tau_11 = [2.49],
  sigma_plus_tau_12 = [2.47],
  sigma_plus_tau_13 = [2.49],
  sigma_plus_tau_14 = [2.50],
  sigma_plus_tau_15 = [2.51],
  sigma_plus_tau_16 = [2.50],
  sigma_plus_tau_17 = [2.50],
  sigma_plus_tau_18 = [2.53],
  sigma_plus_tau_19 = [2.48],
  sigma_plus_tau_110 = [2.50],
  sigma_plus_tau_21 = [4.54],
  sigma_plus_tau_22 = [4.48],
  sigma_plus_tau_23 = [4.61],
  sigma_plus_tau_24 = [4.51],
  sigma_plus_tau_25 = [4.45],
  sigma_plus_tau_26 = [4.51],
  sigma_plus_tau_27 = [4.35],
  sigma_plus_tau_28 = [4.61],
  sigma_plus_tau_29 = [4.46],
  sigma_plus_tau_210 = [4.55],
  sigma_plus_tau_31 = [6.40],
  sigma_plus_tau_32 = [6.50],
  sigma_plus_tau_33 = [6.67],
  sigma_plus_tau_34 = [6.36],
  sigma_plus_tau_35 = [6.49],
  sigma_plus_tau_36 = [6.57],
  sigma_plus_tau_37 = [6.58],
  sigma_plus_tau_38 = [6.55],
  sigma_plus_tau_39 = [6.54],
  sigma_plus_tau_310 = [6.54],
  sigma_plus_tau_41 = [2.49],
  sigma_plus_tau_42 = [2.51],
  sigma_plus_tau_43 = [2.51],
  sigma_plus_tau_44 = [2.51],
  sigma_plus_tau_45 = [2.50],
  sigma_plus_tau_46 = [2.49],
  sigma_plus_tau_47 = [2.49],
  sigma_plus_tau_48 = [2.54],
  sigma_plus_tau_49 = [2.49],
  sigma_plus_tau_410 = [2.48],
  sigma_plus_tau_51 = [4.57],
  sigma_plus_tau_52 = [4.61],
  sigma_plus_tau_53 = [4.53],
  sigma_plus_tau_54 = [4.47],
  sigma_plus_tau_55 = [4.48],
  sigma_plus_tau_56 = [4.58],
  sigma_plus_tau_57 = [4.43],
  sigma_plus_tau_58 = [4.51],
  sigma_plus_tau_59 = [4.49],
  sigma_plus_tau_510 = [4.65],
  sigma_plus_tau_61 = [4.61],
  sigma_plus_tau_62 = [4.51],
  sigma_plus_tau_63 = [4.41],
  sigma_plus_tau_64 = [4.50],
  sigma_plus_tau_65 = [4.51],
  sigma_plus_tau_66 = [4.51],
  sigma_plus_tau_67 = [4.55],
  sigma_plus_tau_68 = [4.52],
  sigma_plus_tau_69 = [4.45],
  sigma_plus_tau_610 = [4.51],
  sigma_plus_tau_71 = [6.46],
  sigma_plus_tau_72 = [6.68],
  sigma_plus_tau_73 = [6.49],
  sigma_plus_tau_74 = [6.50],
  sigma_plus_tau_75 = [6.40],
  sigma_plus_tau_76 = [6.58],
  sigma_plus_tau_77 = [6.52],
  sigma_plus_tau_78 = [6.52],
  sigma_plus_tau_79 = [6.64],
  sigma_plus_tau_710 = [6.38],
  sigma_plus_tau_81 = [2.49],
  sigma_plus_tau_82 = [2.49],
  sigma_plus_tau_83 = [2.50],
  sigma_plus_tau_84 = [2.48],
  sigma_plus_tau_85 = [2.49],
  sigma_plus_tau_86 = [2.53],
  sigma_plus_tau_87 = [2.51],
  sigma_plus_tau_88 = [2.52],
  sigma_plus_tau_89 = [2.51],
  sigma_plus_tau_810 = [2.50],
  sigma_plus_tau_91 = [2.51],
  sigma_plus_tau_92 = [2.47],
  sigma_plus_tau_93 = [2.49],
  sigma_plus_tau_94 = [2.52],
  sigma_plus_tau_95 = [2.52],
  sigma_plus_tau_96 = [2.51],
  sigma_plus_tau_97 = [2.50],
  sigma_plus_tau_98 = [2.52],
  sigma_plus_tau_99 = [2.51],
  sigma_plus_tau_910 = [2.49],
  sigma_plus_tau_101 = [4.41],
  sigma_plus_tau_102 = [4.52],
  sigma_plus_tau_103 = [4.52],
  sigma_plus_tau_104 = [4.49],
  sigma_plus_tau_105 = [4.54],
  sigma_plus_tau_106 = [4.52],
  sigma_plus_tau_107 = [4.59],
  sigma_plus_tau_108 = [4.58],
  sigma_plus_tau_109 = [4.40],
  sigma_plus_tau_1010 = [4.48],
  sigma_plus_tau_111 = [2.51],
  sigma_plus_tau_112 = [2.52],
  sigma_plus_tau_113 = [2.49],
  sigma_plus_tau_114 = [2.49],
  sigma_plus_tau_115 = [2.50],
  sigma_plus_tau_116 = [2.51],
  sigma_plus_tau_117 = [2.50],
  sigma_plus_tau_118 = [2.51],
  sigma_plus_tau_119 = [2.50],
  sigma_plus_tau_1110 = [2.52],
  sigma_plus_tau_121 = [2.49],
  sigma_plus_tau_122 = [2.46],
  sigma_plus_tau_123 = [2.52],
  sigma_plus_tau_124 = [2.50],
  sigma_plus_tau_125 = [2.50],
  sigma_plus_tau_126 = [2.52],
  sigma_plus_tau_127 = [2.51],
  sigma_plus_tau_128 = [2.51],
  sigma_plus_tau_129 = [2.52],
  sigma_plus_tau_1210 = [2.50],
  sigma_plus_tau_131 = [6.47],
  sigma_plus_tau_132 = [6.35],
  sigma_plus_tau_133 = [6.52],
  sigma_plus_tau_134 = [6.61],
  sigma_plus_tau_135 = [6.48],
  sigma_plus_tau_136 = [6.66],
  sigma_plus_tau_137 = [6.57],
  sigma_plus_tau_138 = [6.60],
  sigma_plus_tau_139 = [6.47],
  sigma_plus_tau_1310 = [6.47],
  sigma_plus_tau_141 = [4.55],
  sigma_plus_tau_142 = [4.46],
  sigma_plus_tau_143 = [4.54],
  sigma_plus_tau_144 = [4.57],
  sigma_plus_tau_145 = [4.55],
  sigma_plus_tau_146 = [4.43],
  sigma_plus_tau_147 = [4.56],
  sigma_plus_tau_148 = [4.54],
  sigma_plus_tau_149 = [4.52],
  sigma_plus_tau_1410 = [4.41],
  sigma_plus_tau_151 = [2.49],
  sigma_plus_tau_152 = [2.48],
  sigma_plus_tau_153 = [2.50],
  sigma_plus_tau_154 = [2.51],
  sigma_plus_tau_155 = [2.48],
  sigma_plus_tau_156 = [2.49],
  sigma_plus_tau_157 = [2.49],
  sigma_plus_tau_158 = [2.49],
  sigma_plus_tau_159 = [2.51],
  sigma_plus_tau_1510 = [2.51],
  sigma_plus_tau_161 = [2.48],
  sigma_plus_tau_162 = [2.52],
  sigma_plus_tau_163 = [2.50],
  sigma_plus_tau_164 = [2.48],
  sigma_plus_tau_165 = [2.50],
  sigma_plus_tau_166 = [2.49],
  sigma_plus_tau_167 = [2.50],
  sigma_plus_tau_168 = [2.51],
  sigma_plus_tau_169 = [2.50],
  sigma_plus_tau_1610 = [2.48],
  sigma_plus_tau_171 = [4.57],
  sigma_plus_tau_172 = [4.56],
  sigma_plus_tau_173 = [4.52],
  sigma_plus_tau_174 = [4.52],
  sigma_plus_tau_175 = [4.45],
  sigma_plus_tau_176 = [4.57],
  sigma_plus_tau_177 = [4.51],
  sigma_plus_tau_178 = [4.48],
  sigma_plus_tau_179 = [4.41],
  sigma_plus_tau_1710 = [4.54],
  sigma_plus_tau_181 = [2.50],
  sigma_plus_tau_182 = [2.50],
  sigma_plus_tau_183 = [2.49],
  sigma_plus_tau_184 = [2.49],
  sigma_plus_tau_185 = [2.48],
  sigma_plus_tau_186 = [2.48],
  sigma_plus_tau_187 = [2.49],
  sigma_plus_tau_188 = [2.47],
  sigma_plus_tau_189 = [2.48],
  sigma_plus_tau_1810 = [2.48],
  sigma_plus_tau_191 = [2.48],
  sigma_plus_tau_192 = [2.51],
  sigma_plus_tau_193 = [2.50],
  sigma_plus_tau_194 = [2.48],
  sigma_plus_tau_195 = [2.49],
  sigma_plus_tau_196 = [2.49],
  sigma_plus_tau_197 = [2.49],
  sigma_plus_tau_198 = [2.52],
  sigma_plus_tau_199 = [2.52],
  sigma_plus_tau_1910 = [2.50],
  sigma_plus_tau_201 = [4.49],
  sigma_plus_tau_202 = [4.52],
  sigma_plus_tau_203 = [4.56],
  sigma_plus_tau_204 = [4.46],
  sigma_plus_tau_205 = [4.43],
  sigma_plus_tau_206 = [4.44],
  sigma_plus_tau_207 = [4.52],
  sigma_plus_tau_208 = [4.50],
  sigma_plus_tau_209 = [4.51],
  sigma_plus_tau_2010 = [4.50],
  sigma_plus_tau_211 = [4.46],
  sigma_plus_tau_212 = [4.51],
  sigma_plus_tau_213 = [4.52],
  sigma_plus_tau_214 = [4.46],
  sigma_plus_tau_215 = [4.56],
  sigma_plus_tau_216 = [4.47],
  sigma_plus_tau_217 = [4.46],
  sigma_plus_tau_218 = [4.52],
  sigma_plus_tau_219 = [4.51],
  sigma_plus_tau_2110 = [4.46],
  sigma_plus_tau_221 = [4.48],
  sigma_plus_tau_222 = [4.53],
  sigma_plus_tau_223 = [4.57],
  sigma_plus_tau_224 = [4.41],
  sigma_plus_tau_225 = [4.53],
  sigma_plus_tau_226 = [4.52],
  sigma_plus_tau_227 = [4.62],
  sigma_plus_tau_228 = [4.45],
  sigma_plus_tau_229 = [4.53],
  sigma_plus_tau_2210 = [4.57],
  sigma_plus_tau_231 = [4.45],
  sigma_plus_tau_232 = [4.51],
  sigma_plus_tau_233 = [4.45],
  sigma_plus_tau_234 = [4.56],
  sigma_plus_tau_235 = [4.47],
  sigma_plus_tau_236 = [4.50],
  sigma_plus_tau_237 = [4.55],
  sigma_plus_tau_238 = [4.44],
  sigma_plus_tau_239 = [4.55],
  sigma_plus_tau_2310 = [4.50],
  sigma_plus_tau_241 = [4.39],
  sigma_plus_tau_242 = [4.55],
  sigma_plus_tau_243 = [4.40],
  sigma_plus_tau_244 = [4.47],
  sigma_plus_tau_245 = [4.49],
  sigma_plus_tau_246 = [4.52],
  sigma_plus_tau_247 = [4.48],
  sigma_plus_tau_248 = [4.38],
  sigma_plus_tau_249 = [4.44],
  sigma_plus_tau_2410 = [4.51],
  sigma_plus_tau_251 = [6.56],
  sigma_plus_tau_252 = [6.65],
  sigma_plus_tau_253 = [6.40],
  sigma_plus_tau_254 = [6.48],
  sigma_plus_tau_255 = [6.50],
  sigma_plus_tau_256 = [6.56],
  sigma_plus_tau_257 = [6.39],
  sigma_plus_tau_258 = [6.43],
  sigma_plus_tau_259 = [6.43],
  sigma_plus_tau_2510 = [6.71],
  sigma_plus_tau_261 = [6.38],
  sigma_plus_tau_262 = [6.44],
  sigma_plus_tau_263 = [6.45],
  sigma_plus_tau_264 = [6.59],
  sigma_plus_tau_265 = [6.43],
  sigma_plus_tau_266 = [6.43],
  sigma_plus_tau_267 = [6.48],
  sigma_plus_tau_268 = [6.61],
  sigma_plus_tau_269 = [6.51],
  sigma_plus_tau_2610 = [6.49],
  sigma_plus_tau_271 = [4.48],
  sigma_plus_tau_272 = [4.55],
  sigma_plus_tau_273 = [4.44],
  sigma_plus_tau_274 = [4.50],
  sigma_plus_tau_275 = [4.52],
  sigma_plus_tau_276 = [4.48],
  sigma_plus_tau_277 = [4.58],
  sigma_plus_tau_278 = [4.60],
  sigma_plus_tau_279 = [4.47],
  sigma_plus_tau_2710 = [4.54],
  sigma_plus_tau_281 = [2.51],
  sigma_plus_tau_282 = [2.47],
  sigma_plus_tau_283 = [2.49],
  sigma_plus_tau_284 = [2.48],
  sigma_plus_tau_285 = [2.50],
  sigma_plus_tau_286 = [2.51],
  sigma_plus_tau_287 = [2.49],
  sigma_plus_tau_288 = [2.51],
  sigma_plus_tau_289 = [2.50],
  sigma_plus_tau_2810 = [2.51],
  sigma_plus_tau_291 = [6.56],
  sigma_plus_tau_292 = [6.53],
  sigma_plus_tau_293 = [6.58],
  sigma_plus_tau_294 = [6.50],
  sigma_plus_tau_295 = [6.43],
  sigma_plus_tau_296 = [6.33],
  sigma_plus_tau_297 = [6.36],
  sigma_plus_tau_298 = [6.50],
  sigma_plus_tau_299 = [6.42],
  sigma_plus_tau_2910 = [6.53],
  sigma_plus_tau_301 = [2.49],
  sigma_plus_tau_302 = [2.49],
  sigma_plus_tau_303 = [2.49],
  sigma_plus_tau_304 = [2.49],
  sigma_plus_tau_305 = [2.51],
  sigma_plus_tau_306 = [2.48],
  sigma_plus_tau_307 = [2.49],
  sigma_plus_tau_308 = [2.51],
  sigma_plus_tau_309 = [2.51],
  sigma_plus_tau_3010 = [2.51],
  sigma_plus_tau_311 = [4.54],
  sigma_plus_tau_312 = [4.60],
  sigma_plus_tau_313 = [4.49],
  sigma_plus_tau_314 = [4.37],
  sigma_plus_tau_315 = [4.59],
  sigma_plus_tau_316 = [4.44],
  sigma_plus_tau_317 = [4.49],
  sigma_plus_tau_318 = [4.60],
  sigma_plus_tau_319 = [4.50],
  sigma_plus_tau_3110 = [4.54],
  sigma_plus_tau_321 = [4.53],
  sigma_plus_tau_322 = [4.42],
  sigma_plus_tau_323 = [4.43],
  sigma_plus_tau_324 = [4.48],
  sigma_plus_tau_325 = [4.57],
  sigma_plus_tau_326 = [4.55],
  sigma_plus_tau_327 = [4.48],
  sigma_plus_tau_328 = [4.58],
  sigma_plus_tau_329 = [4.44],
  sigma_plus_tau_3210 = [4.52],
  sigma_plus_tau_331 = [2.50],
  sigma_plus_tau_332 = [2.51],
  sigma_plus_tau_333 = [2.50],
  sigma_plus_tau_334 = [2.50],
  sigma_plus_tau_335 = [2.51],
  sigma_plus_tau_336 = [2.50],
  sigma_plus_tau_337 = [2.49],
  sigma_plus_tau_338 = [2.50],
  sigma_plus_tau_339 = [2.47],
  sigma_plus_tau_3310 = [2.50],
  sigma_plus_tau_341 = [4.57],
  sigma_plus_tau_342 = [4.50],
  sigma_plus_tau_343 = [4.50],
  sigma_plus_tau_344 = [4.43],
  sigma_plus_tau_345 = [4.52],
  sigma_plus_tau_346 = [4.53],
  sigma_plus_tau_347 = [4.49],
  sigma_plus_tau_348 = [4.45],
  sigma_plus_tau_349 = [4.58],
  sigma_plus_tau_3410 = [4.51],
  sigma_plus_tau_351 = [6.49],
  sigma_plus_tau_352 = [6.48],
  sigma_plus_tau_353 = [6.36],
  sigma_plus_tau_354 = [6.40],
  sigma_plus_tau_355 = [6.39],
  sigma_plus_tau_356 = [6.37],
  sigma_plus_tau_357 = [6.47],
  sigma_plus_tau_358 = [6.50],
  sigma_plus_tau_359 = [6.55],
  sigma_plus_tau_3510 = [6.57],
  sigma_plus_tau_361 = [6.65],
  sigma_plus_tau_362 = [6.57],
  sigma_plus_tau_363 = [6.53],
  sigma_plus_tau_364 = [6.61],
  sigma_plus_tau_365 = [6.38],
  sigma_plus_tau_366 = [6.36],
  sigma_plus_tau_367 = [6.33],
  sigma_plus_tau_368 = [6.51],
  sigma_plus_tau_369 = [6.37],
  sigma_plus_tau_3610 = [6.51],
  sigma_plus_tau_371 = [4.56],
  sigma_plus_tau_372 = [4.64],
  sigma_plus_tau_373 = [4.39],
  sigma_plus_tau_374 = [4.50],
  sigma_plus_tau_375 = [4.47],
  sigma_plus_tau_376 = [4.50],
  sigma_plus_tau_377 = [4.47],
  sigma_plus_tau_378 = [4.39],
  sigma_plus_tau_379 = [4.48],
  sigma_plus_tau_3710 = [4.50],
  sigma_plus_tau_381 = [4.54],
  sigma_plus_tau_382 = [4.48],
  sigma_plus_tau_383 = [4.55],
  sigma_plus_tau_384 = [4.54],
  sigma_plus_tau_385 = [4.48],
  sigma_plus_tau_386 = [4.59],
  sigma_plus_tau_387 = [4.51],
  sigma_plus_tau_388 = [4.51],
  sigma_plus_tau_389 = [4.54],
  sigma_plus_tau_3810 = [4.51],
  sigma_plus_tau_391 = [4.42],
  sigma_plus_tau_392 = [4.57],
  sigma_plus_tau_393 = [4.53],
  sigma_plus_tau_394 = [4.53],
  sigma_plus_tau_395 = [4.48],
  sigma_plus_tau_396 = [4.51],
  sigma_plus_tau_397 = [4.53],
  sigma_plus_tau_398 = [4.55],
  sigma_plus_tau_399 = [4.44],
  sigma_plus_tau_3910 = [4.55],
  sigma_plus_tau_401 = [2.51],
  sigma_plus_tau_402 = [2.49],
  sigma_plus_tau_403 = [2.51],
  sigma_plus_tau_404 = [2.50],
  sigma_plus_tau_405 = [2.51],
  sigma_plus_tau_406 = [2.49],
  sigma_plus_tau_407 = [2.47],
  sigma_plus_tau_408 = [2.49],
  sigma_plus_tau_409 = [2.52],
  sigma_plus_tau_4010 = [2.50],
  sigma_plus_tau_411 = [6.57],
  sigma_plus_tau_412 = [6.46],
  sigma_plus_tau_413 = [6.54],
  sigma_plus_tau_414 = [6.39],
  sigma_plus_tau_415 = [6.69],
  sigma_plus_tau_416 = [6.55],
  sigma_plus_tau_417 = [6.35],
  sigma_plus_tau_418 = [6.60],
  sigma_plus_tau_419 = [6.53],
  sigma_plus_tau_4110 = [6.63],
  sigma_plus_tau_421 = [2.48],
  sigma_plus_tau_422 = [2.50],
  sigma_plus_tau_423 = [2.51],
  sigma_plus_tau_424 = [2.50],
  sigma_plus_tau_425 = [2.49],
  sigma_plus_tau_426 = [2.49],
  sigma_plus_tau_427 = [2.50],
  sigma_plus_tau_428 = [2.53],
  sigma_plus_tau_429 = [2.49],
  sigma_plus_tau_4210 = [2.50],
  sigma_plus_tau_431 = [6.38],
  sigma_plus_tau_432 = [6.51],
  sigma_plus_tau_433 = [6.41],
  sigma_plus_tau_434 = [6.52],
  sigma_plus_tau_435 = [6.57],
  sigma_plus_tau_436 = [6.55],
  sigma_plus_tau_437 = [6.57],
  sigma_plus_tau_438 = [6.45],
  sigma_plus_tau_439 = [6.60],
  sigma_plus_tau_4310 = [6.42],
  sigma_plus_tau_441 = [2.51],
  sigma_plus_tau_442 = [2.49],
  sigma_plus_tau_443 = [2.51],
  sigma_plus_tau_444 = [2.51],
  sigma_plus_tau_445 = [2.50],
  sigma_plus_tau_446 = [2.50],
  sigma_plus_tau_447 = [2.50],
  sigma_plus_tau_448 = [2.51],
  sigma_plus_tau_449 = [2.51],
  sigma_plus_tau_4410 = [2.51],
  sigma_plus_tau_451 = [4.54],
  sigma_plus_tau_452 = [4.49],
  sigma_plus_tau_453 = [4.49],
  sigma_plus_tau_454 = [4.54],
  sigma_plus_tau_455 = [4.42],
  sigma_plus_tau_456 = [4.49],
  sigma_plus_tau_457 = [4.52],
  sigma_plus_tau_458 = [4.44],
  sigma_plus_tau_459 = [4.39],
  sigma_plus_tau_4510 = [4.55],
  sigma_plus_tau_461 = [2.48],
  sigma_plus_tau_462 = [2.49],
  sigma_plus_tau_463 = [2.51],
  sigma_plus_tau_464 = [2.53],
  sigma_plus_tau_465 = [2.52],
  sigma_plus_tau_466 = [2.50],
  sigma_plus_tau_467 = [2.50],
  sigma_plus_tau_468 = [2.50],
  sigma_plus_tau_469 = [2.48],
  sigma_plus_tau_4610 = [2.46],
  sigma_plus_tau_471 = [6.42],
  sigma_plus_tau_472 = [6.43],
  sigma_plus_tau_473 = [6.65],
  sigma_plus_tau_474 = [6.40],
  sigma_plus_tau_475 = [6.61],
  sigma_plus_tau_476 = [6.49],
  sigma_plus_tau_477 = [6.48],
  sigma_plus_tau_478 = [6.57],
  sigma_plus_tau_479 = [6.51],
  sigma_plus_tau_4710 = [6.34],
  sigma_plus_tau_481 = [6.48],
  sigma_plus_tau_482 = [6.46],
  sigma_plus_tau_483 = [6.48],
  sigma_plus_tau_484 = [6.54],
  sigma_plus_tau_485 = [6.46],
  sigma_plus_tau_486 = [6.57],
  sigma_plus_tau_487 = [6.58],
  sigma_plus_tau_488 = [6.52],
  sigma_plus_tau_489 = [6.35],
  sigma_plus_tau_4810 = [6.50],
  sigma_plus_tau_491 = [2.52],
  sigma_plus_tau_492 = [2.52],
  sigma_plus_tau_493 = [2.48],
  sigma_plus_tau_494 = [2.49],
  sigma_plus_tau_495 = [2.49],
  sigma_plus_tau_496 = [2.50],
  sigma_plus_tau_497 = [2.50],
  sigma_plus_tau_498 = [2.49],
  sigma_plus_tau_499 = [2.50],
  sigma_plus_tau_4910 = [2.52],
  sigma_plus_tau_501 = [4.45],
  sigma_plus_tau_502 = [4.59],
  sigma_plus_tau_503 = [4.52],
  sigma_plus_tau_504 = [4.39],
  sigma_plus_tau_505 = [4.54],
  sigma_plus_tau_506 = [4.42],
  sigma_plus_tau_507 = [4.43],
  sigma_plus_tau_508 = [4.47],
  sigma_plus_tau_509 = [4.46],
  sigma_plus_tau_5010 = [4.47],
  sigma_plus_tau_511 = [2.49],
  sigma_plus_tau_512 = [2.49],
  sigma_plus_tau_513 = [2.49],
  sigma_plus_tau_514 = [2.49],
  sigma_plus_tau_515 = [2.48],
  sigma_plus_tau_516 = [2.49],
  sigma_plus_tau_517 = [2.51],
  sigma_plus_tau_518 = [2.51],
  sigma_plus_tau_519 = [2.51],
  sigma_plus_tau_5110 = [2.48],
  sigma_plus_tau_521 = [2.51],
  sigma_plus_tau_522 = [2.47],
  sigma_plus_tau_523 = [2.49],
  sigma_plus_tau_524 = [2.52],
  sigma_plus_tau_525 = [2.47],
  sigma_plus_tau_526 = [2.48],
  sigma_plus_tau_527 = [2.51],
  sigma_plus_tau_528 = [2.52],
  sigma_plus_tau_529 = [2.48],
  sigma_plus_tau_5210 = [2.50],
  sigma_plus_tau_531 = [4.47],
  sigma_plus_tau_532 = [4.62],
  sigma_plus_tau_533 = [4.45],
  sigma_plus_tau_534 = [4.52],
  sigma_plus_tau_535 = [4.46],
  sigma_plus_tau_536 = [4.52],
  sigma_plus_tau_537 = [4.50],
  sigma_plus_tau_538 = [4.56],
  sigma_plus_tau_539 = [4.46],
  sigma_plus_tau_5310 = [4.49],
  sigma_plus_tau_541 = [4.51],
  sigma_plus_tau_542 = [4.49],
  sigma_plus_tau_543 = [4.43],
  sigma_plus_tau_544 = [4.55],
  sigma_plus_tau_545 = [4.52],
  sigma_plus_tau_546 = [4.49],
  sigma_plus_tau_547 = [4.51],
  sigma_plus_tau_548 = [4.43],
  sigma_plus_tau_549 = [4.50],
  sigma_plus_tau_5410 = [4.52],
  sigma_plus_tau_551 = [6.63],
  sigma_plus_tau_552 = [6.64],
  sigma_plus_tau_553 = [6.60],
  sigma_plus_tau_554 = [6.49],
  sigma_plus_tau_555 = [6.64],
  sigma_plus_tau_556 = [6.39],
  sigma_plus_tau_557 = [6.55],
  sigma_plus_tau_558 = [6.50],
  sigma_plus_tau_559 = [6.49],
  sigma_plus_tau_5510 = [6.67],
  sigma_plus_tau_561 = [2.49],
  sigma_plus_tau_562 = [2.50],
  sigma_plus_tau_563 = [2.52],
  sigma_plus_tau_564 = [2.49],
  sigma_plus_tau_565 = [2.47],
  sigma_plus_tau_566 = [2.51],
  sigma_plus_tau_567 = [2.48],
  sigma_plus_tau_568 = [2.51],
  sigma_plus_tau_569 = [2.50],
  sigma_plus_tau_5610 = [2.49],
  sigma_plus_tau_571 = [4.51],
  sigma_plus_tau_572 = [4.56],
  sigma_plus_tau_573 = [4.54],
  sigma_plus_tau_574 = [4.50],
  sigma_plus_tau_575 = [4.57],
  sigma_plus_tau_576 = [4.54],
  sigma_plus_tau_577 = [4.45],
  sigma_plus_tau_578 = [4.51],
  sigma_plus_tau_579 = [4.48],
  sigma_plus_tau_5710 = [4.49],
  sigma_plus_tau_581 = [6.50],
  sigma_plus_tau_582 = [6.43],
  sigma_plus_tau_583 = [6.46],
  sigma_plus_tau_584 = [6.50],
  sigma_plus_tau_585 = [6.66],
  sigma_plus_tau_586 = [6.52],
  sigma_plus_tau_587 = [6.62],
  sigma_plus_tau_588 = [6.58],
  sigma_plus_tau_589 = [6.61],
  sigma_plus_tau_5810 = [6.50],
  sigma_plus_tau_591 = [2.51],
  sigma_plus_tau_592 = [2.51],
  sigma_plus_tau_593 = [2.51],
  sigma_plus_tau_594 = [2.49],
  sigma_plus_tau_595 = [2.51],
  sigma_plus_tau_596 = [2.53],
  sigma_plus_tau_597 = [2.53],
  sigma_plus_tau_598 = [2.49],
  sigma_plus_tau_599 = [2.49],
  sigma_plus_tau_5910 = [2.50],
  sigma_plus_tau_601 = [4.54],
  sigma_plus_tau_602 = [4.48],
  sigma_plus_tau_603 = [4.47],
  sigma_plus_tau_604 = [4.51],
  sigma_plus_tau_605 = [4.49],
  sigma_plus_tau_606 = [4.51],
  sigma_plus_tau_607 = [4.58],
  sigma_plus_tau_608 = [4.55],
  sigma_plus_tau_609 = [4.48],
  sigma_plus_tau_6010 = [4.46],
]

Sigma - ¦Ó_{jk} = [
  sigma_minus_tau_11 = [-0.83],
  sigma_minus_tau_12 = [-0.82],
  sigma_minus_tau_13 = [-0.83],
  sigma_minus_tau_14 = [-0.83],
  sigma_minus_tau_15 = [-0.84],
  sigma_minus_tau_16 = [-0.83],
  sigma_minus_tau_17 = [-0.83],
  sigma_minus_tau_18 = [-0.84],
  sigma_minus_tau_19 = [-0.83],
  sigma_minus_tau_110 = [-0.83],
  sigma_minus_tau_21 = [-1.51],
  sigma_minus_tau_22 = [-1.49],
  sigma_minus_tau_23 = [-1.54],
  sigma_minus_tau_24 = [-1.50],
  sigma_minus_tau_25 = [-1.48],
  sigma_minus_tau_26 = [-1.50],
  sigma_minus_tau_27 = [-1.45],
  sigma_minus_tau_28 = [-1.54],
  sigma_minus_tau_29 = [-1.49],
  sigma_minus_tau_210 = [-1.52],
  sigma_minus_tau_31 = [-2.13],
  sigma_minus_tau_32 = [-2.17],
  sigma_minus_tau_33 = [-2.22],
  sigma_minus_tau_34 = [-2.12],
  sigma_minus_tau_35 = [-2.16],
  sigma_minus_tau_36 = [-2.19],
  sigma_minus_tau_37 = [-2.19],
  sigma_minus_tau_38 = [-2.18],
  sigma_minus_tau_39 = [-2.18],
  sigma_minus_tau_310 = [-2.18],
  sigma_minus_tau_41 = [-0.83],
  sigma_minus_tau_42 = [-0.84],
  sigma_minus_tau_43 = [-0.84],
  sigma_minus_tau_44 = [-0.84],
  sigma_minus_tau_45 = [-0.83],
  sigma_minus_tau_46 = [-0.83],
  sigma_minus_tau_47 = [-0.83],
  sigma_minus_tau_48 = [-0.85],
  sigma_minus_tau_49 = [-0.83],
  sigma_minus_tau_410 = [-0.83],
  sigma_minus_tau_51 = [-1.52],
  sigma_minus_tau_52 = [-1.54],
  sigma_minus_tau_53 = [-1.51],
  sigma_minus_tau_54 = [-1.49],
  sigma_minus_tau_55 = [-1.49],
  sigma_minus_tau_56 = [-1.53],
  sigma_minus_tau_57 = [-1.48],
  sigma_minus_tau_58 = [-1.50],
  sigma_minus_tau_59 = [-1.50],
  sigma_minus_tau_510 = [-1.55],
  sigma_minus_tau_61 = [-1.54],
  sigma_minus_tau_62 = [-1.50],
  sigma_minus_tau_63 = [-1.47],
  sigma_minus_tau_64 = [-1.50],
  sigma_minus_tau_65 = [-1.50],
  sigma_minus_tau_66 = [-1.50],
  sigma_minus_tau_67 = [-1.52],
  sigma_minus_tau_68 = [-1.51],
  sigma_minus_tau_69 = [-1.48],
  sigma_minus_tau_610 = [-1.50],
  sigma_minus_tau_71 = [-2.15],
  sigma_minus_tau_72 = [-2.23],
  sigma_minus_tau_73 = [-2.16],
  sigma_minus_tau_74 = [-2.17],
  sigma_minus_tau_75 = [-2.13],
  sigma_minus_tau_76 = [-2.19],
  sigma_minus_tau_77 = [-2.17],
  sigma_minus_tau_78 = [-2.17],
  sigma_minus_tau_79 = [-2.21],
  sigma_minus_tau_710 = [-2.13],
  sigma_minus_tau_81 = [-0.83],
  sigma_minus_tau_82 = [-0.83],
  sigma_minus_tau_83 = [-0.83],
  sigma_minus_tau_84 = [-0.83],
  sigma_minus_tau_85 = [-0.83],
  sigma_minus_tau_86 = [-0.84],
  sigma_minus_tau_87 = [-0.84],
  sigma_minus_tau_88 = [-0.84],
  sigma_minus_tau_89 = [-0.84],
  sigma_minus_tau_810 = [-0.83],
  sigma_minus_tau_91 = [-0.84],
  sigma_minus_tau_92 = [-0.82],
  sigma_minus_tau_93 = [-0.83],
  sigma_minus_tau_94 = [-0.84],
  sigma_minus_tau_95 = [-0.84],
  sigma_minus_tau_96 = [-0.84],
  sigma_minus_tau_97 = [-0.83],
  sigma_minus_tau_98 = [-0.84],
  sigma_minus_tau_99 = [-0.84],
  sigma_minus_tau_910 = [-0.83],
  sigma_minus_tau_101 = [-1.47],
  sigma_minus_tau_102 = [-1.51],
  sigma_minus_tau_103 = [-1.51],
  sigma_minus_tau_104 = [-1.50],
  sigma_minus_tau_105 = [-1.51],
  sigma_minus_tau_106 = [-1.51],
  sigma_minus_tau_107 = [-1.53],
  sigma_minus_tau_108 = [-1.53],
  sigma_minus_tau_109 = [-1.47],
  sigma_minus_tau_1010 = [-1.49],
  sigma_minus_tau_111 = [-0.84],
  sigma_minus_tau_112 = [-0.84],
  sigma_minus_tau_113 = [-0.83],
  sigma_minus_tau_114 = [-0.83],
  sigma_minus_tau_115 = [-0.83],
  sigma_minus_tau_116 = [-0.84],
  sigma_minus_tau_117 = [-0.83],
  sigma_minus_tau_118 = [-0.84],
  sigma_minus_tau_119 = [-0.83],
  sigma_minus_tau_1110 = [-0.84],
  sigma_minus_tau_121 = [-0.83],
  sigma_minus_tau_122 = [-0.82],
  sigma_minus_tau_123 = [-0.84],
  sigma_minus_tau_124 = [-0.83],
  sigma_minus_tau_125 = [-0.83],
  sigma_minus_tau_126 = [-0.84],
  sigma_minus_tau_127 = [-0.84],
  sigma_minus_tau_128 = [-0.84],
  sigma_minus_tau_129 = [-0.84],
  sigma_minus_tau_1210 = [-0.83],
  sigma_minus_tau_131 = [-2.16],
  sigma_minus_tau_132 = [-2.12],
  sigma_minus_tau_133 = [-2.17],
  sigma_minus_tau_134 = [-2.20],
  sigma_minus_tau_135 = [-2.16],
  sigma_minus_tau_136 = [-2.22],
  sigma_minus_tau_137 = [-2.19],
  sigma_minus_tau_138 = [-2.20],
  sigma_minus_tau_139 = [-2.16],
  sigma_minus_tau_1310 = [-2.16],
  sigma_minus_tau_141 = [-1.52],
  sigma_minus_tau_142 = [-1.49],
  sigma_minus_tau_143 = [-1.51],
  sigma_minus_tau_144 = [-1.52],
  sigma_minus_tau_145 = [-1.52],
  sigma_minus_tau_146 = [-1.48],
  sigma_minus_tau_147 = [-1.52],
  sigma_minus_tau_148 = [-1.51],
  sigma_minus_tau_149 = [-1.51],
  sigma_minus_tau_1410 = [-1.47],
  sigma_minus_tau_151 = [-0.83],
  sigma_minus_tau_152 = [-0.83],
  sigma_minus_tau_153 = [-0.83],
  sigma_minus_tau_154 = [-0.84],
  sigma_minus_tau_155 = [-0.83],
  sigma_minus_tau_156 = [-0.83],
  sigma_minus_tau_157 = [-0.83],
  sigma_minus_tau_158 = [-0.83],
  sigma_minus_tau_159 = [-0.84],
  sigma_minus_tau_1510 = [-0.84],
  sigma_minus_tau_161 = [-0.83],
  sigma_minus_tau_162 = [-0.84],
  sigma_minus_tau_163 = [-0.83],
  sigma_minus_tau_164 = [-0.83],
  sigma_minus_tau_165 = [-0.83],
  sigma_minus_tau_166 = [-0.83],
  sigma_minus_tau_167 = [-0.83],
  sigma_minus_tau_168 = [-0.84],
  sigma_minus_tau_169 = [-0.83],
  sigma_minus_tau_1610 = [-0.83],
  sigma_minus_tau_171 = [-1.52],
  sigma_minus_tau_172 = [-1.52],
  sigma_minus_tau_173 = [-1.51],
  sigma_minus_tau_174 = [-1.51],
  sigma_minus_tau_175 = [-1.48],
  sigma_minus_tau_176 = [-1.52],
  sigma_minus_tau_177 = [-1.50],
  sigma_minus_tau_178 = [-1.49],
  sigma_minus_tau_179 = [-1.47],
  sigma_minus_tau_1710 = [-1.51],
  sigma_minus_tau_181 = [-0.83],
  sigma_minus_tau_182 = [-0.83],
  sigma_minus_tau_183 = [-0.83],
  sigma_minus_tau_184 = [-0.83],
  sigma_minus_tau_185 = [-0.83],
  sigma_minus_tau_186 = [-0.83],
  sigma_minus_tau_187 = [-0.83],
  sigma_minus_tau_188 = [-0.82],
  sigma_minus_tau_189 = [-0.83],
  sigma_minus_tau_1810 = [-0.83],
  sigma_minus_tau_191 = [-0.83],
  sigma_minus_tau_192 = [-0.84],
  sigma_minus_tau_193 = [-0.83],
  sigma_minus_tau_194 = [-0.83],
  sigma_minus_tau_195 = [-0.83],
  sigma_minus_tau_196 = [-0.83],
  sigma_minus_tau_197 = [-0.83],
  sigma_minus_tau_198 = [-0.84],
  sigma_minus_tau_199 = [-0.84],
  sigma_minus_tau_1910 = [-0.83],
  sigma_minus_tau_201 = [-1.50],
  sigma_minus_tau_202 = [-1.51],
  sigma_minus_tau_203 = [-1.52],
  sigma_minus_tau_204 = [-1.49],
  sigma_minus_tau_205 = [-1.48],
  sigma_minus_tau_206 = [-1.48],
  sigma_minus_tau_207 = [-1.51],
  sigma_minus_tau_208 = [-1.50],
  sigma_minus_tau_209 = [-1.50],
  sigma_minus_tau_2010 = [-1.50],
  sigma_minus_tau_211 = [-1.49],
  sigma_minus_tau_212 = [-1.50],
  sigma_minus_tau_213 = [-1.51],
  sigma_minus_tau_214 = [-1.49],
  sigma_minus_tau_215 = [-1.52],
  sigma_minus_tau_216 = [-1.49],
  sigma_minus_tau_217 = [-1.49],
  sigma_minus_tau_218 = [-1.51],
  sigma_minus_tau_219 = [-1.50],
  sigma_minus_tau_2110 = [-1.49],
  sigma_minus_tau_221 = [-1.49],
  sigma_minus_tau_222 = [-1.51],
  sigma_minus_tau_223 = [-1.52],
  sigma_minus_tau_224 = [-1.47],
  sigma_minus_tau_225 = [-1.51],
  sigma_minus_tau_226 = [-1.51],
  sigma_minus_tau_227 = [-1.54],
  sigma_minus_tau_228 = [-1.48],
  sigma_minus_tau_229 = [-1.51],
  sigma_minus_tau_2210 = [-1.52],
  sigma_minus_tau_231 = [-1.48],
  sigma_minus_tau_232 = [-1.50],
  sigma_minus_tau_233 = [-1.48],
  sigma_minus_tau_234 = [-1.52],
  sigma_minus_tau_235 = [-1.49],
  sigma_minus_tau_236 = [-1.50],
  sigma_minus_tau_237 = [-1.52],
  sigma_minus_tau_238 = [-1.48],
  sigma_minus_tau_239 = [-1.52],
  sigma_minus_tau_2310 = [-1.50],
  sigma_minus_tau_241 = [-1.46],
  sigma_minus_tau_242 = [-1.52],
  sigma_minus_tau_243 = [-1.47],
  sigma_minus_tau_244 = [-1.49],
  sigma_minus_tau_245 = [-1.50],
  sigma_minus_tau_246 = [-1.51],
  sigma_minus_tau_247 = [-1.49],
  sigma_minus_tau_248 = [-1.46],
  sigma_minus_tau_249 = [-1.48],
  sigma_minus_tau_2410 = [-1.50],
  sigma_minus_tau_251 = [-2.19],
  sigma_minus_tau_252 = [-2.22],
  sigma_minus_tau_253 = [-2.13],
  sigma_minus_tau_254 = [-2.16],
  sigma_minus_tau_255 = [-2.17],
  sigma_minus_tau_256 = [-2.19],
  sigma_minus_tau_257 = [-2.13],
  sigma_minus_tau_258 = [-2.14],
  sigma_minus_tau_259 = [-2.14],
  sigma_minus_tau_2510 = [-2.24],
  sigma_minus_tau_261 = [-2.13],
  sigma_minus_tau_262 = [-2.15],
  sigma_minus_tau_263 = [-2.15],
  sigma_minus_tau_264 = [-2.20],
  sigma_minus_tau_265 = [-2.14],
  sigma_minus_tau_266 = [-2.14],
  sigma_minus_tau_267 = [-2.16],
  sigma_minus_tau_268 = [-2.20],
  sigma_minus_tau_269 = [-2.17],
  sigma_minus_tau_2610 = [-2.16],
  sigma_minus_tau_271 = [-1.49],
  sigma_minus_tau_272 = [-1.52],
  sigma_minus_tau_273 = [-1.48],
  sigma_minus_tau_274 = [-1.50],
  sigma_minus_tau_275 = [-1.51],
  sigma_minus_tau_276 = [-1.49],
  sigma_minus_tau_277 = [-1.53],
  sigma_minus_tau_278 = [-1.53],
  sigma_minus_tau_279 = [-1.49],
  sigma_minus_tau_2710 = [-1.51],
  sigma_minus_tau_281 = [-0.84],
  sigma_minus_tau_282 = [-0.82],
  sigma_minus_tau_283 = [-0.83],
  sigma_minus_tau_284 = [-0.83],
  sigma_minus_tau_285 = [-0.83],
  sigma_minus_tau_286 = [-0.84],
  sigma_minus_tau_287 = [-0.83],
  sigma_minus_tau_288 = [-0.84],
  sigma_minus_tau_289 = [-0.83],
  sigma_minus_tau_2810 = [-0.84],
  sigma_minus_tau_291 = [-2.19],
  sigma_minus_tau_292 = [-2.18],
  sigma_minus_tau_293 = [-2.19],
  sigma_minus_tau_294 = [-2.17],
  sigma_minus_tau_295 = [-2.14],
  sigma_minus_tau_296 = [-2.11],
  sigma_minus_tau_297 = [-2.12],
  sigma_minus_tau_298 = [-2.17],
  sigma_minus_tau_299 = [-2.14],
  sigma_minus_tau_2910 = [-2.18],
  sigma_minus_tau_301 = [-0.83],
  sigma_minus_tau_302 = [-0.83],
  sigma_minus_tau_303 = [-0.83],
  sigma_minus_tau_304 = [-0.83],
  sigma_minus_tau_305 = [-0.84],
  sigma_minus_tau_306 = [-0.83],
  sigma_minus_tau_307 = [-0.83],
  sigma_minus_tau_308 = [-0.84],
  sigma_minus_tau_309 = [-0.84],
  sigma_minus_tau_3010 = [-0.84],
  sigma_minus_tau_311 = [-1.51],
  sigma_minus_tau_312 = [-1.53],
  sigma_minus_tau_313 = [-1.50],
  sigma_minus_tau_314 = [-1.46],
  sigma_minus_tau_315 = [-1.53],
  sigma_minus_tau_316 = [-1.48],
  sigma_minus_tau_317 = [-1.50],
  sigma_minus_tau_318 = [-1.53],
  sigma_minus_tau_319 = [-1.50],
  sigma_minus_tau_3110 = [-1.51],
  sigma_minus_tau_321 = [-1.51],
  sigma_minus_tau_322 = [-1.47],
  sigma_minus_tau_323 = [-1.48],
  sigma_minus_tau_324 = [-1.49],
  sigma_minus_tau_325 = [-1.52],
  sigma_minus_tau_326 = [-1.52],
  sigma_minus_tau_327 = [-1.49],
  sigma_minus_tau_328 = [-1.53],
  sigma_minus_tau_329 = [-1.48],
  sigma_minus_tau_3210 = [-1.51],
  sigma_minus_tau_331 = [-0.83],
  sigma_minus_tau_332 = [-0.84],
  sigma_minus_tau_333 = [-0.83],
  sigma_minus_tau_334 = [-0.83],
  sigma_minus_tau_335 = [-0.84],
  sigma_minus_tau_336 = [-0.83],
  sigma_minus_tau_337 = [-0.83],
  sigma_minus_tau_338 = [-0.83],
  sigma_minus_tau_339 = [-0.82],
  sigma_minus_tau_3310 = [-0.83],
  sigma_minus_tau_341 = [-1.52],
  sigma_minus_tau_342 = [-1.50],
  sigma_minus_tau_343 = [-1.50],
  sigma_minus_tau_344 = [-1.48],
  sigma_minus_tau_345 = [-1.51],
  sigma_minus_tau_346 = [-1.51],
  sigma_minus_tau_347 = [-1.50],
  sigma_minus_tau_348 = [-1.48],
  sigma_minus_tau_349 = [-1.53],
  sigma_minus_tau_3410 = [-1.50],
  sigma_minus_tau_351 = [-2.16],
  sigma_minus_tau_352 = [-2.16],
  sigma_minus_tau_353 = [-2.12],
  sigma_minus_tau_354 = [-2.13],
  sigma_minus_tau_355 = [-2.13],
  sigma_minus_tau_356 = [-2.12],
  sigma_minus_tau_357 = [-2.16],
  sigma_minus_tau_358 = [-2.17],
  sigma_minus_tau_359 = [-2.18],
  sigma_minus_tau_3510 = [-2.19],
  sigma_minus_tau_361 = [-2.22],
  sigma_minus_tau_362 = [-2.19],
  sigma_minus_tau_363 = [-2.18],
  sigma_minus_tau_364 = [-2.20],
  sigma_minus_tau_365 = [-2.13],
  sigma_minus_tau_366 = [-2.12],
  sigma_minus_tau_367 = [-2.11],
  sigma_minus_tau_368 = [-2.17],
  sigma_minus_tau_369 = [-2.12],
  sigma_minus_tau_3610 = [-2.17],
  sigma_minus_tau_371 = [-1.52],
  sigma_minus_tau_372 = [-1.55],
  sigma_minus_tau_373 = [-1.46],
  sigma_minus_tau_374 = [-1.50],
  sigma_minus_tau_375 = [-1.49],
  sigma_minus_tau_376 = [-1.50],
  sigma_minus_tau_377 = [-1.49],
  sigma_minus_tau_378 = [-1.46],
  sigma_minus_tau_379 = [-1.49],
  sigma_minus_tau_3710 = [-1.50],
  sigma_minus_tau_381 = [-1.51],
  sigma_minus_tau_382 = [-1.49],
  sigma_minus_tau_383 = [-1.52],
  sigma_minus_tau_384 = [-1.51],
  sigma_minus_tau_385 = [-1.49],
  sigma_minus_tau_386 = [-1.53],
  sigma_minus_tau_387 = [-1.50],
  sigma_minus_tau_388 = [-1.50],
  sigma_minus_tau_389 = [-1.51],
  sigma_minus_tau_3810 = [-1.50],
  sigma_minus_tau_391 = [-1.47],
  sigma_minus_tau_392 = [-1.52],
  sigma_minus_tau_393 = [-1.51],
  sigma_minus_tau_394 = [-1.51],
  sigma_minus_tau_395 = [-1.49],
  sigma_minus_tau_396 = [-1.50],
  sigma_minus_tau_397 = [-1.51],
  sigma_minus_tau_398 = [-1.52],
  sigma_minus_tau_399 = [-1.48],
  sigma_minus_tau_3910 = [-1.52],
  sigma_minus_tau_401 = [-0.84],
  sigma_minus_tau_402 = [-0.83],
  sigma_minus_tau_403 = [-0.84],
  sigma_minus_tau_404 = [-0.83],
  sigma_minus_tau_405 = [-0.84],
  sigma_minus_tau_406 = [-0.83],
  sigma_minus_tau_407 = [-0.82],
  sigma_minus_tau_408 = [-0.83],
  sigma_minus_tau_409 = [-0.84],
  sigma_minus_tau_4010 = [-0.83],
  sigma_minus_tau_411 = [-2.19],
  sigma_minus_tau_412 = [-2.15],
  sigma_minus_tau_413 = [-2.18],
  sigma_minus_tau_414 = [-2.13],
  sigma_minus_tau_415 = [-2.23],
  sigma_minus_tau_416 = [-2.18],
  sigma_minus_tau_417 = [-2.12],
  sigma_minus_tau_418 = [-2.20],
  sigma_minus_tau_419 = [-2.18],
  sigma_minus_tau_4110 = [-2.21],
  sigma_minus_tau_421 = [-0.83],
  sigma_minus_tau_422 = [-0.83],
  sigma_minus_tau_423 = [-0.84],
  sigma_minus_tau_424 = [-0.83],
  sigma_minus_tau_425 = [-0.83],
  sigma_minus_tau_426 = [-0.83],
  sigma_minus_tau_427 = [-0.83],
  sigma_minus_tau_428 = [-0.84],
  sigma_minus_tau_429 = [-0.83],
  sigma_minus_tau_4210 = [-0.83],
  sigma_minus_tau_431 = [-2.13],
  sigma_minus_tau_432 = [-2.17],
  sigma_minus_tau_433 = [-2.14],
  sigma_minus_tau_434 = [-2.17],
  sigma_minus_tau_435 = [-2.19],
  sigma_minus_tau_436 = [-2.18],
  sigma_minus_tau_437 = [-2.19],
  sigma_minus_tau_438 = [-2.15],
  sigma_minus_tau_439 = [-2.20],
  sigma_minus_tau_4310 = [-2.14],
  sigma_minus_tau_441 = [-0.84],
  sigma_minus_tau_442 = [-0.83],
  sigma_minus_tau_443 = [-0.84],
  sigma_minus_tau_444 = [-0.84],
  sigma_minus_tau_445 = [-0.83],
  sigma_minus_tau_446 = [-0.83],
  sigma_minus_tau_447 = [-0.83],
  sigma_minus_tau_448 = [-0.84],
  sigma_minus_tau_449 = [-0.84],
  sigma_minus_tau_4410 = [-0.84],
  sigma_minus_tau_451 = [-1.51],
  sigma_minus_tau_452 = [-1.50],
  sigma_minus_tau_453 = [-1.50],
  sigma_minus_tau_454 = [-1.51],
  sigma_minus_tau_455 = [-1.47],
  sigma_minus_tau_456 = [-1.50],
  sigma_minus_tau_457 = [-1.51],
  sigma_minus_tau_458 = [-1.48],
  sigma_minus_tau_459 = [-1.46],
  sigma_minus_tau_4510 = [-1.52],
  sigma_minus_tau_461 = [-0.83],
  sigma_minus_tau_462 = [-0.83],
  sigma_minus_tau_463 = [-0.84],
  sigma_minus_tau_464 = [-0.84],
  sigma_minus_tau_465 = [-0.84],
  sigma_minus_tau_466 = [-0.83],
  sigma_minus_tau_467 = [-0.83],
  sigma_minus_tau_468 = [-0.83],
  sigma_minus_tau_469 = [-0.83],
  sigma_minus_tau_4610 = [-0.82],
  sigma_minus_tau_471 = [-2.14],
  sigma_minus_tau_472 = [-2.14],
  sigma_minus_tau_473 = [-2.22],
  sigma_minus_tau_474 = [-2.13],
  sigma_minus_tau_475 = [-2.20],
  sigma_minus_tau_476 = [-2.16],
  sigma_minus_tau_477 = [-2.16],
  sigma_minus_tau_478 = [-2.19],
  sigma_minus_tau_479 = [-2.17],
  sigma_minus_tau_4710 = [-2.11],
  sigma_minus_tau_481 = [-2.16],
  sigma_minus_tau_482 = [-2.15],
  sigma_minus_tau_483 = [-2.16],
  sigma_minus_tau_484 = [-2.18],
  sigma_minus_tau_485 = [-2.15],
  sigma_minus_tau_486 = [-2.19],
  sigma_minus_tau_487 = [-2.19],
  sigma_minus_tau_488 = [-2.17],
  sigma_minus_tau_489 = [-2.12],
  sigma_minus_tau_4810 = [-2.17],
  sigma_minus_tau_491 = [-0.84],
  sigma_minus_tau_492 = [-0.84],
  sigma_minus_tau_493 = [-0.83],
  sigma_minus_tau_494 = [-0.83],
  sigma_minus_tau_495 = [-0.83],
  sigma_minus_tau_496 = [-0.83],
  sigma_minus_tau_497 = [-0.83],
  sigma_minus_tau_498 = [-0.83],
  sigma_minus_tau_499 = [-0.83],
  sigma_minus_tau_4910 = [-0.84],
  sigma_minus_tau_501 = [-1.48],
  sigma_minus_tau_502 = [-1.53],
  sigma_minus_tau_503 = [-1.51],
  sigma_minus_tau_504 = [-1.46],
  sigma_minus_tau_505 = [-1.51],
  sigma_minus_tau_506 = [-1.47],
  sigma_minus_tau_507 = [-1.48],
  sigma_minus_tau_508 = [-1.49],
  sigma_minus_tau_509 = [-1.49],
  sigma_minus_tau_5010 = [-1.49],
  sigma_minus_tau_511 = [-0.83],
  sigma_minus_tau_512 = [-0.83],
  sigma_minus_tau_513 = [-0.83],
  sigma_minus_tau_514 = [-0.83],
  sigma_minus_tau_515 = [-0.83],
  sigma_minus_tau_516 = [-0.83],
  sigma_minus_tau_517 = [-0.84],
  sigma_minus_tau_518 = [-0.84],
  sigma_minus_tau_519 = [-0.84],
  sigma_minus_tau_5110 = [-0.83],
  sigma_minus_tau_521 = [-0.84],
  sigma_minus_tau_522 = [-0.82],
  sigma_minus_tau_523 = [-0.83],
  sigma_minus_tau_524 = [-0.84],
  sigma_minus_tau_525 = [-0.82],
  sigma_minus_tau_526 = [-0.83],
  sigma_minus_tau_527 = [-0.84],
  sigma_minus_tau_528 = [-0.84],
  sigma_minus_tau_529 = [-0.83],
  sigma_minus_tau_5210 = [-0.83],
  sigma_minus_tau_531 = [-1.49],
  sigma_minus_tau_532 = [-1.54],
  sigma_minus_tau_533 = [-1.48],
  sigma_minus_tau_534 = [-1.51],
  sigma_minus_tau_535 = [-1.49],
  sigma_minus_tau_536 = [-1.51],
  sigma_minus_tau_537 = [-1.50],
  sigma_minus_tau_538 = [-1.52],
  sigma_minus_tau_539 = [-1.49],
  sigma_minus_tau_5310 = [-1.50],
  sigma_minus_tau_541 = [-1.50],
  sigma_minus_tau_542 = [-1.50],
  sigma_minus_tau_543 = [-1.48],
  sigma_minus_tau_544 = [-1.52],
  sigma_minus_tau_545 = [-1.51],
  sigma_minus_tau_546 = [-1.50],
  sigma_minus_tau_547 = [-1.50],
  sigma_minus_tau_548 = [-1.48],
  sigma_minus_tau_549 = [-1.50],
  sigma_minus_tau_5410 = [-1.51],
  sigma_minus_tau_551 = [-2.21],
  sigma_minus_tau_552 = [-2.21],
  sigma_minus_tau_553 = [-2.20],
  sigma_minus_tau_554 = [-2.16],
  sigma_minus_tau_555 = [-2.21],
  sigma_minus_tau_556 = [-2.13],
  sigma_minus_tau_557 = [-2.18],
  sigma_minus_tau_558 = [-2.17],
  sigma_minus_tau_559 = [-2.16],
  sigma_minus_tau_5510 = [-2.22],
  sigma_minus_tau_561 = [-0.83],
  sigma_minus_tau_562 = [-0.83],
  sigma_minus_tau_563 = [-0.84],
  sigma_minus_tau_564 = [-0.83],
  sigma_minus_tau_565 = [-0.82],
  sigma_minus_tau_566 = [-0.84],
  sigma_minus_tau_567 = [-0.83],
  sigma_minus_tau_568 = [-0.84],
  sigma_minus_tau_569 = [-0.83],
  sigma_minus_tau_5610 = [-0.83],
  sigma_minus_tau_571 = [-1.50],
  sigma_minus_tau_572 = [-1.52],
  sigma_minus_tau_573 = [-1.51],
  sigma_minus_tau_574 = [-1.50],
  sigma_minus_tau_575 = [-1.52],
  sigma_minus_tau_576 = [-1.51],
  sigma_minus_tau_577 = [-1.48],
  sigma_minus_tau_578 = [-1.50],
  sigma_minus_tau_579 = [-1.49],
  sigma_minus_tau_5710 = [-1.50],
  sigma_minus_tau_581 = [-2.17],
  sigma_minus_tau_582 = [-2.14],
  sigma_minus_tau_583 = [-2.15],
  sigma_minus_tau_584 = [-2.17],
  sigma_minus_tau_585 = [-2.22],
  sigma_minus_tau_586 = [-2.17],
  sigma_minus_tau_587 = [-2.21],
  sigma_minus_tau_588 = [-2.19],
  sigma_minus_tau_589 = [-2.20],
  sigma_minus_tau_5810 = [-2.17],
  sigma_minus_tau_591 = [-0.84],
  sigma_minus_tau_592 = [-0.84],
  sigma_minus_tau_593 = [-0.84],
  sigma_minus_tau_594 = [-0.83],
  sigma_minus_tau_595 = [-0.84],
  sigma_minus_tau_596 = [-0.84],
  sigma_minus_tau_597 = [-0.84],
  sigma_minus_tau_598 = [-0.83],
  sigma_minus_tau_599 = [-0.83],
  sigma_minus_tau_5910 = [-0.83],
  sigma_minus_tau_601 = [-1.51],
  sigma_minus_tau_602 = [-1.49],
  sigma_minus_tau_603 = [-1.49],
  sigma_minus_tau_604 = [-1.50],
  sigma_minus_tau_605 = [-1.50],
  sigma_minus_tau_606 = [-1.50],
  sigma_minus_tau_607 = [-1.53],
  sigma_minus_tau_608 = [-1.52],
  sigma_minus_tau_609 = [-1.49],
  sigma_minus_tau_6010 = [-1.49],
]

Probabilities (p_s) = [
0.05, 0.05, 0.05, 0.05, 0.05, 0.05, 0.05, 0.05, 0.05, 0.05, 0.05, 0.05, 0.05, 0.05, 0.05, 0.05, 0.05, 0.05, 0.05, 0.05
]

c_bar = 5.87
